modelo,precision,umbral,frontera,rep,img_idx,ms
yolov8_det,FP32,comun,A,0,0,14.513499998429324
yolov8_det,FP32,comun,A,0,1,13.208500000473578
yolov8_det,FP32,comun,A,0,2,14.125800000329036
yolov8_det,FP32,comun,A,0,3,15.56210000126157
yolov8_det,FP32,comun,A,0,4,13.61670000187587
yolov8_det,FP32,comun,A,0,5,13.573899996117689
yolov8_det,FP32,comun,A,0,6,14.950500000850298
yolov8_det,FP32,comun,A,0,7,13.191600002755877
yolov8_det,FP32,comun,A,0,8,14.337200002046302
yolov8_det,FP32,comun,A,0,9,13.792999998258892
yolov8_det,FP32,comun,A,0,10,13.944999998784624
yolov8_det,FP32,comun,A,0,11,14.290800005255733
yolov8_det,FP32,comun,A,0,12,14.062300004297867
yolov8_det,FP32,comun,A,0,13,14.933999998902436
yolov8_det,FP32,comun,A,0,14,13.419499999145046
yolov8_det,FP32,comun,A,0,15,14.012300001922995
yolov8_det,FP32,comun,A,0,16,13.501399997039698
yolov8_det,FP32,comun,A,0,17,13.523800000257324
yolov8_det,FP32,comun,A,0,18,16.080699999292847
yolov8_det,FP32,comun,A,0,19,13.729400001466274
yolov8_det,FP32,comun,A,0,20,13.520400003471877
yolov8_det,FP32,comun,A,0,21,13.965900005132426
yolov8_det,FP32,comun,A,0,22,13.43289999931585
yolov8_det,FP32,comun,A,0,23,14.285099998232909
yolov8_det,FP32,comun,A,0,24,13.75039999402361
yolov8_det,FP32,comun,A,0,25,15.142600001126993
yolov8_det,FP32,comun,A,0,26,15.86380000662757
yolov8_det,FP32,comun,A,0,27,15.010800001618918
yolov8_det,FP32,comun,A,0,28,15.263400004187133
yolov8_det,FP32,comun,A,0,29,13.098000003083143
yolov8_det,FP32,comun,A,0,30,13.153100000636186
yolov8_det,FP32,comun,A,0,31,13.702800002647564
yolov8_det,FP32,comun,A,0,32,17.181499999423977
yolov8_det,FP32,comun,A,0,33,15.868399997998495
yolov8_det,FP32,comun,A,0,34,15.603099993313663
yolov8_det,FP32,comun,A,0,35,14.158199999656063
yolov8_det,FP32,comun,A,0,36,14.119200001005083
yolov8_det,FP32,comun,A,0,37,14.3305000019609
yolov8_det,FP32,comun,A,0,38,14.713700002175756
yolov8_det,FP32,comun,A,0,39,13.992300002428237
yolov8_det,FP32,comun,A,0,40,13.568199996370822
yolov8_det,FP32,comun,A,0,41,14.252000000851694
yolov8_det,FP32,comun,A,0,42,14.357600004586857
yolov8_det,FP32,comun,A,0,43,14.406900001631584
yolov8_det,FP32,comun,A,0,44,14.175199998135213
yolov8_det,FP32,comun,A,0,45,14.5431000055396
yolov8_det,FP32,comun,A,0,46,18.275000002176967
yolov8_det,FP32,comun,A,0,47,17.591000003449153
yolov8_det,FP32,comun,A,0,48,14.180999998643529
yolov8_det,FP32,comun,A,0,49,13.588000001618639
yolov8_det,FP32,comun,A,0,50,16.115400001581293
yolov8_det,FP32,comun,A,0,51,14.628500000981148
yolov8_det,FP32,comun,A,0,52,16.507200001797173
yolov8_det,FP32,comun,A,0,53,16.581399999267887
yolov8_det,FP32,comun,A,0,54,13.01209999655839
yolov8_det,FP32,comun,A,0,55,14.588400001230184
yolov8_det,FP32,comun,A,0,56,12.904399998660665
yolov8_det,FP32,comun,A,0,57,14.583900003344752
yolov8_det,FP32,comun,A,0,58,12.964900000952184
yolov8_det,FP32,comun,A,0,59,13.444099997286685
yolov8_det,FP32,comun,A,0,60,13.47929999610642
yolov8_det,FP32,comun,A,0,61,16.854699999385048
yolov8_det,FP32,comun,A,0,62,12.750499998219311
yolov8_det,FP32,comun,A,0,63,13.11859999987064
yolov8_det,FP32,comun,A,0,64,13.62179999705404
yolov8_det,FP32,comun,A,0,65,15.447600002516992
yolov8_det,FP32,comun,A,0,66,14.93060000211699
yolov8_det,FP32,comun,A,0,67,12.585299999045674
yolov8_det,FP32,comun,A,0,68,15.47269999718992
yolov8_det,FP32,comun,A,0,69,14.281000003393274
yolov8_det,FP32,comun,A,0,70,19.15220000228146
yolov8_det,FP32,comun,A,0,71,17.63300000311574
yolov8_det,FP32,comun,A,0,72,17.40369999606628
yolov8_det,FP32,comun,A,0,73,16.34860000194749
yolov8_det,FP32,comun,A,0,74,14.950899996620137
yolov8_det,FP32,comun,A,0,75,15.403600002173334
yolov8_det,FP32,comun,A,0,76,13.540100000682287
yolov8_det,FP32,comun,A,0,77,14.319199995952658
yolov8_det,FP32,comun,A,0,78,14.205300001776777
yolov8_det,FP32,comun,A,0,79,14.296599998488091
yolov8_det,FP32,comun,A,0,80,13.415300003543962
yolov8_det,FP32,comun,A,0,81,13.669599997228943
yolov8_det,FP32,comun,A,0,82,15.720499999588355
yolov8_det,FP32,comun,A,0,83,14.304799995443318
yolov8_det,FP32,comun,A,0,84,12.58110000344459
yolov8_det,FP32,comun,A,0,85,13.278400001581758
yolov8_det,FP32,comun,A,0,86,13.595700002042577
yolov8_det,FP32,comun,A,0,87,13.747600001806859
yolov8_det,FP32,comun,A,0,88,13.399899995420128
yolov8_det,FP32,comun,A,0,89,13.994300003105309
yolov8_det,FP32,comun,A,0,90,14.216200004739221
yolov8_det,FP32,comun,A,0,91,13.395399997534696
yolov8_det,FP32,comun,A,0,92,15.175900000031106
yolov8_det,FP32,comun,A,0,93,13.787099996989127
yolov8_det,FP32,comun,A,0,94,13.541599997552112
yolov8_det,FP32,comun,A,0,95,14.211699999577831
yolov8_det,FP32,comun,A,0,96,14.985199995862786
yolov8_det,FP32,comun,A,0,97,16.00709999911487
yolov8_det,FP32,comun,A,0,98,12.928299998748116
yolov8_det,FP32,comun,A,0,99,13.918199998443015
yolov8_det,FP32,comun,A,0,100,13.844699999026489
yolov8_det,FP32,comun,A,0,101,15.2451000030851
yolov8_det,FP32,comun,A,0,102,14.575400004105177
yolov8_det,FP32,comun,A,0,103,13.377600000239909
yolov8_det,FP32,comun,A,0,104,15.63940000050934
yolov8_det,FP32,comun,A,0,105,13.847199996234849
yolov8_det,FP32,comun,A,0,106,14.135700002952944
yolov8_det,FP32,comun,A,0,107,13.781699999526609
yolov8_det,FP32,comun,A,0,108,13.411700005235616
yolov8_det,FP32,comun,A,0,109,13.608100001874845
yolov8_det,FP32,comun,A,0,110,13.729499994951766
yolov8_det,FP32,comun,A,0,111,16.339999994670507
yolov8_det,FP32,comun,A,0,112,15.01280000229599
yolov8_det,FP32,comun,A,0,113,13.191899997764267
yolov8_det,FP32,comun,A,0,114,18.692199999350123
yolov8_det,FP32,comun,A,0,115,14.277500005846377
yolov8_det,FP32,comun,A,0,116,14.922700000170153
yolov8_det,FP32,comun,A,0,117,13.492099998984486
yolov8_det,FP32,comun,A,0,118,15.246199996909127
yolov8_det,FP32,comun,A,0,119,13.372000001254492
yolov8_det,FP32,comun,A,0,120,13.640099998156074
yolov8_det,FP32,comun,A,0,121,14.658899999631103
yolov8_det,FP32,comun,A,0,122,14.749200003279839
yolov8_det,FP32,comun,A,0,123,13.213000005634967
yolov8_det,FP32,comun,A,0,124,12.691000003542285
yolov8_det,FP32,comun,A,0,125,14.024800002516713
yolov8_det,FP32,comun,A,0,126,14.233399997465312
yolov8_det,FP32,comun,A,0,127,13.789799995720387
yolov8_det,FP32,comun,A,0,128,17.598600003111642
yolov8_det,FP32,comun,A,0,129,19.08250000269618
yolov8_det,FP32,comun,A,0,130,16.498099997988902
yolov8_det,FP32,comun,A,0,131,14.80019999871729
yolov8_det,FP32,comun,A,0,132,14.823400000750553
yolov8_det,FP32,comun,A,0,133,14.481199999863748
yolov8_det,FP32,comun,A,0,134,13.7959999992745
yolov8_det,FP32,comun,A,0,135,14.067600000998937
yolov8_det,FP32,comun,A,0,136,13.872999996237922
yolov8_det,FP32,comun,A,0,137,14.324900002975482
yolov8_det,FP32,comun,A,0,138,13.96079999540234
yolov8_det,FP32,comun,A,0,139,13.883799998438917
yolov8_det,FP32,comun,A,0,140,14.932499994756654
yolov8_det,FP32,comun,A,0,141,17.334399999526795
yolov8_det,FP32,comun,A,0,142,15.53799999965122
yolov8_det,FP32,comun,A,0,143,13.942300000053365
yolov8_det,FP32,comun,A,0,144,14.722200001415331
yolov8_det,FP32,comun,A,0,145,14.852200001769233
yolov8_det,FP32,comun,A,0,146,13.863200001651421
yolov8_det,FP32,comun,A,0,147,14.365499999257736
yolov8_det,FP32,comun,A,0,148,14.66670000081649
yolov8_det,FP32,comun,A,0,149,14.682199995149858
yolov8_det,FP32,comun,A,0,150,14.178400000673719
yolov8_det,FP32,comun,A,0,151,14.103699999395758
yolov8_det,FP32,comun,A,0,152,14.106000002357177
yolov8_det,FP32,comun,A,0,153,14.389800002390984
yolov8_det,FP32,comun,A,0,154,14.433299998927396
yolov8_det,FP32,comun,A,0,155,15.955700000631623
yolov8_det,FP32,comun,A,0,156,13.824699999531731
yolov8_det,FP32,comun,A,0,157,13.305799999216106
yolov8_det,FP32,comun,A,0,158,13.455399996018969
yolov8_det,FP32,comun,A,0,159,14.576599998690654
yolov8_det,FP32,comun,A,0,160,19.58569999987958
yolov8_det,FP32,comun,A,0,161,16.269899999315385
yolov8_det,FP32,comun,A,0,162,16.50299999892013
yolov8_det,FP32,comun,A,0,163,15.176599998085294
yolov8_det,FP32,comun,A,0,164,14.551399995980319
yolov8_det,FP32,comun,A,0,165,14.768500004720408
yolov8_det,FP32,comun,A,0,166,15.023899999505375
yolov8_det,FP32,comun,A,0,167,13.374299996939953
yolov8_det,FP32,comun,A,0,168,13.611499998660292
yolov8_det,FP32,comun,A,0,169,16.368999997212086
yolov8_det,FP32,comun,A,0,170,14.549599996826146
yolov8_det,FP32,comun,A,0,171,13.881200000469107
yolov8_det,FP32,comun,A,0,172,13.363999998546205
yolov8_det,FP32,comun,A,0,173,13.271899995743297
yolov8_det,FP32,comun,A,0,174,13.846000001649372
yolov8_det,FP32,comun,A,0,175,15.392000001156703
yolov8_det,FP32,comun,A,0,176,16.477600001962855
yolov8_det,FP32,comun,A,0,177,14.741099999810103
yolov8_det,FP32,comun,A,0,178,13.684300000022631
yolov8_det,FP32,comun,A,0,179,13.470299993059598
yolov8_det,FP32,comun,A,0,180,15.368899999884889
yolov8_det,FP32,comun,A,0,181,15.195299994957168
yolov8_det,FP32,comun,A,0,182,14.230699998734053
yolov8_det,FP32,comun,A,0,183,14.704300003359094
yolov8_det,FP32,comun,A,0,184,14.543599994794931
yolov8_det,FP32,comun,A,0,185,14.710700001160149
yolov8_det,FP32,comun,A,0,186,14.216299998224713
yolov8_det,FP32,comun,A,0,187,13.227700001152698
yolov8_det,FP32,comun,A,0,188,13.662400000612251
yolov8_det,FP32,comun,A,0,189,13.856199999281671
yolov8_det,FP32,comun,A,0,190,16.31410000118194
yolov8_det,FP32,comun,A,0,191,14.48010000603972
yolov8_det,FP32,comun,A,0,192,13.867299996491056
yolov8_det,FP32,comun,A,0,193,12.604200004716404
yolov8_det,FP32,comun,A,0,194,15.561799998977222
yolov8_det,FP32,comun,A,0,195,13.949300002423115
yolov8_det,FP32,comun,A,0,196,14.483699997072108
yolov8_det,FP32,comun,A,0,197,16.66500000283122
yolov8_det,FP32,comun,A,0,198,15.373800000816118
yolov8_det,FP32,comun,A,0,199,15.03009999578353
yolov8_det,FP32,comun,A,0,200,13.485499999660533
yolov8_det,FP32,comun,A,0,201,13.927799998782575
yolov8_det,FP32,comun,A,0,202,13.898600001994055
yolov8_det,FP32,comun,A,0,203,13.733899999351706
yolov8_det,FP32,comun,A,0,204,13.748500001383945
yolov8_det,FP32,comun,A,0,205,18.082700000377372
yolov8_det,FP32,comun,A,0,206,17.09829999890644
yolov8_det,FP32,comun,A,0,207,13.653900001372676
yolov8_det,FP32,comun,A,0,208,13.835199999448378
yolov8_det,FP32,comun,A,0,209,13.9264000026742
yolov8_det,FP32,comun,A,0,210,12.940000000526197
yolov8_det,FP32,comun,A,0,211,13.796999999613035
yolov8_det,FP32,comun,A,0,212,15.776799999002833
yolov8_det,FP32,comun,A,0,213,15.038699995784555
yolov8_det,FP32,comun,A,0,214,12.859000002208631
yolov8_det,FP32,comun,A,0,215,13.937399999122135
yolov8_det,FP32,comun,A,0,216,13.98739999422105
yolov8_det,FP32,comun,A,0,217,15.473900006327312
yolov8_det,FP32,comun,A,0,218,12.69730000058189
yolov8_det,FP32,comun,A,0,219,16.905500000575557
yolov8_det,FP32,comun,A,0,220,13.44249999965541
yolov8_det,FP32,comun,A,0,221,13.585000000603031
yolov8_det,FP32,comun,A,0,222,14.21420000406215
yolov8_det,FP32,comun,A,0,223,13.47140000143554
yolov8_det,FP32,comun,A,0,224,13.990200000989717
yolov8_det,FP32,comun,A,0,225,13.200200002756901
yolov8_det,FP32,comun,A,0,226,15.347699998528697
yolov8_det,FP32,comun,A,0,227,13.639999997394625
yolov8_det,FP32,comun,A,0,228,12.31019999977434
yolov8_det,FP32,comun,A,0,229,13.711700004932936
yolov8_det,FP32,comun,A,0,230,13.705199999094475
yolov8_det,FP32,comun,A,0,231,13.509500000509433
yolov8_det,FP32,comun,A,0,232,13.50549999915529
yolov8_det,FP32,comun,A,0,233,12.603099996340461
yolov8_det,FP32,comun,A,0,234,15.342899998358916
yolov8_det,FP32,comun,A,0,235,14.92800000414718
yolov8_det,FP32,comun,A,0,236,15.321600003517233
yolov8_det,FP32,comun,A,0,237,13.115699999616481
yolov8_det,FP32,comun,A,0,238,13.792300000204705
yolov8_det,FP32,comun,A,0,239,12.78710000042338
yolov8_det,FP32,comun,A,0,240,12.63180000387365
yolov8_det,FP32,comun,A,0,241,14.63060000241967
yolov8_det,FP32,comun,A,0,242,14.716300000145566
yolov8_det,FP32,comun,A,0,243,14.26740000169957
yolov8_det,FP32,comun,A,0,244,14.817300005233847
yolov8_det,FP32,comun,A,0,245,14.735800003109034
yolov8_det,FP32,comun,A,0,246,18.47980000457028
yolov8_det,FP32,comun,A,0,247,17.61609999812208
yolov8_det,FP32,comun,A,0,248,15.319400001317263
yolov8_det,FP32,comun,A,0,249,15.300200000638142
yolov8_det,FP32,comun,A,0,250,17.79520000127377
yolov8_det,FP32,comun,A,0,251,16.190599999390543
yolov8_det,FP32,comun,A,0,252,14.741300001333002
yolov8_det,FP32,comun,A,0,253,13.982800002850126
yolov8_det,FP32,comun,A,0,254,15.219400003843475
yolov8_det,FP32,comun,A,0,255,15.340600002673455
yolov8_det,FP32,comun,A,0,256,13.978299997688737
yolov8_det,FP32,comun,A,0,257,14.164799998980016
yolov8_det,FP32,comun,A,0,258,14.12960000016028
yolov8_det,FP32,comun,A,0,259,14.61340000241762
yolov8_det,FP32,comun,A,0,260,14.393599994946271
yolov8_det,FP32,comun,A,0,261,13.695900001039263
yolov8_det,FP32,comun,A,0,262,14.282800002547447
yolov8_det,FP32,comun,A,0,263,17.334500000288244
yolov8_det,FP32,comun,A,0,264,13.611999995191582
yolov8_det,FP32,comun,A,0,265,13.09880000189878
yolov8_det,FP32,comun,A,0,266,13.182199996663257
yolov8_det,FP32,comun,A,0,267,17.742700001690537
yolov8_det,FP32,comun,A,0,268,14.150100003462285
yolov8_det,FP32,comun,A,0,269,14.40819999697851
yolov8_det,FP32,comun,A,0,270,15.916500000457745
yolov8_det,FP32,comun,A,0,271,14.2171999978018
yolov8_det,FP32,comun,A,0,272,15.462199997273274
yolov8_det,FP32,comun,A,0,273,14.442600004258566
yolov8_det,FP32,comun,A,0,274,12.942599998496007
yolov8_det,FP32,comun,A,0,275,14.912300001014955
yolov8_det,FP32,comun,A,0,276,13.969200001156423
yolov8_det,FP32,comun,A,0,277,15.268700000888202
yolov8_det,FP32,comun,A,0,278,14.491499998257495
yolov8_det,FP32,comun,A,0,279,19.177799993485678
yolov8_det,FP32,comun,A,0,280,17.019599996274337
yolov8_det,FP32,comun,A,0,281,15.616200005752034
yolov8_det,FP32,comun,A,0,282,15.604300002451055
yolov8_det,FP32,comun,A,0,283,14.733799995156005
yolov8_det,FP32,comun,A,0,284,14.613200000894722
yolov8_det,FP32,comun,A,0,285,15.517499996349216
yolov8_det,FP32,comun,A,0,286,19.489699996483978
yolov8_det,FP32,comun,A,0,287,16.334899999492336
yolov8_det,FP32,comun,A,0,288,13.942799996584654
yolov8_det,FP32,comun,A,0,289,13.631400004669558
yolov8_det,FP32,comun,A,0,290,14.908100005413871
yolov8_det,FP32,comun,A,0,291,15.454399996087886
yolov8_det,FP32,comun,A,0,292,16.462500003399327
yolov8_det,FP32,comun,A,0,293,16.39199999772245
yolov8_det,FP32,comun,A,0,294,13.874500000383705
yolov8_det,FP32,comun,A,0,295,13.288699999975506
yolov8_det,FP32,comun,A,0,296,13.657100003911182
yolov8_det,FP32,comun,A,0,297,13.435900000331458
yolov8_det,FP32,comun,A,0,298,13.030100002652034
yolov8_det,FP32,comun,A,0,299,13.743800001975615
yolov8_det,FP32,comun,A,0,300,13.641799996548798
yolov8_det,FP32,comun,A,0,301,13.803599998936988
yolov8_det,FP32,comun,A,0,302,15.072199996211566
yolov8_det,FP32,comun,A,0,303,13.308099994901568
yolov8_det,FP32,comun,A,0,304,14.859599999908824
yolov8_det,FP32,comun,A,0,305,15.280999999959022
yolov8_det,FP32,comun,A,0,306,14.211699999577831
yolov8_det,FP32,comun,A,0,307,12.865500000771135
yolov8_det,FP32,comun,A,0,308,13.082700002996717
yolov8_det,FP32,comun,A,0,309,13.159000001905952
yolov8_det,FP32,comun,A,0,310,13.359099997614976
yolov8_det,FP32,comun,A,0,311,12.785699997039046
yolov8_det,FP32,comun,A,0,312,13.83269999496406
yolov8_det,FP32,comun,A,0,313,13.606399996206164
yolov8_det,FP32,comun,A,0,314,13.342700003704522
yolov8_det,FP32,comun,A,0,315,13.665700003912207
yolov8_det,FP32,comun,A,0,316,12.867299999925308
yolov8_det,FP32,comun,A,0,317,12.56930000090506
yolov8_det,FP32,comun,A,0,318,13.580999999248888
yolov8_det,FP32,comun,A,0,319,14.782799997192342
yolov8_det,FP32,comun,A,0,320,14.02379999490222
yolov8_det,FP32,comun,A,0,321,13.94849999633152
yolov8_det,FP32,comun,A,0,322,15.795499995874707
yolov8_det,FP32,comun,A,0,323,18.13850000326056
yolov8_det,FP32,comun,A,0,324,17.658500000834465
yolov8_det,FP32,comun,A,0,325,15.32460000453284
yolov8_det,FP32,comun,A,0,326,13.176899999962188
yolov8_det,FP32,comun,A,0,327,15.470500002265908
yolov8_det,FP32,comun,A,0,328,14.212699999916367
yolov8_det,FP32,comun,A,0,329,14.036200002010446
yolov8_det,FP32,comun,A,0,330,14.008599995577242
yolov8_det,FP32,comun,A,0,331,13.36530000116909
yolov8_det,FP32,comun,A,0,332,14.181899998220615
yolov8_det,FP32,comun,A,0,333,12.920300003315788
yolov8_det,FP32,comun,A,0,334,13.36779999837745
yolov8_det,FP32,comun,A,0,335,13.435799999570008
yolov8_det,FP32,comun,A,0,336,13.766799995210022
yolov8_det,FP32,comun,A,0,337,15.145199999096803
yolov8_det,FP32,comun,A,0,338,13.507299998309463
yolov8_det,FP32,comun,A,0,339,14.091500001086388
yolov8_det,FP32,comun,A,0,340,14.87999999517342
yolov8_det,FP32,comun,A,0,341,14.19760000135284
yolov8_det,FP32,comun,A,0,342,15.291900002921466
yolov8_det,FP32,comun,A,0,343,13.537300001189578
yolov8_det,FP32,comun,A,0,344,13.666100006958004
yolov8_det,FP32,comun,A,0,345,16.08239999768557
yolov8_det,FP32,comun,A,0,346,13.465699994412716
yolov8_det,FP32,comun,A,0,347,14.110900003288407
yolov8_det,FP32,comun,A,0,348,13.149799997336231
yolov8_det,FP32,comun,A,0,349,14.037399996595923
yolov8_det,FP32,comun,A,0,350,13.28530000319006
yolov8_det,FP32,comun,A,0,351,12.876900000264868
yolov8_det,FP32,comun,A,0,352,14.471200003754348
yolov8_det,FP32,comun,A,0,353,14.174999996612314
yolov8_det,FP32,comun,A,0,354,15.628100001777057
yolov8_det,FP32,comun,A,0,355,12.714199998299591
yolov8_det,FP32,comun,A,0,356,13.807600000291131
yolov8_det,FP32,comun,A,0,357,15.72160000068834
yolov8_det,FP32,comun,A,0,358,13.542200002120808
yolov8_det,FP32,comun,A,0,359,13.726299999689218
yolov8_det,FP32,comun,A,0,360,13.940500000899192
yolov8_det,FP32,comun,A,0,361,13.366299994231667
yolov8_det,FP32,comun,A,0,362,13.589400005002972
yolov8_det,FP32,comun,A,0,363,13.186800002586097
yolov8_det,FP32,comun,A,0,364,15.484000003198162
yolov8_det,FP32,comun,A,0,365,14.769800000067335
yolov8_det,FP32,comun,A,0,366,14.519600001221988
yolov8_det,FP32,comun,A,0,367,13.861400002497248
yolov8_det,FP32,comun,A,0,368,14.353300000948366
yolov8_det,FP32,comun,A,0,369,14.895200001774356
yolov8_det,FP32,comun,A,0,370,14.033899999049027
yolov8_det,FP32,comun,A,0,371,14.229899999918416
yolov8_det,FP32,comun,A,0,372,14.844899997115135
yolov8_det,FP32,comun,A,0,373,14.656699997431133
yolov8_det,FP32,comun,B,0,0,32.55939999507973
yolov8_det,FP32,comun,B,0,1,28.304000006755814
yolov8_det,FP32,comun,B,0,2,32.68309999839403
yolov8_det,FP32,comun,B,0,3,94.06299999682233
yolov8_det,FP32,comun,B,0,4,32.25229999952717
yolov8_det,FP32,comun,B,0,5,33.12900000310037
yolov8_det,FP32,comun,B,0,6,34.90929999679793
yolov8_det,FP32,comun,B,0,7,31.764200000907294
yolov8_det,FP32,comun,B,0,8,30.45610000117449
yolov8_det,FP32,comun,B,0,9,90.53129999665543
yolov8_det,FP32,comun,B,0,10,31.001499999547377
yolov8_det,FP32,comun,B,0,11,32.56459999829531
yolov8_det,FP32,comun,B,0,12,33.70859999995446
yolov8_det,FP32,comun,B,0,13,34.887200003140606
yolov8_det,FP32,comun,B,0,14,34.459999995306134
yolov8_det,FP32,comun,B,0,15,33.27490000083344
yolov8_det,FP32,comun,B,0,16,30.078399999183603
yolov8_det,FP32,comun,B,0,17,34.405800004606135
yolov8_det,FP32,comun,B,0,18,30.8867999992799
yolov8_det,FP32,comun,B,0,19,32.48219999659341
yolov8_det,FP32,comun,B,0,20,32.11110000120243
yolov8_det,FP32,comun,B,0,21,31.50889999960782
yolov8_det,FP32,comun,B,0,22,38.56400000222493
yolov8_det,FP32,comun,B,0,23,36.06829999625916
yolov8_det,FP32,comun,B,0,24,37.14570000011008
yolov8_det,FP32,comun,B,0,25,32.66259999509202
yolov8_det,FP32,comun,B,0,26,32.533600002352614
yolov8_det,FP32,comun,B,0,27,31.720200000563636
yolov8_det,FP32,comun,B,0,28,123.07739999960177
yolov8_det,FP32,comun,B,0,29,37.256799994793255
yolov8_det,FP32,comun,B,0,30,34.812699996109586
yolov8_det,FP32,comun,B,0,31,35.05040000163717
yolov8_det,FP32,comun,B,0,32,31.843700002355035
yolov8_det,FP32,comun,B,0,33,88.82889999949839
yolov8_det,FP32,comun,B,0,34,33.05870000622235
yolov8_det,FP32,comun,B,0,35,30.617899996286724
yolov8_det,FP32,comun,B,0,36,34.3946000066353
yolov8_det,FP32,comun,B,0,37,32.884000000194646
yolov8_det,FP32,comun,B,0,38,31.95170000253711
yolov8_det,FP32,comun,B,0,39,28.89599999616621
yolov8_det,FP32,comun,B,0,40,39.72669999348
yolov8_det,FP32,comun,B,0,41,34.39950000029057
yolov8_det,FP32,comun,B,0,42,31.117999998969026
yolov8_det,FP32,comun,B,0,43,30.952900000556838
yolov8_det,FP32,comun,B,0,44,28.31020000303397
yolov8_det,FP32,comun,B,0,45,29.45449999970151
yolov8_det,FP32,comun,B,0,46,34.19440000288887
yolov8_det,FP32,comun,B,0,47,33.394899997801986
yolov8_det,FP32,comun,B,0,48,28.596900003321934
yolov8_det,FP32,comun,B,0,49,34.09470000042347
yolov8_det,FP32,comun,B,0,50,29.806300000927877
yolov8_det,FP32,comun,B,0,51,33.2464999955846
yolov8_det,FP32,comun,B,0,52,100.81109999737237
yolov8_det,FP32,comun,B,0,53,40.87779999827035
yolov8_det,FP32,comun,B,0,54,40.64500000094995
yolov8_det,FP32,comun,B,0,55,30.205600000044797
yolov8_det,FP32,comun,B,0,56,35.429200004728045
yolov8_det,FP32,comun,B,0,57,31.556399997498374
yolov8_det,FP32,comun,B,0,58,30.012300005182624
yolov8_det,FP32,comun,B,0,59,33.48089999781223
yolov8_det,FP32,comun,B,0,60,91.91850000206614
yolov8_det,FP32,comun,B,0,61,32.01650000119116
yolov8_det,FP32,comun,B,0,62,35.37619999406161
yolov8_det,FP32,comun,B,0,63,32.55009999702452
yolov8_det,FP32,comun,B,0,64,33.18579999904614
yolov8_det,FP32,comun,B,0,65,31.931500001519453
yolov8_det,FP32,comun,B,0,66,30.55350000067847
yolov8_det,FP32,comun,B,0,67,30.23189999657916
yolov8_det,FP32,comun,B,0,68,34.652700000151526
yolov8_det,FP32,comun,B,0,69,37.33089999877848
yolov8_det,FP32,comun,B,0,70,32.16959999554092
yolov8_det,FP32,comun,B,0,71,33.336699998471886
yolov8_det,FP32,comun,B,0,72,30.411200001253746
yolov8_det,FP32,comun,B,0,73,30.46100000210572
yolov8_det,FP32,comun,B,0,74,29.513599998608697
yolov8_det,FP32,comun,B,0,75,31.727899993711617
yolov8_det,FP32,comun,B,0,76,28.59080000052927
yolov8_det,FP32,comun,B,0,77,41.178300001774915
yolov8_det,FP32,comun,B,0,78,34.0375999949174
yolov8_det,FP32,comun,B,0,79,31.94239999720594
yolov8_det,FP32,comun,B,0,80,99.3914999999106
yolov8_det,FP32,comun,B,0,81,33.16380000615027
yolov8_det,FP32,comun,B,0,82,32.61230000498472
yolov8_det,FP32,comun,B,0,83,31.964900001185015
yolov8_det,FP32,comun,B,0,84,33.24199999769917
yolov8_det,FP32,comun,B,0,85,31.115899997530505
yolov8_det,FP32,comun,B,0,86,32.41459999844665
yolov8_det,FP32,comun,B,0,87,30.024399995454587
yolov8_det,FP32,comun,B,0,88,31.602700000803452
yolov8_det,FP32,comun,B,0,89,31.62509999674512
yolov8_det,FP32,comun,B,0,90,28.965400000743102
yolov8_det,FP32,comun,B,0,91,36.039699996763375
yolov8_det,FP32,comun,B,0,92,39.109000004827976
yolov8_det,FP32,comun,B,0,93,39.7205000044778
yolov8_det,FP32,comun,B,0,94,35.872699998435564
yolov8_det,FP32,comun,B,0,95,40.51729999628151
yolov8_det,FP32,comun,B,0,96,41.29530000500381
yolov8_det,FP32,comun,B,0,97,34.80700000363868
yolov8_det,FP32,comun,B,0,98,32.649799999489915
yolov8_det,FP32,comun,B,0,99,31.55220000189729
yolov8_det,FP32,comun,B,0,100,36.479300004430115
yolov8_det,FP32,comun,B,0,101,31.573000000207685
yolov8_det,FP32,comun,B,0,102,31.682100001489744
yolov8_det,FP32,comun,B,0,103,26.098200003616512
yolov8_det,FP32,comun,B,0,104,30.491500001517124
yolov8_det,FP32,comun,B,0,105,30.268700000306126
yolov8_det,FP32,comun,B,0,106,31.51909999724012
yolov8_det,FP32,comun,B,0,107,33.00509999826318
yolov8_det,FP32,comun,B,0,108,35.037599998759106
yolov8_det,FP32,comun,B,0,109,31.371400000352878
yolov8_det,FP32,comun,B,0,110,33.890999999130145
yolov8_det,FP32,comun,B,0,111,32.56430000328692
yolov8_det,FP32,comun,B,0,112,29.647299998032395
yolov8_det,FP32,comun,B,0,113,36.280600004829466
yolov8_det,FP32,comun,B,0,114,32.847700000274926
yolov8_det,FP32,comun,B,0,115,29.371600001468323
yolov8_det,FP32,comun,B,0,116,31.971500000508968
yolov8_det,FP32,comun,B,0,117,33.143100001325365
yolov8_det,FP32,comun,B,0,118,29.55669999937527
yolov8_det,FP32,comun,B,0,119,34.246499999426305
yolov8_det,FP32,comun,B,0,120,29.502299999876413
yolov8_det,FP32,comun,B,0,121,29.37450000172248
yolov8_det,FP32,comun,B,0,122,30.184800001734402
yolov8_det,FP32,comun,B,0,123,29.295300002559088
yolov8_det,FP32,comun,B,0,124,33.21999999752734
yolov8_det,FP32,comun,B,0,125,32.0925999985775
yolov8_det,FP32,comun,B,0,126,30.93269999953918
yolov8_det,FP32,comun,B,0,127,29.961200001707766
yolov8_det,FP32,comun,B,0,128,29.492699999536853
yolov8_det,FP32,comun,B,0,129,30.164399999193847
yolov8_det,FP32,comun,B,0,130,32.034800002293196
yolov8_det,FP32,comun,B,0,131,32.40210000512889
yolov8_det,FP32,comun,B,0,132,33.81909999734489
yolov8_det,FP32,comun,B,0,133,36.738200004037935
yolov8_det,FP32,comun,B,0,134,29.854700005671475
yolov8_det,FP32,comun,B,0,135,26.029699998616707
yolov8_det,FP32,comun,B,0,136,42.020299995783716
yolov8_det,FP32,comun,B,0,137,28.594900002644863
yolov8_det,FP32,comun,B,0,138,29.02860000176588
yolov8_det,FP32,comun,B,0,139,31.062399997608736
yolov8_det,FP32,comun,B,0,140,28.66340000036871
yolov8_det,FP32,comun,B,0,141,33.12949999963166
yolov8_det,FP32,comun,B,0,142,26.77140000014333
yolov8_det,FP32,comun,B,0,143,28.73130000079982
yolov8_det,FP32,comun,B,0,144,29.387800001131836
yolov8_det,FP32,comun,B,0,145,32.72160000051372
yolov8_det,FP32,comun,B,0,146,38.095700001576915
yolov8_det,FP32,comun,B,0,147,34.986999999091495
yolov8_det,FP32,comun,B,0,148,32.7843999984907
yolov8_det,FP32,comun,B,0,149,30.401800002437085
yolov8_det,FP32,comun,B,0,150,31.110200005059596
yolov8_det,FP32,comun,B,0,151,31.345299998065457
yolov8_det,FP32,comun,B,0,152,32.06979999959003
yolov8_det,FP32,comun,B,0,153,29.91380000457866
yolov8_det,FP32,comun,B,0,154,27.948800001468044
yolov8_det,FP32,comun,B,0,155,27.788699997472577
yolov8_det,FP32,comun,B,0,156,31.34919999865815
yolov8_det,FP32,comun,B,0,157,33.76290000596782
yolov8_det,FP32,comun,B,0,158,31.48670000518905
yolov8_det,FP32,comun,B,0,159,29.968200004077516
yolov8_det,FP32,comun,B,0,160,28.287599998293445
yolov8_det,FP32,comun,B,0,161,30.211400000553112
yolov8_det,FP32,comun,B,0,162,31.35910000128206
yolov8_det,FP32,comun,B,0,163,30.65950000018347
yolov8_det,FP32,comun,B,0,164,28.012000002490822
yolov8_det,FP32,comun,B,0,165,35.26589999819407
yolov8_det,FP32,comun,B,0,166,34.71259999787435
yolov8_det,FP32,comun,B,0,167,32.36800000013318
yolov8_det,FP32,comun,B,0,168,32.6889000061783
yolov8_det,FP32,comun,B,0,169,29.96290000010049
yolov8_det,FP32,comun,B,0,170,28.979200003959704
yolov8_det,FP32,comun,B,0,171,31.468600005609915
yolov8_det,FP32,comun,B,0,172,34.122999997634906
yolov8_det,FP32,comun,B,0,173,32.2024000051897
yolov8_det,FP32,comun,B,0,174,33.84550000191666
yolov8_det,FP32,comun,B,0,175,29.211000000941567
yolov8_det,FP32,comun,B,0,176,31.918200002110098
yolov8_det,FP32,comun,B,0,177,31.988700000511017
yolov8_det,FP32,comun,B,0,178,34.3942000035895
yolov8_det,FP32,comun,B,0,179,37.2607999961474
yolov8_det,FP32,comun,B,0,180,35.53760000067996
yolov8_det,FP32,comun,B,0,181,33.0381000021589
yolov8_det,FP32,comun,B,0,182,29.397000005701557
yolov8_det,FP32,comun,B,0,183,30.18290000181878
yolov8_det,FP32,comun,B,0,184,30.469799996353686
yolov8_det,FP32,comun,B,0,185,29.62669999396894
yolov8_det,FP32,comun,B,0,186,32.03229999780888
yolov8_det,FP32,comun,B,0,187,43.51730000053067
yolov8_det,FP32,comun,B,0,188,30.571999996027444
yolov8_det,FP32,comun,B,0,189,33.010099999955855
yolov8_det,FP32,comun,B,0,190,31.228700005158316
yolov8_det,FP32,comun,B,0,191,28.3149000024423
yolov8_det,FP32,comun,B,0,192,29.794599999149796
yolov8_det,FP32,comun,B,0,193,29.615699997521006
yolov8_det,FP32,comun,B,0,194,30.292300005385187
yolov8_det,FP32,comun,B,0,195,31.42669999942882
yolov8_det,FP32,comun,B,0,196,32.5444999980391
yolov8_det,FP32,comun,B,0,197,31.82080000260612
yolov8_det,FP32,comun,B,0,198,33.191700000315905
yolov8_det,FP32,comun,B,0,199,29.974299999594223
yolov8_det,FP32,comun,B,0,200,91.04469999874709
yolov8_det,FP32,comun,B,0,201,29.347700001380872
yolov8_det,FP32,comun,B,0,202,32.475799998792354
yolov8_det,FP32,comun,B,0,203,33.13559999514837
yolov8_det,FP32,comun,B,0,204,36.392999994859565
yolov8_det,FP32,comun,B,0,205,31.18460000405321
yolov8_det,FP32,comun,B,0,206,30.389400002604816
yolov8_det,FP32,comun,B,0,207,88.86190000339411
yolov8_det,FP32,comun,B,0,208,33.08239999751095
yolov8_det,FP32,comun,B,0,209,34.62779999972554
yolov8_det,FP32,comun,B,0,210,35.91790000064066
yolov8_det,FP32,comun,B,0,211,37.036399997305125
yolov8_det,FP32,comun,B,0,212,30.05929999926593
yolov8_det,FP32,comun,B,0,213,34.42870000435505
yolov8_det,FP32,comun,B,0,214,34.498399996664375
yolov8_det,FP32,comun,B,0,215,31.551899999612942
yolov8_det,FP32,comun,B,0,216,35.637400003906805
yolov8_det,FP32,comun,B,0,217,35.5755999989924
yolov8_det,FP32,comun,B,0,218,35.92600000411039
yolov8_det,FP32,comun,B,0,219,31.889999998384155
yolov8_det,FP32,comun,B,0,220,32.99279999919236
yolov8_det,FP32,comun,B,0,221,37.86779999791179
yolov8_det,FP32,comun,B,0,222,35.635100000945386
yolov8_det,FP32,comun,B,0,223,31.60329999809619
yolov8_det,FP32,comun,B,0,224,28.748999997333158
yolov8_det,FP32,comun,B,0,225,35.13470000325469
yolov8_det,FP32,comun,B,0,226,30.77569999732077
yolov8_det,FP32,comun,B,0,227,30.036100004508626
yolov8_det,FP32,comun,B,0,228,28.866000000562053
yolov8_det,FP32,comun,B,0,229,31.161200000497047
yolov8_det,FP32,comun,B,0,230,41.05680000066059
yolov8_det,FP32,comun,B,0,231,38.081099999544676
yolov8_det,FP32,comun,B,0,232,32.94779999851016
yolov8_det,FP32,comun,B,0,233,33.155400000396185
yolov8_det,FP32,comun,B,0,234,34.22670000145445
yolov8_det,FP32,comun,B,0,235,34.88469999865629
yolov8_det,FP32,comun,B,0,236,27.786799997556955
yolov8_det,FP32,comun,B,0,237,47.19879999902332
yolov8_det,FP32,comun,B,0,238,40.16769999725511
yolov8_det,FP32,comun,B,0,239,37.99499999877298
yolov8_det,FP32,comun,B,0,240,31.79670000099577
yolov8_det,FP32,comun,B,0,241,27.628700001514517
yolov8_det,FP32,comun,B,0,242,32.888900001125876
yolov8_det,FP32,comun,B,0,243,35.94670000165934
yolov8_det,FP32,comun,B,0,244,94.77990000596037
yolov8_det,FP32,comun,B,0,245,32.60449999652337
yolov8_det,FP32,comun,B,0,246,28.747500000463333
yolov8_det,FP32,comun,B,0,247,32.62720000202535
yolov8_det,FP32,comun,B,0,248,86.91459999681683
yolov8_det,FP32,comun,B,0,249,34.95410000323318
yolov8_det,FP32,comun,B,0,250,30.781100002059247
yolov8_det,FP32,comun,B,0,251,33.32370000134688
yolov8_det,FP32,comun,B,0,252,31.800899996596854
yolov8_det,FP32,comun,B,0,253,27.06949999992503
yolov8_det,FP32,comun,B,0,254,30.15610000147717
yolov8_det,FP32,comun,B,0,255,32.59260000049835
yolov8_det,FP32,comun,B,0,256,31.26470000279369
yolov8_det,FP32,comun,B,0,257,33.92370000074152
yolov8_det,FP32,comun,B,0,258,30.203000002074987
yolov8_det,FP32,comun,B,0,259,34.933800001454074
yolov8_det,FP32,comun,B,0,260,31.467000000702683
yolov8_det,FP32,comun,B,0,261,34.39090000028955
yolov8_det,FP32,comun,B,0,262,35.57179999916116
yolov8_det,FP32,comun,B,0,263,33.4108999959426
yolov8_det,FP32,comun,B,0,264,34.055199997965246
yolov8_det,FP32,comun,B,0,265,34.931000001961365
yolov8_det,FP32,comun,B,0,266,33.486899999843445
yolov8_det,FP32,comun,B,0,267,33.467100001871586
yolov8_det,FP32,comun,B,0,268,32.1643999996013
yolov8_det,FP32,comun,B,0,269,27.955400000791997
yolov8_det,FP32,comun,B,0,270,34.018999998806976
yolov8_det,FP32,comun,B,0,271,30.005200002051424
yolov8_det,FP32,comun,B,0,272,33.72749999834923
yolov8_det,FP32,comun,B,0,273,34.253699996043
yolov8_det,FP32,comun,B,0,274,35.82019999885233
yolov8_det,FP32,comun,B,0,275,35.574800000176765
yolov8_det,FP32,comun,B,0,276,35.91220000089379
yolov8_det,FP32,comun,B,0,277,32.73590000026161
yolov8_det,FP32,comun,B,0,278,29.474900002242066
yolov8_det,FP32,comun,B,0,279,31.441400002222508
yolov8_det,FP32,comun,B,0,280,33.03839999716729
yolov8_det,FP32,comun,B,0,281,32.59100000286708
yolov8_det,FP32,comun,B,0,282,38.533400002052076
yolov8_det,FP32,comun,B,0,283,33.966099996177945
yolov8_det,FP32,comun,B,0,284,35.189900001569185
yolov8_det,FP32,comun,B,0,285,32.4283000009018
yolov8_det,FP32,comun,B,0,286,31.292899999243673
yolov8_det,FP32,comun,B,0,287,45.05419999622973
yolov8_det,FP32,comun,B,0,288,27.97160000045551
yolov8_det,FP32,comun,B,0,289,35.66560000035679
yolov8_det,FP32,comun,B,0,290,32.31969999615103
yolov8_det,FP32,comun,B,0,291,34.740000002784654
yolov8_det,FP32,comun,B,0,292,33.24430000066059
yolov8_det,FP32,comun,B,0,293,33.54280000348808
yolov8_det,FP32,comun,B,0,294,35.32210000412306
yolov8_det,FP32,comun,B,0,295,32.16049999900861
yolov8_det,FP32,comun,B,0,296,36.44440000061877
yolov8_det,FP32,comun,B,0,297,37.17580000375165
yolov8_det,FP32,comun,B,0,298,31.398699997225776
yolov8_det,FP32,comun,B,0,299,32.38200000487268
yolov8_det,FP32,comun,B,0,300,31.161300001258496
yolov8_det,FP32,comun,B,0,301,31.984100001864135
yolov8_det,FP32,comun,B,0,302,29.562199997599237
yolov8_det,FP32,comun,B,0,303,34.11179999966407
yolov8_det,FP32,comun,B,0,304,33.17049999895971
yolov8_det,FP32,comun,B,0,305,33.67029999935767
yolov8_det,FP32,comun,B,0,306,32.20390000205953
yolov8_det,FP32,comun,B,0,307,36.77590000006603
yolov8_det,FP32,comun,B,0,308,34.510699995735195
yolov8_det,FP32,comun,B,0,309,33.77799999725539
yolov8_det,FP32,comun,B,0,310,23.279299995920155
yolov8_det,FP32,comun,B,0,311,35.468000001856126
yolov8_det,FP32,comun,B,0,312,36.38630000205012
yolov8_det,FP32,comun,B,0,313,40.198499998950865
yolov8_det,FP32,comun,B,0,314,33.80289999768138
yolov8_det,FP32,comun,B,0,315,31.66600000258768
yolov8_det,FP32,comun,B,0,316,34.265900001628324
yolov8_det,FP32,comun,B,0,317,31.533400004263967
yolov8_det,FP32,comun,B,0,318,33.244400001422036
yolov8_det,FP32,comun,B,0,319,34.793799997714814
yolov8_det,FP32,comun,B,0,320,34.130100000766106
yolov8_det,FP32,comun,B,0,321,33.04129999742145
yolov8_det,FP32,comun,B,0,322,35.3564999968512
yolov8_det,FP32,comun,B,0,323,31.29540000372799
yolov8_det,FP32,comun,B,0,324,33.13970000453992
yolov8_det,FP32,comun,B,0,325,30.481599998893216
yolov8_det,FP32,comun,B,0,326,33.358699998643715
yolov8_det,FP32,comun,B,0,327,33.02819999953499
yolov8_det,FP32,comun,B,0,328,34.99590000137687
yolov8_det,FP32,comun,B,0,329,32.430199993541464
yolov8_det,FP32,comun,B,0,330,36.186600002110936
yolov8_det,FP32,comun,B,0,331,36.76090000226395
yolov8_det,FP32,comun,B,0,332,32.62679999897955
yolov8_det,FP32,comun,B,0,333,31.47989999706624
yolov8_det,FP32,comun,B,0,334,34.675199996854644
yolov8_det,FP32,comun,B,0,335,31.306400000175927
yolov8_det,FP32,comun,B,0,336,32.83689999807393
yolov8_det,FP32,comun,B,0,337,30.498500003886875
yolov8_det,FP32,comun,B,0,338,33.30879999703029
yolov8_det,FP32,comun,B,0,339,38.90889999456704
yolov8_det,FP32,comun,B,0,340,33.28289999626577
yolov8_det,FP32,comun,B,0,341,36.92099999898346
yolov8_det,FP32,comun,B,0,342,30.378399998880923
yolov8_det,FP32,comun,B,0,343,27.010300000256393
yolov8_det,FP32,comun,B,0,344,32.49750000395579
yolov8_det,FP32,comun,B,0,345,37.00160000153119
yolov8_det,FP32,comun,B,0,346,34.16680000373162
yolov8_det,FP32,comun,B,0,347,32.73819999594707
yolov8_det,FP32,comun,B,0,348,34.77080000448041
yolov8_det,FP32,comun,B,0,349,35.06029999698512
yolov8_det,FP32,comun,B,0,350,33.12549999827752
yolov8_det,FP32,comun,B,0,351,33.03999999479856
yolov8_det,FP32,comun,B,0,352,30.694000000949018
yolov8_det,FP32,comun,B,0,353,36.276500002713874
yolov8_det,FP32,comun,B,0,354,33.06380000140052
yolov8_det,FP32,comun,B,0,355,31.939000000420492
yolov8_det,FP32,comun,B,0,356,32.05259999958798
yolov8_det,FP32,comun,B,0,357,35.528700005670544
yolov8_det,FP32,comun,B,0,358,34.91049999865936
yolov8_det,FP32,comun,B,0,359,31.85479999956442
yolov8_det,FP32,comun,B,0,360,28.757399995811284
yolov8_det,FP32,comun,B,0,361,33.73740000097314
yolov8_det,FP32,comun,B,0,362,35.05069999664556
yolov8_det,FP32,comun,B,0,363,33.13610000623157
yolov8_det,FP32,comun,B,0,364,33.76900000148453
yolov8_det,FP32,comun,B,0,365,36.55359999538632
yolov8_det,FP32,comun,B,0,366,30.186800002411474
yolov8_det,FP32,comun,B,0,367,34.021300001768395
yolov8_det,FP32,comun,B,0,368,31.135299999732524
yolov8_det,FP32,comun,B,0,369,37.012100001447834
yolov8_det,FP32,comun,B,0,370,36.58670000004349
yolov8_det,FP32,comun,B,0,371,33.77510000427719
yolov8_det,FP32,comun,B,0,372,33.20510000048671
yolov8_det,FP32,comun,B,0,373,33.00630000012461
yolov8_det,FP32,comun,A,1,0,20.965600000636186
yolov8_det,FP32,comun,A,1,1,19.567900002584793
yolov8_det,FP32,comun,A,1,2,19.22960000229068
yolov8_det,FP32,comun,A,1,3,18.679000000702217
yolov8_det,FP32,comun,A,1,4,16.037699999287724
yolov8_det,FP32,comun,A,1,5,16.345000003639143
yolov8_det,FP32,comun,A,1,6,16.19590000336757
yolov8_det,FP32,comun,A,1,7,16.015399996831547
yolov8_det,FP32,comun,A,1,8,16.465699998661876
yolov8_det,FP32,comun,A,1,9,15.964800004439894
yolov8_det,FP32,comun,A,1,10,15.977999995811842
yolov8_det,FP32,comun,A,1,11,15.942800004268065
yolov8_det,FP32,comun,A,1,12,16.313000000081956
yolov8_det,FP32,comun,A,1,13,16.060299996752292
yolov8_det,FP32,comun,A,1,14,15.86210000095889
yolov8_det,FP32,comun,A,1,15,15.84940000611823
yolov8_det,FP32,comun,A,1,16,13.133300002664328
yolov8_det,FP32,comun,A,1,17,13.647600004333071
yolov8_det,FP32,comun,A,1,18,13.52490000135731
yolov8_det,FP32,comun,A,1,19,13.448600002448075
yolov8_det,FP32,comun,A,1,20,13.280499995744321
yolov8_det,FP32,comun,A,1,21,13.160800001060124
yolov8_det,FP32,comun,A,1,22,13.589500005764421
yolov8_det,FP32,comun,A,1,23,12.372600001981482
yolov8_det,FP32,comun,A,1,24,13.985400000819936
yolov8_det,FP32,comun,A,1,25,13.420299997960683
yolov8_det,FP32,comun,A,1,26,12.867700002971105
yolov8_det,FP32,comun,A,1,27,12.589400001161266
yolov8_det,FP32,comun,A,1,28,13.132599997334182
yolov8_det,FP32,comun,A,1,29,13.286800000059884
yolov8_det,FP32,comun,A,1,30,12.77490000211401
yolov8_det,FP32,comun,A,1,31,13.351499997952487
yolov8_det,FP32,comun,A,1,32,13.373100002354477
yolov8_det,FP32,comun,A,1,33,13.564300003054086
yolov8_det,FP32,comun,A,1,34,14.051099999051075
yolov8_det,FP32,comun,A,1,35,13.116900001477916
yolov8_det,FP32,comun,A,1,36,18.15560000250116
yolov8_det,FP32,comun,A,1,37,14.131899995845743
yolov8_det,FP32,comun,A,1,38,12.732499999401625
yolov8_det,FP32,comun,A,1,39,13.780099994619377
yolov8_det,FP32,comun,A,1,40,13.330499998119194
yolov8_det,FP32,comun,A,1,41,13.780099994619377
yolov8_det,FP32,comun,A,1,42,13.285600005474407
yolov8_det,FP32,comun,A,1,43,13.085899998259265
yolov8_det,FP32,comun,A,1,44,13.86159999674419
yolov8_det,FP32,comun,A,1,45,12.85970000026282
yolov8_det,FP32,comun,A,1,46,13.024899999436457
yolov8_det,FP32,comun,A,1,47,13.875900003768038
yolov8_det,FP32,comun,A,1,48,13.003300002310425
yolov8_det,FP32,comun,A,1,49,13.897299999371171
yolov8_det,FP32,comun,A,1,50,13.15489999979036
yolov8_det,FP32,comun,A,1,51,13.313299998117145
yolov8_det,FP32,comun,A,1,52,13.634700000693556
yolov8_det,FP32,comun,A,1,53,13.158200003090315
yolov8_det,FP32,comun,A,1,54,13.485600000421982
yolov8_det,FP32,comun,A,1,55,13.80819999758387
yolov8_det,FP32,comun,A,1,56,12.12919999670703
yolov8_det,FP32,comun,A,1,57,13.491400000930298
yolov8_det,FP32,comun,A,1,58,13.91709999734303
yolov8_det,FP32,comun,A,1,59,13.627599997562356
yolov8_det,FP32,comun,A,1,60,12.924199996632524
yolov8_det,FP32,comun,A,1,61,13.687200000276789
yolov8_det,FP32,comun,A,1,62,13.832799995725509
yolov8_det,FP32,comun,A,1,63,12.8234000003431
yolov8_det,FP32,comun,A,1,64,13.164700001652818
yolov8_det,FP32,comun,A,1,65,12.886900003650226
yolov8_det,FP32,comun,A,1,66,13.21299999835901
yolov8_det,FP32,comun,A,1,67,11.63720000477042
yolov8_det,FP32,comun,A,1,68,12.917599997308571
yolov8_det,FP32,comun,A,1,69,13.699800001631957
yolov8_det,FP32,comun,A,1,70,13.47420000092825
yolov8_det,FP32,comun,A,1,71,17.54909999726806
yolov8_det,FP32,comun,A,1,72,20.075300002645236
yolov8_det,FP32,comun,A,1,73,15.70250000077067
yolov8_det,FP32,comun,A,1,74,14.068099997530226
yolov8_det,FP32,comun,A,1,75,14.742600003955886
yolov8_det,FP32,comun,A,1,76,15.480400004889816
yolov8_det,FP32,comun,A,1,77,13.555300000007264
yolov8_det,FP32,comun,A,1,78,13.919700002588797
yolov8_det,FP32,comun,A,1,79,14.216900002793409
yolov8_det,FP32,comun,A,1,80,13.570899995102081
yolov8_det,FP32,comun,A,1,81,14.273900000262074
yolov8_det,FP32,comun,A,1,82,13.596699995105155
yolov8_det,FP32,comun,A,1,83,14.742799998202827
yolov8_det,FP32,comun,A,1,84,14.932199999748264
yolov8_det,FP32,comun,A,1,85,14.25599999492988
yolov8_det,FP32,comun,A,1,86,14.88489999610465
yolov8_det,FP32,comun,A,1,87,13.82039999589324
yolov8_det,FP32,comun,A,1,88,13.813400000799447
yolov8_det,FP32,comun,A,1,89,14.097799998125993
yolov8_det,FP32,comun,A,1,90,14.012300001922995
yolov8_det,FP32,comun,A,1,91,15.062999998917803
yolov8_det,FP32,comun,A,1,92,15.518299995164853
yolov8_det,FP32,comun,A,1,93,13.607699998829048
yolov8_det,FP32,comun,A,1,94,13.893199997255579
yolov8_det,FP32,comun,A,1,95,13.827199996740092
yolov8_det,FP32,comun,A,1,96,14.00110000395216
yolov8_det,FP32,comun,A,1,97,13.196100000641309
yolov8_det,FP32,comun,A,1,98,14.326900003652554
yolov8_det,FP32,comun,A,1,99,13.799899999867193
yolov8_det,FP32,comun,A,1,100,13.785399998596404
yolov8_det,FP32,comun,A,1,101,14.12749999872176
yolov8_det,FP32,comun,A,1,102,13.891700000385754
yolov8_det,FP32,comun,A,1,103,14.098899999225978
yolov8_det,FP32,comun,A,1,104,14.266600002883933
yolov8_det,FP32,comun,A,1,105,14.181700003973674
yolov8_det,FP32,comun,A,1,106,13.668899999174755
yolov8_det,FP32,comun,A,1,107,14.18829999602167
yolov8_det,FP32,comun,A,1,108,13.855000004696194
yolov8_det,FP32,comun,A,1,109,14.017000001331326
yolov8_det,FP32,comun,A,1,110,13.892800001485739
yolov8_det,FP32,comun,A,1,111,14.39639999443898
yolov8_det,FP32,comun,A,1,112,13.940400000137743
yolov8_det,FP32,comun,A,1,113,14.149800001177937
yolov8_det,FP32,comun,A,1,114,14.259899995522574
yolov8_det,FP32,comun,A,1,115,13.925799998105504
yolov8_det,FP32,comun,A,1,116,15.612399998644833
yolov8_det,FP32,comun,A,1,117,13.832799995725509
yolov8_det,FP32,comun,A,1,118,13.185099996917415
yolov8_det,FP32,comun,A,1,119,14.165000000502914
yolov8_det,FP32,comun,A,1,120,13.826399997924455
yolov8_det,FP32,comun,A,1,121,13.526700000511482
yolov8_det,FP32,comun,A,1,122,13.559599996369798
yolov8_det,FP32,comun,A,1,123,13.037899996561464
yolov8_det,FP32,comun,A,1,124,14.154299999063369
yolov8_det,FP32,comun,A,1,125,13.688499995623715
yolov8_det,FP32,comun,A,1,126,13.860799997928552
yolov8_det,FP32,comun,A,1,127,13.236799997685011
yolov8_det,FP32,comun,A,1,128,13.840300001902506
yolov8_det,FP32,comun,A,1,129,14.203200000338256
yolov8_det,FP32,comun,A,1,130,14.198299999407027
yolov8_det,FP32,comun,A,1,131,13.706499994441401
yolov8_det,FP32,comun,A,1,132,14.028999998117797
yolov8_det,FP32,comun,A,1,133,13.85600000503473
yolov8_det,FP32,comun,A,1,134,14.237899995350745
yolov8_det,FP32,comun,A,1,135,13.742900002398528
yolov8_det,FP32,comun,A,1,136,13.482599999406375
yolov8_det,FP32,comun,A,1,137,14.125700006843545
yolov8_det,FP32,comun,A,1,138,13.760800000454765
yolov8_det,FP32,comun,A,1,139,13.719800001126714
yolov8_det,FP32,comun,A,1,140,13.964100005978253
yolov8_det,FP32,comun,A,1,141,13.730200000281911
yolov8_det,FP32,comun,A,1,142,14.099100000748876
yolov8_det,FP32,comun,A,1,143,14.699399995151907
yolov8_det,FP32,comun,A,1,144,14.306900004157797
yolov8_det,FP32,comun,A,1,145,13.224499998614192
yolov8_det,FP32,comun,A,1,146,13.833800003340002
yolov8_det,FP32,comun,A,1,147,13.278300000820309
yolov8_det,FP32,comun,A,1,148,13.984599994728342
yolov8_det,FP32,comun,A,1,149,13.630599998577964
yolov8_det,FP32,comun,A,1,150,14.124199995421804
yolov8_det,FP32,comun,A,1,151,14.010400002007373
yolov8_det,FP32,comun,A,1,152,13.908400003856514
yolov8_det,FP32,comun,A,1,153,14.33779999933904
yolov8_det,FP32,comun,A,1,154,13.371599998208694
yolov8_det,FP32,comun,A,1,155,13.36050000099931
yolov8_det,FP32,comun,A,1,156,14.048000004549976
yolov8_det,FP32,comun,A,1,157,14.164499996695668
yolov8_det,FP32,comun,A,1,158,14.876400004141033
yolov8_det,FP32,comun,A,1,159,14.227100000425708
yolov8_det,FP32,comun,A,1,160,13.600100006442517
yolov8_det,FP32,comun,A,1,161,13.559599996369798
yolov8_det,FP32,comun,A,1,162,13.807600000291131
yolov8_det,FP32,comun,A,1,163,13.596000004326925
yolov8_det,FP32,comun,A,1,164,14.148599999316502
yolov8_det,FP32,comun,A,1,165,13.769499993941281
yolov8_det,FP32,comun,A,1,166,14.149599999655038
yolov8_det,FP32,comun,A,1,167,13.612499998998828
yolov8_det,FP32,comun,A,1,168,13.65290000103414
yolov8_det,FP32,comun,A,1,169,13.93879999523051
yolov8_det,FP32,comun,A,1,170,13.861400002497248
yolov8_det,FP32,comun,A,1,171,13.512499994249083
yolov8_det,FP32,comun,A,1,172,14.188900000590365
yolov8_det,FP32,comun,A,1,173,14.533100002154242
yolov8_det,FP32,comun,A,1,174,13.929200002166908
yolov8_det,FP32,comun,A,1,175,13.729500002227724
yolov8_det,FP32,comun,A,1,176,14.244500001950655
yolov8_det,FP32,comun,A,1,177,13.351399997191038
yolov8_det,FP32,comun,A,1,178,14.156900004309136
yolov8_det,FP32,comun,A,1,179,13.610900001367554
yolov8_det,FP32,comun,A,1,180,15.475300002435688
yolov8_det,FP32,comun,A,1,181,14.11569999618223
yolov8_det,FP32,comun,A,1,182,13.958200004708488
yolov8_det,FP32,comun,A,1,183,13.75009999901522
yolov8_det,FP32,comun,A,1,184,13.889200003177393
yolov8_det,FP32,comun,A,1,185,13.097600000037346
yolov8_det,FP32,comun,A,1,186,13.358399999560788
yolov8_det,FP32,comun,A,1,187,13.369100001000334
yolov8_det,FP32,comun,A,1,188,15.13610000256449
yolov8_det,FP32,comun,A,1,189,13.177500004530884
yolov8_det,FP32,comun,A,1,190,14.055500003451016
yolov8_det,FP32,comun,A,1,191,14.194399998814333
yolov8_det,FP32,comun,A,1,192,13.798700005281717
yolov8_det,FP32,comun,A,1,193,12.13370000186842
yolov8_det,FP32,comun,A,1,194,13.990699997521006
yolov8_det,FP32,comun,A,1,195,13.959299998532515
yolov8_det,FP32,comun,A,1,196,13.895399999455549
yolov8_det,FP32,comun,A,1,197,13.934800001152325
yolov8_det,FP32,comun,A,1,198,14.476800002739765
yolov8_det,FP32,comun,A,1,199,14.070700002775993
yolov8_det,FP32,comun,A,1,200,13.982600001327228
yolov8_det,FP32,comun,A,1,201,14.352500002132729
yolov8_det,FP32,comun,A,1,202,13.986199999635573
yolov8_det,FP32,comun,A,1,203,13.554800003475975
yolov8_det,FP32,comun,A,1,204,13.428600002953317
yolov8_det,FP32,comun,A,1,205,14.246400001866277
yolov8_det,FP32,comun,A,1,206,14.201000005414244
yolov8_det,FP32,comun,A,1,207,13.09919999766862
yolov8_det,FP32,comun,A,1,208,14.040999994904269
yolov8_det,FP32,comun,A,1,209,18.606699995871168
yolov8_det,FP32,comun,A,1,210,14.386599999852479
yolov8_det,FP32,comun,A,1,211,14.470299996901304
yolov8_det,FP32,comun,A,1,212,13.784300004772376
yolov8_det,FP32,comun,A,1,213,13.658800002303906
yolov8_det,FP32,comun,A,1,214,14.659499996923842
yolov8_det,FP32,comun,A,1,215,16.671699995640665
yolov8_det,FP32,comun,A,1,216,15.907000000879634
yolov8_det,FP32,comun,A,1,217,14.574300003005192
yolov8_det,FP32,comun,A,1,218,14.37640000222018
yolov8_det,FP32,comun,A,1,219,14.130999996268656
yolov8_det,FP32,comun,A,1,220,14.221499994164333
yolov8_det,FP32,comun,A,1,221,14.078200001677033
yolov8_det,FP32,comun,A,1,222,14.116300000750925
yolov8_det,FP32,comun,A,1,223,13.676399998075794
yolov8_det,FP32,comun,A,1,224,13.160999995307066
yolov8_det,FP32,comun,A,1,225,13.49790000676876
yolov8_det,FP32,comun,A,1,226,15.697900002123788
yolov8_det,FP32,comun,A,1,227,18.50840000406606
yolov8_det,FP32,comun,A,1,228,15.291799994884059
yolov8_det,FP32,comun,A,1,229,15.545600006589666
yolov8_det,FP32,comun,A,1,230,13.97970000107307
yolov8_det,FP32,comun,A,1,231,13.553100005083252
yolov8_det,FP32,comun,A,1,232,13.920199999120086
yolov8_det,FP32,comun,A,1,233,12.44810000207508
yolov8_det,FP32,comun,A,1,234,13.84659999894211
yolov8_det,FP32,comun,A,1,235,13.26139999582665
yolov8_det,FP32,comun,A,1,236,13.080900003842544
yolov8_det,FP32,comun,A,1,237,13.773000006040093
yolov8_det,FP32,comun,A,1,238,13.431299994408619
yolov8_det,FP32,comun,A,1,239,13.027900000452064
yolov8_det,FP32,comun,A,1,240,13.030800000706222
yolov8_det,FP32,comun,A,1,241,14.445499997236766
yolov8_det,FP32,comun,A,1,242,13.17160000326112
yolov8_det,FP32,comun,A,1,243,13.437100002192892
yolov8_det,FP32,comun,A,1,244,12.786800005414989
yolov8_det,FP32,comun,A,1,245,13.09160000528209
yolov8_det,FP32,comun,A,1,246,12.728399997286033
yolov8_det,FP32,comun,A,1,247,13.136699999449775
yolov8_det,FP32,comun,A,1,248,12.914400002046023
yolov8_det,FP32,comun,A,1,249,13.496699997631367
yolov8_det,FP32,comun,A,1,250,12.403100001392886
yolov8_det,FP32,comun,A,1,251,14.011000006576069
yolov8_det,FP32,comun,A,1,252,13.218100000813138
yolov8_det,FP32,comun,A,1,253,14.53419999597827
yolov8_det,FP32,comun,A,1,254,13.446999997540843
yolov8_det,FP32,comun,A,1,255,13.976700000057463
yolov8_det,FP32,comun,A,1,256,13.676400005351752
yolov8_det,FP32,comun,A,1,257,12.36849999986589
yolov8_det,FP32,comun,A,1,258,14.098999999987427
yolov8_det,FP32,comun,A,1,259,13.14999999885913
yolov8_det,FP32,comun,A,1,260,13.228699994215276
yolov8_det,FP32,comun,A,1,261,13.60969999950612
yolov8_det,FP32,comun,A,1,262,13.176799999200739
yolov8_det,FP32,comun,A,1,263,13.988500002596993
yolov8_det,FP32,comun,A,1,264,13.238599996839184
yolov8_det,FP32,comun,A,1,265,13.65069999883417
yolov8_det,FP32,comun,A,1,266,12.932900004670955
yolov8_det,FP32,comun,A,1,267,13.348400003451388
yolov8_det,FP32,comun,A,1,268,13.729399994190317
yolov8_det,FP32,comun,A,1,269,13.262899999972433
yolov8_det,FP32,comun,A,1,270,13.607099994260352
yolov8_det,FP32,comun,A,1,271,13.48380000126781
yolov8_det,FP32,comun,A,1,272,13.36040000023786
yolov8_det,FP32,comun,A,1,273,13.272999996843282
yolov8_det,FP32,comun,A,1,274,13.123600001563318
yolov8_det,FP32,comun,A,1,275,14.011999999638647
yolov8_det,FP32,comun,A,1,276,13.496600004145876
yolov8_det,FP32,comun,A,1,277,13.412299995252397
yolov8_det,FP32,comun,A,1,278,13.946699997177348
yolov8_det,FP32,comun,A,1,279,12.984900000446942
yolov8_det,FP32,comun,A,1,280,13.791999997920357
yolov8_det,FP32,comun,A,1,281,12.646199997107033
yolov8_det,FP32,comun,A,1,282,13.85899999877438
yolov8_det,FP32,comun,A,1,283,13.628199994855095
yolov8_det,FP32,comun,A,1,284,13.73510000121314
yolov8_det,FP32,comun,A,1,285,13.817600003676489
yolov8_det,FP32,comun,A,1,286,13.884699998016004
yolov8_det,FP32,comun,A,1,287,14.22199999797158
yolov8_det,FP32,comun,A,1,288,13.637500000186265
yolov8_det,FP32,comun,A,1,289,13.23969999793917
yolov8_det,FP32,comun,A,1,290,13.468899996951222
yolov8_det,FP32,comun,A,1,291,13.712599997234065
yolov8_det,FP32,comun,A,1,292,14.630999998189509
yolov8_det,FP32,comun,A,1,293,13.724700002057943
yolov8_det,FP32,comun,A,1,294,14.370299999427516
yolov8_det,FP32,comun,A,1,295,13.509800002793781
yolov8_det,FP32,comun,A,1,296,13.6966999998549
yolov8_det,FP32,comun,A,1,297,13.445699994917959
yolov8_det,FP32,comun,A,1,298,14.336599997477606
yolov8_det,FP32,comun,A,1,299,14.076299994485453
yolov8_det,FP32,comun,A,1,300,14.408499999262858
yolov8_det,FP32,comun,A,1,301,14.585299999453127
yolov8_det,FP32,comun,A,1,302,14.18520000152057
yolov8_det,FP32,comun,A,1,303,14.060000001336448
yolov8_det,FP32,comun,A,1,304,13.828100003593136
yolov8_det,FP32,comun,A,1,305,13.835300000209827
yolov8_det,FP32,comun,A,1,306,13.988099999551196
yolov8_det,FP32,comun,A,1,307,13.916899995820131
yolov8_det,FP32,comun,A,1,308,14.303199997812044
yolov8_det,FP32,comun,A,1,309,14.040699999895878
yolov8_det,FP32,comun,A,1,310,13.97490000090329
yolov8_det,FP32,comun,A,1,311,12.593899999046698
yolov8_det,FP32,comun,A,1,312,13.857900004950352
yolov8_det,FP32,comun,A,1,313,13.686500002222601
yolov8_det,FP32,comun,A,1,314,14.236499999242369
yolov8_det,FP32,comun,A,1,315,13.923699996666983
yolov8_det,FP32,comun,A,1,316,14.872899999318179
yolov8_det,FP32,comun,A,1,317,13.665600003150757
yolov8_det,FP32,comun,A,1,318,13.849599999957718
yolov8_det,FP32,comun,A,1,319,13.57990000542486
yolov8_det,FP32,comun,A,1,320,13.811400000122376
yolov8_det,FP32,comun,A,1,321,14.449900001636706
yolov8_det,FP32,comun,A,1,322,14.162699997541495
yolov8_det,FP32,comun,A,1,323,14.503200000035577
yolov8_det,FP32,comun,A,1,324,14.15409999754047
yolov8_det,FP32,comun,A,1,325,13.768600001640152
yolov8_det,FP32,comun,A,1,326,15.562900000077207
yolov8_det,FP32,comun,A,1,327,14.527599996654317
yolov8_det,FP32,comun,A,1,328,14.474299998255447
yolov8_det,FP32,comun,A,1,329,14.03030000074068
yolov8_det,FP32,comun,A,1,330,13.629699999000877
yolov8_det,FP32,comun,A,1,331,14.616799999203067
yolov8_det,FP32,comun,A,1,332,13.368399995670188
yolov8_det,FP32,comun,A,1,333,16.497799995704554
yolov8_det,FP32,comun,A,1,334,15.383699996164069
yolov8_det,FP32,comun,A,1,335,13.599799996882211
yolov8_det,FP32,comun,A,1,336,13.734200001636054
yolov8_det,FP32,comun,A,1,337,14.426100002310704
yolov8_det,FP32,comun,A,1,338,14.799699994910043
yolov8_det,FP32,comun,A,1,339,13.936700001067948
yolov8_det,FP32,comun,A,1,340,14.08899999660207
yolov8_det,FP32,comun,A,1,341,14.519700001983438
yolov8_det,FP32,comun,A,1,342,14.11779999762075
yolov8_det,FP32,comun,A,1,343,14.314399995782878
yolov8_det,FP32,comun,A,1,344,14.0354999966803
yolov8_det,FP32,comun,A,1,345,14.493599999696016
yolov8_det,FP32,comun,A,1,346,14.049299999896903
yolov8_det,FP32,comun,A,1,347,13.226499999291264
yolov8_det,FP32,comun,A,1,348,14.247200000681914
yolov8_det,FP32,comun,A,1,349,12.835299996368121
yolov8_det,FP32,comun,A,1,350,14.25780000136001
yolov8_det,FP32,comun,A,1,351,14.625000003434252
yolov8_det,FP32,comun,A,1,352,14.300700000603683
yolov8_det,FP32,comun,A,1,353,13.309900001331698
yolov8_det,FP32,comun,A,1,354,14.082699999562465
yolov8_det,FP32,comun,A,1,355,13.882100000046194
yolov8_det,FP32,comun,A,1,356,13.799799999105744
yolov8_det,FP32,comun,A,1,357,13.752899998507928
yolov8_det,FP32,comun,A,1,358,14.849200000753626
yolov8_det,FP32,comun,A,1,359,13.549600000260398
yolov8_det,FP32,comun,A,1,360,13.85630000004312
yolov8_det,FP32,comun,A,1,361,13.39160000497941
yolov8_det,FP32,comun,A,1,362,14.39830000163056
yolov8_det,FP32,comun,A,1,363,19.658600002003368
yolov8_det,FP32,comun,A,1,364,21.132899993972387
yolov8_det,FP32,comun,A,1,365,16.364800001611002
yolov8_det,FP32,comun,A,1,366,13.17879999987781
yolov8_det,FP32,comun,A,1,367,14.08590000210097
yolov8_det,FP32,comun,A,1,368,13.796100000035949
yolov8_det,FP32,comun,A,1,369,14.34750000044005
yolov8_det,FP32,comun,A,1,370,14.655300001322757
yolov8_det,FP32,comun,A,1,371,13.035799995122943
yolov8_det,FP32,comun,A,1,372,13.932599998952355
yolov8_det,FP32,comun,A,1,373,14.240099997550715
yolov8_det,FP32,comun,B,1,0,34.47980000055395
yolov8_det,FP32,comun,B,1,1,27.748300002713222
yolov8_det,FP32,comun,B,1,2,30.43700000125682
yolov8_det,FP32,comun,B,1,3,32.43749999819556
yolov8_det,FP32,comun,B,1,4,32.37020000233315
yolov8_det,FP32,comun,B,1,5,33.86799999861978
yolov8_det,FP32,comun,B,1,6,33.18330000183778
yolov8_det,FP32,comun,B,1,7,30.79750000324566
yolov8_det,FP32,comun,B,1,8,33.01130000181729
yolov8_det,FP32,comun,B,1,9,31.86429999914253
yolov8_det,FP32,comun,B,1,10,31.6129999991972
yolov8_det,FP32,comun,B,1,11,31.594500003848225
yolov8_det,FP32,comun,B,1,12,33.56799999892246
yolov8_det,FP32,comun,B,1,13,32.28070000477601
yolov8_det,FP32,comun,B,1,14,33.414400000765454
yolov8_det,FP32,comun,B,1,15,33.65019999910146
yolov8_det,FP32,comun,B,1,16,31.451499999093357
yolov8_det,FP32,comun,B,1,17,33.61420000146609
yolov8_det,FP32,comun,B,1,18,31.309099998907186
yolov8_det,FP32,comun,B,1,19,30.423500000324566
yolov8_det,FP32,comun,B,1,20,31.88800000498304
yolov8_det,FP32,comun,B,1,21,30.058900003496092
yolov8_det,FP32,comun,B,1,22,34.270200005266815
yolov8_det,FP32,comun,B,1,23,36.14039999956731
yolov8_det,FP32,comun,B,1,24,34.35929999977816
yolov8_det,FP32,comun,B,1,25,32.12630000052741
yolov8_det,FP32,comun,B,1,26,30.118000002403278
yolov8_det,FP32,comun,B,1,27,30.20420000393642
yolov8_det,FP32,comun,B,1,28,30.932999994547572
yolov8_det,FP32,comun,B,1,29,33.72960000706371
yolov8_det,FP32,comun,B,1,30,31.077400002686772
yolov8_det,FP32,comun,B,1,31,31.356800005596597
yolov8_det,FP32,comun,B,1,32,29.799000003549736
yolov8_det,FP32,comun,B,1,33,30.89639999961946
yolov8_det,FP32,comun,B,1,34,32.03370000119321
yolov8_det,FP32,comun,B,1,35,29.351400000450667
yolov8_det,FP32,comun,B,1,36,33.114000005298294
yolov8_det,FP32,comun,B,1,37,33.71049999987008
yolov8_det,FP32,comun,B,1,38,33.0960999999661
yolov8_det,FP32,comun,B,1,39,27.33029999944847
yolov8_det,FP32,comun,B,1,40,32.66200000507524
yolov8_det,FP32,comun,B,1,41,32.937600000877865
yolov8_det,FP32,comun,B,1,42,32.318600002327
yolov8_det,FP32,comun,B,1,43,30.779299995629117
yolov8_det,FP32,comun,B,1,44,27.857499997480772
yolov8_det,FP32,comun,B,1,45,29.965800000354648
yolov8_det,FP32,comun,B,1,46,35.37550000328338
yolov8_det,FP32,comun,B,1,47,32.93359999952372
yolov8_det,FP32,comun,B,1,48,30.15679999953136
yolov8_det,FP32,comun,B,1,49,35.05130000121426
yolov8_det,FP32,comun,B,1,50,30.307799999718554
yolov8_det,FP32,comun,B,1,51,33.271799999056384
yolov8_det,FP32,comun,B,1,52,28.843700005381834
yolov8_det,FP32,comun,B,1,53,31.367499999760184
yolov8_det,FP32,comun,B,1,54,33.45180000178516
yolov8_det,FP32,comun,B,1,55,32.579400001850445
yolov8_det,FP32,comun,B,1,56,30.779399996390566
yolov8_det,FP32,comun,B,1,57,29.993500000273343
yolov8_det,FP32,comun,B,1,58,30.32050000183517
yolov8_det,FP32,comun,B,1,59,33.93510000023525
yolov8_det,FP32,comun,B,1,60,35.003799996047746
yolov8_det,FP32,comun,B,1,61,34.07330000482034
yolov8_det,FP32,comun,B,1,62,34.94279999722494
yolov8_det,FP32,comun,B,1,63,31.89540000312263
yolov8_det,FP32,comun,B,1,64,32.824399997480214
yolov8_det,FP32,comun,B,1,65,31.480400000873487
yolov8_det,FP32,comun,B,1,66,29.386499998508953
yolov8_det,FP32,comun,B,1,67,28.050599998096004
yolov8_det,FP32,comun,B,1,68,32.55650000210153
yolov8_det,FP32,comun,B,1,69,35.354799998458475
yolov8_det,FP32,comun,B,1,70,31.53339999698801
yolov8_det,FP32,comun,B,1,71,30.01119999680668
yolov8_det,FP32,comun,B,1,72,31.028899997181725
yolov8_det,FP32,comun,B,1,73,37.849499996809755
yolov8_det,FP32,comun,B,1,74,35.51960000186227
yolov8_det,FP32,comun,B,1,75,32.65349999855971
yolov8_det,FP32,comun,B,1,76,28.63640000578016
yolov8_det,FP32,comun,B,1,77,40.78819999995176
yolov8_det,FP32,comun,B,1,78,31.098800005565863
yolov8_det,FP32,comun,B,1,79,31.97060000093188
yolov8_det,FP32,comun,B,1,80,31.710300005215686
yolov8_det,FP32,comun,B,1,81,33.300100003543776
yolov8_det,FP32,comun,B,1,82,32.06249999493593
yolov8_det,FP32,comun,B,1,83,31.977300001017284
yolov8_det,FP32,comun,B,1,84,30.90199999860488
yolov8_det,FP32,comun,B,1,85,29.86859999509761
yolov8_det,FP32,comun,B,1,86,30.84390000003623
yolov8_det,FP32,comun,B,1,87,29.891799997130875
yolov8_det,FP32,comun,B,1,88,31.364499998744577
yolov8_det,FP32,comun,B,1,89,30.81699999893317
yolov8_det,FP32,comun,B,1,90,27.70260000397684
yolov8_det,FP32,comun,B,1,91,33.302600000752136
yolov8_det,FP32,comun,B,1,92,31.04380000149831
yolov8_det,FP32,comun,B,1,93,32.60150000278372
yolov8_det,FP32,comun,B,1,94,31.61530000215862
yolov8_det,FP32,comun,B,1,95,34.16830000060145
yolov8_det,FP32,comun,B,1,96,33.76110000681365
yolov8_det,FP32,comun,B,1,97,31.3832999963779
yolov8_det,FP32,comun,B,1,98,30.52870000101393
yolov8_det,FP32,comun,B,1,99,30.76339999824995
yolov8_det,FP32,comun,B,1,100,33.79050000512507
yolov8_det,FP32,comun,B,1,101,31.78949999710312
yolov8_det,FP32,comun,B,1,102,31.00270000140881
yolov8_det,FP32,comun,B,1,103,26.249499998812098
yolov8_det,FP32,comun,B,1,104,31.430199996975716
yolov8_det,FP32,comun,B,1,105,30.116200003249105
yolov8_det,FP32,comun,B,1,106,31.607299999450333
yolov8_det,FP32,comun,B,1,107,30.78049999749055
yolov8_det,FP32,comun,B,1,108,33.88450000056764
yolov8_det,FP32,comun,B,1,109,31.97399999771733
yolov8_det,FP32,comun,B,1,110,32.91270000045188
yolov8_det,FP32,comun,B,1,111,31.359900000097696
yolov8_det,FP32,comun,B,1,112,29.494800000975374
yolov8_det,FP32,comun,B,1,113,35.42670000024373
yolov8_det,FP32,comun,B,1,114,32.413099994300865
yolov8_det,FP32,comun,B,1,115,30.648400002974086
yolov8_det,FP32,comun,B,1,116,32.9150000034133
yolov8_det,FP32,comun,B,1,117,33.921599999303
yolov8_det,FP32,comun,B,1,118,29.642299996339716
yolov8_det,FP32,comun,B,1,119,35.05020000011427
yolov8_det,FP32,comun,B,1,120,31.017000001156703
yolov8_det,FP32,comun,B,1,121,32.756200002040714
yolov8_det,FP32,comun,B,1,122,29.42270000494318
yolov8_det,FP32,comun,B,1,123,27.67899999889778
yolov8_det,FP32,comun,B,1,124,31.555900000967085
yolov8_det,FP32,comun,B,1,125,33.00460000173189
yolov8_det,FP32,comun,B,1,126,30.668300001707394
yolov8_det,FP32,comun,B,1,127,30.992100000730716
yolov8_det,FP32,comun,B,1,128,27.936699996644165
yolov8_det,FP32,comun,B,1,129,30.246700000134297
yolov8_det,FP32,comun,B,1,130,30.2192000017385
yolov8_det,FP32,comun,B,1,131,32.826399998157285
yolov8_det,FP32,comun,B,1,132,31.468799999856856
yolov8_det,FP32,comun,B,1,133,31.30770000279881
yolov8_det,FP32,comun,B,1,134,29.61729999515228
yolov8_det,FP32,comun,B,1,135,25.608100004319567
yolov8_det,FP32,comun,B,1,136,40.462799996021204
yolov8_det,FP32,comun,B,1,137,28.10890000546351
yolov8_det,FP32,comun,B,1,138,28.701399998681154
yolov8_det,FP32,comun,B,1,139,34.588199996505864
yolov8_det,FP32,comun,B,1,140,28.890299996419344
yolov8_det,FP32,comun,B,1,141,30.635900002380367
yolov8_det,FP32,comun,B,1,142,30.036399999517016
yolov8_det,FP32,comun,B,1,143,30.743600000278093
yolov8_det,FP32,comun,B,1,144,31.817900002351962
yolov8_det,FP32,comun,B,1,145,31.75829999963753
yolov8_det,FP32,comun,B,1,146,29.4450000001234
yolov8_det,FP32,comun,B,1,147,34.5006000061403
yolov8_det,FP32,comun,B,1,148,32.546099995670374
yolov8_det,FP32,comun,B,1,149,31.15720000641886
yolov8_det,FP32,comun,B,1,150,29.504999998607673
yolov8_det,FP32,comun,B,1,151,31.592499995895196
yolov8_det,FP32,comun,B,1,152,31.334100000094622
yolov8_det,FP32,comun,B,1,153,29.977800004417077
yolov8_det,FP32,comun,B,1,154,28.088899998692796
yolov8_det,FP32,comun,B,1,155,31.4241999949445
yolov8_det,FP32,comun,B,1,156,31.671799995820038
yolov8_det,FP32,comun,B,1,157,33.49379999417579
yolov8_det,FP32,comun,B,1,158,32.160600007046014
yolov8_det,FP32,comun,B,1,159,40.92120000132127
yolov8_det,FP32,comun,B,1,160,39.91320000204723
yolov8_det,FP32,comun,B,1,161,36.4802000040072
yolov8_det,FP32,comun,B,1,162,32.52519999659853
yolov8_det,FP32,comun,B,1,163,29.74769999855198
yolov8_det,FP32,comun,B,1,164,36.37760000128765
yolov8_det,FP32,comun,B,1,165,42.189300002064556
yolov8_det,FP32,comun,B,1,166,40.696500000194646
yolov8_det,FP32,comun,B,1,167,32.00050000305055
yolov8_det,FP32,comun,B,1,168,42.155900002398994
yolov8_det,FP32,comun,B,1,169,30.347700005222578
yolov8_det,FP32,comun,B,1,170,30.39120000175899
yolov8_det,FP32,comun,B,1,171,32.10450000187848
yolov8_det,FP32,comun,B,1,172,31.763500002853107
yolov8_det,FP32,comun,B,1,173,30.929900000046473
yolov8_det,FP32,comun,B,1,174,33.977799997956026
yolov8_det,FP32,comun,B,1,175,28.72670000215294
yolov8_det,FP32,comun,B,1,176,28.769699994882103
yolov8_det,FP32,comun,B,1,177,32.90719999495195
yolov8_det,FP32,comun,B,1,178,32.43710000242572
yolov8_det,FP32,comun,B,1,179,32.75150000263238
yolov8_det,FP32,comun,B,1,180,33.046399999875575
yolov8_det,FP32,comun,B,1,181,30.251700001826975
yolov8_det,FP32,comun,B,1,182,29.458699995302595
yolov8_det,FP32,comun,B,1,183,31.285999997635372
yolov8_det,FP32,comun,B,1,184,30.58009999949718
yolov8_det,FP32,comun,B,1,185,30.36219999921741
yolov8_det,FP32,comun,B,1,186,29.356099999858998
yolov8_det,FP32,comun,B,1,187,43.98099999525584
yolov8_det,FP32,comun,B,1,188,30.489699995086994
yolov8_det,FP32,comun,B,1,189,32.24980000231881
yolov8_det,FP32,comun,B,1,190,31.115199999476317
yolov8_det,FP32,comun,B,1,191,28.730500001984183
yolov8_det,FP32,comun,B,1,192,29.209100001025945
yolov8_det,FP32,comun,B,1,193,28.763400005118456
yolov8_det,FP32,comun,B,1,194,30.531700002029538
yolov8_det,FP32,comun,B,1,195,32.56300000066403
yolov8_det,FP32,comun,B,1,196,32.52440000505885
yolov8_det,FP32,comun,B,1,197,29.835900000762194
yolov8_det,FP32,comun,B,1,198,32.74769999552518
yolov8_det,FP32,comun,B,1,199,30.67600000213133
yolov8_det,FP32,comun,B,1,200,33.206000000063796
yolov8_det,FP32,comun,B,1,201,29.835400004230905
yolov8_det,FP32,comun,B,1,202,31.662400004279334
yolov8_det,FP32,comun,B,1,203,33.753299998352304
yolov8_det,FP32,comun,B,1,204,34.38499999901978
yolov8_det,FP32,comun,B,1,205,30.767800002649892
yolov8_det,FP32,comun,B,1,206,30.42529999947874
yolov8_det,FP32,comun,B,1,207,28.77180000359658
yolov8_det,FP32,comun,B,1,208,36.289099996793084
yolov8_det,FP32,comun,B,1,209,32.732899999246
yolov8_det,FP32,comun,B,1,210,43.03100000106497
yolov8_det,FP32,comun,B,1,211,33.32070000033127
yolov8_det,FP32,comun,B,1,212,28.265400003874674
yolov8_det,FP32,comun,B,1,213,32.390799999120645
yolov8_det,FP32,comun,B,1,214,32.615300006000325
yolov8_det,FP32,comun,B,1,215,30.192800004442688
yolov8_det,FP32,comun,B,1,216,33.42279999924358
yolov8_det,FP32,comun,B,1,217,32.754099993326236
yolov8_det,FP32,comun,B,1,218,32.60220000083791
yolov8_det,FP32,comun,B,1,219,30.92569999716943
yolov8_det,FP32,comun,B,1,220,30.107599995972123
yolov8_det,FP32,comun,B,1,221,30.66449999460019
yolov8_det,FP32,comun,B,1,222,34.80230000423035
yolov8_det,FP32,comun,B,1,223,30.27230000589043
yolov8_det,FP32,comun,B,1,224,27.535300003364682
yolov8_det,FP32,comun,B,1,225,34.92810000170721
yolov8_det,FP32,comun,B,1,226,29.99899999849731
yolov8_det,FP32,comun,B,1,227,29.73770000244258
yolov8_det,FP32,comun,B,1,228,28.8183000011486
yolov8_det,FP32,comun,B,1,229,30.262199994467665
yolov8_det,FP32,comun,B,1,230,38.16400000505382
yolov8_det,FP32,comun,B,1,231,37.183899999945424
yolov8_det,FP32,comun,B,1,232,30.63490000204183
yolov8_det,FP32,comun,B,1,233,28.55779999663355
yolov8_det,FP32,comun,B,1,234,33.58870000374736
yolov8_det,FP32,comun,B,1,235,31.57130000181496
yolov8_det,FP32,comun,B,1,236,23.73280000028899
yolov8_det,FP32,comun,B,1,237,33.24659999634605
yolov8_det,FP32,comun,B,1,238,28.388699996867217
yolov8_det,FP32,comun,B,1,239,33.33090000523953
yolov8_det,FP32,comun,B,1,240,31.144000000494998
yolov8_det,FP32,comun,B,1,241,27.026300005672965
yolov8_det,FP32,comun,B,1,242,31.597799999872223
yolov8_det,FP32,comun,B,1,243,33.99459999491228
yolov8_det,FP32,comun,B,1,244,37.15679999731947
yolov8_det,FP32,comun,B,1,245,32.67570000025444
yolov8_det,FP32,comun,B,1,246,28.419700000085868
yolov8_det,FP32,comun,B,1,247,30.6230999995023
yolov8_det,FP32,comun,B,1,248,26.456699997652322
yolov8_det,FP32,comun,B,1,249,34.36580000561662
yolov8_det,FP32,comun,B,1,250,29.211000000941567
yolov8_det,FP32,comun,B,1,251,30.665400001453236
yolov8_det,FP32,comun,B,1,252,30.37639999820385
yolov8_det,FP32,comun,B,1,253,27.374999997846317
yolov8_det,FP32,comun,B,1,254,28.630200002226047
yolov8_det,FP32,comun,B,1,255,30.476300002192147
yolov8_det,FP32,comun,B,1,256,29.971099997055717
yolov8_det,FP32,comun,B,1,257,31.366900002467446
yolov8_det,FP32,comun,B,1,258,28.391700005158782
yolov8_det,FP32,comun,B,1,259,33.51489999477053
yolov8_det,FP32,comun,B,1,260,30.237000006309245
yolov8_det,FP32,comun,B,1,261,32.913299997744616
yolov8_det,FP32,comun,B,1,262,33.64560000045458
yolov8_det,FP32,comun,B,1,263,31.180300000414718
yolov8_det,FP32,comun,B,1,264,33.34080000058748
yolov8_det,FP32,comun,B,1,265,33.41999999975087
yolov8_det,FP32,comun,B,1,266,32.748899997386616
yolov8_det,FP32,comun,B,1,267,31.909799996356014
yolov8_det,FP32,comun,B,1,268,32.119200004672166
yolov8_det,FP32,comun,B,1,269,27.076900005340576
yolov8_det,FP32,comun,B,1,270,30.563200001779478
yolov8_det,FP32,comun,B,1,271,28.61269999993965
yolov8_det,FP32,comun,B,1,272,32.53439999389229
yolov8_det,FP32,comun,B,1,273,30.01179999409942
yolov8_det,FP32,comun,B,1,274,31.91609999339562
yolov8_det,FP32,comun,B,1,275,33.776800002669916
yolov8_det,FP32,comun,B,1,276,33.14729999692645
yolov8_det,FP32,comun,B,1,277,30.878300000040326
yolov8_det,FP32,comun,B,1,278,28.407899997546338
yolov8_det,FP32,comun,B,1,279,29.85900000203401
yolov8_det,FP32,comun,B,1,280,40.08869999961462
yolov8_det,FP32,comun,B,1,281,33.450799994170666
yolov8_det,FP32,comun,B,1,282,37.31139999581501
yolov8_det,FP32,comun,B,1,283,32.792599995445926
yolov8_det,FP32,comun,B,1,284,33.74710000207415
yolov8_det,FP32,comun,B,1,285,31.155199998465832
yolov8_det,FP32,comun,B,1,286,30.303300001833122
yolov8_det,FP32,comun,B,1,287,32.349400004022755
yolov8_det,FP32,comun,B,1,288,27.2703000009642
yolov8_det,FP32,comun,B,1,289,34.051399998134
yolov8_det,FP32,comun,B,1,290,32.069499997305684
yolov8_det,FP32,comun,B,1,291,33.37179999653017
yolov8_det,FP32,comun,B,1,292,29.79380000033416
yolov8_det,FP32,comun,B,1,293,33.96230000362266
yolov8_det,FP32,comun,B,1,294,34.759499998472165
yolov8_det,FP32,comun,B,1,295,30.77320000011241
yolov8_det,FP32,comun,B,1,296,39.037100003042724
yolov8_det,FP32,comun,B,1,297,35.80679999868153
yolov8_det,FP32,comun,B,1,298,30.59410000423668
yolov8_det,FP32,comun,B,1,299,31.575600005453452
yolov8_det,FP32,comun,B,1,300,29.502500001399312
yolov8_det,FP32,comun,B,1,301,32.761199996457435
yolov8_det,FP32,comun,B,1,302,29.51510000275448
yolov8_det,FP32,comun,B,1,303,33.541900003910996
yolov8_det,FP32,comun,B,1,304,31.11209999769926
yolov8_det,FP32,comun,B,1,305,32.88039999461034
yolov8_det,FP32,comun,B,1,306,32.216200001130346
yolov8_det,FP32,comun,B,1,307,38.05660000216449
yolov8_det,FP32,comun,B,1,308,47.468700002355035
yolov8_det,FP32,comun,B,1,309,38.63289999571862
yolov8_det,FP32,comun,B,1,310,29.536299996834714
yolov8_det,FP32,comun,B,1,311,45.86540000309469
yolov8_det,FP32,comun,B,1,312,42.79549999773735
yolov8_det,FP32,comun,B,1,313,36.09109999524662
yolov8_det,FP32,comun,B,1,314,40.024399997491855
yolov8_det,FP32,comun,B,1,315,33.20969999913359
yolov8_det,FP32,comun,B,1,316,33.65979999944102
yolov8_det,FP32,comun,B,1,317,30.70109999680426
yolov8_det,FP32,comun,B,1,318,32.545599999139085
yolov8_det,FP32,comun,B,1,319,32.59100000286708
yolov8_det,FP32,comun,B,1,320,32.58130000176607
yolov8_det,FP32,comun,B,1,321,31.743200001074
yolov8_det,FP32,comun,B,1,322,36.73279999929946
yolov8_det,FP32,comun,B,1,323,30.63510000356473
yolov8_det,FP32,comun,B,1,324,31.870800004980993
yolov8_det,FP32,comun,B,1,325,29.864999996789265
yolov8_det,FP32,comun,B,1,326,32.47600000031525
yolov8_det,FP32,comun,B,1,327,32.22030000324594
yolov8_det,FP32,comun,B,1,328,33.634100000199396
yolov8_det,FP32,comun,B,1,329,30.699299997650087
yolov8_det,FP32,comun,B,1,330,33.78499999962514
yolov8_det,FP32,comun,B,1,331,35.59320000204025
yolov8_det,FP32,comun,B,1,332,31.001900002593175
yolov8_det,FP32,comun,B,1,333,30.402500000491273
yolov8_det,FP32,comun,B,1,334,33.14529999624938
yolov8_det,FP32,comun,B,1,335,29.956600003060885
yolov8_det,FP32,comun,B,1,336,32.933199996477924
yolov8_det,FP32,comun,B,1,337,30.02830000332324
yolov8_det,FP32,comun,B,1,338,29.24179999536136
yolov8_det,FP32,comun,B,1,339,34.274199999345
yolov8_det,FP32,comun,B,1,340,30.59450000000652
yolov8_det,FP32,comun,B,1,341,36.64649999700487
yolov8_det,FP32,comun,B,1,342,30.135400003928225
yolov8_det,FP32,comun,B,1,343,24.854499999491964
yolov8_det,FP32,comun,B,1,344,32.04050000204006
yolov8_det,FP32,comun,B,1,345,35.754499993345235
yolov8_det,FP32,comun,B,1,346,40.18070000165608
yolov8_det,FP32,comun,B,1,347,33.175099997606594
yolov8_det,FP32,comun,B,1,348,33.1064999991213
yolov8_det,FP32,comun,B,1,349,32.741399998485576
yolov8_det,FP32,comun,B,1,350,32.12179999536602
yolov8_det,FP32,comun,B,1,351,31.33259999594884
yolov8_det,FP32,comun,B,1,352,28.9344999982859
yolov8_det,FP32,comun,B,1,353,35.023599994019605
yolov8_det,FP32,comun,B,1,354,32.48929999972461
yolov8_det,FP32,comun,B,1,355,29.649000003701076
yolov8_det,FP32,comun,B,1,356,31.242199998814613
yolov8_det,FP32,comun,B,1,357,35.81340000528144
yolov8_det,FP32,comun,B,1,358,33.68659999978263
yolov8_det,FP32,comun,B,1,359,31.163899999228306
yolov8_det,FP32,comun,B,1,360,29.211699998995755
yolov8_det,FP32,comun,B,1,361,32.39849999954458
yolov8_det,FP32,comun,B,1,362,34.093800000846386
yolov8_det,FP32,comun,B,1,363,32.94889999961015
yolov8_det,FP32,comun,B,1,364,31.739100006234366
yolov8_det,FP32,comun,B,1,365,34.76599999703467
yolov8_det,FP32,comun,B,1,366,28.928100000484847
yolov8_det,FP32,comun,B,1,367,32.606199994916096
yolov8_det,FP32,comun,B,1,368,29.49310000258265
yolov8_det,FP32,comun,B,1,369,36.037599995324854
yolov8_det,FP32,comun,B,1,370,35.21860000182642
yolov8_det,FP32,comun,B,1,371,32.43579999980284
yolov8_det,FP32,comun,B,1,372,34.81119999923976
yolov8_det,FP32,comun,B,1,373,30.995000000984874
yolov8_det,FP32,comun,A,2,0,19.369800000276882
yolov8_det,FP32,comun,A,2,1,17.837600003986154
yolov8_det,FP32,comun,A,2,2,17.893700001877733
yolov8_det,FP32,comun,A,2,3,17.808899996452965
yolov8_det,FP32,comun,A,2,4,18.0054000011296
yolov8_det,FP32,comun,A,2,5,18.043399999442045
yolov8_det,FP32,comun,A,2,6,17.853300007118378
yolov8_det,FP32,comun,A,2,7,18.194400006905198
yolov8_det,FP32,comun,A,2,8,17.856200000096578
yolov8_det,FP32,comun,A,2,9,13.778499996988103
yolov8_det,FP32,comun,A,2,10,14.180499994836282
yolov8_det,FP32,comun,A,2,11,13.998800000990741
yolov8_det,FP32,comun,A,2,12,14.039900001080241
yolov8_det,FP32,comun,A,2,13,14.743899999302812
yolov8_det,FP32,comun,A,2,14,13.10380000359146
yolov8_det,FP32,comun,A,2,15,13.639700002386235
yolov8_det,FP32,comun,A,2,16,13.781800000288058
yolov8_det,FP32,comun,A,2,17,14.135900004475843
yolov8_det,FP32,comun,A,2,18,13.637800002470613
yolov8_det,FP32,comun,A,2,19,13.864100001228508
yolov8_det,FP32,comun,A,2,20,14.680899999802932
yolov8_det,FP32,comun,A,2,21,16.381800000090152
yolov8_det,FP32,comun,A,2,22,14.428399997996166
yolov8_det,FP32,comun,A,2,23,14.023099996848032
yolov8_det,FP32,comun,A,2,24,14.786899999307934
yolov8_det,FP32,comun,A,2,25,13.93590000225231
yolov8_det,FP32,comun,A,2,26,14.135899997199886
yolov8_det,FP32,comun,A,2,27,14.130499999737367
yolov8_det,FP32,comun,A,2,28,13.67519999621436
yolov8_det,FP32,comun,A,2,29,14.026800003193785
yolov8_det,FP32,comun,A,2,30,14.423900000110734
yolov8_det,FP32,comun,A,2,31,13.787500000034925
yolov8_det,FP32,comun,A,2,32,14.327700002468191
yolov8_det,FP32,comun,A,2,33,14.137700003630016
yolov8_det,FP32,comun,A,2,34,13.77409999986412
yolov8_det,FP32,comun,A,2,35,14.042900002095848
yolov8_det,FP32,comun,A,2,36,14.455999997153413
yolov8_det,FP32,comun,A,2,37,14.102499997534323
yolov8_det,FP32,comun,A,2,38,13.538499995775055
yolov8_det,FP32,comun,A,2,39,13.40919999347534
yolov8_det,FP32,comun,A,2,40,14.234700000088196
yolov8_det,FP32,comun,A,2,41,15.463899995665997
yolov8_det,FP32,comun,A,2,42,14.20049999433104
yolov8_det,FP32,comun,A,2,43,14.175699994666502
yolov8_det,FP32,comun,A,2,44,13.59480000246549
yolov8_det,FP32,comun,A,2,45,13.755799998762086
yolov8_det,FP32,comun,A,2,46,12.787400002707727
yolov8_det,FP32,comun,A,2,47,13.838799997756723
yolov8_det,FP32,comun,A,2,48,13.948900006653275
yolov8_det,FP32,comun,A,2,49,13.879600002837833
yolov8_det,FP32,comun,A,2,50,14.135199999145698
yolov8_det,FP32,comun,A,2,51,13.426400000753347
yolov8_det,FP32,comun,A,2,52,13.806800001475494
yolov8_det,FP32,comun,A,2,53,14.448300004005432
yolov8_det,FP32,comun,A,2,54,16.82759999675909
yolov8_det,FP32,comun,A,2,55,14.696300000650808
yolov8_det,FP32,comun,A,2,56,14.101300002948847
yolov8_det,FP32,comun,A,2,57,13.964500001748092
yolov8_det,FP32,comun,A,2,58,13.378199997532647
yolov8_det,FP32,comun,A,2,59,14.141499996185303
yolov8_det,FP32,comun,A,2,60,12.943300003826153
yolov8_det,FP32,comun,A,2,61,13.860999999451451
yolov8_det,FP32,comun,A,2,62,14.059100001759361
yolov8_det,FP32,comun,A,2,63,14.585700002498925
yolov8_det,FP32,comun,A,2,64,13.002600004256237
yolov8_det,FP32,comun,A,2,65,13.553900003898889
yolov8_det,FP32,comun,A,2,66,14.055500003451016
yolov8_det,FP32,comun,A,2,67,12.604499999724794
yolov8_det,FP32,comun,A,2,68,13.022399994952139
yolov8_det,FP32,comun,A,2,69,13.193399994634092
yolov8_det,FP32,comun,A,2,70,13.360199998714961
yolov8_det,FP32,comun,A,2,71,13.956700000562705
yolov8_det,FP32,comun,A,2,72,12.98769999993965
yolov8_det,FP32,comun,A,2,73,12.506500002928078
yolov8_det,FP32,comun,A,2,74,13.794300000881776
yolov8_det,FP32,comun,A,2,75,12.756200005242135
yolov8_det,FP32,comun,A,2,76,13.222800000221469
yolov8_det,FP32,comun,A,2,77,13.163199997507036
yolov8_det,FP32,comun,A,2,78,13.059700002486352
yolov8_det,FP32,comun,A,2,79,13.998599999467842
yolov8_det,FP32,comun,A,2,80,13.380100004724227
yolov8_det,FP32,comun,A,2,81,12.67809999990277
yolov8_det,FP32,comun,A,2,82,13.63359999959357
yolov8_det,FP32,comun,A,2,83,12.772800000675488
yolov8_det,FP32,comun,A,2,84,13.85860000300454
yolov8_det,FP32,comun,A,2,85,13.409400002274197
yolov8_det,FP32,comun,A,2,86,15.127000006032176
yolov8_det,FP32,comun,A,2,87,13.779499997326639
yolov8_det,FP32,comun,A,2,88,13.68920000095386
yolov8_det,FP32,comun,A,2,89,19.468699996650685
yolov8_det,FP32,comun,A,2,90,18.521799996960908
yolov8_det,FP32,comun,A,2,91,15.801099994860124
yolov8_det,FP32,comun,A,2,92,14.453699994191993
yolov8_det,FP32,comun,A,2,93,14.114400000835303
yolov8_det,FP32,comun,A,2,94,14.561800002411474
yolov8_det,FP32,comun,A,2,95,13.417299996945076
yolov8_det,FP32,comun,A,2,96,13.28769999963697
yolov8_det,FP32,comun,A,2,97,13.110699997923803
yolov8_det,FP32,comun,A,2,98,13.044200000877026
yolov8_det,FP32,comun,A,2,99,13.092100001813378
yolov8_det,FP32,comun,A,2,100,13.757600005192216
yolov8_det,FP32,comun,A,2,101,13.272400006826501
yolov8_det,FP32,comun,A,2,102,13.258099999802653
yolov8_det,FP32,comun,A,2,103,14.423000000533648
yolov8_det,FP32,comun,A,2,104,13.179300003685057
yolov8_det,FP32,comun,A,2,105,13.008200003241654
yolov8_det,FP32,comun,A,2,106,13.318500001332723
yolov8_det,FP32,comun,A,2,107,13.952299996162765
yolov8_det,FP32,comun,A,2,108,12.916600004245993
yolov8_det,FP32,comun,A,2,109,13.624300001538359
yolov8_det,FP32,comun,A,2,110,13.515399994503241
yolov8_det,FP32,comun,A,2,111,13.458500005071983
yolov8_det,FP32,comun,A,2,112,13.498500004061498
yolov8_det,FP32,comun,A,2,113,13.562500003899913
yolov8_det,FP32,comun,A,2,114,13.50579999416368
yolov8_det,FP32,comun,A,2,115,13.458200002787635
yolov8_det,FP32,comun,A,2,116,13.352399997529574
yolov8_det,FP32,comun,A,2,117,15.476199994736817
yolov8_det,FP32,comun,A,2,118,13.588299996627029
yolov8_det,FP32,comun,A,2,119,13.044999999692664
yolov8_det,FP32,comun,A,2,120,13.877199999114964
yolov8_det,FP32,comun,A,2,121,12.940000000526197
yolov8_det,FP32,comun,A,2,122,13.542499997129198
yolov8_det,FP32,comun,A,2,123,14.183400002366398
yolov8_det,FP32,comun,A,2,124,14.163599997118581
yolov8_det,FP32,comun,A,2,125,14.032300001417752
yolov8_det,FP32,comun,A,2,126,15.756499997223727
yolov8_det,FP32,comun,A,2,127,13.312799994309898
yolov8_det,FP32,comun,A,2,128,13.904200000979472
yolov8_det,FP32,comun,A,2,129,13.780100001895335
yolov8_det,FP32,comun,A,2,130,13.76400000299327
yolov8_det,FP32,comun,A,2,131,13.901699996495154
yolov8_det,FP32,comun,A,2,132,14.26740000169957
yolov8_det,FP32,comun,A,2,133,13.78639999893494
yolov8_det,FP32,comun,A,2,134,14.087700001255143
yolov8_det,FP32,comun,A,2,135,13.24880000174744
yolov8_det,FP32,comun,A,2,136,13.69439999689348
yolov8_det,FP32,comun,A,2,137,15.469399993889965
yolov8_det,FP32,comun,A,2,138,13.809199997922406
yolov8_det,FP32,comun,A,2,139,14.14630000363104
yolov8_det,FP32,comun,A,2,140,13.787299998512026
yolov8_det,FP32,comun,A,2,141,13.716800000111107
yolov8_det,FP32,comun,A,2,142,13.849200004187878
yolov8_det,FP32,comun,A,2,143,13.801799999782816
yolov8_det,FP32,comun,A,2,144,13.836400001309812
yolov8_det,FP32,comun,A,2,145,13.709699996979907
yolov8_det,FP32,comun,A,2,146,13.198900000134017
yolov8_det,FP32,comun,A,2,147,14.668399999209214
yolov8_det,FP32,comun,A,2,148,13.202299996919464
yolov8_det,FP32,comun,A,2,149,14.230500004487112
yolov8_det,FP32,comun,A,2,150,13.954399997601286
yolov8_det,FP32,comun,A,2,151,13.010599999688566
yolov8_det,FP32,comun,A,2,152,14.257100003305823
yolov8_det,FP32,comun,A,2,153,13.619999997899868
yolov8_det,FP32,comun,A,2,154,13.742800001637079
yolov8_det,FP32,comun,A,2,155,13.763700000708923
yolov8_det,FP32,comun,A,2,156,13.77420000062557
yolov8_det,FP32,comun,A,2,157,14.041299997188617
yolov8_det,FP32,comun,A,2,158,13.658500000019558
yolov8_det,FP32,comun,A,2,159,13.50379999348661
yolov8_det,FP32,comun,A,2,160,14.024400006746873
yolov8_det,FP32,comun,A,2,161,14.34220000373898
yolov8_det,FP32,comun,A,2,162,14.07640000252286
yolov8_det,FP32,comun,A,2,163,14.207500003976747
yolov8_det,FP32,comun,A,2,164,14.453600000706501
yolov8_det,FP32,comun,A,2,165,16.209100002015475
yolov8_det,FP32,comun,A,2,166,13.832700002240017
yolov8_det,FP32,comun,A,2,167,13.99890000175219
yolov8_det,FP32,comun,A,2,168,14.60370000131661
yolov8_det,FP32,comun,A,2,169,13.742800001637079
yolov8_det,FP32,comun,A,2,170,14.154399999824818
yolov8_det,FP32,comun,A,2,171,14.152899995679036
yolov8_det,FP32,comun,A,2,172,14.964399997552391
yolov8_det,FP32,comun,A,2,173,14.739999998710118
yolov8_det,FP32,comun,A,2,174,14.209200002369471
yolov8_det,FP32,comun,A,2,175,14.476299998932518
yolov8_det,FP32,comun,A,2,176,14.097699997364543
yolov8_det,FP32,comun,A,2,177,14.34750000044005
yolov8_det,FP32,comun,A,2,178,13.660200005688239
yolov8_det,FP32,comun,A,2,179,14.195899995684158
yolov8_det,FP32,comun,A,2,180,13.288599999214057
yolov8_det,FP32,comun,A,2,181,13.954199996078387
yolov8_det,FP32,comun,A,2,182,14.782199999899603
yolov8_det,FP32,comun,A,2,183,14.251599997805897
yolov8_det,FP32,comun,A,2,184,15.451300001586787
yolov8_det,FP32,comun,A,2,185,14.546799997333437
yolov8_det,FP32,comun,A,2,186,14.150299997709226
yolov8_det,FP32,comun,A,2,187,15.327900000556838
yolov8_det,FP32,comun,A,2,188,15.081500001542736
yolov8_det,FP32,comun,A,2,189,14.498099997581448
yolov8_det,FP32,comun,A,2,190,16.94380000117235
yolov8_det,FP32,comun,A,2,191,14.637200001743622
yolov8_det,FP32,comun,A,2,192,14.973100005590823
yolov8_det,FP32,comun,A,2,193,13.623599996208213
yolov8_det,FP32,comun,A,2,194,14.202799997292459
yolov8_det,FP32,comun,A,2,195,15.687200000684243
yolov8_det,FP32,comun,A,2,196,15.094299997144844
yolov8_det,FP32,comun,A,2,197,15.521799999987707
yolov8_det,FP32,comun,A,2,198,14.963699999498203
yolov8_det,FP32,comun,A,2,199,14.776900003198534
yolov8_det,FP32,comun,A,2,200,14.47310000366997
yolov8_det,FP32,comun,A,2,201,14.66670000081649
yolov8_det,FP32,comun,A,2,202,14.960900000005495
yolov8_det,FP32,comun,A,2,203,14.813399997365195
yolov8_det,FP32,comun,A,2,204,14.462499995715916
yolov8_det,FP32,comun,A,2,205,14.908800003468059
yolov8_det,FP32,comun,A,2,206,15.412200002174359
yolov8_det,FP32,comun,A,2,207,14.90419999754522
yolov8_det,FP32,comun,A,2,208,14.619599998695776
yolov8_det,FP32,comun,A,2,209,13.942500001576263
yolov8_det,FP32,comun,A,2,210,13.98479999625124
yolov8_det,FP32,comun,A,2,211,14.027600002009422
yolov8_det,FP32,comun,A,2,212,14.686900001834147
yolov8_det,FP32,comun,A,2,213,13.830399999278598
yolov8_det,FP32,comun,A,2,214,14.062999995076098
yolov8_det,FP32,comun,A,2,215,13.58520000212593
yolov8_det,FP32,comun,A,2,216,14.472399998339824
yolov8_det,FP32,comun,A,2,217,13.758299995970447
yolov8_det,FP32,comun,A,2,218,13.794500002404675
yolov8_det,FP32,comun,A,2,219,14.3162999956985
yolov8_det,FP32,comun,A,2,220,14.036900000064634
yolov8_det,FP32,comun,A,2,221,13.56369999848539
yolov8_det,FP32,comun,A,2,222,14.017699999385513
yolov8_det,FP32,comun,A,2,223,13.76449999952456
yolov8_det,FP32,comun,A,2,224,14.118099999905098
yolov8_det,FP32,comun,A,2,225,14.71970000420697
yolov8_det,FP32,comun,A,2,226,14.991100004408509
yolov8_det,FP32,comun,A,2,227,13.242799999716226
yolov8_det,FP32,comun,A,2,228,13.453400002617855
yolov8_det,FP32,comun,A,2,229,14.202099999238271
yolov8_det,FP32,comun,A,2,230,14.269100000092294
yolov8_det,FP32,comun,A,2,231,14.537000002746936
yolov8_det,FP32,comun,A,2,232,13.837500002409797
yolov8_det,FP32,comun,A,2,233,12.386499998683576
yolov8_det,FP32,comun,A,2,234,14.793000002100598
yolov8_det,FP32,comun,A,2,235,14.075400002184324
yolov8_det,FP32,comun,A,2,236,14.35230000060983
yolov8_det,FP32,comun,A,2,237,14.164599997457117
yolov8_det,FP32,comun,A,2,238,13.072900001134258
yolov8_det,FP32,comun,A,2,239,13.870200004021171
yolov8_det,FP32,comun,A,2,240,13.866200002667028
yolov8_det,FP32,comun,A,2,241,14.083699999901
yolov8_det,FP32,comun,A,2,242,13.93850000022212
yolov8_det,FP32,comun,A,2,243,13.570299997809343
yolov8_det,FP32,comun,A,2,244,14.083699999901
yolov8_det,FP32,comun,A,2,245,14.921300004061777
yolov8_det,FP32,comun,A,2,246,20.464799999899697
yolov8_det,FP32,comun,A,2,247,17.411699998774566
yolov8_det,FP32,comun,A,2,248,15.532100005657412
yolov8_det,FP32,comun,A,2,249,15.848499999265186
yolov8_det,FP32,comun,A,2,250,15.880799997830763
yolov8_det,FP32,comun,A,2,251,14.61159999598749
yolov8_det,FP32,comun,A,2,252,16.608599995379336
yolov8_det,FP32,comun,A,2,253,17.215300002135336
yolov8_det,FP32,comun,A,2,254,17.007299997203518
yolov8_det,FP32,comun,A,2,255,16.6938000038499
yolov8_det,FP32,comun,A,2,256,17.715099995257333
yolov8_det,FP32,comun,A,2,257,16.8515000041225
yolov8_det,FP32,comun,A,2,258,16.537700001208577
yolov8_det,FP32,comun,A,2,259,18.493200004741084
yolov8_det,FP32,comun,A,2,260,15.66090000414988
yolov8_det,FP32,comun,A,2,261,15.01760000246577
yolov8_det,FP32,comun,A,2,262,14.219500000763219
yolov8_det,FP32,comun,A,2,263,15.887899993686005
yolov8_det,FP32,comun,A,2,264,14.773099996091332
yolov8_det,FP32,comun,A,2,265,14.924299997801427
yolov8_det,FP32,comun,A,2,266,14.716300000145566
yolov8_det,FP32,comun,A,2,267,13.58040000195615
yolov8_det,FP32,comun,A,2,268,14.344299997901544
yolov8_det,FP32,comun,A,2,269,14.005700002599042
yolov8_det,FP32,comun,A,2,270,13.939299999037758
yolov8_det,FP32,comun,A,2,271,14.854399996693246
yolov8_det,FP32,comun,A,2,272,14.424499997403473
yolov8_det,FP32,comun,A,2,273,16.085900002508424
yolov8_det,FP32,comun,A,2,274,15.23829999496229
yolov8_det,FP32,comun,A,2,275,14.818300005572382
yolov8_det,FP32,comun,A,2,276,14.63569999759784
yolov8_det,FP32,comun,A,2,277,14.429299997573253
yolov8_det,FP32,comun,A,2,278,14.933500002371147
yolov8_det,FP32,comun,A,2,279,13.4981000010157
yolov8_det,FP32,comun,A,2,280,13.406100006250199
yolov8_det,FP32,comun,A,2,281,13.586599998234306
yolov8_det,FP32,comun,A,2,282,13.504300004569814
yolov8_det,FP32,comun,A,2,283,13.84179999877233
yolov8_det,FP32,comun,A,2,284,14.096300001256168
yolov8_det,FP32,comun,A,2,285,14.246699996874668
yolov8_det,FP32,comun,A,2,286,15.18249999935506
yolov8_det,FP32,comun,A,2,287,15.501399997447152
yolov8_det,FP32,comun,A,2,288,13.748199999099597
yolov8_det,FP32,comun,A,2,289,14.50450000265846
yolov8_det,FP32,comun,A,2,290,13.051000001723878
yolov8_det,FP32,comun,A,2,291,14.124699999229051
yolov8_det,FP32,comun,A,2,292,15.051100002892781
yolov8_det,FP32,comun,A,2,293,14.484100000117905
yolov8_det,FP32,comun,A,2,294,14.14659999863943
yolov8_det,FP32,comun,A,2,295,19.34839999739779
yolov8_det,FP32,comun,A,2,296,14.017300003615674
yolov8_det,FP32,comun,A,2,297,14.35230000060983
yolov8_det,FP32,comun,A,2,298,13.945400001830421
yolov8_det,FP32,comun,A,2,299,14.261800002714153
yolov8_det,FP32,comun,A,2,300,14.015400003700051
yolov8_det,FP32,comun,A,2,301,15.32940000470262
yolov8_det,FP32,comun,A,2,302,14.594799999031238
yolov8_det,FP32,comun,A,2,303,14.06200000201352
yolov8_det,FP32,comun,A,2,304,14.345499999762978
yolov8_det,FP32,comun,A,2,305,13.75959999859333
yolov8_det,FP32,comun,A,2,306,14.360300003318116
yolov8_det,FP32,comun,A,2,307,14.368500000273343
yolov8_det,FP32,comun,A,2,308,13.506600000255276
yolov8_det,FP32,comun,A,2,309,13.370799999393057
yolov8_det,FP32,comun,A,2,310,13.443899995763786
yolov8_det,FP32,comun,A,2,311,14.232400004402734
yolov8_det,FP32,comun,A,2,312,13.305400003446266
yolov8_det,FP32,comun,A,2,313,14.26220000575995
yolov8_det,FP32,comun,A,2,314,14.224500002455898
yolov8_det,FP32,comun,A,2,315,14.162700004817452
yolov8_det,FP32,comun,A,2,316,14.513800000713672
yolov8_det,FP32,comun,A,2,317,14.85780000075465
yolov8_det,FP32,comun,A,2,318,13.731900005950592
yolov8_det,FP32,comun,A,2,319,13.79340000130469
yolov8_det,FP32,comun,A,2,320,15.942999998515006
yolov8_det,FP32,comun,A,2,321,13.894199997594114
yolov8_det,FP32,comun,A,2,322,14.10089999990305
yolov8_det,FP32,comun,A,2,323,13.71419999486534
yolov8_det,FP32,comun,A,2,324,14.343900002131704
yolov8_det,FP32,comun,A,2,325,13.842800006386824
yolov8_det,FP32,comun,A,2,326,13.58549999713432
yolov8_det,FP32,comun,A,2,327,14.261700001952704
yolov8_det,FP32,comun,A,2,328,14.984400004323106
yolov8_det,FP32,comun,A,2,329,16.059300003689714
yolov8_det,FP32,comun,A,2,330,14.057199994567782
yolov8_det,FP32,comun,A,2,331,18.127200004528277
yolov8_det,FP32,comun,A,2,332,16.24219999939669
yolov8_det,FP32,comun,A,2,333,14.674600002763327
yolov8_det,FP32,comun,A,2,334,14.430700000957586
yolov8_det,FP32,comun,A,2,335,13.942800003860611
yolov8_det,FP32,comun,A,2,336,13.29010000335984
yolov8_det,FP32,comun,A,2,337,13.948400002846029
yolov8_det,FP32,comun,A,2,338,13.63639999908628
yolov8_det,FP32,comun,A,2,339,13.127099999110214
yolov8_det,FP32,comun,A,2,340,15.495499996177386
yolov8_det,FP32,comun,A,2,341,13.8851000010618
yolov8_det,FP32,comun,A,2,342,14.33790000010049
yolov8_det,FP32,comun,A,2,343,14.101600005233195
yolov8_det,FP32,comun,A,2,344,13.801999994029757
yolov8_det,FP32,comun,A,2,345,13.68450000154553
yolov8_det,FP32,comun,A,2,346,14.016900000569876
yolov8_det,FP32,comun,A,2,347,14.060199995583389
yolov8_det,FP32,comun,A,2,348,13.847300004272256
yolov8_det,FP32,comun,A,2,349,13.993699998536613
yolov8_det,FP32,comun,A,2,350,13.685699996131007
yolov8_det,FP32,comun,A,2,351,13.745500000368338
yolov8_det,FP32,comun,A,2,352,13.586299995949958
yolov8_det,FP32,comun,A,2,353,13.861999999789987
yolov8_det,FP32,comun,A,2,354,14.574100001482293
yolov8_det,FP32,comun,A,2,355,14.517299998260569
yolov8_det,FP32,comun,A,2,356,13.614500006951857
yolov8_det,FP32,comun,A,2,357,13.17410000046948
yolov8_det,FP32,comun,A,2,358,14.16419999441132
yolov8_det,FP32,comun,A,2,359,13.244699999631848
yolov8_det,FP32,comun,A,2,360,16.291799998725764
yolov8_det,FP32,comun,A,2,361,14.073500002268702
yolov8_det,FP32,comun,A,2,362,13.648000000102911
yolov8_det,FP32,comun,A,2,363,14.004399999976158
yolov8_det,FP32,comun,A,2,364,13.58569999865722
yolov8_det,FP32,comun,A,2,365,16.44529999612132
yolov8_det,FP32,comun,A,2,366,13.551000003644731
yolov8_det,FP32,comun,A,2,367,15.3202000001329
yolov8_det,FP32,comun,A,2,368,17.051100003300235
yolov8_det,FP32,comun,A,2,369,14.35710000077961
yolov8_det,FP32,comun,A,2,370,13.717599998926744
yolov8_det,FP32,comun,A,2,371,14.086600000155158
yolov8_det,FP32,comun,A,2,372,15.861100000620354
yolov8_det,FP32,comun,A,2,373,14.082300003792625
yolov8_det,FP32,comun,B,2,0,34.58169999794336
yolov8_det,FP32,comun,B,2,1,29.727999994065613
yolov8_det,FP32,comun,B,2,2,30.558400001609698
yolov8_det,FP32,comun,B,2,3,32.14499999739928
yolov8_det,FP32,comun,B,2,4,31.062100002600346
yolov8_det,FP32,comun,B,2,5,30.39839999837568
yolov8_det,FP32,comun,B,2,6,33.22830000251997
yolov8_det,FP32,comun,B,2,7,31.737500001327135
yolov8_det,FP32,comun,B,2,8,31.18969999923138
yolov8_det,FP32,comun,B,2,9,34.93970000272384
yolov8_det,FP32,comun,B,2,10,35.61489999992773
yolov8_det,FP32,comun,B,2,11,33.88940000149887
yolov8_det,FP32,comun,B,2,12,34.35039999749279
yolov8_det,FP32,comun,B,2,13,34.415699999954086
yolov8_det,FP32,comun,B,2,14,33.944000002520625
yolov8_det,FP32,comun,B,2,15,34.04020000016317
yolov8_det,FP32,comun,B,2,16,32.71310000127414
yolov8_det,FP32,comun,B,2,17,33.7636999975075
yolov8_det,FP32,comun,B,2,18,30.972600005043205
yolov8_det,FP32,comun,B,2,19,30.51469999627443
yolov8_det,FP32,comun,B,2,20,32.72199999628356
yolov8_det,FP32,comun,B,2,21,30.98879999743076
yolov8_det,FP32,comun,B,2,22,34.737900001346134
yolov8_det,FP32,comun,B,2,23,34.74450000067009
yolov8_det,FP32,comun,B,2,24,34.387100000458304
yolov8_det,FP32,comun,B,2,25,32.705300000088755
yolov8_det,FP32,comun,B,2,26,30.065099999774247
yolov8_det,FP32,comun,B,2,27,31.510200002230704
yolov8_det,FP32,comun,B,2,28,34.96280000399565
yolov8_det,FP32,comun,B,2,29,34.09020000253804
yolov8_det,FP32,comun,B,2,30,33.261500000662636
yolov8_det,FP32,comun,B,2,31,31.863099997281097
yolov8_det,FP32,comun,B,2,32,31.024699994304683
yolov8_det,FP32,comun,B,2,33,31.645399998524226
yolov8_det,FP32,comun,B,2,34,33.71290000359295
yolov8_det,FP32,comun,B,2,35,31.05350000259932
yolov8_det,FP32,comun,B,2,36,33.12189999996917
yolov8_det,FP32,comun,B,2,37,34.68309999880148
yolov8_det,FP32,comun,B,2,38,33.03240000241203
yolov8_det,FP32,comun,B,2,39,28.05660000012722
yolov8_det,FP32,comun,B,2,40,33.39350000169361
yolov8_det,FP32,comun,B,2,41,32.28479999961564
yolov8_det,FP32,comun,B,2,42,32.22490000189282
yolov8_det,FP32,comun,B,2,43,32.5617999988026
yolov8_det,FP32,comun,B,2,44,28.970499995921273
yolov8_det,FP32,comun,B,2,45,31.12390000023879
yolov8_det,FP32,comun,B,2,46,34.77910000219708
yolov8_det,FP32,comun,B,2,47,33.21900000446476
yolov8_det,FP32,comun,B,2,48,31.577800000377465
yolov8_det,FP32,comun,B,2,49,34.73130000202218
yolov8_det,FP32,comun,B,2,50,31.75869999540737
yolov8_det,FP32,comun,B,2,51,34.72460000193678
yolov8_det,FP32,comun,B,2,52,29.62660000048345
yolov8_det,FP32,comun,B,2,53,32.08879999874625
yolov8_det,FP32,comun,B,2,54,32.73549999721581
yolov8_det,FP32,comun,B,2,55,30.51739999500569
yolov8_det,FP32,comun,B,2,56,29.668600000150036
yolov8_det,FP32,comun,B,2,57,28.8081000035163
yolov8_det,FP32,comun,B,2,58,33.897900000738446
yolov8_det,FP32,comun,B,2,59,34.59789999760687
yolov8_det,FP32,comun,B,2,60,37.02289999637287
yolov8_det,FP32,comun,B,2,61,37.16559999884339
yolov8_det,FP32,comun,B,2,62,35.27089999988675
yolov8_det,FP32,comun,B,2,63,33.608099998673424
yolov8_det,FP32,comun,B,2,64,35.17920000012964
yolov8_det,FP32,comun,B,2,65,31.26229999907082
yolov8_det,FP32,comun,B,2,66,30.975399997259956
yolov8_det,FP32,comun,B,2,67,28.052499998011626
yolov8_det,FP32,comun,B,2,68,34.26459999900544
yolov8_det,FP32,comun,B,2,69,37.16359999816632
yolov8_det,FP32,comun,B,2,70,31.688600000052247
yolov8_det,FP32,comun,B,2,71,30.541799998900387
yolov8_det,FP32,comun,B,2,72,31.145099994319025
yolov8_det,FP32,comun,B,2,73,30.840300001727883
yolov8_det,FP32,comun,B,2,74,30.91399999539135
yolov8_det,FP32,comun,B,2,75,31.75349999946775
yolov8_det,FP32,comun,B,2,76,32.99840000545373
yolov8_det,FP32,comun,B,2,77,45.841299994208384
yolov8_det,FP32,comun,B,2,78,33.35220000008121
yolov8_det,FP32,comun,B,2,79,32.731700004660524
yolov8_det,FP32,comun,B,2,80,30.872199997247662
yolov8_det,FP32,comun,B,2,81,33.55240000382764
yolov8_det,FP32,comun,B,2,82,33.40710000338731
yolov8_det,FP32,comun,B,2,83,32.06769999815151
yolov8_det,FP32,comun,B,2,84,30.66969999781577
yolov8_det,FP32,comun,B,2,85,31.201800004055258
yolov8_det,FP32,comun,B,2,86,31.182600003376137
yolov8_det,FP32,comun,B,2,87,31.161999999312684
yolov8_det,FP32,comun,B,2,88,31.40690000145696
yolov8_det,FP32,comun,B,2,89,31.062399997608736
yolov8_det,FP32,comun,B,2,90,29.14250000321772
yolov8_det,FP32,comun,B,2,91,34.798100001353305
yolov8_det,FP32,comun,B,2,92,31.253599998308346
yolov8_det,FP32,comun,B,2,93,32.3562999983551
yolov8_det,FP32,comun,B,2,94,32.68579999712529
yolov8_det,FP32,comun,B,2,95,34.164900003816
yolov8_det,FP32,comun,B,2,96,34.50400000292575
yolov8_det,FP32,comun,B,2,97,31.313400002545677
yolov8_det,FP32,comun,B,2,98,31.894499996269587
yolov8_det,FP32,comun,B,2,99,32.19050000188872
yolov8_det,FP32,comun,B,2,100,34.86459999840008
yolov8_det,FP32,comun,B,2,101,34.18729999975767
yolov8_det,FP32,comun,B,2,102,32.294099997670855
yolov8_det,FP32,comun,B,2,103,26.37210000102641
yolov8_det,FP32,comun,B,2,104,31.48200000578072
yolov8_det,FP32,comun,B,2,105,31.423400003404822
yolov8_det,FP32,comun,B,2,106,30.91580000182148
yolov8_det,FP32,comun,B,2,107,31.85279999888735
yolov8_det,FP32,comun,B,2,108,33.223200000065845
yolov8_det,FP32,comun,B,2,109,33.76659999776166
yolov8_det,FP32,comun,B,2,110,32.41499999421649
yolov8_det,FP32,comun,B,2,111,32.85909999976866
yolov8_det,FP32,comun,B,2,112,30.284000000392552
yolov8_det,FP32,comun,B,2,113,35.8494999964023
yolov8_det,FP32,comun,B,2,114,31.933300000673626
yolov8_det,FP32,comun,B,2,115,31.25490000093123
yolov8_det,FP32,comun,B,2,116,33.358900000166614
yolov8_det,FP32,comun,B,2,117,34.555700003693346
yolov8_det,FP32,comun,B,2,118,29.926599992904812
yolov8_det,FP32,comun,B,2,119,35.379000000830274
yolov8_det,FP32,comun,B,2,120,30.859600003168453
yolov8_det,FP32,comun,B,2,121,29.22269999544369
yolov8_det,FP32,comun,B,2,122,32.356900002923794
yolov8_det,FP32,comun,B,2,123,33.02290000283392
yolov8_det,FP32,comun,B,2,124,33.40620000381023
yolov8_det,FP32,comun,B,2,125,32.952100002148654
yolov8_det,FP32,comun,B,2,126,32.788099997560494
yolov8_det,FP32,comun,B,2,127,30.9592000048724
yolov8_det,FP32,comun,B,2,128,30.48809999745572
yolov8_det,FP32,comun,B,2,129,30.612599999585655
yolov8_det,FP32,comun,B,2,130,31.804900005226955
yolov8_det,FP32,comun,B,2,131,33.52289999747882
yolov8_det,FP32,comun,B,2,132,32.30309999344172
yolov8_det,FP32,comun,B,2,133,32.86590000061551
yolov8_det,FP32,comun,B,2,134,30.955700000049546
yolov8_det,FP32,comun,B,2,135,26.90180000354303
yolov8_det,FP32,comun,B,2,136,43.02029999962542
yolov8_det,FP32,comun,B,2,137,28.90839999599848
yolov8_det,FP32,comun,B,2,138,29.791900000418536
yolov8_det,FP32,comun,B,2,139,33.67699999944307
yolov8_det,FP32,comun,B,2,140,31.611200000043027
yolov8_det,FP32,comun,B,2,141,31.14800000184914
yolov8_det,FP32,comun,B,2,142,28.397600006428547
yolov8_det,FP32,comun,B,2,143,27.20689999841852
yolov8_det,FP32,comun,B,2,144,30.201300003682263
yolov8_det,FP32,comun,B,2,145,39.5213000010699
yolov8_det,FP32,comun,B,2,146,32.85950000281446
yolov8_det,FP32,comun,B,2,147,33.79839999979595
yolov8_det,FP32,comun,B,2,148,31.824700003198814
yolov8_det,FP32,comun,B,2,149,31.31329999450827
yolov8_det,FP32,comun,B,2,150,29.116100005921908
yolov8_det,FP32,comun,B,2,151,32.64040000067325
yolov8_det,FP32,comun,B,2,152,32.39010000106646
yolov8_det,FP32,comun,B,2,153,29.554699998698197
yolov8_det,FP32,comun,B,2,154,27.735200004826766
yolov8_det,FP32,comun,B,2,155,28.47979999933159
yolov8_det,FP32,comun,B,2,156,33.01310000097146
yolov8_det,FP32,comun,B,2,157,32.74220000457717
yolov8_det,FP32,comun,B,2,158,31.975699996110052
yolov8_det,FP32,comun,B,2,159,30.501599998387974
yolov8_det,FP32,comun,B,2,160,28.062099998351187
yolov8_det,FP32,comun,B,2,161,30.27450000081444
yolov8_det,FP32,comun,B,2,162,31.152600000496022
yolov8_det,FP32,comun,B,2,163,30.198700005712453
yolov8_det,FP32,comun,B,2,164,29.307800003152806
yolov8_det,FP32,comun,B,2,165,33.91689999989467
yolov8_det,FP32,comun,B,2,166,35.398100000747945
yolov8_det,FP32,comun,B,2,167,31.994400000257883
yolov8_det,FP32,comun,B,2,168,34.73810000286903
yolov8_det,FP32,comun,B,2,169,29.866600001696497
yolov8_det,FP32,comun,B,2,170,28.449099998397287
yolov8_det,FP32,comun,B,2,171,33.42940000584349
yolov8_det,FP32,comun,B,2,172,36.47939999791561
yolov8_det,FP32,comun,B,2,173,30.72009999596048
yolov8_det,FP32,comun,B,2,174,32.609099995170254
yolov8_det,FP32,comun,B,2,175,29.1910999949323
yolov8_det,FP32,comun,B,2,176,30.17600000021048
yolov8_det,FP32,comun,B,2,177,32.56719999626512
yolov8_det,FP32,comun,B,2,178,32.22090000053868
yolov8_det,FP32,comun,B,2,179,33.51199999451637
yolov8_det,FP32,comun,B,2,180,32.65040000405861
yolov8_det,FP32,comun,B,2,181,30.57779999653576
yolov8_det,FP32,comun,B,2,182,29.628399999637622
yolov8_det,FP32,comun,B,2,183,35.65649999654852
yolov8_det,FP32,comun,B,2,184,41.40679999545682
yolov8_det,FP32,comun,B,2,185,41.25999999814667
yolov8_det,FP32,comun,B,2,186,28.917199997522403
yolov8_det,FP32,comun,B,2,187,43.94930000125896
yolov8_det,FP32,comun,B,2,188,30.938800002331845
yolov8_det,FP32,comun,B,2,189,32.01479999552248
yolov8_det,FP32,comun,B,2,190,29.62449999904493
yolov8_det,FP32,comun,B,2,191,29.329799996048678
yolov8_det,FP32,comun,B,2,192,31.601599999703467
yolov8_det,FP32,comun,B,2,193,28.012399998260662
yolov8_det,FP32,comun,B,2,194,31.228700005158316
yolov8_det,FP32,comun,B,2,195,32.468400000652764
yolov8_det,FP32,comun,B,2,196,33.34780000295723
yolov8_det,FP32,comun,B,2,197,31.749100002343766
yolov8_det,FP32,comun,B,2,198,35.95510000013746
yolov8_det,FP32,comun,B,2,199,37.150099997234065
yolov8_det,FP32,comun,B,2,200,33.36280000075931
yolov8_det,FP32,comun,B,2,201,29.126699999324046
yolov8_det,FP32,comun,B,2,202,32.1747999987565
yolov8_det,FP32,comun,B,2,203,34.403400000883266
yolov8_det,FP32,comun,B,2,204,33.951799996430054
yolov8_det,FP32,comun,B,2,205,31.95360000245273
yolov8_det,FP32,comun,B,2,206,31.394199999340344
yolov8_det,FP32,comun,B,2,207,28.491499993833713
yolov8_det,FP32,comun,B,2,208,32.14690000459086
yolov8_det,FP32,comun,B,2,209,32.55879999778699
yolov8_det,FP32,comun,B,2,210,35.025699995458126
yolov8_det,FP32,comun,B,2,211,29.884399998991285
yolov8_det,FP32,comun,B,2,212,26.538300000538584
yolov8_det,FP32,comun,B,2,213,39.01159999804804
yolov8_det,FP32,comun,B,2,214,36.0179000053904
yolov8_det,FP32,comun,B,2,215,30.48069999931613
yolov8_det,FP32,comun,B,2,216,36.2844999981462
yolov8_det,FP32,comun,B,2,217,33.28949999558972
yolov8_det,FP32,comun,B,2,218,33.42569999949774
yolov8_det,FP32,comun,B,2,219,35.274599998956546
yolov8_det,FP32,comun,B,2,220,31.655200000386685
yolov8_det,FP32,comun,B,2,221,32.88839999731863
yolov8_det,FP32,comun,B,2,222,35.07920000265585
yolov8_det,FP32,comun,B,2,223,30.992100000730716
yolov8_det,FP32,comun,B,2,224,28.43369999754941
yolov8_det,FP32,comun,B,2,225,35.31410000141477
yolov8_det,FP32,comun,B,2,226,31.193200004054233
yolov8_det,FP32,comun,B,2,227,30.129599996143952
yolov8_det,FP32,comun,B,2,228,29.221999997389503
yolov8_det,FP32,comun,B,2,229,30.937099996663164
yolov8_det,FP32,comun,B,2,230,39.45519999979297
yolov8_det,FP32,comun,B,2,231,37.32759999547852
yolov8_det,FP32,comun,B,2,232,31.5545999983442
yolov8_det,FP32,comun,B,2,233,30.89939999335911
yolov8_det,FP32,comun,B,2,234,33.96169999905396
yolov8_det,FP32,comun,B,2,235,31.539999996311963
yolov8_det,FP32,comun,B,2,236,23.524900003394578
yolov8_det,FP32,comun,B,2,237,33.73829999327427
yolov8_det,FP32,comun,B,2,238,30.012999995960854
yolov8_det,FP32,comun,B,2,239,35.1310000041849
yolov8_det,FP32,comun,B,2,240,30.71050000289688
yolov8_det,FP32,comun,B,2,241,28.79650000249967
yolov8_det,FP32,comun,B,2,242,32.51550000277348
yolov8_det,FP32,comun,B,2,243,34.829600001103245
yolov8_det,FP32,comun,B,2,244,36.34779999993043
yolov8_det,FP32,comun,B,2,245,31.585400000039954
yolov8_det,FP32,comun,B,2,246,27.894500002730638
yolov8_det,FP32,comun,B,2,247,30.8149999982561
yolov8_det,FP32,comun,B,2,248,26.527099995291792
yolov8_det,FP32,comun,B,2,249,33.87519999523647
yolov8_det,FP32,comun,B,2,250,28.626799998164643
yolov8_det,FP32,comun,B,2,251,31.783700003870763
yolov8_det,FP32,comun,B,2,252,29.545400000642985
yolov8_det,FP32,comun,B,2,253,27.394899996579625
yolov8_det,FP32,comun,B,2,254,29.37999999994645
yolov8_det,FP32,comun,B,2,255,30.095100002654362
yolov8_det,FP32,comun,B,2,256,30.4619999951683
yolov8_det,FP32,comun,B,2,257,31.10700000252109
yolov8_det,FP32,comun,B,2,258,28.732599996146746
yolov8_det,FP32,comun,B,2,259,32.964099998935126
yolov8_det,FP32,comun,B,2,260,30.420600000070408
yolov8_det,FP32,comun,B,2,261,36.808200005907565
yolov8_det,FP32,comun,B,2,262,40.065599998342805
yolov8_det,FP32,comun,B,2,263,43.050799999036826
yolov8_det,FP32,comun,B,2,264,40.91650000191294
yolov8_det,FP32,comun,B,2,265,40.9395000024233
yolov8_det,FP32,comun,B,2,266,42.35329999937676
yolov8_det,FP32,comun,B,2,267,37.92309999698773
yolov8_det,FP32,comun,B,2,268,31.75609999743756
yolov8_det,FP32,comun,B,2,269,27.140099999087397
yolov8_det,FP32,comun,B,2,270,30.923600003006868
yolov8_det,FP32,comun,B,2,271,28.79370000300696
yolov8_det,FP32,comun,B,2,272,33.187000000907574
yolov8_det,FP32,comun,B,2,273,30.837599995720666
yolov8_det,FP32,comun,B,2,274,30.926900006306823
yolov8_det,FP32,comun,B,2,275,33.39609999966342
yolov8_det,FP32,comun,B,2,276,33.79719999793451
yolov8_det,FP32,comun,B,2,277,30.767800002649892
yolov8_det,FP32,comun,B,2,278,29.661399996257387
yolov8_det,FP32,comun,B,2,279,30.563200001779478
yolov8_det,FP32,comun,B,2,280,35.98950000014156
yolov8_det,FP32,comun,B,2,281,32.11459999874933
yolov8_det,FP32,comun,B,2,282,39.527900000393856
yolov8_det,FP32,comun,B,2,283,34.91139999823645
yolov8_det,FP32,comun,B,2,284,33.892800005560275
yolov8_det,FP32,comun,B,2,285,31.394400000863243
yolov8_det,FP32,comun,B,2,286,30.99810000276193
yolov8_det,FP32,comun,B,2,287,32.134300003235694
yolov8_det,FP32,comun,B,2,288,27.16540000255918
yolov8_det,FP32,comun,B,2,289,34.79759999754606
yolov8_det,FP32,comun,B,2,290,31.691299998783506
yolov8_det,FP32,comun,B,2,291,33.31780000007711
yolov8_det,FP32,comun,B,2,292,30.243700006394647
yolov8_det,FP32,comun,B,2,293,32.89290000248002
yolov8_det,FP32,comun,B,2,294,35.90019999683136
yolov8_det,FP32,comun,B,2,295,30.765499999688473
yolov8_det,FP32,comun,B,2,296,34.476599998015445
yolov8_det,FP32,comun,B,2,297,36.503999996057246
yolov8_det,FP32,comun,B,2,298,30.48329999728594
yolov8_det,FP32,comun,B,2,299,31.618499997421168
yolov8_det,FP32,comun,B,2,300,29.779899996356107
yolov8_det,FP32,comun,B,2,301,31.635899998946115
yolov8_det,FP32,comun,B,2,302,30.3012000003946
yolov8_det,FP32,comun,B,2,303,32.60279999813065
yolov8_det,FP32,comun,B,2,304,31.612300001143012
yolov8_det,FP32,comun,B,2,305,32.82069999841042
yolov8_det,FP32,comun,B,2,306,31.430200004251674
yolov8_det,FP32,comun,B,2,307,35.736599995289
yolov8_det,FP32,comun,B,2,308,34.715900001174305
yolov8_det,FP32,comun,B,2,309,32.52509999583708
yolov8_det,FP32,comun,B,2,310,23.566800002299715
yolov8_det,FP32,comun,B,2,311,34.99549999833107
yolov8_det,FP32,comun,B,2,312,33.0474999936996
yolov8_det,FP32,comun,B,2,313,31.52020000561606
yolov8_det,FP32,comun,B,2,314,33.58769999613287
yolov8_det,FP32,comun,B,2,315,34.737400004814845
yolov8_det,FP32,comun,B,2,316,37.866300001041964
yolov8_det,FP32,comun,B,2,317,29.93790000618901
yolov8_det,FP32,comun,B,2,318,32.74029999738559
yolov8_det,FP32,comun,B,2,319,33.81789999548346
yolov8_det,FP32,comun,B,2,320,32.74830000009388
yolov8_det,FP32,comun,B,2,321,31.79690000251867
yolov8_det,FP32,comun,B,2,322,34.52929999912158
yolov8_det,FP32,comun,B,2,323,30.86260000418406
yolov8_det,FP32,comun,B,2,324,33.107399998698384
yolov8_det,FP32,comun,B,2,325,31.050300000060815
yolov8_det,FP32,comun,B,2,326,32.18609999748878
yolov8_det,FP32,comun,B,2,327,31.497000003582798
yolov8_det,FP32,comun,B,2,328,34.580599996843375
yolov8_det,FP32,comun,B,2,329,31.48650000366615
yolov8_det,FP32,comun,B,2,330,34.30909999588039
yolov8_det,FP32,comun,B,2,331,36.00469999946654
yolov8_det,FP32,comun,B,2,332,31.37589999823831
yolov8_det,FP32,comun,B,2,333,31.967700000677723
yolov8_det,FP32,comun,B,2,334,34.15289999975357
yolov8_det,FP32,comun,B,2,335,31.694799996330403
yolov8_det,FP32,comun,B,2,336,32.97680000105174
yolov8_det,FP32,comun,B,2,337,30.088100000284612
yolov8_det,FP32,comun,B,2,338,30.569599999580532
yolov8_det,FP32,comun,B,2,339,36.361099999339785
yolov8_det,FP32,comun,B,2,340,30.96140000707237
yolov8_det,FP32,comun,B,2,341,35.89220000139903
yolov8_det,FP32,comun,B,2,342,30.56780000042636
yolov8_det,FP32,comun,B,2,343,26.88750000379514
yolov8_det,FP32,comun,B,2,344,32.99180000612978
yolov8_det,FP32,comun,B,2,345,36.58819999691332
yolov8_det,FP32,comun,B,2,346,36.92949999822304
yolov8_det,FP32,comun,B,2,347,39.11189999780618
yolov8_det,FP32,comun,B,2,348,36.34220000094501
yolov8_det,FP32,comun,B,2,349,34.428200000547804
yolov8_det,FP32,comun,B,2,350,41.08779999660328
yolov8_det,FP32,comun,B,2,351,41.11810000176774
yolov8_det,FP32,comun,B,2,352,31.510699998761993
yolov8_det,FP32,comun,B,2,353,41.405200005101506
yolov8_det,FP32,comun,B,2,354,37.4599000060698
yolov8_det,FP32,comun,B,2,355,32.51499999896623
yolov8_det,FP32,comun,B,2,356,32.915600000706036
yolov8_det,FP32,comun,B,2,357,37.14390000095591
yolov8_det,FP32,comun,B,2,358,35.13609999936307
yolov8_det,FP32,comun,B,2,359,32.91370000079041
yolov8_det,FP32,comun,B,2,360,30.312400005641393
yolov8_det,FP32,comun,B,2,361,34.64009999879636
yolov8_det,FP32,comun,B,2,362,35.5898000052548
yolov8_det,FP32,comun,B,2,363,33.186300002853386
yolov8_det,FP32,comun,B,2,364,33.095099999627564
yolov8_det,FP32,comun,B,2,365,36.88569999940228
yolov8_det,FP32,comun,B,2,366,30.835400000796653
yolov8_det,FP32,comun,B,2,367,33.743999993021134
yolov8_det,FP32,comun,B,2,368,34.543800000392366
yolov8_det,FP32,comun,B,2,369,37.14100000070175
yolov8_det,FP32,comun,B,2,370,36.293600001954474
yolov8_det,FP32,comun,B,2,371,33.694899997499306
yolov8_det,FP32,comun,B,2,372,32.7910999985761
yolov8_det,FP32,comun,B,2,373,32.57650000159629
faster_rcnn,FP32,comun,A,0,0,1552.98159999802
faster_rcnn,FP32,comun,A,0,1,1549.4284999949741
faster_rcnn,FP32,comun,A,0,2,1554.296099995554
faster_rcnn,FP32,comun,A,0,3,1563.6312999995425
faster_rcnn,FP32,comun,A,0,4,1541.058900002099
faster_rcnn,FP32,comun,A,0,5,1550.2677999975276
faster_rcnn,FP32,comun,A,0,6,1548.2910999999149
faster_rcnn,FP32,comun,A,0,7,1562.880599994969
faster_rcnn,FP32,comun,A,0,8,1553.3517000003485
faster_rcnn,FP32,comun,A,0,9,1415.7858999969903
faster_rcnn,FP32,comun,A,0,10,1453.5201000035158
faster_rcnn,FP32,comun,A,0,11,1554.8853000000236
faster_rcnn,FP32,comun,A,0,12,1573.312699998496
faster_rcnn,FP32,comun,A,0,13,1548.673899997084
faster_rcnn,FP32,comun,A,0,14,1505.1249999960419
faster_rcnn,FP32,comun,A,0,15,1544.9957999953767
faster_rcnn,FP32,comun,A,0,16,1548.140400002012
faster_rcnn,FP32,comun,A,0,17,1566.4006999941193
faster_rcnn,FP32,comun,A,0,18,1550.3607000064221
faster_rcnn,FP32,comun,A,0,19,1542.7872000000207
faster_rcnn,FP32,comun,A,0,20,1546.5767000059714
faster_rcnn,FP32,comun,A,0,21,1508.8212000046042
faster_rcnn,FP32,comun,A,0,22,1564.5048000005772
faster_rcnn,FP32,comun,A,0,23,1548.7480000010692
faster_rcnn,FP32,comun,A,0,24,1553.7221999984467
faster_rcnn,FP32,comun,A,0,25,1420.8975000001374
faster_rcnn,FP32,comun,A,0,26,1548.5456000023987
faster_rcnn,FP32,comun,A,0,27,1552.3633000047994
faster_rcnn,FP32,comun,A,0,28,1491.6717000014614
faster_rcnn,FP32,comun,A,0,29,1549.21650000324
faster_rcnn,FP32,comun,A,0,30,1546.3355000028969
faster_rcnn,FP32,comun,A,0,31,1543.4184000041569
faster_rcnn,FP32,comun,A,0,32,1548.065700000734
faster_rcnn,FP32,comun,A,0,33,1574.3771999987075
faster_rcnn,FP32,comun,A,0,34,1424.8023999971338
faster_rcnn,FP32,comun,A,0,35,1560.9028000035323
faster_rcnn,FP32,comun,A,0,36,1554.5934999972815
faster_rcnn,FP32,comun,A,0,37,1417.4443000010797
faster_rcnn,FP32,comun,A,0,38,1551.869999995688
faster_rcnn,FP32,comun,A,0,39,1544.5107000050484
faster_rcnn,FP32,comun,A,0,40,1544.4594000000507
faster_rcnn,FP32,comun,A,0,41,1563.5106999980053
faster_rcnn,FP32,comun,A,0,42,1548.1983000063337
faster_rcnn,FP32,comun,A,0,43,1549.7718999977224
faster_rcnn,FP32,comun,A,0,44,1552.0057999965502
faster_rcnn,FP32,comun,A,0,45,1503.6228999961168
faster_rcnn,FP32,comun,A,0,46,1548.8518999991356
faster_rcnn,FP32,comun,A,0,47,1413.9097999941441
faster_rcnn,FP32,comun,A,0,48,1556.4640999946278
faster_rcnn,FP32,comun,A,0,49,1422.1013999995193
faster_rcnn,FP32,comun,A,0,50,1566.260899999179
faster_rcnn,FP32,comun,A,0,51,1501.4382000008482
faster_rcnn,FP32,comun,A,0,52,1516.279300005408
faster_rcnn,FP32,comun,A,0,53,1567.5674000012805
faster_rcnn,FP32,comun,A,0,54,1549.5311999984551
faster_rcnn,FP32,comun,A,0,55,1541.9026000017766
faster_rcnn,FP32,comun,A,0,56,1552.076699997997
faster_rcnn,FP32,comun,A,0,57,1564.7768000053475
faster_rcnn,FP32,comun,A,0,58,1561.1673000021256
faster_rcnn,FP32,comun,A,0,59,1430.1788000011584
faster_rcnn,FP32,comun,A,0,60,1428.274900004908
faster_rcnn,FP32,comun,A,0,61,1561.178199997812
faster_rcnn,FP32,comun,A,0,62,1430.2041999981157
faster_rcnn,FP32,comun,A,0,63,1577.1466000005603
faster_rcnn,FP32,comun,A,0,64,1578.8037000020267
faster_rcnn,FP32,comun,A,0,65,1560.6947999986005
faster_rcnn,FP32,comun,A,0,66,1562.5499000016134
faster_rcnn,FP32,comun,A,0,67,1564.8465999984182
faster_rcnn,FP32,comun,A,0,68,1560.1813999965088
faster_rcnn,FP32,comun,A,0,69,1422.6962000029744
faster_rcnn,FP32,comun,A,0,70,1559.1457999980776
faster_rcnn,FP32,comun,A,0,71,1510.5174999989686
faster_rcnn,FP32,comun,A,0,72,1575.6733999951393
faster_rcnn,FP32,comun,A,0,73,1559.7380999970483
faster_rcnn,FP32,comun,A,0,74,1562.4064000003273
faster_rcnn,FP32,comun,A,0,75,1572.1191999982693
faster_rcnn,FP32,comun,A,0,76,1568.2667000000947
faster_rcnn,FP32,comun,A,0,77,1213.7868999998318
faster_rcnn,FP32,comun,A,0,78,1582.0434000052046
faster_rcnn,FP32,comun,A,0,79,1593.9995000007912
faster_rcnn,FP32,comun,A,0,80,1461.0081999999238
faster_rcnn,FP32,comun,A,0,81,1574.6979999967152
faster_rcnn,FP32,comun,A,0,82,1570.0435000035213
faster_rcnn,FP32,comun,A,0,83,1574.5670000032987
faster_rcnn,FP32,comun,A,0,84,1573.4262999976636
faster_rcnn,FP32,comun,A,0,85,1608.4224000005634
faster_rcnn,FP32,comun,A,0,86,1567.2437000030186
faster_rcnn,FP32,comun,A,0,87,1568.5815999968327
faster_rcnn,FP32,comun,A,0,88,1590.550399996573
faster_rcnn,FP32,comun,A,0,89,1555.9559000030276
faster_rcnn,FP32,comun,A,0,90,1510.5244000005769
faster_rcnn,FP32,comun,A,0,91,1571.4225000047009
faster_rcnn,FP32,comun,A,0,92,1570.8347000036156
faster_rcnn,FP32,comun,A,0,93,1564.0058999997564
faster_rcnn,FP32,comun,A,0,94,1572.5286999950185
faster_rcnn,FP32,comun,A,0,95,1478.694400000677
faster_rcnn,FP32,comun,A,0,96,1570.229400000244
faster_rcnn,FP32,comun,A,0,97,1570.8239999949
faster_rcnn,FP32,comun,A,0,98,1493.6027000003378
faster_rcnn,FP32,comun,A,0,99,1573.4972999998718
faster_rcnn,FP32,comun,A,0,100,1435.9301000004052
faster_rcnn,FP32,comun,A,0,101,1588.088600001356
faster_rcnn,FP32,comun,A,0,102,1602.4901999990107
faster_rcnn,FP32,comun,A,0,103,1575.4637999998522
faster_rcnn,FP32,comun,A,0,104,1571.229699999094
faster_rcnn,FP32,comun,A,0,105,1566.6256000040448
faster_rcnn,FP32,comun,A,0,106,1571.3786000051186
faster_rcnn,FP32,comun,A,0,107,1590.0863999995636
faster_rcnn,FP32,comun,A,0,108,1435.6067000044277
faster_rcnn,FP32,comun,A,0,109,1572.3397999972804
faster_rcnn,FP32,comun,A,0,110,1438.7074999976903
faster_rcnn,FP32,comun,A,0,111,1579.1205999994418
faster_rcnn,FP32,comun,A,0,112,1570.7132999959867
faster_rcnn,FP32,comun,A,0,113,1440.1341999982833
faster_rcnn,FP32,comun,A,0,114,1574.485499993898
faster_rcnn,FP32,comun,A,0,115,1593.5581000012462
faster_rcnn,FP32,comun,A,0,116,1563.1709000008414
faster_rcnn,FP32,comun,A,0,117,1581.7357999985688
faster_rcnn,FP32,comun,A,0,118,1582.739400000719
faster_rcnn,FP32,comun,A,0,119,1571.8151999972179
faster_rcnn,FP32,comun,A,0,120,1571.1082999987411
faster_rcnn,FP32,comun,A,0,121,1570.2460999964387
faster_rcnn,FP32,comun,A,0,122,1573.14540000516
faster_rcnn,FP32,comun,A,0,123,1578.7015999958385
faster_rcnn,FP32,comun,A,0,124,1598.3053000018117
faster_rcnn,FP32,comun,A,0,125,1579.9055000024964
faster_rcnn,FP32,comun,A,0,126,1572.449699997378
faster_rcnn,FP32,comun,A,0,127,1580.3899000020465
faster_rcnn,FP32,comun,A,0,128,1577.3415000003297
faster_rcnn,FP32,comun,A,0,129,1574.8192000028212
faster_rcnn,FP32,comun,A,0,130,1571.7279999953462
faster_rcnn,FP32,comun,A,0,131,1574.65940000111
faster_rcnn,FP32,comun,A,0,132,1443.0171999993036
faster_rcnn,FP32,comun,A,0,133,1439.3823999998858
faster_rcnn,FP32,comun,A,0,134,1574.1835000007995
faster_rcnn,FP32,comun,A,0,135,1574.708100000862
faster_rcnn,FP32,comun,A,0,136,1440.5669000043417
faster_rcnn,FP32,comun,A,0,137,1567.8936000040267
faster_rcnn,FP32,comun,A,0,138,1585.005100001581
faster_rcnn,FP32,comun,A,0,139,1579.1098999980022
faster_rcnn,FP32,comun,A,0,140,1580.7748999941396
faster_rcnn,FP32,comun,A,0,141,1583.3844000007957
faster_rcnn,FP32,comun,A,0,142,1577.2036999987904
faster_rcnn,FP32,comun,A,0,143,1574.2734000014025
faster_rcnn,FP32,comun,A,0,144,1554.0717999974731
faster_rcnn,FP32,comun,A,0,145,1445.6693999964045
faster_rcnn,FP32,comun,A,0,146,1577.265299994906
faster_rcnn,FP32,comun,A,0,147,1587.209299999813
faster_rcnn,FP32,comun,A,0,148,1583.8557000024593
faster_rcnn,FP32,comun,A,0,149,1593.9985000004526
faster_rcnn,FP32,comun,A,0,150,1578.9054999986547
faster_rcnn,FP32,comun,A,0,151,1576.1004999949364
faster_rcnn,FP32,comun,A,0,152,1596.6178999951808
faster_rcnn,FP32,comun,A,0,153,1568.4775999980047
faster_rcnn,FP32,comun,A,0,154,1578.4248999989359
faster_rcnn,FP32,comun,A,0,155,1575.4767999969772
faster_rcnn,FP32,comun,A,0,156,1442.8023000000394
faster_rcnn,FP32,comun,A,0,157,1442.6124000019627
faster_rcnn,FP32,comun,A,0,158,1592.0556999990367
faster_rcnn,FP32,comun,A,0,159,1571.0596999997506
faster_rcnn,FP32,comun,A,0,160,1573.4759999977541
faster_rcnn,FP32,comun,A,0,161,1593.421199999284
faster_rcnn,FP32,comun,A,0,162,1533.2396000012523
faster_rcnn,FP32,comun,A,0,163,1556.3033999933396
faster_rcnn,FP32,comun,A,0,164,1572.5591000009445
faster_rcnn,FP32,comun,A,0,165,1571.5808999957517
faster_rcnn,FP32,comun,A,0,166,1569.1743999996106
faster_rcnn,FP32,comun,A,0,167,1438.1905000045663
faster_rcnn,FP32,comun,A,0,168,1595.8964999954333
faster_rcnn,FP32,comun,A,0,169,1589.5106000025407
faster_rcnn,FP32,comun,A,0,170,1595.9951999975601
faster_rcnn,FP32,comun,A,0,171,1442.0595999981742
faster_rcnn,FP32,comun,A,0,172,1431.4649000007194
faster_rcnn,FP32,comun,A,0,173,1439.0338999946835
faster_rcnn,FP32,comun,A,0,174,1570.7917000036105
faster_rcnn,FP32,comun,A,0,175,1573.3449999970617
faster_rcnn,FP32,comun,A,0,176,1566.4499000049545
faster_rcnn,FP32,comun,A,0,177,1567.9483999992954
faster_rcnn,FP32,comun,A,0,178,1571.1493999988306
faster_rcnn,FP32,comun,A,0,179,1572.647600005439
faster_rcnn,FP32,comun,A,0,180,1574.0242000028957
faster_rcnn,FP32,comun,A,0,181,1567.329100005736
faster_rcnn,FP32,comun,A,0,182,1390.3105000063078
faster_rcnn,FP32,comun,A,0,183,1605.6346999976085
faster_rcnn,FP32,comun,A,0,184,1570.3757000010228
faster_rcnn,FP32,comun,A,0,185,1575.371000006271
faster_rcnn,FP32,comun,A,0,186,1570.9167000022717
faster_rcnn,FP32,comun,A,0,187,1214.9475999976858
faster_rcnn,FP32,comun,A,0,188,1571.309500002826
faster_rcnn,FP32,comun,A,0,189,1520.8006000029854
faster_rcnn,FP32,comun,A,0,190,1433.7952000059886
faster_rcnn,FP32,comun,A,0,191,1573.6104999959935
faster_rcnn,FP32,comun,A,0,192,1573.7279000022681
faster_rcnn,FP32,comun,A,0,193,1579.4452999980422
faster_rcnn,FP32,comun,A,0,194,1567.1283999981824
faster_rcnn,FP32,comun,A,0,195,1574.3216000046232
faster_rcnn,FP32,comun,A,0,196,1438.3221000025515
faster_rcnn,FP32,comun,A,0,197,1442.8636000011466
faster_rcnn,FP32,comun,A,0,198,1456.6961000018637
faster_rcnn,FP32,comun,A,0,199,1573.4290999971563
faster_rcnn,FP32,comun,A,0,200,1587.0881999944686
faster_rcnn,FP32,comun,A,0,201,1567.5199999968754
faster_rcnn,FP32,comun,A,0,202,1571.7382000002544
faster_rcnn,FP32,comun,A,0,203,1443.4643999993568
faster_rcnn,FP32,comun,A,0,204,1437.1118000053684
faster_rcnn,FP32,comun,A,0,205,1572.3853999952553
faster_rcnn,FP32,comun,A,0,206,1570.127400002093
faster_rcnn,FP32,comun,A,0,207,1522.760499996366
faster_rcnn,FP32,comun,A,0,208,1570.7672999997158
faster_rcnn,FP32,comun,A,0,209,1473.0532999965362
faster_rcnn,FP32,comun,A,0,210,1437.408100005996
faster_rcnn,FP32,comun,A,0,211,1575.9676000016043
faster_rcnn,FP32,comun,A,0,212,1573.9266999953543
faster_rcnn,FP32,comun,A,0,213,1568.8480000026175
faster_rcnn,FP32,comun,A,0,214,1585.0902000020142
faster_rcnn,FP32,comun,A,0,215,1572.9281000021729
faster_rcnn,FP32,comun,A,0,216,1437.9192999986117
faster_rcnn,FP32,comun,A,0,217,1436.4760000025854
faster_rcnn,FP32,comun,A,0,218,1575.971300000674
faster_rcnn,FP32,comun,A,0,219,1572.8680999964126
faster_rcnn,FP32,comun,A,0,220,1567.9159999999683
faster_rcnn,FP32,comun,A,0,221,1567.9630000013276
faster_rcnn,FP32,comun,A,0,222,1435.7763000007253
faster_rcnn,FP32,comun,A,0,223,1570.5409000001964
faster_rcnn,FP32,comun,A,0,224,1575.7053999986965
faster_rcnn,FP32,comun,A,0,225,1436.2452999994275
faster_rcnn,FP32,comun,A,0,226,1571.3631999969948
faster_rcnn,FP32,comun,A,0,227,1584.8837999947136
faster_rcnn,FP32,comun,A,0,228,1437.2233000030974
faster_rcnn,FP32,comun,A,0,229,1569.1183999952045
faster_rcnn,FP32,comun,A,0,230,1259.1153999965172
faster_rcnn,FP32,comun,A,0,231,1218.5525000022608
faster_rcnn,FP32,comun,A,0,232,1576.8071999991662
faster_rcnn,FP32,comun,A,0,233,1567.7821999997832
faster_rcnn,FP32,comun,A,0,234,1526.7012999975123
faster_rcnn,FP32,comun,A,0,235,1570.3703000035603
faster_rcnn,FP32,comun,A,0,236,1517.720100004226
faster_rcnn,FP32,comun,A,0,237,1589.3204000021797
faster_rcnn,FP32,comun,A,0,238,1564.2071000038413
faster_rcnn,FP32,comun,A,0,239,1570.6654000023264
faster_rcnn,FP32,comun,A,0,240,1574.1236999965622
faster_rcnn,FP32,comun,A,0,241,1541.5099999954691
faster_rcnn,FP32,comun,A,0,242,1587.0151999988593
faster_rcnn,FP32,comun,A,0,243,1438.9134000011836
faster_rcnn,FP32,comun,A,0,244,1348.068900006183
faster_rcnn,FP32,comun,A,0,245,1593.066399997042
faster_rcnn,FP32,comun,A,0,246,1567.8944999963278
faster_rcnn,FP32,comun,A,0,247,1570.4957000052673
faster_rcnn,FP32,comun,A,0,248,1372.1751999983098
faster_rcnn,FP32,comun,A,0,249,1566.7708999972092
faster_rcnn,FP32,comun,A,0,250,1569.7233999962918
faster_rcnn,FP32,comun,A,0,251,1527.6584999955958
faster_rcnn,FP32,comun,A,0,252,1593.2486000019708
faster_rcnn,FP32,comun,A,0,253,1365.3717999986839
faster_rcnn,FP32,comun,A,0,254,1587.2744000007515
faster_rcnn,FP32,comun,A,0,255,1569.037399996887
faster_rcnn,FP32,comun,A,0,256,1567.2498999992968
faster_rcnn,FP32,comun,A,0,257,1582.4748999948497
faster_rcnn,FP32,comun,A,0,258,1569.39749999583
faster_rcnn,FP32,comun,A,0,259,1436.7676000038045
faster_rcnn,FP32,comun,A,0,260,1572.0707000000402
faster_rcnn,FP32,comun,A,0,261,1573.1070999972872
faster_rcnn,FP32,comun,A,0,262,1569.5849999974598
faster_rcnn,FP32,comun,A,0,263,1571.0560000006808
faster_rcnn,FP32,comun,A,0,264,1577.7958999969997
faster_rcnn,FP32,comun,A,0,265,1535.7834000024013
faster_rcnn,FP32,comun,A,0,266,1534.0219999998226
faster_rcnn,FP32,comun,A,0,267,1436.1754999990808
faster_rcnn,FP32,comun,A,0,268,1576.0835000037332
faster_rcnn,FP32,comun,A,0,269,1572.4957999991602
faster_rcnn,FP32,comun,A,0,270,1563.3830999940983
faster_rcnn,FP32,comun,A,0,271,1572.524600000179
faster_rcnn,FP32,comun,A,0,272,1592.2289000009187
faster_rcnn,FP32,comun,A,0,273,1571.3997999991989
faster_rcnn,FP32,comun,A,0,274,1590.8544000049005
faster_rcnn,FP32,comun,A,0,275,1582.364800000505
faster_rcnn,FP32,comun,A,0,276,1569.4016000052216
faster_rcnn,FP32,comun,A,0,277,1567.9528999971808
faster_rcnn,FP32,comun,A,0,278,1567.9649000012432
faster_rcnn,FP32,comun,A,0,279,1569.8812000046019
faster_rcnn,FP32,comun,A,0,280,1569.1431000013836
faster_rcnn,FP32,comun,A,0,281,1577.7916000006371
faster_rcnn,FP32,comun,A,0,282,1428.9146000010078
faster_rcnn,FP32,comun,A,0,283,1563.842499999737
faster_rcnn,FP32,comun,A,0,284,1557.525700001861
faster_rcnn,FP32,comun,A,0,285,1567.030900005193
faster_rcnn,FP32,comun,A,0,286,1590.748700000404
faster_rcnn,FP32,comun,A,0,287,1572.8656999999657
faster_rcnn,FP32,comun,A,0,288,1534.6187999966787
faster_rcnn,FP32,comun,A,0,289,1573.511000002327
faster_rcnn,FP32,comun,A,0,290,1573.3919000049355
faster_rcnn,FP32,comun,A,0,291,1567.2277999983635
faster_rcnn,FP32,comun,A,0,292,1574.9357000022428
faster_rcnn,FP32,comun,A,0,293,1564.0234999955283
faster_rcnn,FP32,comun,A,0,294,1563.6317000025883
faster_rcnn,FP32,comun,A,0,295,1573.5491000014008
faster_rcnn,FP32,comun,A,0,296,1563.409700000193
faster_rcnn,FP32,comun,A,0,297,1451.1297999997623
faster_rcnn,FP32,comun,A,0,298,1577.747299998009
faster_rcnn,FP32,comun,A,0,299,1572.609700000612
faster_rcnn,FP32,comun,A,0,300,1575.3230999980588
faster_rcnn,FP32,comun,A,0,301,1572.942899998452
faster_rcnn,FP32,comun,A,0,302,1584.3221000031917
faster_rcnn,FP32,comun,A,0,303,1579.8581999988528
faster_rcnn,FP32,comun,A,0,304,1561.9842000014614
faster_rcnn,FP32,comun,A,0,305,1566.4188000009744
faster_rcnn,FP32,comun,A,0,306,1571.8198999966262
faster_rcnn,FP32,comun,A,0,307,1434.5984999963548
faster_rcnn,FP32,comun,A,0,308,1572.0093000054476
faster_rcnn,FP32,comun,A,0,309,1589.6613000004436
faster_rcnn,FP32,comun,A,0,310,1514.1158000042196
faster_rcnn,FP32,comun,A,0,311,1438.7248999992153
faster_rcnn,FP32,comun,A,0,312,1569.188600005873
faster_rcnn,FP32,comun,A,0,313,1569.3862000043737
faster_rcnn,FP32,comun,A,0,314,1572.7465000018128
faster_rcnn,FP32,comun,A,0,315,1566.996100002143
faster_rcnn,FP32,comun,A,0,316,1440.7487000062247
faster_rcnn,FP32,comun,A,0,317,1571.9318999981624
faster_rcnn,FP32,comun,A,0,318,1438.094999997702
faster_rcnn,FP32,comun,A,0,319,1459.0757999976631
faster_rcnn,FP32,comun,A,0,320,1595.046700000239
faster_rcnn,FP32,comun,A,0,321,1573.424200003501
faster_rcnn,FP32,comun,A,0,322,1444.0877000015462
faster_rcnn,FP32,comun,A,0,323,1568.6676000041189
faster_rcnn,FP32,comun,A,0,324,1570.1767999998992
faster_rcnn,FP32,comun,A,0,325,1570.4421999980696
faster_rcnn,FP32,comun,A,0,326,1468.0749000035576
faster_rcnn,FP32,comun,A,0,327,1592.2219999993104
faster_rcnn,FP32,comun,A,0,328,1443.1574999980512
faster_rcnn,FP32,comun,A,0,329,1573.961000001873
faster_rcnn,FP32,comun,A,0,330,1433.523799998511
faster_rcnn,FP32,comun,A,0,331,1565.456299998914
faster_rcnn,FP32,comun,A,0,332,1576.691900001606
faster_rcnn,FP32,comun,A,0,333,1573.0034000007436
faster_rcnn,FP32,comun,A,0,334,1566.129799997725
faster_rcnn,FP32,comun,A,0,335,1573.3626000001095
faster_rcnn,FP32,comun,A,0,336,1436.4456000039354
faster_rcnn,FP32,comun,A,0,337,1571.398299995053
faster_rcnn,FP32,comun,A,0,338,1570.1418000026024
faster_rcnn,FP32,comun,A,0,339,1528.6947999993572
faster_rcnn,FP32,comun,A,0,340,1589.9142999987816
faster_rcnn,FP32,comun,A,0,341,1439.387499995064
faster_rcnn,FP32,comun,A,0,342,1515.7278000042425
faster_rcnn,FP32,comun,A,0,343,1571.2406000020565
faster_rcnn,FP32,comun,A,0,344,1441.7726000028779
faster_rcnn,FP32,comun,A,0,345,1436.1442000008537
faster_rcnn,FP32,comun,A,0,346,1572.0736000002944
faster_rcnn,FP32,comun,A,0,347,1574.1823999996996
faster_rcnn,FP32,comun,A,0,348,1592.912600004638
faster_rcnn,FP32,comun,A,0,349,1568.7691000057384
faster_rcnn,FP32,comun,A,0,350,1567.9757999969297
faster_rcnn,FP32,comun,A,0,351,1584.9038000014843
faster_rcnn,FP32,comun,A,0,352,1564.0640999990865
faster_rcnn,FP32,comun,A,0,353,1571.3879000031739
faster_rcnn,FP32,comun,A,0,354,1567.7026999983354
faster_rcnn,FP32,comun,A,0,355,1572.9275999983656
faster_rcnn,FP32,comun,A,0,356,1567.1384000015678
faster_rcnn,FP32,comun,A,0,357,1437.8317000009702
faster_rcnn,FP32,comun,A,0,358,1568.6127000008128
faster_rcnn,FP32,comun,A,0,359,1436.1215000026277
faster_rcnn,FP32,comun,A,0,360,1542.4228999982006
faster_rcnn,FP32,comun,A,0,361,1570.1614999998128
faster_rcnn,FP32,comun,A,0,362,1564.413300002343
faster_rcnn,FP32,comun,A,0,363,1582.7484999972512
faster_rcnn,FP32,comun,A,0,364,1572.076399999787
faster_rcnn,FP32,comun,A,0,365,1437.3489999998128
faster_rcnn,FP32,comun,A,0,366,1442.3545999961789
faster_rcnn,FP32,comun,A,0,367,1572.8180000005523
faster_rcnn,FP32,comun,A,0,368,1604.0571000048658
faster_rcnn,FP32,comun,A,0,369,1432.9004999963217
faster_rcnn,FP32,comun,A,0,370,1588.7982999993255
faster_rcnn,FP32,comun,A,0,371,1564.6205000011832
faster_rcnn,FP32,comun,A,0,372,1565.62909999775
faster_rcnn,FP32,comun,A,0,373,1576.1443000010331
faster_rcnn,FP32,comun,B,0,0,1595.0994000013452
faster_rcnn,FP32,comun,B,0,1,1586.4101000042865
faster_rcnn,FP32,comun,B,0,2,1589.3247999993037
faster_rcnn,FP32,comun,B,0,3,1606.7535000038333
faster_rcnn,FP32,comun,B,0,4,1588.2738000000245
faster_rcnn,FP32,comun,B,0,5,1601.3467000011588
faster_rcnn,FP32,comun,B,0,6,1595.0192000018433
faster_rcnn,FP32,comun,B,0,7,1608.7150999956066
faster_rcnn,FP32,comun,B,0,8,1596.2447999991127
faster_rcnn,FP32,comun,B,0,9,1455.8036000016727
faster_rcnn,FP32,comun,B,0,10,1498.9665999964927
faster_rcnn,FP32,comun,B,0,11,1595.1099999947473
faster_rcnn,FP32,comun,B,0,12,1614.612400000624
faster_rcnn,FP32,comun,B,0,13,1593.2302000001073
faster_rcnn,FP32,comun,B,0,14,1548.7316999933682
faster_rcnn,FP32,comun,B,0,15,1592.4027000000933
faster_rcnn,FP32,comun,B,0,16,1586.876499997743
faster_rcnn,FP32,comun,B,0,17,1610.9320999967167
faster_rcnn,FP32,comun,B,0,18,1589.46019999712
faster_rcnn,FP32,comun,B,0,19,1582.9373999949894
faster_rcnn,FP32,comun,B,0,20,1588.598299997102
faster_rcnn,FP32,comun,B,0,21,1545.7126999972388
faster_rcnn,FP32,comun,B,0,22,1605.2823000063654
faster_rcnn,FP32,comun,B,0,23,1593.7097999994876
faster_rcnn,FP32,comun,B,0,24,1599.3686000001617
faster_rcnn,FP32,comun,B,0,25,1452.6703999945312
faster_rcnn,FP32,comun,B,0,26,1582.5298999989172
faster_rcnn,FP32,comun,B,0,27,1587.765299998864
faster_rcnn,FP32,comun,B,0,28,1528.0463000017335
faster_rcnn,FP32,comun,B,0,29,1589.3026999983704
faster_rcnn,FP32,comun,B,0,30,1584.632899997814
faster_rcnn,FP32,comun,B,0,31,1584.217899995565
faster_rcnn,FP32,comun,B,0,32,1589.056900003925
faster_rcnn,FP32,comun,B,0,33,1611.2095000062254
faster_rcnn,FP32,comun,B,0,34,1457.4099000019487
faster_rcnn,FP32,comun,B,0,35,1588.9306000026409
faster_rcnn,FP32,comun,B,0,36,1593.8782999946852
faster_rcnn,FP32,comun,B,0,37,1453.6258000007365
faster_rcnn,FP32,comun,B,0,38,1588.3735999959754
faster_rcnn,FP32,comun,B,0,39,1579.9490999997943
faster_rcnn,FP32,comun,B,0,40,1586.9612999958917
faster_rcnn,FP32,comun,B,0,41,1604.6914999969886
faster_rcnn,FP32,comun,B,0,42,1592.2930000015185
faster_rcnn,FP32,comun,B,0,43,1589.2529000047944
faster_rcnn,FP32,comun,B,0,44,1589.12959999725
faster_rcnn,FP32,comun,B,0,45,1543.5711999962223
faster_rcnn,FP32,comun,B,0,46,1591.0131999989972
faster_rcnn,FP32,comun,B,0,47,1450.008899999375
faster_rcnn,FP32,comun,B,0,48,1588.5424000007333
faster_rcnn,FP32,comun,B,0,49,1455.6153999947128
faster_rcnn,FP32,comun,B,0,50,1603.20430000138
faster_rcnn,FP32,comun,B,0,51,1544.4083999973373
faster_rcnn,FP32,comun,B,0,52,1552.5021000066772
faster_rcnn,FP32,comun,B,0,53,1607.2241000001668
faster_rcnn,FP32,comun,B,0,54,1593.1144999995013
faster_rcnn,FP32,comun,B,0,55,1584.4107999946573
faster_rcnn,FP32,comun,B,0,56,1590.1258999947459
faster_rcnn,FP32,comun,B,0,57,1593.374899995979
faster_rcnn,FP32,comun,B,0,58,1593.0923000050825
faster_rcnn,FP32,comun,B,0,59,1455.5650999973295
faster_rcnn,FP32,comun,B,0,60,1455.9354000011808
faster_rcnn,FP32,comun,B,0,61,1591.915600001812
faster_rcnn,FP32,comun,B,0,62,1459.738000005018
faster_rcnn,FP32,comun,B,0,63,1602.1753000022727
faster_rcnn,FP32,comun,B,0,64,1605.8617000016966
faster_rcnn,FP32,comun,B,0,65,1589.5977999971365
faster_rcnn,FP32,comun,B,0,66,1587.988100000075
faster_rcnn,FP32,comun,B,0,67,1589.9229999995441
faster_rcnn,FP32,comun,B,0,68,1586.1718999949517
faster_rcnn,FP32,comun,B,0,69,1453.0640000011772
faster_rcnn,FP32,comun,B,0,70,1586.234800000966
faster_rcnn,FP32,comun,B,0,71,1536.8792000008398
faster_rcnn,FP32,comun,B,0,72,1602.1618000013405
faster_rcnn,FP32,comun,B,0,73,1588.3564999967348
faster_rcnn,FP32,comun,B,0,74,1587.1856000012485
faster_rcnn,FP32,comun,B,0,75,1590.966899995692
faster_rcnn,FP32,comun,B,0,76,1585.6263000023318
faster_rcnn,FP32,comun,B,0,77,1239.934399993217
faster_rcnn,FP32,comun,B,0,78,1600.9229999981471
faster_rcnn,FP32,comun,B,0,79,1613.1438000011258
faster_rcnn,FP32,comun,B,0,80,1478.1319000030635
faster_rcnn,FP32,comun,B,0,81,1596.2392000001273
faster_rcnn,FP32,comun,B,0,82,1592.4344000013662
faster_rcnn,FP32,comun,B,0,83,1593.7593999988167
faster_rcnn,FP32,comun,B,0,84,1592.6967999985209
faster_rcnn,FP32,comun,B,0,85,1628.1438000005437
faster_rcnn,FP32,comun,B,0,86,1589.3769999966025
faster_rcnn,FP32,comun,B,0,87,1593.2136999981594
faster_rcnn,FP32,comun,B,0,88,1613.4917000017595
faster_rcnn,FP32,comun,B,0,89,1577.082399999199
faster_rcnn,FP32,comun,B,0,90,1529.0198999937274
faster_rcnn,FP32,comun,B,0,91,1596.8906999987666
faster_rcnn,FP32,comun,B,0,92,1595.471799999359
faster_rcnn,FP32,comun,B,0,93,1588.6019000026863
faster_rcnn,FP32,comun,B,0,94,1595.950900002208
faster_rcnn,FP32,comun,B,0,95,1501.9245000003139
faster_rcnn,FP32,comun,B,0,96,1592.4917000011192
faster_rcnn,FP32,comun,B,0,97,1590.989799995441
faster_rcnn,FP32,comun,B,0,98,1517.2818999999436
faster_rcnn,FP32,comun,B,0,99,1588.9565999968909
faster_rcnn,FP32,comun,B,0,100,1455.9863999966183
faster_rcnn,FP32,comun,B,0,101,1609.0107000054559
faster_rcnn,FP32,comun,B,0,102,1616.2164000052144
faster_rcnn,FP32,comun,B,0,103,1587.4732000011136
faster_rcnn,FP32,comun,B,0,104,1589.4393000053242
faster_rcnn,FP32,comun,B,0,105,1586.6624999980559
faster_rcnn,FP32,comun,B,0,106,1591.0317999951076
faster_rcnn,FP32,comun,B,0,107,1608.0843000017921
faster_rcnn,FP32,comun,B,0,108,1452.1739999981946
faster_rcnn,FP32,comun,B,0,109,1592.0612999980222
faster_rcnn,FP32,comun,B,0,110,1453.73169999948
faster_rcnn,FP32,comun,B,0,111,1597.0502999989549
faster_rcnn,FP32,comun,B,0,112,1588.1503999989945
faster_rcnn,FP32,comun,B,0,113,1458.9011999996728
faster_rcnn,FP32,comun,B,0,114,1595.7233000008273
faster_rcnn,FP32,comun,B,0,115,1612.333099998068
faster_rcnn,FP32,comun,B,0,116,1583.510299999034
faster_rcnn,FP32,comun,B,0,117,1600.632100002258
faster_rcnn,FP32,comun,B,0,118,1601.8646000011358
faster_rcnn,FP32,comun,B,0,119,1598.0000000054133
faster_rcnn,FP32,comun,B,0,120,1589.9606000020867
faster_rcnn,FP32,comun,B,0,121,1595.6656000053044
faster_rcnn,FP32,comun,B,0,122,1595.9502999976394
faster_rcnn,FP32,comun,B,0,123,1594.1233999983524
faster_rcnn,FP32,comun,B,0,124,1616.461999998137
faster_rcnn,FP32,comun,B,0,125,1595.3758000032394
faster_rcnn,FP32,comun,B,0,126,1591.1191999985022
faster_rcnn,FP32,comun,B,0,127,1596.7294000001857
faster_rcnn,FP32,comun,B,0,128,1598.8507000001846
faster_rcnn,FP32,comun,B,0,129,1597.4695999975665
faster_rcnn,FP32,comun,B,0,130,1592.8275999976904
faster_rcnn,FP32,comun,B,0,131,1596.5646000040579
faster_rcnn,FP32,comun,B,0,132,1456.6912000009324
faster_rcnn,FP32,comun,B,0,133,1454.5549000031315
faster_rcnn,FP32,comun,B,0,134,1589.023400003498
faster_rcnn,FP32,comun,B,0,135,1590.0449000037042
faster_rcnn,FP32,comun,B,0,136,1460.14920000016
faster_rcnn,FP32,comun,B,0,137,1582.2026999958325
faster_rcnn,FP32,comun,B,0,138,1587.5427999999374
faster_rcnn,FP32,comun,B,0,139,1592.174299999897
faster_rcnn,FP32,comun,B,0,140,1605.0561999945785
faster_rcnn,FP32,comun,B,0,141,1592.8353000053903
faster_rcnn,FP32,comun,B,0,142,1593.0444999976316
faster_rcnn,FP32,comun,B,0,143,1585.2096999951755
faster_rcnn,FP32,comun,B,0,144,1566.934599999513
faster_rcnn,FP32,comun,B,0,145,1451.8886000005296
faster_rcnn,FP32,comun,B,0,146,1590.4938999956357
faster_rcnn,FP32,comun,B,0,147,1600.4375999982585
faster_rcnn,FP32,comun,B,0,148,1595.3871999954572
faster_rcnn,FP32,comun,B,0,149,1607.5370999969891
faster_rcnn,FP32,comun,B,0,150,1589.3443000022671
faster_rcnn,FP32,comun,B,0,151,1590.4785000020638
faster_rcnn,FP32,comun,B,0,152,1611.7919999960577
faster_rcnn,FP32,comun,B,0,153,1588.2259999998496
faster_rcnn,FP32,comun,B,0,154,1590.5386000013095
faster_rcnn,FP32,comun,B,0,155,1594.522200000938
faster_rcnn,FP32,comun,B,0,156,1458.6941999950795
faster_rcnn,FP32,comun,B,0,157,1461.9700999974157
faster_rcnn,FP32,comun,B,0,158,1613.110999998753
faster_rcnn,FP32,comun,B,0,159,1592.1834999971907
faster_rcnn,FP32,comun,B,0,160,1595.7655999955023
faster_rcnn,FP32,comun,B,0,161,1619.351800000004
faster_rcnn,FP32,comun,B,0,162,1551.37680000189
faster_rcnn,FP32,comun,B,0,163,1573.0756999982987
faster_rcnn,FP32,comun,B,0,164,1590.0245000011637
faster_rcnn,FP32,comun,B,0,165,1592.674999999872
faster_rcnn,FP32,comun,B,0,166,1590.1216000056593
faster_rcnn,FP32,comun,B,0,167,1451.842000002216
faster_rcnn,FP32,comun,B,0,168,1614.473800000269
faster_rcnn,FP32,comun,B,0,169,1608.7564999979804
faster_rcnn,FP32,comun,B,0,170,1613.2788999966579
faster_rcnn,FP32,comun,B,0,171,1455.3152000007685
faster_rcnn,FP32,comun,B,0,172,1448.1048000016017
faster_rcnn,FP32,comun,B,0,173,1455.8348999998998
faster_rcnn,FP32,comun,B,0,174,1589.4668999972055
faster_rcnn,FP32,comun,B,0,175,1591.1584999994375
faster_rcnn,FP32,comun,B,0,176,1583.4580999944592
faster_rcnn,FP32,comun,B,0,177,1586.1443999965559
faster_rcnn,FP32,comun,B,0,178,1592.7121999993687
faster_rcnn,FP32,comun,B,0,179,1592.799499994726
faster_rcnn,FP32,comun,B,0,180,1600.8166000028723
faster_rcnn,FP32,comun,B,0,181,1583.7630000023637
faster_rcnn,FP32,comun,B,0,182,1400.5122000016854
faster_rcnn,FP32,comun,B,0,183,1634.146199998213
faster_rcnn,FP32,comun,B,0,184,1588.6050999979489
faster_rcnn,FP32,comun,B,0,185,1590.116899998975
faster_rcnn,FP32,comun,B,0,186,1588.487700006226
faster_rcnn,FP32,comun,B,0,187,1241.3257999942289
faster_rcnn,FP32,comun,B,0,188,1590.3223999994225
faster_rcnn,FP32,comun,B,0,189,1539.1688999952748
faster_rcnn,FP32,comun,B,0,190,1446.8519000001834
faster_rcnn,FP32,comun,B,0,191,1588.5043000016594
faster_rcnn,FP32,comun,B,0,192,1588.6479999971925
faster_rcnn,FP32,comun,B,0,193,1594.9819999950705
faster_rcnn,FP32,comun,B,0,194,1586.3816999990377
faster_rcnn,FP32,comun,B,0,195,1592.7124000008916
faster_rcnn,FP32,comun,B,0,196,1454.1045000005397
faster_rcnn,FP32,comun,B,0,197,1456.8776000014623
faster_rcnn,FP32,comun,B,0,198,1472.7966999998898
faster_rcnn,FP32,comun,B,0,199,1592.3753999959445
faster_rcnn,FP32,comun,B,0,200,1601.8905000019004
faster_rcnn,FP32,comun,B,0,201,1583.5423999960767
faster_rcnn,FP32,comun,B,0,202,1590.9877000012784
faster_rcnn,FP32,comun,B,0,203,1464.5887000006041
faster_rcnn,FP32,comun,B,0,204,1456.2441000016406
faster_rcnn,FP32,comun,B,0,205,1592.543899998418
faster_rcnn,FP32,comun,B,0,206,1589.298200000485
faster_rcnn,FP32,comun,B,0,207,1533.9492999992217
faster_rcnn,FP32,comun,B,0,208,1588.3552999948733
faster_rcnn,FP32,comun,B,0,209,1494.4212999980664
faster_rcnn,FP32,comun,B,0,210,1456.1862999980804
faster_rcnn,FP32,comun,B,0,211,1590.3897999960463
faster_rcnn,FP32,comun,B,0,212,1587.856499994814
faster_rcnn,FP32,comun,B,0,213,1586.5475999962655
faster_rcnn,FP32,comun,B,0,214,1602.2171000004164
faster_rcnn,FP32,comun,B,0,215,1592.3468999972101
faster_rcnn,FP32,comun,B,0,216,1450.6636000005528
faster_rcnn,FP32,comun,B,0,217,1452.4269000030472
faster_rcnn,FP32,comun,B,0,218,1593.6097000012523
faster_rcnn,FP32,comun,B,0,219,1590.3217000013683
faster_rcnn,FP32,comun,B,0,220,1585.7965000031982
faster_rcnn,FP32,comun,B,0,221,1585.0362999990466
faster_rcnn,FP32,comun,B,0,222,1453.8342000014381
faster_rcnn,FP32,comun,B,0,223,1587.0986000008998
faster_rcnn,FP32,comun,B,0,224,1591.0484999985783
faster_rcnn,FP32,comun,B,0,225,1454.8951000033412
faster_rcnn,FP32,comun,B,0,226,1588.5787999941385
faster_rcnn,FP32,comun,B,0,227,1605.6157999992138
faster_rcnn,FP32,comun,B,0,228,1449.6230000004289
faster_rcnn,FP32,comun,B,0,229,1585.5769999980112
faster_rcnn,FP32,comun,B,0,230,1271.470199993928
faster_rcnn,FP32,comun,B,0,231,1236.0304999965592
faster_rcnn,FP32,comun,B,0,232,1596.8929000009666
faster_rcnn,FP32,comun,B,0,233,1588.084799994249
faster_rcnn,FP32,comun,B,0,234,1548.2371000034618
faster_rcnn,FP32,comun,B,0,235,1588.980199994694
faster_rcnn,FP32,comun,B,0,236,1528.190099998028
faster_rcnn,FP32,comun,B,0,237,1608.8229999950272
faster_rcnn,FP32,comun,B,0,238,1582.1297000002232
faster_rcnn,FP32,comun,B,0,239,1591.7155999995884
faster_rcnn,FP32,comun,B,0,240,1593.147300001874
faster_rcnn,FP32,comun,B,0,241,1558.1011999965995
faster_rcnn,FP32,comun,B,0,242,1605.315500004508
faster_rcnn,FP32,comun,B,0,243,1454.2300000030082
faster_rcnn,FP32,comun,B,0,244,1371.1590000020806
faster_rcnn,FP32,comun,B,0,245,1613.6695000022883
faster_rcnn,FP32,comun,B,0,246,1583.4118999991915
faster_rcnn,FP32,comun,B,0,247,1588.6124999960884
faster_rcnn,FP32,comun,B,0,248,1384.387099999003
faster_rcnn,FP32,comun,B,0,249,1586.9470999969053
faster_rcnn,FP32,comun,B,0,250,1587.6635999957216
faster_rcnn,FP32,comun,B,0,251,1547.0636000027298
faster_rcnn,FP32,comun,B,0,252,1612.6339999973425
faster_rcnn,FP32,comun,B,0,253,1380.357499998354
faster_rcnn,FP32,comun,B,0,254,1603.9687000011327
faster_rcnn,FP32,comun,B,0,255,1586.2172000051942
faster_rcnn,FP32,comun,B,0,256,1584.4127999953344
faster_rcnn,FP32,comun,B,0,257,1604.743600000802
faster_rcnn,FP32,comun,B,0,258,1586.4226000048802
faster_rcnn,FP32,comun,B,0,259,1454.9905000021681
faster_rcnn,FP32,comun,B,0,260,1592.2276999990572
faster_rcnn,FP32,comun,B,0,261,1591.259299995727
faster_rcnn,FP32,comun,B,0,262,1589.650599999004
faster_rcnn,FP32,comun,B,0,263,1589.5501999984845
faster_rcnn,FP32,comun,B,0,264,1597.371399999247
faster_rcnn,FP32,comun,B,0,265,1557.152599998517
faster_rcnn,FP32,comun,B,0,266,1548.3574000027147
faster_rcnn,FP32,comun,B,0,267,1448.7163000012515
faster_rcnn,FP32,comun,B,0,268,1591.5733000001637
faster_rcnn,FP32,comun,B,0,269,1583.539799998107
faster_rcnn,FP32,comun,B,0,270,1587.0922999965842
faster_rcnn,FP32,comun,B,0,271,1590.1606999977957
faster_rcnn,FP32,comun,B,0,272,1615.2919000014663
faster_rcnn,FP32,comun,B,0,273,1588.1798999980674
faster_rcnn,FP32,comun,B,0,274,1608.1661999996868
faster_rcnn,FP32,comun,B,0,275,1598.9101999948616
faster_rcnn,FP32,comun,B,0,276,1592.8035999968415
faster_rcnn,FP32,comun,B,0,277,1586.869899998419
faster_rcnn,FP32,comun,B,0,278,1582.2948999993969
faster_rcnn,FP32,comun,B,0,279,1591.798600005859
faster_rcnn,FP32,comun,B,0,280,1589.4093999959296
faster_rcnn,FP32,comun,B,0,281,1596.060199997737
faster_rcnn,FP32,comun,B,0,282,1448.1805000032182
faster_rcnn,FP32,comun,B,0,283,1582.6961999991909
faster_rcnn,FP32,comun,B,0,284,1579.1134999963106
faster_rcnn,FP32,comun,B,0,285,1585.9669999990729
faster_rcnn,FP32,comun,B,0,286,1607.753899996169
faster_rcnn,FP32,comun,B,0,287,1590.5762999973376
faster_rcnn,FP32,comun,B,0,288,1552.302799995232
faster_rcnn,FP32,comun,B,0,289,1599.1356000013184
faster_rcnn,FP32,comun,B,0,290,1593.7192999990657
faster_rcnn,FP32,comun,B,0,291,1590.1916999937384
faster_rcnn,FP32,comun,B,0,292,1593.6308999953326
faster_rcnn,FP32,comun,B,0,293,1585.043900005985
faster_rcnn,FP32,comun,B,0,294,1583.9108000000124
faster_rcnn,FP32,comun,B,0,295,1590.5075000046054
faster_rcnn,FP32,comun,B,0,296,1584.7110000031535
faster_rcnn,FP32,comun,B,0,297,1469.2003999953158
faster_rcnn,FP32,comun,B,0,298,1587.2738999969442
faster_rcnn,FP32,comun,B,0,299,1588.3996999982628
faster_rcnn,FP32,comun,B,0,300,1591.1360000027344
faster_rcnn,FP32,comun,B,0,301,1590.3816999998526
faster_rcnn,FP32,comun,B,0,302,1585.678100003861
faster_rcnn,FP32,comun,B,0,303,1588.5799000025145
faster_rcnn,FP32,comun,B,0,304,1580.2031999992323
faster_rcnn,FP32,comun,B,0,305,1583.325200001127
faster_rcnn,FP32,comun,B,0,306,1590.6963999950676
faster_rcnn,FP32,comun,B,0,307,1454.378700000234
faster_rcnn,FP32,comun,B,0,308,1591.7591999968863
faster_rcnn,FP32,comun,B,0,309,1630.9106999979122
faster_rcnn,FP32,comun,B,0,310,1524.3699999991804
faster_rcnn,FP32,comun,B,0,311,1456.2070000029053
faster_rcnn,FP32,comun,B,0,312,1594.6387000003597
faster_rcnn,FP32,comun,B,0,313,1596.6695999959484
faster_rcnn,FP32,comun,B,0,314,1600.3581000040867
faster_rcnn,FP32,comun,B,0,315,1584.669899995788
faster_rcnn,FP32,comun,B,0,316,1457.5135999984923
faster_rcnn,FP32,comun,B,0,317,1588.7946000002557
faster_rcnn,FP32,comun,B,0,318,1451.8322999938391
faster_rcnn,FP32,comun,B,0,319,1472.903400004725
faster_rcnn,FP32,comun,B,0,320,1615.9580000021379
faster_rcnn,FP32,comun,B,0,321,1589.0737000008812
faster_rcnn,FP32,comun,B,0,322,1459.1923000043607
faster_rcnn,FP32,comun,B,0,323,1587.1209999968414
faster_rcnn,FP32,comun,B,0,324,1588.3438999953796
faster_rcnn,FP32,comun,B,0,325,1589.4276999970316
faster_rcnn,FP32,comun,B,0,326,1487.0499999960884
faster_rcnn,FP32,comun,B,0,327,1610.8539999986533
faster_rcnn,FP32,comun,B,0,328,1457.9593000016757
faster_rcnn,FP32,comun,B,0,329,1592.4995000023046
faster_rcnn,FP32,comun,B,0,330,1449.9995000005583
faster_rcnn,FP32,comun,B,0,331,1591.4044000019203
faster_rcnn,FP32,comun,B,0,332,1586.670899996534
faster_rcnn,FP32,comun,B,0,333,1595.5045000009704
faster_rcnn,FP32,comun,B,0,334,1602.4491999996826
faster_rcnn,FP32,comun,B,0,335,1596.8759000024875
faster_rcnn,FP32,comun,B,0,336,1463.1196999980602
faster_rcnn,FP32,comun,B,0,337,1587.4431999982335
faster_rcnn,FP32,comun,B,0,338,1584.9903999987873
faster_rcnn,FP32,comun,B,0,339,1548.9352000004146
faster_rcnn,FP32,comun,B,0,340,1610.2427000005264
faster_rcnn,FP32,comun,B,0,341,1460.4190000027302
faster_rcnn,FP32,comun,B,0,342,1531.5466000029119
faster_rcnn,FP32,comun,B,0,343,1583.926799998153
faster_rcnn,FP32,comun,B,0,344,1453.9476999998442
faster_rcnn,FP32,comun,B,0,345,1452.8077000068151
faster_rcnn,FP32,comun,B,0,346,1593.0907000001753
faster_rcnn,FP32,comun,B,0,347,1592.6332999952137
faster_rcnn,FP32,comun,B,0,348,1615.0245999961044
faster_rcnn,FP32,comun,B,0,349,1588.4576000025845
faster_rcnn,FP32,comun,B,0,350,1584.6684999996796
faster_rcnn,FP32,comun,B,0,351,1604.039300000295
faster_rcnn,FP32,comun,B,0,352,1585.4424999997718
faster_rcnn,FP32,comun,B,0,353,1592.393800005084
faster_rcnn,FP32,comun,B,0,354,1587.4567999999272
faster_rcnn,FP32,comun,B,0,355,1586.544000005233
faster_rcnn,FP32,comun,B,0,356,1585.5321999988519
faster_rcnn,FP32,comun,B,0,357,1453.5161999956472
faster_rcnn,FP32,comun,B,0,358,1588.9182000028086
faster_rcnn,FP32,comun,B,0,359,1448.9646000001812
faster_rcnn,FP32,comun,B,0,360,1555.699899996398
faster_rcnn,FP32,comun,B,0,361,1588.9292000065325
faster_rcnn,FP32,comun,B,0,362,1587.7047999965725
faster_rcnn,FP32,comun,B,0,363,1602.5468000007095
faster_rcnn,FP32,comun,B,0,364,1599.630500000785
faster_rcnn,FP32,comun,B,0,365,1452.2989999968559
faster_rcnn,FP32,comun,B,0,366,1450.9735999963596
faster_rcnn,FP32,comun,B,0,367,1592.7381000001333
faster_rcnn,FP32,comun,B,0,368,1632.9307000050903
faster_rcnn,FP32,comun,B,0,369,1448.5245000032592
faster_rcnn,FP32,comun,B,0,370,1607.5240999998641
faster_rcnn,FP32,comun,B,0,371,1582.8424999999697
faster_rcnn,FP32,comun,B,0,372,1584.975999998278
faster_rcnn,FP32,comun,B,0,373,1593.0255999992369
faster_rcnn,FP32,comun,A,1,0,1572.3236999983783
faster_rcnn,FP32,comun,A,1,1,1569.342199996754
faster_rcnn,FP32,comun,A,1,2,1574.734299996635
faster_rcnn,FP32,comun,A,1,3,1586.6690000038943
faster_rcnn,FP32,comun,A,1,4,1562.0882999937749
faster_rcnn,FP32,comun,A,1,5,1572.28529999702
faster_rcnn,FP32,comun,A,1,6,1568.8185000035446
faster_rcnn,FP32,comun,A,1,7,1587.1299999998882
faster_rcnn,FP32,comun,A,1,8,1574.9718000006396
faster_rcnn,FP32,comun,A,1,9,1435.144200004288
faster_rcnn,FP32,comun,A,1,10,1473.784900001192
faster_rcnn,FP32,comun,A,1,11,1572.8592999948887
faster_rcnn,FP32,comun,A,1,12,1589.7875000009662
faster_rcnn,FP32,comun,A,1,13,1569.9691999980132
faster_rcnn,FP32,comun,A,1,14,1525.1040000002831
faster_rcnn,FP32,comun,A,1,15,1566.245500005607
faster_rcnn,FP32,comun,A,1,16,1568.903399995179
faster_rcnn,FP32,comun,A,1,17,1589.2456000001403
faster_rcnn,FP32,comun,A,1,18,1571.695799997542
faster_rcnn,FP32,comun,A,1,19,1565.380100000766
faster_rcnn,FP32,comun,A,1,20,1569.8878000039258
faster_rcnn,FP32,comun,A,1,21,1527.3696000003838
faster_rcnn,FP32,comun,A,1,22,1584.72299999994
faster_rcnn,FP32,comun,A,1,23,1571.1260000025504
faster_rcnn,FP32,comun,A,1,24,1571.0446999946726
faster_rcnn,FP32,comun,A,1,25,1438.181599995005
faster_rcnn,FP32,comun,A,1,26,1571.6374999974505
faster_rcnn,FP32,comun,A,1,27,1570.9143999993103
faster_rcnn,FP32,comun,A,1,28,1511.5415000036592
faster_rcnn,FP32,comun,A,1,29,1572.4574999985634
faster_rcnn,FP32,comun,A,1,30,1565.0951000061468
faster_rcnn,FP32,comun,A,1,31,1562.7956000025733
faster_rcnn,FP32,comun,A,1,32,1571.4214000036009
faster_rcnn,FP32,comun,A,1,33,1593.0884999979753
faster_rcnn,FP32,comun,A,1,34,1440.3287000022829
faster_rcnn,FP32,comun,A,1,35,1575.334399996791
faster_rcnn,FP32,comun,A,1,36,1570.606699999189
faster_rcnn,FP32,comun,A,1,37,1437.5313999989885
faster_rcnn,FP32,comun,A,1,38,1568.4768999999505
faster_rcnn,FP32,comun,A,1,39,1567.4696999994921
faster_rcnn,FP32,comun,A,1,40,1565.5606000000262
faster_rcnn,FP32,comun,A,1,41,1587.5720999974874
faster_rcnn,FP32,comun,A,1,42,1569.0937000035774
faster_rcnn,FP32,comun,A,1,43,1572.2495000009076
faster_rcnn,FP32,comun,A,1,44,1574.1010000056121
faster_rcnn,FP32,comun,A,1,45,1526.9842999987304
faster_rcnn,FP32,comun,A,1,46,1572.0345999943675
faster_rcnn,FP32,comun,A,1,47,1432.836200001475
faster_rcnn,FP32,comun,A,1,48,1568.7298999982886
faster_rcnn,FP32,comun,A,1,49,1437.3359000019263
faster_rcnn,FP32,comun,A,1,50,1584.6452000041609
faster_rcnn,FP32,comun,A,1,51,1523.5407000000123
faster_rcnn,FP32,comun,A,1,52,1535.8659999983502
faster_rcnn,FP32,comun,A,1,53,1587.569800001802
faster_rcnn,FP32,comun,A,1,54,1573.790900001768
faster_rcnn,FP32,comun,A,1,55,1565.5700000061188
faster_rcnn,FP32,comun,A,1,56,1571.7130999983056
faster_rcnn,FP32,comun,A,1,57,1574.6773999999277
faster_rcnn,FP32,comun,A,1,58,1570.1584000053117
faster_rcnn,FP32,comun,A,1,59,1437.7210000020568
faster_rcnn,FP32,comun,A,1,60,1437.3087999993004
faster_rcnn,FP32,comun,A,1,61,1569.3993000022601
faster_rcnn,FP32,comun,A,1,62,1439.997699999367
faster_rcnn,FP32,comun,A,1,63,1585.9810999972979
faster_rcnn,FP32,comun,A,1,64,1586.5577000004123
faster_rcnn,FP32,comun,A,1,65,1569.3061999991187
faster_rcnn,FP32,comun,A,1,66,1568.5090000042692
faster_rcnn,FP32,comun,A,1,67,1574.3393000011565
faster_rcnn,FP32,comun,A,1,68,1566.7290999990655
faster_rcnn,FP32,comun,A,1,69,1433.5202000002027
faster_rcnn,FP32,comun,A,1,70,1566.7175000053248
faster_rcnn,FP32,comun,A,1,71,1517.5247000006493
faster_rcnn,FP32,comun,A,1,72,1584.1636000041035
faster_rcnn,FP32,comun,A,1,73,1568.654399998195
faster_rcnn,FP32,comun,A,1,74,1569.2370999968261
faster_rcnn,FP32,comun,A,1,75,1571.2252000012086
faster_rcnn,FP32,comun,A,1,76,1568.8699999955134
faster_rcnn,FP32,comun,A,1,77,1211.073699996632
faster_rcnn,FP32,comun,A,1,78,1581.5129999973578
faster_rcnn,FP32,comun,A,1,79,1593.2224999996834
faster_rcnn,FP32,comun,A,1,80,1459.5656000019517
faster_rcnn,FP32,comun,A,1,81,1574.1250999999465
faster_rcnn,FP32,comun,A,1,82,1570.3264999974635
faster_rcnn,FP32,comun,A,1,83,1576.5289999981178
faster_rcnn,FP32,comun,A,1,84,1572.8939000036917
faster_rcnn,FP32,comun,A,1,85,1607.805500003451
faster_rcnn,FP32,comun,A,1,86,1568.1340000010096
faster_rcnn,FP32,comun,A,1,87,1567.1930000025895
faster_rcnn,FP32,comun,A,1,88,1589.3464999971911
faster_rcnn,FP32,comun,A,1,89,1555.7174999994459
faster_rcnn,FP32,comun,A,1,90,1509.578999997757
faster_rcnn,FP32,comun,A,1,91,1572.2211999964202
faster_rcnn,FP32,comun,A,1,92,1569.9081999991904
faster_rcnn,FP32,comun,A,1,93,1564.9220999985118
faster_rcnn,FP32,comun,A,1,94,1574.3876000051387
faster_rcnn,FP32,comun,A,1,95,1474.6267000009539
faster_rcnn,FP32,comun,A,1,96,1569.5107000065036
faster_rcnn,FP32,comun,A,1,97,1570.0047999998787
faster_rcnn,FP32,comun,A,1,98,1492.835400000331
faster_rcnn,FP32,comun,A,1,99,1569.6141000007628
faster_rcnn,FP32,comun,A,1,100,1434.763599994767
faster_rcnn,FP32,comun,A,1,101,1583.4165999985998
faster_rcnn,FP32,comun,A,1,102,1591.031899995869
faster_rcnn,FP32,comun,A,1,103,1569.7440000003553
faster_rcnn,FP32,comun,A,1,104,1569.7437999988324
faster_rcnn,FP32,comun,A,1,105,1565.1948000013363
faster_rcnn,FP32,comun,A,1,106,1568.8871999955154
faster_rcnn,FP32,comun,A,1,107,1589.7034000008716
faster_rcnn,FP32,comun,A,1,108,1434.2073000007076
faster_rcnn,FP32,comun,A,1,109,1569.0430000031483
faster_rcnn,FP32,comun,A,1,110,1433.993600003305
faster_rcnn,FP32,comun,A,1,111,1576.6812000001664
faster_rcnn,FP32,comun,A,1,112,1568.7672999993083
faster_rcnn,FP32,comun,A,1,113,1439.4313000011607
faster_rcnn,FP32,comun,A,1,114,1574.436599999899
faster_rcnn,FP32,comun,A,1,115,1593.2692999995197
faster_rcnn,FP32,comun,A,1,116,1563.3871000027284
faster_rcnn,FP32,comun,A,1,117,1580.1329000023543
faster_rcnn,FP32,comun,A,1,118,1581.7975000027218
faster_rcnn,FP32,comun,A,1,119,1570.5241000032402
faster_rcnn,FP32,comun,A,1,120,1570.6605000013951
faster_rcnn,FP32,comun,A,1,121,1569.9090999987675
faster_rcnn,FP32,comun,A,1,122,1571.4646999986144
faster_rcnn,FP32,comun,A,1,123,1569.9108000044362
faster_rcnn,FP32,comun,A,1,124,1592.844500002684
faster_rcnn,FP32,comun,A,1,125,1575.9385999990627
faster_rcnn,FP32,comun,A,1,126,1567.5960999942617
faster_rcnn,FP32,comun,A,1,127,1574.4290000002366
faster_rcnn,FP32,comun,A,1,128,1574.2524000015692
faster_rcnn,FP32,comun,A,1,129,1571.8771999963792
faster_rcnn,FP32,comun,A,1,130,1572.22819999879
faster_rcnn,FP32,comun,A,1,131,1572.1963999967556
faster_rcnn,FP32,comun,A,1,132,1438.1503000040539
faster_rcnn,FP32,comun,A,1,133,1434.0219000005163
faster_rcnn,FP32,comun,A,1,134,1571.7900000017835
faster_rcnn,FP32,comun,A,1,135,1571.2998999952106
faster_rcnn,FP32,comun,A,1,136,1435.83440000657
faster_rcnn,FP32,comun,A,1,137,1565.4488000000129
faster_rcnn,FP32,comun,A,1,138,1571.534899994731
faster_rcnn,FP32,comun,A,1,139,1571.091100006015
faster_rcnn,FP32,comun,A,1,140,1572.3045000049751
faster_rcnn,FP32,comun,A,1,141,1571.1115000012796
faster_rcnn,FP32,comun,A,1,142,1569.9671999973361
faster_rcnn,FP32,comun,A,1,143,1569.6767999979784
faster_rcnn,FP32,comun,A,1,144,1551.119000003382
faster_rcnn,FP32,comun,A,1,145,1440.8698000042932
faster_rcnn,FP32,comun,A,1,146,1570.9579999966081
faster_rcnn,FP32,comun,A,1,147,1577.1617999998853
faster_rcnn,FP32,comun,A,1,148,1578.39889999741
faster_rcnn,FP32,comun,A,1,149,1588.2329999949434
faster_rcnn,FP32,comun,A,1,150,1570.5454999988433
faster_rcnn,FP32,comun,A,1,151,1570.3821000060998
faster_rcnn,FP32,comun,A,1,152,1594.4739999977173
faster_rcnn,FP32,comun,A,1,153,1567.51549999899
faster_rcnn,FP32,comun,A,1,154,1573.1382000012673
faster_rcnn,FP32,comun,A,1,155,1577.4371000006795
faster_rcnn,FP32,comun,A,1,156,1443.9731000020402
faster_rcnn,FP32,comun,A,1,157,1439.1274000008707
faster_rcnn,FP32,comun,A,1,158,1590.9716000023764
faster_rcnn,FP32,comun,A,1,159,1571.5538000004017
faster_rcnn,FP32,comun,A,1,160,1569.5778000008431
faster_rcnn,FP32,comun,A,1,161,1589.0125000005355
faster_rcnn,FP32,comun,A,1,162,1529.889199999161
faster_rcnn,FP32,comun,A,1,163,1556.72730000515
faster_rcnn,FP32,comun,A,1,164,1569.9443000048632
faster_rcnn,FP32,comun,A,1,165,1568.5875999988639
faster_rcnn,FP32,comun,A,1,166,1568.5240000020713
faster_rcnn,FP32,comun,A,1,167,1436.692299997958
faster_rcnn,FP32,comun,A,1,168,1594.2230000000563
faster_rcnn,FP32,comun,A,1,169,1589.7056000030716
faster_rcnn,FP32,comun,A,1,170,1597.1892999950796
faster_rcnn,FP32,comun,A,1,171,1440.512299996044
faster_rcnn,FP32,comun,A,1,172,1431.9851000036579
faster_rcnn,FP32,comun,A,1,173,1436.910700002045
faster_rcnn,FP32,comun,A,1,174,1571.7634999964503
faster_rcnn,FP32,comun,A,1,175,1574.4045999963419
faster_rcnn,FP32,comun,A,1,176,1566.0255999973742
faster_rcnn,FP32,comun,A,1,177,1565.4604000010295
faster_rcnn,FP32,comun,A,1,178,1569.8879999981727
faster_rcnn,FP32,comun,A,1,179,1573.8268999994034
faster_rcnn,FP32,comun,A,1,180,1575.251299997035
faster_rcnn,FP32,comun,A,1,181,1565.068900003098
faster_rcnn,FP32,comun,A,1,182,1386.1094000021694
faster_rcnn,FP32,comun,A,1,183,1603.734299998905
faster_rcnn,FP32,comun,A,1,184,1570.0005999970017
faster_rcnn,FP32,comun,A,1,185,1571.5932000020985
faster_rcnn,FP32,comun,A,1,186,1571.6822000031243
faster_rcnn,FP32,comun,A,1,187,1213.2133999984944
faster_rcnn,FP32,comun,A,1,188,1569.6616999994149
faster_rcnn,FP32,comun,A,1,189,1522.4492999986978
faster_rcnn,FP32,comun,A,1,190,1432.6064999986556
faster_rcnn,FP32,comun,A,1,191,1572.4489000058384
faster_rcnn,FP32,comun,A,1,192,1574.0307000014582
faster_rcnn,FP32,comun,A,1,193,1580.8678999965196
faster_rcnn,FP32,comun,A,1,194,1566.8716000000131
faster_rcnn,FP32,comun,A,1,195,1575.0288999988697
faster_rcnn,FP32,comun,A,1,196,1437.191700002586
faster_rcnn,FP32,comun,A,1,197,1441.1108000058448
faster_rcnn,FP32,comun,A,1,198,1453.2089999993332
faster_rcnn,FP32,comun,A,1,199,1574.6346000014455
faster_rcnn,FP32,comun,A,1,200,1580.418899997312
faster_rcnn,FP32,comun,A,1,201,1567.565499994089
faster_rcnn,FP32,comun,A,1,202,1568.9334999988205
faster_rcnn,FP32,comun,A,1,203,1441.5034999983618
faster_rcnn,FP32,comun,A,1,204,1436.1670999933267
faster_rcnn,FP32,comun,A,1,205,1573.649400001159
faster_rcnn,FP32,comun,A,1,206,1568.6633000004804
faster_rcnn,FP32,comun,A,1,207,1517.3042000023997
faster_rcnn,FP32,comun,A,1,208,1569.9141000004602
faster_rcnn,FP32,comun,A,1,209,1477.2862999961944
faster_rcnn,FP32,comun,A,1,210,1437.2106000009808
faster_rcnn,FP32,comun,A,1,211,1575.5388000034145
faster_rcnn,FP32,comun,A,1,212,1575.0831999976072
faster_rcnn,FP32,comun,A,1,213,1567.5177999946754
faster_rcnn,FP32,comun,A,1,214,1584.4110000034561
faster_rcnn,FP32,comun,A,1,215,1570.7918999978574
faster_rcnn,FP32,comun,A,1,216,1436.0980999990716
faster_rcnn,FP32,comun,A,1,217,1435.3200000041397
faster_rcnn,FP32,comun,A,1,218,1572.629499998584
faster_rcnn,FP32,comun,A,1,219,1572.8350999997929
faster_rcnn,FP32,comun,A,1,220,1572.5467999945977
faster_rcnn,FP32,comun,A,1,221,1573.5103000042727
faster_rcnn,FP32,comun,A,1,222,1438.0701999980374
faster_rcnn,FP32,comun,A,1,223,1570.6381000054535
faster_rcnn,FP32,comun,A,1,224,1574.9091999969096
faster_rcnn,FP32,comun,A,1,225,1437.4142000015127
faster_rcnn,FP32,comun,A,1,226,1574.727699997311
faster_rcnn,FP32,comun,A,1,227,1586.7134000000078
faster_rcnn,FP32,comun,A,1,228,1436.1541999969631
faster_rcnn,FP32,comun,A,1,229,1570.4621000040788
faster_rcnn,FP32,comun,A,1,230,1258.3379999996396
faster_rcnn,FP32,comun,A,1,231,1217.2968000013498
faster_rcnn,FP32,comun,A,1,232,1575.6069000053685
faster_rcnn,FP32,comun,A,1,233,1568.1554999973741
faster_rcnn,FP32,comun,A,1,234,1526.1267000023508
faster_rcnn,FP32,comun,A,1,235,1570.5001000023913
faster_rcnn,FP32,comun,A,1,236,1517.025499997544
faster_rcnn,FP32,comun,A,1,237,1588.9301000061096
faster_rcnn,FP32,comun,A,1,238,1565.2921000000788
faster_rcnn,FP32,comun,A,1,239,1569.5646999956807
faster_rcnn,FP32,comun,A,1,240,1574.8937000025762
faster_rcnn,FP32,comun,A,1,241,1540.5286000022897
faster_rcnn,FP32,comun,A,1,242,1587.1395000067423
faster_rcnn,FP32,comun,A,1,243,1437.7860000022338
faster_rcnn,FP32,comun,A,1,244,1345.7641000059084
faster_rcnn,FP32,comun,A,1,245,1593.9714999985881
faster_rcnn,FP32,comun,A,1,246,1567.3833999971976
faster_rcnn,FP32,comun,A,1,247,1569.951299999957
faster_rcnn,FP32,comun,A,1,248,1371.7270999986795
faster_rcnn,FP32,comun,A,1,249,1569.1213999962201
faster_rcnn,FP32,comun,A,1,250,1570.4856000011205
faster_rcnn,FP32,comun,A,1,251,1526.5868999995291
faster_rcnn,FP32,comun,A,1,252,1593.0095000003348
faster_rcnn,FP32,comun,A,1,253,1365.7093000001623
faster_rcnn,FP32,comun,A,1,254,1588.4753999998793
faster_rcnn,FP32,comun,A,1,255,1568.856500001857
faster_rcnn,FP32,comun,A,1,256,1568.5163000016473
faster_rcnn,FP32,comun,A,1,257,1587.1011999988696
faster_rcnn,FP32,comun,A,1,258,1570.9652999939863
faster_rcnn,FP32,comun,A,1,259,1438.1002000009175
faster_rcnn,FP32,comun,A,1,260,1570.1239999980316
faster_rcnn,FP32,comun,A,1,261,1574.8445999997784
faster_rcnn,FP32,comun,A,1,262,1569.0883999996004
faster_rcnn,FP32,comun,A,1,263,1570.2327999970294
faster_rcnn,FP32,comun,A,1,264,1578.5419999956503
faster_rcnn,FP32,comun,A,1,265,1537.8713999962201
faster_rcnn,FP32,comun,A,1,266,1530.7460999974865
faster_rcnn,FP32,comun,A,1,267,1435.0368000013987
faster_rcnn,FP32,comun,A,1,268,1574.3034000042826
faster_rcnn,FP32,comun,A,1,269,1568.0011000004015
faster_rcnn,FP32,comun,A,1,270,1567.5151000032201
faster_rcnn,FP32,comun,A,1,271,1571.648400000413
faster_rcnn,FP32,comun,A,1,272,1593.2400999954552
faster_rcnn,FP32,comun,A,1,273,1570.9284999975353
faster_rcnn,FP32,comun,A,1,274,1591.8879000018933
faster_rcnn,FP32,comun,A,1,275,1578.9861000012024
faster_rcnn,FP32,comun,A,1,276,1573.1126999962726
faster_rcnn,FP32,comun,A,1,277,1569.392000004882
faster_rcnn,FP32,comun,A,1,278,1566.1427000013646
faster_rcnn,FP32,comun,A,1,279,1573.34969999647
faster_rcnn,FP32,comun,A,1,280,1569.0552999949432
faster_rcnn,FP32,comun,A,1,281,1576.3672000030056
faster_rcnn,FP32,comun,A,1,282,1428.7535000039497
faster_rcnn,FP32,comun,A,1,283,1565.432299998065
faster_rcnn,FP32,comun,A,1,284,1557.1232000002055
faster_rcnn,FP32,comun,A,1,285,1566.808999996283
faster_rcnn,FP32,comun,A,1,286,1590.8276999980444
faster_rcnn,FP32,comun,A,1,287,1574.0820999999414
faster_rcnn,FP32,comun,A,1,288,1533.4215000038967
faster_rcnn,FP32,comun,A,1,289,1572.5343999947654
faster_rcnn,FP32,comun,A,1,290,1577.0333999971626
faster_rcnn,FP32,comun,A,1,291,1568.7704000010854
faster_rcnn,FP32,comun,A,1,292,1573.68509999651
faster_rcnn,FP32,comun,A,1,293,1564.4087999971816
faster_rcnn,FP32,comun,A,1,294,1562.5628999987384
faster_rcnn,FP32,comun,A,1,295,1572.3680000010063
faster_rcnn,FP32,comun,A,1,296,1563.734299998032
faster_rcnn,FP32,comun,A,1,297,1451.4628999968409
faster_rcnn,FP32,comun,A,1,298,1571.0505000024568
faster_rcnn,FP32,comun,A,1,299,1569.6754999953555
faster_rcnn,FP32,comun,A,1,300,1572.3873000024469
faster_rcnn,FP32,comun,A,1,301,1568.942199999583
faster_rcnn,FP32,comun,A,1,302,1567.8720999931102
faster_rcnn,FP32,comun,A,1,303,1568.5140000059619
faster_rcnn,FP32,comun,A,1,304,1560.343199998897
faster_rcnn,FP32,comun,A,1,305,1565.622699999949
faster_rcnn,FP32,comun,A,1,306,1568.711699997948
faster_rcnn,FP32,comun,A,1,307,1433.1482999987202
faster_rcnn,FP32,comun,A,1,308,1571.0538999992423
faster_rcnn,FP32,comun,A,1,309,1587.1887000030256
faster_rcnn,FP32,comun,A,1,310,1510.4521999965073
faster_rcnn,FP32,comun,A,1,311,1436.5828999943915
faster_rcnn,FP32,comun,A,1,312,1570.3899000000092
faster_rcnn,FP32,comun,A,1,313,1568.1727999981376
faster_rcnn,FP32,comun,A,1,314,1572.8644000046188
faster_rcnn,FP32,comun,A,1,315,1568.1512000010116
faster_rcnn,FP32,comun,A,1,316,1439.8252999963006
faster_rcnn,FP32,comun,A,1,317,1570.8183999959147
faster_rcnn,FP32,comun,A,1,318,1437.7979000055348
faster_rcnn,FP32,comun,A,1,319,1458.5099999967497
faster_rcnn,FP32,comun,A,1,320,1596.3581000032718
faster_rcnn,FP32,comun,A,1,321,1570.5627999996068
faster_rcnn,FP32,comun,A,1,322,1443.4303999951226
faster_rcnn,FP32,comun,A,1,323,1580.184200000076
faster_rcnn,FP32,comun,A,1,324,1570.6432000006316
faster_rcnn,FP32,comun,A,1,325,1572.1419999972568
faster_rcnn,FP32,comun,A,1,326,1466.8315000017174
faster_rcnn,FP32,comun,A,1,327,1595.910999996704
faster_rcnn,FP32,comun,A,1,328,1442.0077000031597
faster_rcnn,FP32,comun,A,1,329,1574.677899996459
faster_rcnn,FP32,comun,A,1,330,1435.6002999993507
faster_rcnn,FP32,comun,A,1,331,1564.4142999954056
faster_rcnn,FP32,comun,A,1,332,1571.1897000001045
faster_rcnn,FP32,comun,A,1,333,1571.7909000013606
faster_rcnn,FP32,comun,A,1,334,1567.179199999373
faster_rcnn,FP32,comun,A,1,335,1572.8254999994533
faster_rcnn,FP32,comun,A,1,336,1437.212199998612
faster_rcnn,FP32,comun,A,1,337,1573.2060999944224
faster_rcnn,FP32,comun,A,1,338,1572.1682000003057
faster_rcnn,FP32,comun,A,1,339,1527.5791000021854
faster_rcnn,FP32,comun,A,1,340,1590.2235000030487
faster_rcnn,FP32,comun,A,1,341,1437.7322000000277
faster_rcnn,FP32,comun,A,1,342,1514.183100000082
faster_rcnn,FP32,comun,A,1,343,1570.9819000039715
faster_rcnn,FP32,comun,A,1,344,1442.4844000022858
faster_rcnn,FP32,comun,A,1,345,1435.0220000051195
faster_rcnn,FP32,comun,A,1,346,1571.2528000003658
faster_rcnn,FP32,comun,A,1,347,1573.867999999493
faster_rcnn,FP32,comun,A,1,348,1593.7276000040583
faster_rcnn,FP32,comun,A,1,349,1567.844099998183
faster_rcnn,FP32,comun,A,1,350,1567.0033999995212
faster_rcnn,FP32,comun,A,1,351,1585.5003999968176
faster_rcnn,FP32,comun,A,1,352,1565.0491999986116
faster_rcnn,FP32,comun,A,1,353,1567.553400003817
faster_rcnn,FP32,comun,A,1,354,1565.924599999562
faster_rcnn,FP32,comun,A,1,355,1556.1968000038178
faster_rcnn,FP32,comun,A,1,356,1544.2726999972365
faster_rcnn,FP32,comun,A,1,357,1415.1536999997916
faster_rcnn,FP32,comun,A,1,358,1550.34059999889
faster_rcnn,FP32,comun,A,1,359,1414.9646000005305
faster_rcnn,FP32,comun,A,1,360,1515.6601000053342
faster_rcnn,FP32,comun,A,1,361,1547.275000004447
faster_rcnn,FP32,comun,A,1,362,1541.2231000009342
faster_rcnn,FP32,comun,A,1,363,1558.48960000003
faster_rcnn,FP32,comun,A,1,364,1550.6460999968112
faster_rcnn,FP32,comun,A,1,365,1414.2489000005298
faster_rcnn,FP32,comun,A,1,366,1416.8977000008454
faster_rcnn,FP32,comun,A,1,367,1549.7729000053369
faster_rcnn,FP32,comun,A,1,368,1582.3220000020228
faster_rcnn,FP32,comun,A,1,369,1410.2067999992869
faster_rcnn,FP32,comun,A,1,370,1564.9285000035889
faster_rcnn,FP32,comun,A,1,371,1540.9786000018357
faster_rcnn,FP32,comun,A,1,372,1541.8648999984725
faster_rcnn,FP32,comun,A,1,373,1549.9557000002824
faster_rcnn,FP32,comun,B,1,0,1569.7350000045844
faster_rcnn,FP32,comun,B,1,1,1562.4202000035439
faster_rcnn,FP32,comun,B,1,2,1568.4784999975818
faster_rcnn,FP32,comun,B,1,3,1585.3983999986667
faster_rcnn,FP32,comun,B,1,4,1558.1310999987181
faster_rcnn,FP32,comun,B,1,5,1565.1387000034447
faster_rcnn,FP32,comun,B,1,6,1566.2548000036622
faster_rcnn,FP32,comun,B,1,7,1579.0692000009585
faster_rcnn,FP32,comun,B,1,8,1566.3264999966486
faster_rcnn,FP32,comun,B,1,9,1427.0487999965553
faster_rcnn,FP32,comun,B,1,10,1471.0516999984975
faster_rcnn,FP32,comun,B,1,11,1567.0345000035013
faster_rcnn,FP32,comun,B,1,12,1589.4278999985545
faster_rcnn,FP32,comun,B,1,13,1564.4732000000658
faster_rcnn,FP32,comun,B,1,14,1519.9528000011924
faster_rcnn,FP32,comun,B,1,15,1560.4747000033967
faster_rcnn,FP32,comun,B,1,16,1560.9926999968593
faster_rcnn,FP32,comun,B,1,17,1583.8595000022906
faster_rcnn,FP32,comun,B,1,18,1562.612400004582
faster_rcnn,FP32,comun,B,1,19,1558.0474999951548
faster_rcnn,FP32,comun,B,1,20,1563.2801000028849
faster_rcnn,FP32,comun,B,1,21,1519.912399999157
faster_rcnn,FP32,comun,B,1,22,1579.8180999991018
faster_rcnn,FP32,comun,B,1,23,1567.137799996999
faster_rcnn,FP32,comun,B,1,24,1574.1463000013027
faster_rcnn,FP32,comun,B,1,25,1430.7661999991979
faster_rcnn,FP32,comun,B,1,26,1558.346600002551
faster_rcnn,FP32,comun,B,1,27,1561.8375999983982
faster_rcnn,FP32,comun,B,1,28,1506.710200002999
faster_rcnn,FP32,comun,B,1,29,1567.3660000029486
faster_rcnn,FP32,comun,B,1,30,1560.8415000024252
faster_rcnn,FP32,comun,B,1,31,1559.778599999845
faster_rcnn,FP32,comun,B,1,32,1564.9426000018138
faster_rcnn,FP32,comun,B,1,33,1584.9717000019155
faster_rcnn,FP32,comun,B,1,34,1433.2491000022856
faster_rcnn,FP32,comun,B,1,35,1564.8338000028161
faster_rcnn,FP32,comun,B,1,36,1568.348300002981
faster_rcnn,FP32,comun,B,1,37,1432.5184999979683
faster_rcnn,FP32,comun,B,1,38,1563.4305999992648
faster_rcnn,FP32,comun,B,1,39,1559.5595999984653
faster_rcnn,FP32,comun,B,1,40,1563.6310999980196
faster_rcnn,FP32,comun,B,1,41,1579.2383000007248
faster_rcnn,FP32,comun,B,1,42,1566.5761999989627
faster_rcnn,FP32,comun,B,1,43,1564.1744999957155
faster_rcnn,FP32,comun,B,1,44,1563.3654999983264
faster_rcnn,FP32,comun,B,1,45,1520.9415999997873
faster_rcnn,FP32,comun,B,1,46,1565.2203999998164
faster_rcnn,FP32,comun,B,1,47,1424.9257999981637
faster_rcnn,FP32,comun,B,1,48,1563.791600005061
faster_rcnn,FP32,comun,B,1,49,1428.156099995249
faster_rcnn,FP32,comun,B,1,50,1576.9196999972337
faster_rcnn,FP32,comun,B,1,51,1516.336599997885
faster_rcnn,FP32,comun,B,1,52,1526.72149999853
faster_rcnn,FP32,comun,B,1,53,1581.6007999965223
faster_rcnn,FP32,comun,B,1,54,1567.9447000002256
faster_rcnn,FP32,comun,B,1,55,1559.5876000006683
faster_rcnn,FP32,comun,B,1,56,1564.2638000063016
faster_rcnn,FP32,comun,B,1,57,1567.7461000013864
faster_rcnn,FP32,comun,B,1,58,1565.0767999977688
faster_rcnn,FP32,comun,B,1,59,1431.5754999988712
faster_rcnn,FP32,comun,B,1,60,1433.6671999990358
faster_rcnn,FP32,comun,B,1,61,1565.276699999231
faster_rcnn,FP32,comun,B,1,62,1433.7537000028533
faster_rcnn,FP32,comun,B,1,63,1575.7684000054724
faster_rcnn,FP32,comun,B,1,64,1581.3077000057092
faster_rcnn,FP32,comun,B,1,65,1563.6436999993748
faster_rcnn,FP32,comun,B,1,66,1563.3142000006046
faster_rcnn,FP32,comun,B,1,67,1563.9164000021992
faster_rcnn,FP32,comun,B,1,68,1564.6659999983967
faster_rcnn,FP32,comun,B,1,69,1429.6414000054938
faster_rcnn,FP32,comun,B,1,70,1562.0640000051935
faster_rcnn,FP32,comun,B,1,71,1509.7621999957482
faster_rcnn,FP32,comun,B,1,72,1577.3293000020203
faster_rcnn,FP32,comun,B,1,73,1562.0759000012185
faster_rcnn,FP32,comun,B,1,74,1563.5796999995364
faster_rcnn,FP32,comun,B,1,75,1566.1401000033948
faster_rcnn,FP32,comun,B,1,76,1559.783000004245
faster_rcnn,FP32,comun,B,1,77,1217.8937999997288
faster_rcnn,FP32,comun,B,1,78,1574.267800002417
faster_rcnn,FP32,comun,B,1,79,1587.273400000413
faster_rcnn,FP32,comun,B,1,80,1452.0446000024094
faster_rcnn,FP32,comun,B,1,81,1570.851299999049
faster_rcnn,FP32,comun,B,1,82,1566.6640999988886
faster_rcnn,FP32,comun,B,1,83,1569.5567999937339
faster_rcnn,FP32,comun,B,1,84,1567.2334000046249
faster_rcnn,FP32,comun,B,1,85,1599.1691000017454
faster_rcnn,FP32,comun,B,1,86,1562.3976999995648
faster_rcnn,FP32,comun,B,1,87,1562.5015000041458
faster_rcnn,FP32,comun,B,1,88,1584.3801999944844
faster_rcnn,FP32,comun,B,1,89,1549.2081999982474
faster_rcnn,FP32,comun,B,1,90,1503.0256999962148
faster_rcnn,FP32,comun,B,1,91,1568.2419000004302
faster_rcnn,FP32,comun,B,1,92,1564.7836999996798
faster_rcnn,FP32,comun,B,1,93,1558.58260000241
faster_rcnn,FP32,comun,B,1,94,1565.6986999965739
faster_rcnn,FP32,comun,B,1,95,1474.4916999989073
faster_rcnn,FP32,comun,B,1,96,1565.6589999998687
faster_rcnn,FP32,comun,B,1,97,1565.1456999985385
faster_rcnn,FP32,comun,B,1,98,1484.9387000067509
faster_rcnn,FP32,comun,B,1,99,1562.1738000045298
faster_rcnn,FP32,comun,B,1,100,1429.488499998115
faster_rcnn,FP32,comun,B,1,101,1580.0314000007347
faster_rcnn,FP32,comun,B,1,102,1587.750499995309
faster_rcnn,FP32,comun,B,1,103,1557.115800002066
faster_rcnn,FP32,comun,B,1,104,1559.9914999984321
faster_rcnn,FP32,comun,B,1,105,1557.0708000013838
faster_rcnn,FP32,comun,B,1,106,1562.173399994208
faster_rcnn,FP32,comun,B,1,107,1581.0485999973025
faster_rcnn,FP32,comun,B,1,108,1428.3532999979798
faster_rcnn,FP32,comun,B,1,109,1566.2443000037456
faster_rcnn,FP32,comun,B,1,110,1427.1821000002092
faster_rcnn,FP32,comun,B,1,111,1570.0195000026724
faster_rcnn,FP32,comun,B,1,112,1562.1141000010539
faster_rcnn,FP32,comun,B,1,113,1434.7388000023784
faster_rcnn,FP32,comun,B,1,114,1566.6121000031126
faster_rcnn,FP32,comun,B,1,115,1583.5447999997996
faster_rcnn,FP32,comun,B,1,116,1556.988000003912
faster_rcnn,FP32,comun,B,1,117,1570.4880000048433
faster_rcnn,FP32,comun,B,1,118,1573.812499998894
faster_rcnn,FP32,comun,B,1,119,1566.4551000008942
faster_rcnn,FP32,comun,B,1,120,1563.9358000044012
faster_rcnn,FP32,comun,B,1,121,1563.95469999552
faster_rcnn,FP32,comun,B,1,122,1563.7812999993912
faster_rcnn,FP32,comun,B,1,123,1561.5550000002258
faster_rcnn,FP32,comun,B,1,124,1586.2043000015547
faster_rcnn,FP32,comun,B,1,125,1569.9831999954768
faster_rcnn,FP32,comun,B,1,126,1566.3492000021506
faster_rcnn,FP32,comun,B,1,127,1574.4698999988032
faster_rcnn,FP32,comun,B,1,128,1568.0074999982025
faster_rcnn,FP32,comun,B,1,129,1569.9604999972507
faster_rcnn,FP32,comun,B,1,130,1565.843099997437
faster_rcnn,FP32,comun,B,1,131,1570.0581000055536
faster_rcnn,FP32,comun,B,1,132,1432.9005999970832
faster_rcnn,FP32,comun,B,1,133,1427.3398000004818
faster_rcnn,FP32,comun,B,1,134,1567.4379999982193
faster_rcnn,FP32,comun,B,1,135,1565.8919000052265
faster_rcnn,FP32,comun,B,1,136,1434.5630000025267
faster_rcnn,FP32,comun,B,1,137,1554.616100002022
faster_rcnn,FP32,comun,B,1,138,1563.1592999998247
faster_rcnn,FP32,comun,B,1,139,1565.0835999986157
faster_rcnn,FP32,comun,B,1,140,1584.0236000003642
faster_rcnn,FP32,comun,B,1,141,1561.8732000002638
faster_rcnn,FP32,comun,B,1,142,1559.5497999966028
faster_rcnn,FP32,comun,B,1,143,1558.15640000219
faster_rcnn,FP32,comun,B,1,144,1543.7720000045374
faster_rcnn,FP32,comun,B,1,145,1431.8359000026248
faster_rcnn,FP32,comun,B,1,146,1563.3086999951047
faster_rcnn,FP32,comun,B,1,147,1576.1449999990873
faster_rcnn,FP32,comun,B,1,148,1571.835499998997
faster_rcnn,FP32,comun,B,1,149,1584.2067999983556
faster_rcnn,FP32,comun,B,1,150,1563.394700002391
faster_rcnn,FP32,comun,B,1,151,1567.982499997015
faster_rcnn,FP32,comun,B,1,152,1587.7632000047015
faster_rcnn,FP32,comun,B,1,153,1563.4846000029938
faster_rcnn,FP32,comun,B,1,154,1562.1295000019018
faster_rcnn,FP32,comun,B,1,155,1565.1689000005717
faster_rcnn,FP32,comun,B,1,156,1434.0051999970456
faster_rcnn,FP32,comun,B,1,157,1434.4559999954072
faster_rcnn,FP32,comun,B,1,158,1584.1972999987775
faster_rcnn,FP32,comun,B,1,159,1563.9137999969535
faster_rcnn,FP32,comun,B,1,160,1563.161999998556
faster_rcnn,FP32,comun,B,1,161,1584.5364999986487
faster_rcnn,FP32,comun,B,1,162,1523.209200000565
faster_rcnn,FP32,comun,B,1,163,1547.9625000007218
faster_rcnn,FP32,comun,B,1,164,1561.7589999965276
faster_rcnn,FP32,comun,B,1,165,1564.7454999998445
faster_rcnn,FP32,comun,B,1,166,1564.297400000214
faster_rcnn,FP32,comun,B,1,167,1427.0696999956272
faster_rcnn,FP32,comun,B,1,168,1589.0789999975823
faster_rcnn,FP32,comun,B,1,169,1584.3979999990552
faster_rcnn,FP32,comun,B,1,170,1586.9458000015584
faster_rcnn,FP32,comun,B,1,171,1434.8633000045083
faster_rcnn,FP32,comun,B,1,172,1434.4793999989633
faster_rcnn,FP32,comun,B,1,173,1443.9488000061829
faster_rcnn,FP32,comun,B,1,174,1575.8478999996441
faster_rcnn,FP32,comun,B,1,175,1571.8138000011095
faster_rcnn,FP32,comun,B,1,176,1558.9712000000873
faster_rcnn,FP32,comun,B,1,177,1562.2096000006422
faster_rcnn,FP32,comun,B,1,178,1565.3203000038047
faster_rcnn,FP32,comun,B,1,179,1568.798499996774
faster_rcnn,FP32,comun,B,1,180,1569.9782999945455
faster_rcnn,FP32,comun,B,1,181,1560.6196000007913
faster_rcnn,FP32,comun,B,1,182,1378.9008000021568
faster_rcnn,FP32,comun,B,1,183,1607.9791999945883
faster_rcnn,FP32,comun,B,1,184,1563.1290000019362
faster_rcnn,FP32,comun,B,1,185,1566.7055000012624
faster_rcnn,FP32,comun,B,1,186,1563.5436000011396
faster_rcnn,FP32,comun,B,1,187,1223.3083000028273
faster_rcnn,FP32,comun,B,1,188,1565.6787999978405
faster_rcnn,FP32,comun,B,1,189,1516.6047000020626
faster_rcnn,FP32,comun,B,1,190,1424.2671000029077
faster_rcnn,FP32,comun,B,1,191,1561.5143000031821
faster_rcnn,FP32,comun,B,1,192,1563.7109999952372
faster_rcnn,FP32,comun,B,1,193,1570.4148000004352
faster_rcnn,FP32,comun,B,1,194,1562.324800004717
faster_rcnn,FP32,comun,B,1,195,1567.3821999953361
faster_rcnn,FP32,comun,B,1,196,1429.9559999999474
faster_rcnn,FP32,comun,B,1,197,1432.5050999977975
faster_rcnn,FP32,comun,B,1,198,1447.4391999974614
faster_rcnn,FP32,comun,B,1,199,1566.8595999959507
faster_rcnn,FP32,comun,B,1,200,1577.678300003754
faster_rcnn,FP32,comun,B,1,201,1557.2597999998834
faster_rcnn,FP32,comun,B,1,202,1562.7545999959693
faster_rcnn,FP32,comun,B,1,203,1435.2017999990494
faster_rcnn,FP32,comun,B,1,204,1431.2540999962948
faster_rcnn,FP32,comun,B,1,205,1566.3002000001143
faster_rcnn,FP32,comun,B,1,206,1562.142999995558
faster_rcnn,FP32,comun,B,1,207,1507.4935000011465
faster_rcnn,FP32,comun,B,1,208,1564.212499994028
faster_rcnn,FP32,comun,B,1,209,1466.9227999984287
faster_rcnn,FP32,comun,B,1,210,1433.7814999962575
faster_rcnn,FP32,comun,B,1,211,1566.9848000034108
faster_rcnn,FP32,comun,B,1,212,1564.7408999939216
faster_rcnn,FP32,comun,B,1,213,1564.7483000066131
faster_rcnn,FP32,comun,B,1,214,1577.6296999974875
faster_rcnn,FP32,comun,B,1,215,1565.5378000010387
faster_rcnn,FP32,comun,B,1,216,1427.6482000059332
faster_rcnn,FP32,comun,B,1,217,1429.011599997466
faster_rcnn,FP32,comun,B,1,218,1567.6485000003595
faster_rcnn,FP32,comun,B,1,219,1566.796399994928
faster_rcnn,FP32,comun,B,1,220,1561.9217999992543
faster_rcnn,FP32,comun,B,1,221,1559.9748000022373
faster_rcnn,FP32,comun,B,1,222,1431.1053000055836
faster_rcnn,FP32,comun,B,1,223,1567.8944000028423
faster_rcnn,FP32,comun,B,1,224,1566.8741000044974
faster_rcnn,FP32,comun,B,1,225,1430.7094999967376
faster_rcnn,FP32,comun,B,1,226,1564.4492999999784
faster_rcnn,FP32,comun,B,1,227,1579.3002999998862
faster_rcnn,FP32,comun,B,1,228,1427.2687000047881
faster_rcnn,FP32,comun,B,1,229,1563.16419999348
faster_rcnn,FP32,comun,B,1,230,1251.0073000012198
faster_rcnn,FP32,comun,B,1,231,1214.965300001495
faster_rcnn,FP32,comun,B,1,232,1571.5839000040432
faster_rcnn,FP32,comun,B,1,233,1564.1656999941915
faster_rcnn,FP32,comun,B,1,234,1523.343200002273
faster_rcnn,FP32,comun,B,1,235,1564.5947000011802
faster_rcnn,FP32,comun,B,1,236,1503.9160000014817
faster_rcnn,FP32,comun,B,1,237,1582.4971000038204
faster_rcnn,FP32,comun,B,1,238,1558.1186999988859
faster_rcnn,FP32,comun,B,1,239,1567.5935999970534
faster_rcnn,FP32,comun,B,1,240,1567.663599998923
faster_rcnn,FP32,comun,B,1,241,1532.3319999952218
faster_rcnn,FP32,comun,B,1,242,1579.340799995407
faster_rcnn,FP32,comun,B,1,243,1433.348599995952
faster_rcnn,FP32,comun,B,1,244,1348.6264000021038
faster_rcnn,FP32,comun,B,1,245,1587.4849000028917
faster_rcnn,FP32,comun,B,1,246,1559.2858000018168
faster_rcnn,FP32,comun,B,1,247,1564.3167000016547
faster_rcnn,FP32,comun,B,1,248,1361.4180000004126
faster_rcnn,FP32,comun,B,1,249,1563.9377999978024
faster_rcnn,FP32,comun,B,1,250,1561.7440000060014
faster_rcnn,FP32,comun,B,1,251,1522.0308999996632
faster_rcnn,FP32,comun,B,1,252,1584.6164000031422
faster_rcnn,FP32,comun,B,1,253,1358.482499999809
faster_rcnn,FP32,comun,B,1,254,1579.6324000039021
faster_rcnn,FP32,comun,B,1,255,1560.8009999996284
faster_rcnn,FP32,comun,B,1,256,1559.6206999980495
faster_rcnn,FP32,comun,B,1,257,1578.4834000005503
faster_rcnn,FP32,comun,B,1,258,1561.7192999998224
faster_rcnn,FP32,comun,B,1,259,1430.3880999941612
faster_rcnn,FP32,comun,B,1,260,1564.29410000419
faster_rcnn,FP32,comun,B,1,261,1567.2171999976854
faster_rcnn,FP32,comun,B,1,262,1569.538999996439
faster_rcnn,FP32,comun,B,1,263,1566.1107999985688
faster_rcnn,FP32,comun,B,1,264,1571.5654000014183
faster_rcnn,FP32,comun,B,1,265,1532.7443999995012
faster_rcnn,FP32,comun,B,1,266,1525.287099997513
faster_rcnn,FP32,comun,B,1,267,1425.2949000001536
faster_rcnn,FP32,comun,B,1,268,1567.3963999943226
faster_rcnn,FP32,comun,B,1,269,1560.0486999974237
faster_rcnn,FP32,comun,B,1,270,1560.9526999978698
faster_rcnn,FP32,comun,B,1,271,1564.7739999985788
faster_rcnn,FP32,comun,B,1,272,1589.5610000006855
faster_rcnn,FP32,comun,B,1,273,1563.5470999986865
faster_rcnn,FP32,comun,B,1,274,1583.44550000038
faster_rcnn,FP32,comun,B,1,275,1577.953100000741
faster_rcnn,FP32,comun,B,1,276,1565.8225000006496
faster_rcnn,FP32,comun,B,1,277,1561.7779999956838
faster_rcnn,FP32,comun,B,1,278,1556.2114999993355
faster_rcnn,FP32,comun,B,1,279,1566.890499998408
faster_rcnn,FP32,comun,B,1,280,1565.7839000050444
faster_rcnn,FP32,comun,B,1,281,1571.3198000012198
faster_rcnn,FP32,comun,B,1,282,1427.1156000031624
faster_rcnn,FP32,comun,B,1,283,1557.6677999997628
faster_rcnn,FP32,comun,B,1,284,1555.1130999956513
faster_rcnn,FP32,comun,B,1,285,1559.488999999303
faster_rcnn,FP32,comun,B,1,286,1582.0248000018182
faster_rcnn,FP32,comun,B,1,287,1569.095599996217
faster_rcnn,FP32,comun,B,1,288,1524.3168999950285
faster_rcnn,FP32,comun,B,1,289,1570.0417999978526
faster_rcnn,FP32,comun,B,1,290,1567.6564000023063
faster_rcnn,FP32,comun,B,1,291,1564.004499996372
faster_rcnn,FP32,comun,B,1,292,1568.8754000002518
faster_rcnn,FP32,comun,B,1,293,1560.8714999980293
faster_rcnn,FP32,comun,B,1,294,1562.3226999960025
faster_rcnn,FP32,comun,B,1,295,1573.5953000039444
faster_rcnn,FP32,comun,B,1,296,1559.6482000037213
faster_rcnn,FP32,comun,B,1,297,1449.5594999971217
faster_rcnn,FP32,comun,B,1,298,1567.4628999986453
faster_rcnn,FP32,comun,B,1,299,1564.4904999935534
faster_rcnn,FP32,comun,B,1,300,1565.8422999986215
faster_rcnn,FP32,comun,B,1,301,1566.5317999955732
faster_rcnn,FP32,comun,B,1,302,1559.9951000040164
faster_rcnn,FP32,comun,B,1,303,1563.7560000031954
faster_rcnn,FP32,comun,B,1,304,1553.5214000046835
faster_rcnn,FP32,comun,B,1,305,1560.122599999886
faster_rcnn,FP32,comun,B,1,306,1564.0675999966334
faster_rcnn,FP32,comun,B,1,307,1429.1615999973146
faster_rcnn,FP32,comun,B,1,308,1567.36500000261
faster_rcnn,FP32,comun,B,1,309,1601.5103000027011
faster_rcnn,FP32,comun,B,1,310,1501.924499993038
faster_rcnn,FP32,comun,B,1,311,1431.495899996662
faster_rcnn,FP32,comun,B,1,312,1565.32739999966
faster_rcnn,FP32,comun,B,1,313,1561.4531000028364
faster_rcnn,FP32,comun,B,1,314,1569.0754000024754
faster_rcnn,FP32,comun,B,1,315,1561.0492000050726
faster_rcnn,FP32,comun,B,1,316,1433.3572999967146
faster_rcnn,FP32,comun,B,1,317,1561.544000003778
faster_rcnn,FP32,comun,B,1,318,1428.1327999997302
faster_rcnn,FP32,comun,B,1,319,1449.1132000039215
faster_rcnn,FP32,comun,B,1,320,1588.9338000051794
faster_rcnn,FP32,comun,B,1,321,1568.1792000032146
faster_rcnn,FP32,comun,B,1,322,1436.1423000009381
faster_rcnn,FP32,comun,B,1,323,1560.757700004615
faster_rcnn,FP32,comun,B,1,324,1562.7554999955464
faster_rcnn,FP32,comun,B,1,325,1563.7886000040453
faster_rcnn,FP32,comun,B,1,326,1462.523099995451
faster_rcnn,FP32,comun,B,1,327,1586.2225000018952
faster_rcnn,FP32,comun,B,1,328,1437.768399999186
faster_rcnn,FP32,comun,B,1,329,1568.3903000026476
faster_rcnn,FP32,comun,B,1,330,1427.5985999993281
faster_rcnn,FP32,comun,B,1,331,1562.0991999967373
faster_rcnn,FP32,comun,B,1,332,1563.6515000005602
faster_rcnn,FP32,comun,B,1,333,1566.903099999763
faster_rcnn,FP32,comun,B,1,334,1562.8780999977607
faster_rcnn,FP32,comun,B,1,335,1566.6669999991427
faster_rcnn,FP32,comun,B,1,336,1428.2173000028706
faster_rcnn,FP32,comun,B,1,337,1559.9483999976655
faster_rcnn,FP32,comun,B,1,338,1564.2464999982622
faster_rcnn,FP32,comun,B,1,339,1524.1034999999101
faster_rcnn,FP32,comun,B,1,340,1587.9264999966836
faster_rcnn,FP32,comun,B,1,341,1433.9050999988103
faster_rcnn,FP32,comun,B,1,342,1510.868199999095
faster_rcnn,FP32,comun,B,1,343,1563.844500000414
faster_rcnn,FP32,comun,B,1,344,1434.5054000004893
faster_rcnn,FP32,comun,B,1,345,1429.4651000018348
faster_rcnn,FP32,comun,B,1,346,1566.0611000057543
faster_rcnn,FP32,comun,B,1,347,1568.6432999937097
faster_rcnn,FP32,comun,B,1,348,1587.9368000023533
faster_rcnn,FP32,comun,B,1,349,1564.169099998253
faster_rcnn,FP32,comun,B,1,350,1564.966399993864
faster_rcnn,FP32,comun,B,1,351,1578.6900999955833
faster_rcnn,FP32,comun,B,1,352,1557.254200000898
faster_rcnn,FP32,comun,B,1,353,1564.3481000006432
faster_rcnn,FP32,comun,B,1,354,1561.5360999945551
faster_rcnn,FP32,comun,B,1,355,1564.0524999980698
faster_rcnn,FP32,comun,B,1,356,1561.487799997849
faster_rcnn,FP32,comun,B,1,357,1432.6256000058493
faster_rcnn,FP32,comun,B,1,358,1565.2244000011706
faster_rcnn,FP32,comun,B,1,359,1426.1154999985592
faster_rcnn,FP32,comun,B,1,360,1532.229800002824
faster_rcnn,FP32,comun,B,1,361,1563.9440000013565
faster_rcnn,FP32,comun,B,1,362,1567.766300002404
faster_rcnn,FP32,comun,B,1,363,1585.830600000918
faster_rcnn,FP32,comun,B,1,364,1570.2521999992314
faster_rcnn,FP32,comun,B,1,365,1429.1838999997708
faster_rcnn,FP32,comun,B,1,366,1428.0854999960866
faster_rcnn,FP32,comun,B,1,367,1568.4891999990214
faster_rcnn,FP32,comun,B,1,368,1606.9311000028392
faster_rcnn,FP32,comun,B,1,369,1424.3390999981784
faster_rcnn,FP32,comun,B,1,370,1583.8300999967032
faster_rcnn,FP32,comun,B,1,371,1559.9170999994385
faster_rcnn,FP32,comun,B,1,372,1560.5514999988372
faster_rcnn,FP32,comun,B,1,373,1567.255000001751
faster_rcnn,FP32,comun,A,2,0,1550.3071999992244
faster_rcnn,FP32,comun,A,2,1,1545.1528999983566
faster_rcnn,FP32,comun,A,2,2,1548.1841000000713
faster_rcnn,FP32,comun,A,2,3,1561.4921000014874
faster_rcnn,FP32,comun,A,2,4,1539.4279999964056
faster_rcnn,FP32,comun,A,2,5,1547.4568999998155
faster_rcnn,FP32,comun,A,2,6,1545.4747000039788
faster_rcnn,FP32,comun,A,2,7,1562.0947999996133
faster_rcnn,FP32,comun,A,2,8,1549.3056999985129
faster_rcnn,FP32,comun,A,2,9,1414.1433999975561
faster_rcnn,FP32,comun,A,2,10,1449.7864000004483
faster_rcnn,FP32,comun,A,2,11,1548.494300004677
faster_rcnn,FP32,comun,A,2,12,1565.112299998873
faster_rcnn,FP32,comun,A,2,13,1545.0565999999526
faster_rcnn,FP32,comun,A,2,14,1501.3438999958453
faster_rcnn,FP32,comun,A,2,15,1538.494599997648
faster_rcnn,FP32,comun,A,2,16,1542.6614999960293
faster_rcnn,FP32,comun,A,2,17,1563.5025999945356
faster_rcnn,FP32,comun,A,2,18,1546.4893000025768
faster_rcnn,FP32,comun,A,2,19,1539.204000000609
faster_rcnn,FP32,comun,A,2,20,1543.719000001147
faster_rcnn,FP32,comun,A,2,21,1503.1910000034259
faster_rcnn,FP32,comun,A,2,22,1559.1700000004494
faster_rcnn,FP32,comun,A,2,23,1545.7461999976658
faster_rcnn,FP32,comun,A,2,24,1548.529799998505
faster_rcnn,FP32,comun,A,2,25,1416.866100000334
faster_rcnn,FP32,comun,A,2,26,1544.9068000016268
faster_rcnn,FP32,comun,A,2,27,1545.2121999987867
faster_rcnn,FP32,comun,A,2,28,1489.9611000000732
faster_rcnn,FP32,comun,A,2,29,1547.6745000050869
faster_rcnn,FP32,comun,A,2,30,1540.3625999970245
faster_rcnn,FP32,comun,A,2,31,1539.1130999996676
faster_rcnn,FP32,comun,A,2,32,1546.8101000005845
faster_rcnn,FP32,comun,A,2,33,1568.2053999989876
faster_rcnn,FP32,comun,A,2,34,1418.386899997131
faster_rcnn,FP32,comun,A,2,35,1547.9059999997844
faster_rcnn,FP32,comun,A,2,36,1547.4258000031114
faster_rcnn,FP32,comun,A,2,37,1412.4527999956626
faster_rcnn,FP32,comun,A,2,38,1544.6411000011722
faster_rcnn,FP32,comun,A,2,39,1542.731100002129
faster_rcnn,FP32,comun,A,2,40,1542.3639000000549
faster_rcnn,FP32,comun,A,2,41,1560.8800999980303
faster_rcnn,FP32,comun,A,2,42,1544.8500999991666
faster_rcnn,FP32,comun,A,2,43,1546.2283000015304
faster_rcnn,FP32,comun,A,2,44,1548.4261000019615
faster_rcnn,FP32,comun,A,2,45,1501.848699997936
faster_rcnn,FP32,comun,A,2,46,1545.7633999976679
faster_rcnn,FP32,comun,A,2,47,1409.4397999942885
faster_rcnn,FP32,comun,A,2,48,1545.522799999162
faster_rcnn,FP32,comun,A,2,49,1413.918600002944
faster_rcnn,FP32,comun,A,2,50,1560.438200001954
faster_rcnn,FP32,comun,A,2,51,1497.4703999978374
faster_rcnn,FP32,comun,A,2,52,1510.6463999982225
faster_rcnn,FP32,comun,A,2,53,1561.7017000040505
faster_rcnn,FP32,comun,A,2,54,1548.8026999955764
faster_rcnn,FP32,comun,A,2,55,1540.9190999998827
faster_rcnn,FP32,comun,A,2,56,1545.794500001648
faster_rcnn,FP32,comun,A,2,57,1553.8420000011683
faster_rcnn,FP32,comun,A,2,58,1547.1171000026516
faster_rcnn,FP32,comun,A,2,59,1413.3407999979681
faster_rcnn,FP32,comun,A,2,60,1417.058700004418
faster_rcnn,FP32,comun,A,2,61,1546.2081000005128
faster_rcnn,FP32,comun,A,2,62,1414.4581000000471
faster_rcnn,FP32,comun,A,2,63,1559.907499999099
faster_rcnn,FP32,comun,A,2,64,1562.3147000005702
faster_rcnn,FP32,comun,A,2,65,1545.766499999445
faster_rcnn,FP32,comun,A,2,66,1545.119499998691
faster_rcnn,FP32,comun,A,2,67,1546.3206000058562
faster_rcnn,FP32,comun,A,2,68,1543.2360999984667
faster_rcnn,FP32,comun,A,2,69,1411.637299999711
faster_rcnn,FP32,comun,A,2,70,1542.3759999976028
faster_rcnn,FP32,comun,A,2,71,1494.0662999943015
faster_rcnn,FP32,comun,A,2,72,1558.3984999975655
faster_rcnn,FP32,comun,A,2,73,1544.4267999992007
faster_rcnn,FP32,comun,A,2,74,1546.6655000054743
faster_rcnn,FP32,comun,A,2,75,1547.2905999995419
faster_rcnn,FP32,comun,A,2,76,1547.0437000039965
faster_rcnn,FP32,comun,A,2,77,1191.935699993337
faster_rcnn,FP32,comun,A,2,78,1556.9118999992497
faster_rcnn,FP32,comun,A,2,79,1572.8378999992856
faster_rcnn,FP32,comun,A,2,80,1442.4711000028765
faster_rcnn,FP32,comun,A,2,81,1550.2698999989661
faster_rcnn,FP32,comun,A,2,82,1545.091500003764
faster_rcnn,FP32,comun,A,2,83,1550.9731999991345
faster_rcnn,FP32,comun,A,2,84,1547.2994000010658
faster_rcnn,FP32,comun,A,2,85,1580.7072000025073
faster_rcnn,FP32,comun,A,2,86,1542.065100002219
faster_rcnn,FP32,comun,A,2,87,1544.98969999986
faster_rcnn,FP32,comun,A,2,88,1565.4628999982378
faster_rcnn,FP32,comun,A,2,89,1532.1764999971492
faster_rcnn,FP32,comun,A,2,90,1487.7087999993819
faster_rcnn,FP32,comun,A,2,91,1547.341099998448
faster_rcnn,FP32,comun,A,2,92,1544.8484000007738
faster_rcnn,FP32,comun,A,2,93,1543.4401999955298
faster_rcnn,FP32,comun,A,2,94,1548.129599999811
faster_rcnn,FP32,comun,A,2,95,1451.561199995922
faster_rcnn,FP32,comun,A,2,96,1546.543099997507
faster_rcnn,FP32,comun,A,2,97,1546.0124000019277
faster_rcnn,FP32,comun,A,2,98,1469.2155000011553
faster_rcnn,FP32,comun,A,2,99,1545.3659999984666
faster_rcnn,FP32,comun,A,2,100,1411.11319999618
faster_rcnn,FP32,comun,A,2,101,1561.2122000020463
faster_rcnn,FP32,comun,A,2,102,1566.9364999994286
faster_rcnn,FP32,comun,A,2,103,1545.571899994684
faster_rcnn,FP32,comun,A,2,104,1544.1537000006065
faster_rcnn,FP32,comun,A,2,105,1539.351200000965
faster_rcnn,FP32,comun,A,2,106,1544.7153000059188
faster_rcnn,FP32,comun,A,2,107,1559.776599999168
faster_rcnn,FP32,comun,A,2,108,1412.3305999964941
faster_rcnn,FP32,comun,A,2,109,1546.9976000022143
faster_rcnn,FP32,comun,A,2,110,1413.6136999950395
faster_rcnn,FP32,comun,A,2,111,1553.2726000019466
faster_rcnn,FP32,comun,A,2,112,1543.8035000042873
faster_rcnn,FP32,comun,A,2,113,1415.712900001381
faster_rcnn,FP32,comun,A,2,114,1548.6450000025798
faster_rcnn,FP32,comun,A,2,115,1568.3090000020457
faster_rcnn,FP32,comun,A,2,116,1537.3711000065668
faster_rcnn,FP32,comun,A,2,117,1554.4055999998818
faster_rcnn,FP32,comun,A,2,118,1557.6183000011952
faster_rcnn,FP32,comun,A,2,119,1547.1999000001233
faster_rcnn,FP32,comun,A,2,120,1546.97020000458
faster_rcnn,FP32,comun,A,2,121,1545.0105999989319
faster_rcnn,FP32,comun,A,2,122,1547.2852000020794
faster_rcnn,FP32,comun,A,2,123,1545.3827000019373
faster_rcnn,FP32,comun,A,2,124,1568.0105999999796
faster_rcnn,FP32,comun,A,2,125,1548.114600002009
faster_rcnn,FP32,comun,A,2,126,1543.0979000011575
faster_rcnn,FP32,comun,A,2,127,1549.992400003248
faster_rcnn,FP32,comun,A,2,128,1551.212200000009
faster_rcnn,FP32,comun,A,2,129,1548.3441999967908
faster_rcnn,FP32,comun,A,2,130,1545.039700002235
faster_rcnn,FP32,comun,A,2,131,1548.559999995632
faster_rcnn,FP32,comun,A,2,132,1415.9405999962473
faster_rcnn,FP32,comun,A,2,133,1411.6245999975945
faster_rcnn,FP32,comun,A,2,134,1545.2867000058177
faster_rcnn,FP32,comun,A,2,135,1548.4972999984166
faster_rcnn,FP32,comun,A,2,136,1409.8669000013615
faster_rcnn,FP32,comun,A,2,137,1542.1260000002803
faster_rcnn,FP32,comun,A,2,138,1546.4634999952978
faster_rcnn,FP32,comun,A,2,139,1547.4593000035384
faster_rcnn,FP32,comun,A,2,140,1546.818599999824
faster_rcnn,FP32,comun,A,2,141,1545.9478000047966
faster_rcnn,FP32,comun,A,2,142,1545.5259000009391
faster_rcnn,FP32,comun,A,2,143,1544.5239999971818
faster_rcnn,FP32,comun,A,2,144,1524.7356000036234
faster_rcnn,FP32,comun,A,2,145,1417.470799999137
faster_rcnn,FP32,comun,A,2,146,1546.2266000031377
faster_rcnn,FP32,comun,A,2,147,1554.3746000039391
faster_rcnn,FP32,comun,A,2,148,1553.885799999989
faster_rcnn,FP32,comun,A,2,149,1563.301700000011
faster_rcnn,FP32,comun,A,2,150,1546.611399993708
faster_rcnn,FP32,comun,A,2,151,1545.9857000023476
faster_rcnn,FP32,comun,A,2,152,1566.7261999988114
faster_rcnn,FP32,comun,A,2,153,1543.4545999960392
faster_rcnn,FP32,comun,A,2,154,1546.396799996728
faster_rcnn,FP32,comun,A,2,155,1549.6425999954226
faster_rcnn,FP32,comun,A,2,156,1420.7545000026585
faster_rcnn,FP32,comun,A,2,157,1417.9670000012266
faster_rcnn,FP32,comun,A,2,158,1567.1699000013177
faster_rcnn,FP32,comun,A,2,159,1545.9948999996413
faster_rcnn,FP32,comun,A,2,160,1543.9777999999933
faster_rcnn,FP32,comun,A,2,161,1564.1864999997779
faster_rcnn,FP32,comun,A,2,162,1505.8561999976519
faster_rcnn,FP32,comun,A,2,163,1529.632899997523
faster_rcnn,FP32,comun,A,2,164,1545.3816000008374
faster_rcnn,FP32,comun,A,2,165,1546.3220999954501
faster_rcnn,FP32,comun,A,2,166,1545.107400001143
faster_rcnn,FP32,comun,A,2,167,1413.9907999997376
faster_rcnn,FP32,comun,A,2,168,1568.821199995
faster_rcnn,FP32,comun,A,2,169,1566.1859000028926
faster_rcnn,FP32,comun,A,2,170,1572.3926999999094
faster_rcnn,FP32,comun,A,2,171,1419.1509000011138
faster_rcnn,FP32,comun,A,2,172,1409.4698000044446
faster_rcnn,FP32,comun,A,2,173,1417.163599995547
faster_rcnn,FP32,comun,A,2,174,1546.5261999997892
faster_rcnn,FP32,comun,A,2,175,1549.026300002879
faster_rcnn,FP32,comun,A,2,176,1541.2272000030498
faster_rcnn,FP32,comun,A,2,177,1544.4611999992048
faster_rcnn,FP32,comun,A,2,178,1547.744799994689
faster_rcnn,FP32,comun,A,2,179,1547.4837000001571
faster_rcnn,FP32,comun,A,2,180,1551.295500001288
faster_rcnn,FP32,comun,A,2,181,1541.6441999987
faster_rcnn,FP32,comun,A,2,182,1364.430399997218
faster_rcnn,FP32,comun,A,2,183,1579.6338000000105
faster_rcnn,FP32,comun,A,2,184,1544.7675999967032
faster_rcnn,FP32,comun,A,2,185,1548.66839999886
faster_rcnn,FP32,comun,A,2,186,1547.953300003428
faster_rcnn,FP32,comun,A,2,187,1195.4387000005227
faster_rcnn,FP32,comun,A,2,188,1545.820299994375
faster_rcnn,FP32,comun,A,2,189,1495.8744000032311
faster_rcnn,FP32,comun,A,2,190,1413.745799996832
faster_rcnn,FP32,comun,A,2,191,1546.2429999970482
faster_rcnn,FP32,comun,A,2,192,1546.7598999966867
faster_rcnn,FP32,comun,A,2,193,1555.7300000000396
faster_rcnn,FP32,comun,A,2,194,1542.9546000013943
faster_rcnn,FP32,comun,A,2,195,1550.8742000019993
faster_rcnn,FP32,comun,A,2,196,1417.1888999990188
faster_rcnn,FP32,comun,A,2,197,1418.4116999967955
faster_rcnn,FP32,comun,A,2,198,1442.8287999980967
faster_rcnn,FP32,comun,A,2,199,1557.5420999957714
faster_rcnn,FP32,comun,A,2,200,1558.2838999980595
faster_rcnn,FP32,comun,A,2,201,1543.4591000012006
faster_rcnn,FP32,comun,A,2,202,1548.0128999988665
faster_rcnn,FP32,comun,A,2,203,1426.9526000061887
faster_rcnn,FP32,comun,A,2,204,1417.154599999776
faster_rcnn,FP32,comun,A,2,205,1551.70889999863
faster_rcnn,FP32,comun,A,2,206,1545.1028000024962
faster_rcnn,FP32,comun,A,2,207,1499.8915999967721
faster_rcnn,FP32,comun,A,2,208,1543.8954999990528
faster_rcnn,FP32,comun,A,2,209,1449.3160999991233
faster_rcnn,FP32,comun,A,2,210,1414.7377000044798
faster_rcnn,FP32,comun,A,2,211,1550.2434000009089
faster_rcnn,FP32,comun,A,2,212,1550.515999995696
faster_rcnn,FP32,comun,A,2,213,1543.8255999979447
faster_rcnn,FP32,comun,A,2,214,1559.2278000040096
faster_rcnn,FP32,comun,A,2,215,1552.029099999345
faster_rcnn,FP32,comun,A,2,216,1413.5467000014614
faster_rcnn,FP32,comun,A,2,217,1414.0000999977929
faster_rcnn,FP32,comun,A,2,218,1549.309699999867
faster_rcnn,FP32,comun,A,2,219,1549.6033000017633
faster_rcnn,FP32,comun,A,2,220,1542.8657000011299
faster_rcnn,FP32,comun,A,2,221,1543.587000000116
faster_rcnn,FP32,comun,A,2,222,1412.2117000006256
faster_rcnn,FP32,comun,A,2,223,1546.769000000495
faster_rcnn,FP32,comun,A,2,224,1550.1857999988715
faster_rcnn,FP32,comun,A,2,225,1415.242600000056
faster_rcnn,FP32,comun,A,2,226,1549.3529999948805
faster_rcnn,FP32,comun,A,2,227,1557.786400000623
faster_rcnn,FP32,comun,A,2,228,1413.8383000026806
faster_rcnn,FP32,comun,A,2,229,1543.830299997353
faster_rcnn,FP32,comun,A,2,230,1238.6130999948364
faster_rcnn,FP32,comun,A,2,231,1197.9143999997177
faster_rcnn,FP32,comun,A,2,232,1551.8522999991546
faster_rcnn,FP32,comun,A,2,233,1544.5752000014181
faster_rcnn,FP32,comun,A,2,234,1501.4357999971253
faster_rcnn,FP32,comun,A,2,235,1544.2838000017218
faster_rcnn,FP32,comun,A,2,236,1492.2335000010207
faster_rcnn,FP32,comun,A,2,237,1563.3650000017951
faster_rcnn,FP32,comun,A,2,238,1541.742500005057
faster_rcnn,FP32,comun,A,2,239,1545.0218999976641
faster_rcnn,FP32,comun,A,2,240,1550.1803000006475
faster_rcnn,FP32,comun,A,2,241,1516.9800000003306
faster_rcnn,FP32,comun,A,2,242,1562.0388000024832
faster_rcnn,FP32,comun,A,2,243,1416.1634999982198
faster_rcnn,FP32,comun,A,2,244,1325.2023000022746
faster_rcnn,FP32,comun,A,2,245,1569.2176000011386
faster_rcnn,FP32,comun,A,2,246,1544.004399998812
faster_rcnn,FP32,comun,A,2,247,1546.4793999999529
faster_rcnn,FP32,comun,A,2,248,1350.5852000016603
faster_rcnn,FP32,comun,A,2,249,1543.3042000004207
faster_rcnn,FP32,comun,A,2,250,1545.561799997813
faster_rcnn,FP32,comun,A,2,251,1502.8136999972048
faster_rcnn,FP32,comun,A,2,252,1568.3413999940967
faster_rcnn,FP32,comun,A,2,253,1344.6395999999368
faster_rcnn,FP32,comun,A,2,254,1564.456700005394
faster_rcnn,FP32,comun,A,2,255,1543.357599999581
faster_rcnn,FP32,comun,A,2,256,1542.6128000035533
faster_rcnn,FP32,comun,A,2,257,1560.7754000011482
faster_rcnn,FP32,comun,A,2,258,1546.7780999970273
faster_rcnn,FP32,comun,A,2,259,1417.0089999970514
faster_rcnn,FP32,comun,A,2,260,1547.2153999944567
faster_rcnn,FP32,comun,A,2,261,1547.6611999984016
faster_rcnn,FP32,comun,A,2,262,1545.0975999992806
faster_rcnn,FP32,comun,A,2,263,1547.3877000040375
faster_rcnn,FP32,comun,A,2,264,1553.2124999954249
faster_rcnn,FP32,comun,A,2,265,1511.6172999987612
faster_rcnn,FP32,comun,A,2,266,1509.1275999948266
faster_rcnn,FP32,comun,A,2,267,1411.8339999986347
faster_rcnn,FP32,comun,A,2,268,1549.57899999863
faster_rcnn,FP32,comun,A,2,269,1545.6696999972337
faster_rcnn,FP32,comun,A,2,270,1541.5953999981866
faster_rcnn,FP32,comun,A,2,271,1550.207499996759
faster_rcnn,FP32,comun,A,2,272,1568.2792000006884
faster_rcnn,FP32,comun,A,2,273,1546.5758999998798
faster_rcnn,FP32,comun,A,2,274,1567.7194999952917
faster_rcnn,FP32,comun,A,2,275,1555.118999996921
faster_rcnn,FP32,comun,A,2,276,1547.2527999954764
faster_rcnn,FP32,comun,A,2,277,1543.837600002007
faster_rcnn,FP32,comun,A,2,278,1540.255599997181
faster_rcnn,FP32,comun,A,2,279,1548.4426999973948
faster_rcnn,FP32,comun,A,2,280,1545.0906999976723
faster_rcnn,FP32,comun,A,2,281,1553.5355000029085
faster_rcnn,FP32,comun,A,2,282,1408.0156000054558
faster_rcnn,FP32,comun,A,2,283,1540.072499999951
faster_rcnn,FP32,comun,A,2,284,1532.4800000016694
faster_rcnn,FP32,comun,A,2,285,1540.839600005711
faster_rcnn,FP32,comun,A,2,286,1567.3229999956675
faster_rcnn,FP32,comun,A,2,287,1550.0329000060447
faster_rcnn,FP32,comun,A,2,288,1512.0096000027843
faster_rcnn,FP32,comun,A,2,289,1549.2812000011327
faster_rcnn,FP32,comun,A,2,290,1547.3276999982772
faster_rcnn,FP32,comun,A,2,291,1541.9484000012744
faster_rcnn,FP32,comun,A,2,292,1549.9860999989323
faster_rcnn,FP32,comun,A,2,293,1540.5768000055104
faster_rcnn,FP32,comun,A,2,294,1536.3395999956992
faster_rcnn,FP32,comun,A,2,295,1548.2953999962774
faster_rcnn,FP32,comun,A,2,296,1538.0754999932833
faster_rcnn,FP32,comun,A,2,297,1428.6556000006385
faster_rcnn,FP32,comun,A,2,298,1547.007000001031
faster_rcnn,FP32,comun,A,2,299,1549.1968999995152
faster_rcnn,FP32,comun,A,2,300,1550.0073000002885
faster_rcnn,FP32,comun,A,2,301,1547.30670000572
faster_rcnn,FP32,comun,A,2,302,1545.6909999993513
faster_rcnn,FP32,comun,A,2,303,1544.5141000018339
faster_rcnn,FP32,comun,A,2,304,1536.5167000054498
faster_rcnn,FP32,comun,A,2,305,1539.7530999980518
faster_rcnn,FP32,comun,A,2,306,1547.5869000001694
faster_rcnn,FP32,comun,A,2,307,1411.9919000004302
faster_rcnn,FP32,comun,A,2,308,1546.7749999952503
faster_rcnn,FP32,comun,A,2,309,1562.8283999976702
faster_rcnn,FP32,comun,A,2,310,1491.3142000004882
faster_rcnn,FP32,comun,A,2,311,1413.9372999998159
faster_rcnn,FP32,comun,A,2,312,1546.8376999997417
faster_rcnn,FP32,comun,A,2,313,1544.1922000027262
faster_rcnn,FP32,comun,A,2,314,1546.4548999952967
faster_rcnn,FP32,comun,A,2,315,1543.0449999985285
faster_rcnn,FP32,comun,A,2,316,1417.3798999981955
faster_rcnn,FP32,comun,A,2,317,1547.0937999998569
faster_rcnn,FP32,comun,A,2,318,1417.041300002893
faster_rcnn,FP32,comun,A,2,319,1435.85709999752
faster_rcnn,FP32,comun,A,2,320,1569.6450999967055
faster_rcnn,FP32,comun,A,2,321,1545.8870000002207
faster_rcnn,FP32,comun,A,2,322,1419.712900002196
faster_rcnn,FP32,comun,A,2,323,1543.3182000051602
faster_rcnn,FP32,comun,A,2,324,1543.0750999948941
faster_rcnn,FP32,comun,A,2,325,1546.303799994348
faster_rcnn,FP32,comun,A,2,326,1445.3499000010197
faster_rcnn,FP32,comun,A,2,327,1568.192699996871
faster_rcnn,FP32,comun,A,2,328,1418.373900000006
faster_rcnn,FP32,comun,A,2,329,1550.6255000000237
faster_rcnn,FP32,comun,A,2,330,1408.1734999999753
faster_rcnn,FP32,comun,A,2,331,1541.279700002633
faster_rcnn,FP32,comun,A,2,332,1545.4346000042278
faster_rcnn,FP32,comun,A,2,333,1549.024299994926
faster_rcnn,FP32,comun,A,2,334,1541.749099997105
faster_rcnn,FP32,comun,A,2,335,1548.1552999990527
faster_rcnn,FP32,comun,A,2,336,1414.0136999994866
faster_rcnn,FP32,comun,A,2,337,1547.7676000009524
faster_rcnn,FP32,comun,A,2,338,1544.2064000017126
faster_rcnn,FP32,comun,A,2,339,1504.7153999985312
faster_rcnn,FP32,comun,A,2,340,1565.817100003187
faster_rcnn,FP32,comun,A,2,341,1415.8115000027465
faster_rcnn,FP32,comun,A,2,342,1491.3201999952435
faster_rcnn,FP32,comun,A,2,343,1545.3092999960063
faster_rcnn,FP32,comun,A,2,344,1415.6896999993478
faster_rcnn,FP32,comun,A,2,345,1413.3453000031295
faster_rcnn,FP32,comun,A,2,346,1545.760800006974
faster_rcnn,FP32,comun,A,2,347,1549.3810000043595
faster_rcnn,FP32,comun,A,2,348,1567.2554999982822
faster_rcnn,FP32,comun,A,2,349,1544.5093999951496
faster_rcnn,FP32,comun,A,2,350,1542.6063999984763
faster_rcnn,FP32,comun,A,2,351,1560.4315999953542
faster_rcnn,FP32,comun,A,2,352,1540.4063999958453
faster_rcnn,FP32,comun,A,2,353,1543.8155999945593
faster_rcnn,FP32,comun,A,2,354,1544.0405000044848
faster_rcnn,FP32,comun,A,2,355,1545.4982000010205
faster_rcnn,FP32,comun,A,2,356,1543.666999998095
faster_rcnn,FP32,comun,A,2,357,1415.0959000035073
faster_rcnn,FP32,comun,A,2,358,1545.2738000021782
faster_rcnn,FP32,comun,A,2,359,1413.631199997326
faster_rcnn,FP32,comun,A,2,360,1516.0592000029283
faster_rcnn,FP32,comun,A,2,361,1550.0840000022436
faster_rcnn,FP32,comun,A,2,362,1543.6358000006294
faster_rcnn,FP32,comun,A,2,363,1556.7215999981272
faster_rcnn,FP32,comun,A,2,364,1549.317400000291
faster_rcnn,FP32,comun,A,2,365,1412.5615000011749
faster_rcnn,FP32,comun,A,2,366,1417.8246000010404
faster_rcnn,FP32,comun,A,2,367,1548.6462999979267
faster_rcnn,FP32,comun,A,2,368,1580.827700003283
faster_rcnn,FP32,comun,A,2,369,1408.9461999974446
faster_rcnn,FP32,comun,A,2,370,1570.757900000899
faster_rcnn,FP32,comun,A,2,371,1540.3121999988798
faster_rcnn,FP32,comun,A,2,372,1543.3854000002611
faster_rcnn,FP32,comun,A,2,373,1548.525599995628
faster_rcnn,FP32,comun,B,2,0,1570.3203000011854
faster_rcnn,FP32,comun,B,2,1,1560.7727999959025
faster_rcnn,FP32,comun,B,2,2,1567.3850000021048
faster_rcnn,FP32,comun,B,2,3,1584.4221000006655
faster_rcnn,FP32,comun,B,2,4,1555.2556000038749
faster_rcnn,FP32,comun,B,2,5,1563.5110999937751
faster_rcnn,FP32,comun,B,2,6,1563.006399999722
faster_rcnn,FP32,comun,B,2,7,1580.3565999958664
faster_rcnn,FP32,comun,B,2,8,1567.7893000029144
faster_rcnn,FP32,comun,B,2,9,1429.0085000029649
faster_rcnn,FP32,comun,B,2,10,1469.8938000001363
faster_rcnn,FP32,comun,B,2,11,1567.0662999982596
faster_rcnn,FP32,comun,B,2,12,1584.9824999968405
faster_rcnn,FP32,comun,B,2,13,1562.2727000009036
faster_rcnn,FP32,comun,B,2,14,1520.8442000002833
faster_rcnn,FP32,comun,B,2,15,1559.2825999992783
faster_rcnn,FP32,comun,B,2,16,1562.2436000048765
faster_rcnn,FP32,comun,B,2,17,1583.4659000029205
faster_rcnn,FP32,comun,B,2,18,1570.0480000014068
faster_rcnn,FP32,comun,B,2,19,1559.8895000002813
faster_rcnn,FP32,comun,B,2,20,1567.1056999999564
faster_rcnn,FP32,comun,B,2,21,1521.557899999607
faster_rcnn,FP32,comun,B,2,22,1578.447400002915
faster_rcnn,FP32,comun,B,2,23,1572.063400002662
faster_rcnn,FP32,comun,B,2,24,1575.9535000033793
faster_rcnn,FP32,comun,B,2,25,1432.564700000512
faster_rcnn,FP32,comun,B,2,26,1561.2578999935067
faster_rcnn,FP32,comun,B,2,27,1564.1344000032404
faster_rcnn,FP32,comun,B,2,28,1504.9084999991464
faster_rcnn,FP32,comun,B,2,29,1565.4026999982307
faster_rcnn,FP32,comun,B,2,30,1561.724699997285
faster_rcnn,FP32,comun,B,2,31,1559.8138000059407
faster_rcnn,FP32,comun,B,2,32,1564.216699996905
faster_rcnn,FP32,comun,B,2,33,1583.731299993815
faster_rcnn,FP32,comun,B,2,34,1434.1268000061973
faster_rcnn,FP32,comun,B,2,35,1564.465100003872
faster_rcnn,FP32,comun,B,2,36,1566.0719000006793
faster_rcnn,FP32,comun,B,2,37,1429.6609000011813
faster_rcnn,FP32,comun,B,2,38,1563.1875000035507
faster_rcnn,FP32,comun,B,2,39,1556.0375999993994
faster_rcnn,FP32,comun,B,2,40,1562.096699999529
faster_rcnn,FP32,comun,B,2,41,1577.0774000047822
faster_rcnn,FP32,comun,B,2,42,1566.6070000006584
faster_rcnn,FP32,comun,B,2,43,1565.5415000001085
faster_rcnn,FP32,comun,B,2,44,1564.0907000051811
faster_rcnn,FP32,comun,B,2,45,1519.1529000003356
faster_rcnn,FP32,comun,B,2,46,1566.3292999961413
faster_rcnn,FP32,comun,B,2,47,1424.9543999976595
faster_rcnn,FP32,comun,B,2,48,1561.0161000004155
faster_rcnn,FP32,comun,B,2,49,1428.6336000004667
faster_rcnn,FP32,comun,B,2,50,1575.641399998858
faster_rcnn,FP32,comun,B,2,51,1517.6309000016772
faster_rcnn,FP32,comun,B,2,52,1526.558899997326
faster_rcnn,FP32,comun,B,2,53,1582.9691000035382
faster_rcnn,FP32,comun,B,2,54,1567.4378999974579
faster_rcnn,FP32,comun,B,2,55,1560.0402999989456
faster_rcnn,FP32,comun,B,2,56,1563.4683000025689
faster_rcnn,FP32,comun,B,2,57,1566.7764999961946
faster_rcnn,FP32,comun,B,2,58,1562.788700000965
faster_rcnn,FP32,comun,B,2,59,1430.063699997845
faster_rcnn,FP32,comun,B,2,60,1431.0077000045567
faster_rcnn,FP32,comun,B,2,61,1567.990000003192
faster_rcnn,FP32,comun,B,2,62,1436.4611999990302
faster_rcnn,FP32,comun,B,2,63,1577.1189000006416
faster_rcnn,FP32,comun,B,2,64,1580.760700002429
faster_rcnn,FP32,comun,B,2,65,1564.6248999983072
faster_rcnn,FP32,comun,B,2,66,1561.0996999967028
faster_rcnn,FP32,comun,B,2,67,1565.6208000000333
faster_rcnn,FP32,comun,B,2,68,1562.2184000021662
faster_rcnn,FP32,comun,B,2,69,1430.5667000007816
faster_rcnn,FP32,comun,B,2,70,1562.205599999288
faster_rcnn,FP32,comun,B,2,71,1511.3552999973763
faster_rcnn,FP32,comun,B,2,72,1575.793900003191
faster_rcnn,FP32,comun,B,2,73,1562.809399998514
faster_rcnn,FP32,comun,B,2,74,1565.768400003435
faster_rcnn,FP32,comun,B,2,75,1568.213200000173
faster_rcnn,FP32,comun,B,2,76,1561.70839999686
faster_rcnn,FP32,comun,B,2,77,1218.0998000039835
faster_rcnn,FP32,comun,B,2,78,1575.7472000041162
faster_rcnn,FP32,comun,B,2,79,1588.9872999978252
faster_rcnn,FP32,comun,B,2,80,1451.7085999978008
faster_rcnn,FP32,comun,B,2,81,1570.0757000013255
faster_rcnn,FP32,comun,B,2,82,1566.0324999989825
faster_rcnn,FP32,comun,B,2,83,1569.4464999978663
faster_rcnn,FP32,comun,B,2,84,1566.7612999968696
faster_rcnn,FP32,comun,B,2,85,1600.1285999955144
faster_rcnn,FP32,comun,B,2,86,1560.4613999967114
faster_rcnn,FP32,comun,B,2,87,1562.6440000050934
faster_rcnn,FP32,comun,B,2,88,1583.20129999629
faster_rcnn,FP32,comun,B,2,89,1550.6793000022299
faster_rcnn,FP32,comun,B,2,90,1503.6843999987468
faster_rcnn,FP32,comun,B,2,91,1566.6098000001512
faster_rcnn,FP32,comun,B,2,92,1563.6133000007248
faster_rcnn,FP32,comun,B,2,93,1558.8805000006687
faster_rcnn,FP32,comun,B,2,94,1568.82520000363
faster_rcnn,FP32,comun,B,2,95,1472.5623999984236
faster_rcnn,FP32,comun,B,2,96,1564.189600001555
faster_rcnn,FP32,comun,B,2,97,1565.1704000047175
faster_rcnn,FP32,comun,B,2,98,1488.3648000031826
faster_rcnn,FP32,comun,B,2,99,1562.652500004333
faster_rcnn,FP32,comun,B,2,100,1428.858199993556
faster_rcnn,FP32,comun,B,2,101,1579.2852000013227
faster_rcnn,FP32,comun,B,2,102,1585.312300005171
faster_rcnn,FP32,comun,B,2,103,1558.4101999993436
faster_rcnn,FP32,comun,B,2,104,1560.5176000026404
faster_rcnn,FP32,comun,B,2,105,1561.2604999987525
faster_rcnn,FP32,comun,B,2,106,1564.394799999718
faster_rcnn,FP32,comun,B,2,107,1580.6176999976742
faster_rcnn,FP32,comun,B,2,108,1427.2157000013976
faster_rcnn,FP32,comun,B,2,109,1565.7958000010694
faster_rcnn,FP32,comun,B,2,110,1428.7925999960862
faster_rcnn,FP32,comun,B,2,111,1573.1081999983871
faster_rcnn,FP32,comun,B,2,112,1562.9670999987866
faster_rcnn,FP32,comun,B,2,113,1433.7200000009034
faster_rcnn,FP32,comun,B,2,114,1567.8432999993674
faster_rcnn,FP32,comun,B,2,115,1584.9397999991197
faster_rcnn,FP32,comun,B,2,116,1557.419700002356
faster_rcnn,FP32,comun,B,2,117,1572.714599999017
faster_rcnn,FP32,comun,B,2,118,1572.1679999987828
faster_rcnn,FP32,comun,B,2,119,1567.6063999999315
faster_rcnn,FP32,comun,B,2,120,1564.7222000043257
faster_rcnn,FP32,comun,B,2,121,1562.3937000054866
faster_rcnn,FP32,comun,B,2,122,1568.7762999950792
faster_rcnn,FP32,comun,B,2,123,1561.773199995514
faster_rcnn,FP32,comun,B,2,124,1586.0625999994227
faster_rcnn,FP32,comun,B,2,125,1568.3455999969738
faster_rcnn,FP32,comun,B,2,126,1559.913900004176
faster_rcnn,FP32,comun,B,2,127,1567.3095000020112
faster_rcnn,FP32,comun,B,2,128,1567.0262999992701
faster_rcnn,FP32,comun,B,2,129,1567.786999999953
faster_rcnn,FP32,comun,B,2,130,1567.4897000062629
faster_rcnn,FP32,comun,B,2,131,1567.8893000003882
faster_rcnn,FP32,comun,B,2,132,1431.8825000009383
faster_rcnn,FP32,comun,B,2,133,1428.3756999939214
faster_rcnn,FP32,comun,B,2,134,1563.8875999939046
faster_rcnn,FP32,comun,B,2,135,1561.8796999988263
faster_rcnn,FP32,comun,B,2,136,1432.810000005702
faster_rcnn,FP32,comun,B,2,137,1554.7565999950166
faster_rcnn,FP32,comun,B,2,138,1562.718400004087
faster_rcnn,FP32,comun,B,2,139,1563.800000003539
faster_rcnn,FP32,comun,B,2,140,1579.4994000025326
faster_rcnn,FP32,comun,B,2,141,1564.0934999973979
faster_rcnn,FP32,comun,B,2,142,1567.2225000016624
faster_rcnn,FP32,comun,B,2,143,1560.3787000000011
faster_rcnn,FP32,comun,B,2,144,1551.985899997817
faster_rcnn,FP32,comun,B,2,145,1433.2629999989877
faster_rcnn,FP32,comun,B,2,146,1571.778900004574
faster_rcnn,FP32,comun,B,2,147,1580.6143000008888
faster_rcnn,FP32,comun,B,2,148,1577.4273999995785
faster_rcnn,FP32,comun,B,2,149,1583.6458999983734
faster_rcnn,FP32,comun,B,2,150,1564.4323999949847
faster_rcnn,FP32,comun,B,2,151,1568.1322000018554
faster_rcnn,FP32,comun,B,2,152,1585.5337000029976
faster_rcnn,FP32,comun,B,2,153,1558.937399997376
faster_rcnn,FP32,comun,B,2,154,1565.2770000015153
faster_rcnn,FP32,comun,B,2,155,1566.013199997542
faster_rcnn,FP32,comun,B,2,156,1439.0174000000115
faster_rcnn,FP32,comun,B,2,157,1435.5721000029007
faster_rcnn,FP32,comun,B,2,158,1586.0666000007768
faster_rcnn,FP32,comun,B,2,159,1563.5922999936156
faster_rcnn,FP32,comun,B,2,160,1563.8200000030338
faster_rcnn,FP32,comun,B,2,161,1583.6003000003984
faster_rcnn,FP32,comun,B,2,162,1523.2641000038711
faster_rcnn,FP32,comun,B,2,163,1547.9530999946292
faster_rcnn,FP32,comun,B,2,164,1559.5290999990539
faster_rcnn,FP32,comun,B,2,165,1567.5298999994993
faster_rcnn,FP32,comun,B,2,166,1565.1472000026843
faster_rcnn,FP32,comun,B,2,167,1427.0558999996865
faster_rcnn,FP32,comun,B,2,168,1588.2569000023068
faster_rcnn,FP32,comun,B,2,169,1585.9192999996594
faster_rcnn,FP32,comun,B,2,170,1588.3920999986003
faster_rcnn,FP32,comun,B,2,171,1435.1917000021785
faster_rcnn,FP32,comun,B,2,172,1426.3887999986764
faster_rcnn,FP32,comun,B,2,173,1429.7002000021166
faster_rcnn,FP32,comun,B,2,174,1566.553800003021
faster_rcnn,FP32,comun,B,2,175,1565.3170000005048
faster_rcnn,FP32,comun,B,2,176,1558.320600001025
faster_rcnn,FP32,comun,B,2,177,1564.893499999016
faster_rcnn,FP32,comun,B,2,178,1565.5771999954595
faster_rcnn,FP32,comun,B,2,179,1570.5796999973245
faster_rcnn,FP32,comun,B,2,180,1573.156900005415
faster_rcnn,FP32,comun,B,2,181,1562.2407000046223
faster_rcnn,FP32,comun,B,2,182,1380.7831999947666
faster_rcnn,FP32,comun,B,2,183,1605.8291000008467
faster_rcnn,FP32,comun,B,2,184,1564.1996999984258
faster_rcnn,FP32,comun,B,2,185,1565.1795000012498
faster_rcnn,FP32,comun,B,2,186,1562.6353999978164
faster_rcnn,FP32,comun,B,2,187,1222.4941000022227
faster_rcnn,FP32,comun,B,2,188,1564.414399996167
faster_rcnn,FP32,comun,B,2,189,1518.3084000018425
faster_rcnn,FP32,comun,B,2,190,1424.3445999964024
faster_rcnn,FP32,comun,B,2,191,1563.0686000004061
faster_rcnn,FP32,comun,B,2,192,1565.112100004626
faster_rcnn,FP32,comun,B,2,193,1573.3773999963887
faster_rcnn,FP32,comun,B,2,194,1563.68669999938
faster_rcnn,FP32,comun,B,2,195,1567.9682999980287
faster_rcnn,FP32,comun,B,2,196,1433.672299994214
faster_rcnn,FP32,comun,B,2,197,1434.1337999940151
faster_rcnn,FP32,comun,B,2,198,1447.550400000182
faster_rcnn,FP32,comun,B,2,199,1565.7460000002175
faster_rcnn,FP32,comun,B,2,200,1576.653800002532
faster_rcnn,FP32,comun,B,2,201,1560.3506000043126
faster_rcnn,FP32,comun,B,2,202,1567.738099998678
faster_rcnn,FP32,comun,B,2,203,1434.0171000003465
faster_rcnn,FP32,comun,B,2,204,1430.716000002576
faster_rcnn,FP32,comun,B,2,205,1568.6438999982784
faster_rcnn,FP32,comun,B,2,206,1564.4670000037877
faster_rcnn,FP32,comun,B,2,207,1508.823800002574
faster_rcnn,FP32,comun,B,2,208,1565.0585000039428
faster_rcnn,FP32,comun,B,2,209,1472.2295999963535
faster_rcnn,FP32,comun,B,2,210,1432.478299997456
faster_rcnn,FP32,comun,B,2,211,1567.4856999976328
faster_rcnn,FP32,comun,B,2,212,1563.1059000006644
faster_rcnn,FP32,comun,B,2,213,1563.2211999982246
faster_rcnn,FP32,comun,B,2,214,1580.1990000036312
faster_rcnn,FP32,comun,B,2,215,1566.2559000047622
faster_rcnn,FP32,comun,B,2,216,1429.274499998428
faster_rcnn,FP32,comun,B,2,217,1430.3905999986455
faster_rcnn,FP32,comun,B,2,218,1569.4435999976122
faster_rcnn,FP32,comun,B,2,219,1567.5764999978128
faster_rcnn,FP32,comun,B,2,220,1564.0924000035739
faster_rcnn,FP32,comun,B,2,221,1562.6577000002726
faster_rcnn,FP32,comun,B,2,222,1430.229199999303
faster_rcnn,FP32,comun,B,2,223,1561.4514999979292
faster_rcnn,FP32,comun,B,2,224,1567.2724999967613
faster_rcnn,FP32,comun,B,2,225,1431.9848000013735
faster_rcnn,FP32,comun,B,2,226,1566.076900002372
faster_rcnn,FP32,comun,B,2,227,1579.108099998848
faster_rcnn,FP32,comun,B,2,228,1427.9507999963243
faster_rcnn,FP32,comun,B,2,229,1562.3250999997254
faster_rcnn,FP32,comun,B,2,230,1253.8806999946246
faster_rcnn,FP32,comun,B,2,231,1217.2299000012572
faster_rcnn,FP32,comun,B,2,232,1568.9197000028798
faster_rcnn,FP32,comun,B,2,233,1561.238800000865
faster_rcnn,FP32,comun,B,2,234,1523.132700000133
faster_rcnn,FP32,comun,B,2,235,1565.7546000002185
faster_rcnn,FP32,comun,B,2,236,1502.9575000007753
faster_rcnn,FP32,comun,B,2,237,1584.3993999951635
faster_rcnn,FP32,comun,B,2,238,1558.2801999989897
faster_rcnn,FP32,comun,B,2,239,1567.315199994482
faster_rcnn,FP32,comun,B,2,240,1568.5383000018192
faster_rcnn,FP32,comun,B,2,241,1533.3296999961021
faster_rcnn,FP32,comun,B,2,242,1579.9502000008943
faster_rcnn,FP32,comun,B,2,243,1432.1001999996952
faster_rcnn,FP32,comun,B,2,244,1347.9527000017697
faster_rcnn,FP32,comun,B,2,245,1587.6878999988548
faster_rcnn,FP32,comun,B,2,246,1563.9196000047377
faster_rcnn,FP32,comun,B,2,247,1563.6807999981102
faster_rcnn,FP32,comun,B,2,248,1363.4531999996398
faster_rcnn,FP32,comun,B,2,249,1563.3522999996785
faster_rcnn,FP32,comun,B,2,250,1562.10199999623
faster_rcnn,FP32,comun,B,2,251,1520.2351999978418
faster_rcnn,FP32,comun,B,2,252,1586.0176000060164
faster_rcnn,FP32,comun,B,2,253,1360.2054999937536
faster_rcnn,FP32,comun,B,2,254,1578.6597999976948
faster_rcnn,FP32,comun,B,2,255,1564.067499995872
faster_rcnn,FP32,comun,B,2,256,1561.0568999982206
faster_rcnn,FP32,comun,B,2,257,1580.7010999997146
faster_rcnn,FP32,comun,B,2,258,1562.6776999997674
faster_rcnn,FP32,comun,B,2,259,1430.612000003748
faster_rcnn,FP32,comun,B,2,260,1563.6044000057154
faster_rcnn,FP32,comun,B,2,261,1566.134400003648
faster_rcnn,FP32,comun,B,2,262,1565.9392000015941
faster_rcnn,FP32,comun,B,2,263,1564.6611000047415
faster_rcnn,FP32,comun,B,2,264,1572.573299999931
faster_rcnn,FP32,comun,B,2,265,1535.651300000609
faster_rcnn,FP32,comun,B,2,266,1525.6857999993372
faster_rcnn,FP32,comun,B,2,267,1429.136099999596
faster_rcnn,FP32,comun,B,2,268,1567.7130999974906
faster_rcnn,FP32,comun,B,2,269,1560.9941000002436
faster_rcnn,FP32,comun,B,2,270,1562.6970999946934
faster_rcnn,FP32,comun,B,2,271,1565.2310000004945
faster_rcnn,FP32,comun,B,2,272,1587.7357000063057
faster_rcnn,FP32,comun,B,2,273,1565.424799999164
faster_rcnn,FP32,comun,B,2,274,1583.5472000035224
faster_rcnn,FP32,comun,B,2,275,1576.1216999962926
faster_rcnn,FP32,comun,B,2,276,1571.9399000008707
faster_rcnn,FP32,comun,B,2,277,1570.2126000032877
faster_rcnn,FP32,comun,B,2,278,1558.1911999979638
faster_rcnn,FP32,comun,B,2,279,1566.667499995674
faster_rcnn,FP32,comun,B,2,280,1564.1222999984166
faster_rcnn,FP32,comun,B,2,281,1573.5607000024174
faster_rcnn,FP32,comun,B,2,282,1426.210900004662
faster_rcnn,FP32,comun,B,2,283,1557.363499996427
faster_rcnn,FP32,comun,B,2,284,1556.6846000001533
faster_rcnn,FP32,comun,B,2,285,1561.4484999969136
faster_rcnn,FP32,comun,B,2,286,1584.009199999855
faster_rcnn,FP32,comun,B,2,287,1566.4012000052026
faster_rcnn,FP32,comun,B,2,288,1525.1505999985966
faster_rcnn,FP32,comun,B,2,289,1568.3774999997695
faster_rcnn,FP32,comun,B,2,290,1568.5621000011452
faster_rcnn,FP32,comun,B,2,291,1564.994199994544
faster_rcnn,FP32,comun,B,2,292,1567.0605999985128
faster_rcnn,FP32,comun,B,2,293,1560.9048999976949
faster_rcnn,FP32,comun,B,2,294,1559.1140000033192
faster_rcnn,FP32,comun,B,2,295,1566.4130999939516
faster_rcnn,FP32,comun,B,2,296,1559.5143000027747
faster_rcnn,FP32,comun,B,2,297,1447.567600000184
faster_rcnn,FP32,comun,B,2,298,1562.010299996473
faster_rcnn,FP32,comun,B,2,299,1564.5864000034635
faster_rcnn,FP32,comun,B,2,300,1564.9456000028295
faster_rcnn,FP32,comun,B,2,301,1567.7693000034196
faster_rcnn,FP32,comun,B,2,302,1560.941499999899
faster_rcnn,FP32,comun,B,2,303,1566.4468000031775
faster_rcnn,FP32,comun,B,2,304,1555.5318999977317
faster_rcnn,FP32,comun,B,2,305,1560.2885999978753
faster_rcnn,FP32,comun,B,2,306,1563.569700003427
faster_rcnn,FP32,comun,B,2,307,1430.6464000037522
faster_rcnn,FP32,comun,B,2,308,1569.4030999948154
faster_rcnn,FP32,comun,B,2,309,1601.5228000032948
faster_rcnn,FP32,comun,B,2,310,1500.7264000014402
faster_rcnn,FP32,comun,B,2,311,1431.104299997969
faster_rcnn,FP32,comun,B,2,312,1566.0648999983096
faster_rcnn,FP32,comun,B,2,313,1561.607899995579
faster_rcnn,FP32,comun,B,2,314,1565.5200999972294
faster_rcnn,FP32,comun,B,2,315,1559.934400000202
faster_rcnn,FP32,comun,B,2,316,1432.8487000020687
faster_rcnn,FP32,comun,B,2,317,1563.371800002642
faster_rcnn,FP32,comun,B,2,318,1432.1955000050366
faster_rcnn,FP32,comun,B,2,319,1449.3374999947264
faster_rcnn,FP32,comun,B,2,320,1588.9256999944337
faster_rcnn,FP32,comun,B,2,321,1565.7333999988623
faster_rcnn,FP32,comun,B,2,322,1435.8036000048742
faster_rcnn,FP32,comun,B,2,323,1561.9659000003594
faster_rcnn,FP32,comun,B,2,324,1564.472999998543
faster_rcnn,FP32,comun,B,2,325,1563.7497000061558
faster_rcnn,FP32,comun,B,2,326,1461.0238000022946
faster_rcnn,FP32,comun,B,2,327,1585.0001999933738
faster_rcnn,FP32,comun,B,2,328,1435.7399000000441
faster_rcnn,FP32,comun,B,2,329,1566.352599998936
faster_rcnn,FP32,comun,B,2,330,1424.0346000005957
faster_rcnn,FP32,comun,B,2,331,1562.809200004267
faster_rcnn,FP32,comun,B,2,332,1563.8754000028712
faster_rcnn,FP32,comun,B,2,333,1567.2723000025144
faster_rcnn,FP32,comun,B,2,334,1561.8052000063471
faster_rcnn,FP32,comun,B,2,335,1564.7037000017008
faster_rcnn,FP32,comun,B,2,336,1428.3299000016996
faster_rcnn,FP32,comun,B,2,337,1562.9870999982813
faster_rcnn,FP32,comun,B,2,338,1563.4027000050992
faster_rcnn,FP32,comun,B,2,339,1522.8084999980638
faster_rcnn,FP32,comun,B,2,340,1581.6441999995732
faster_rcnn,FP32,comun,B,2,341,1430.4443000000902
faster_rcnn,FP32,comun,B,2,342,1508.4731000024476
faster_rcnn,FP32,comun,B,2,343,1558.6259000046994
faster_rcnn,FP32,comun,B,2,344,1428.6393000002136
faster_rcnn,FP32,comun,B,2,345,1432.3595000023488
faster_rcnn,FP32,comun,B,2,346,1566.1312000011094
faster_rcnn,FP32,comun,B,2,347,1568.887800000084
faster_rcnn,FP32,comun,B,2,348,1586.6585000039777
faster_rcnn,FP32,comun,B,2,349,1562.9718999989564
faster_rcnn,FP32,comun,B,2,350,1560.5609999984154
faster_rcnn,FP32,comun,B,2,351,1581.1407000001054
faster_rcnn,FP32,comun,B,2,352,1556.5547000005608
faster_rcnn,FP32,comun,B,2,353,1565.6836000052863
faster_rcnn,FP32,comun,B,2,354,1562.5127000021166
faster_rcnn,FP32,comun,B,2,355,1564.2375999959768
faster_rcnn,FP32,comun,B,2,356,1563.1729000015184
faster_rcnn,FP32,comun,B,2,357,1431.1849999940023
faster_rcnn,FP32,comun,B,2,358,1565.736199998355
faster_rcnn,FP32,comun,B,2,359,1427.3109000059776
faster_rcnn,FP32,comun,B,2,360,1531.589400001394
faster_rcnn,FP32,comun,B,2,361,1563.4024999963003
faster_rcnn,FP32,comun,B,2,362,1562.6362999973935
faster_rcnn,FP32,comun,B,2,363,1576.5745999960927
faster_rcnn,FP32,comun,B,2,364,1569.271700005629
faster_rcnn,FP32,comun,B,2,365,1431.286300001375
faster_rcnn,FP32,comun,B,2,366,1428.6523999981
faster_rcnn,FP32,comun,B,2,367,1569.3424999990384
faster_rcnn,FP32,comun,B,2,368,1610.0287999943248
faster_rcnn,FP32,comun,B,2,369,1426.7752000014298
faster_rcnn,FP32,comun,B,2,370,1586.976999999024
faster_rcnn,FP32,comun,B,2,371,1561.6621999943163
faster_rcnn,FP32,comun,B,2,372,1560.236299999815
faster_rcnn,FP32,comun,B,2,373,1567.198799995822
faster_rcnn,FP32,operativo,A,0,0,1551.685099999304
faster_rcnn,FP32,operativo,A,0,1,1542.1511000022292
faster_rcnn,FP32,operativo,A,0,2,1550.7047999999486
faster_rcnn,FP32,operativo,A,0,3,1562.1106999969925
faster_rcnn,FP32,operativo,A,0,4,1535.4745000004186
faster_rcnn,FP32,operativo,A,0,5,1545.5029000004288
faster_rcnn,FP32,operativo,A,0,6,1544.4684000030975
faster_rcnn,FP32,operativo,A,0,7,1559.6552999995765
faster_rcnn,FP32,operativo,A,0,8,1549.3836000023293
faster_rcnn,FP32,operativo,A,0,9,1412.0513000016217
faster_rcnn,FP32,operativo,A,0,10,1448.7051999967662
faster_rcnn,FP32,operativo,A,0,11,1546.0662999976194
faster_rcnn,FP32,operativo,A,0,12,1564.4601000021794
faster_rcnn,FP32,operativo,A,0,13,1543.8487000064924
faster_rcnn,FP32,operativo,A,0,14,1497.0496000023559
faster_rcnn,FP32,operativo,A,0,15,1538.7592999977642
faster_rcnn,FP32,operativo,A,0,16,1540.6889000005322
faster_rcnn,FP32,operativo,A,0,17,1561.9627000050968
faster_rcnn,FP32,operativo,A,0,18,1543.582399994193
faster_rcnn,FP32,operativo,A,0,19,1539.5304999983637
faster_rcnn,FP32,operativo,A,0,20,1543.0250999997952
faster_rcnn,FP32,operativo,A,0,21,1502.5616999992053
faster_rcnn,FP32,operativo,A,0,22,1558.0034999948111
faster_rcnn,FP32,operativo,A,0,23,1546.258400005172
faster_rcnn,FP32,operativo,A,0,24,1546.306199998071
faster_rcnn,FP32,operativo,A,0,25,1413.8489999968442
faster_rcnn,FP32,operativo,A,0,26,1541.9399000020348
faster_rcnn,FP32,operativo,A,0,27,1542.0792999939295
faster_rcnn,FP32,operativo,A,0,28,1485.9773999996833
faster_rcnn,FP32,operativo,A,0,29,1545.1702999998815
faster_rcnn,FP32,operativo,A,0,30,1539.5499000005657
faster_rcnn,FP32,operativo,A,0,31,1536.0068999943906
faster_rcnn,FP32,operativo,A,0,32,1545.7534000015585
faster_rcnn,FP32,operativo,A,0,33,1569.3430999963311
faster_rcnn,FP32,operativo,A,0,34,1416.2322000047425
faster_rcnn,FP32,operativo,A,0,35,1544.620799999393
faster_rcnn,FP32,operativo,A,0,36,1545.3555999993114
faster_rcnn,FP32,operativo,A,0,37,1411.8209999942337
faster_rcnn,FP32,operativo,A,0,38,1541.1860999956843
faster_rcnn,FP32,operativo,A,0,39,1540.2599000008195
faster_rcnn,FP32,operativo,A,0,40,1540.2833000043756
faster_rcnn,FP32,operativo,A,0,41,1559.7111999959452
faster_rcnn,FP32,operativo,A,0,42,1542.5972000011825
faster_rcnn,FP32,operativo,A,0,43,1543.864700004633
faster_rcnn,FP32,operativo,A,0,44,1545.6101000017952
faster_rcnn,FP32,operativo,A,0,45,1501.6978999992716
faster_rcnn,FP32,operativo,A,0,46,1543.7256000004709
faster_rcnn,FP32,operativo,A,0,47,1408.1495999998879
faster_rcnn,FP32,operativo,A,0,48,1543.0457000038587
faster_rcnn,FP32,operativo,A,0,49,1412.1464999989257
faster_rcnn,FP32,operativo,A,0,50,1557.2246000010637
faster_rcnn,FP32,operativo,A,0,51,1497.2824999931618
faster_rcnn,FP32,operativo,A,0,52,1508.9617000048747
faster_rcnn,FP32,operativo,A,0,53,1561.3660000017262
faster_rcnn,FP32,operativo,A,0,54,1546.187200001441
faster_rcnn,FP32,operativo,A,0,55,1540.195900000981
faster_rcnn,FP32,operativo,A,0,56,1545.2293999987887
faster_rcnn,FP32,operativo,A,0,57,1548.9285000003292
faster_rcnn,FP32,operativo,A,0,58,1544.3883999978425
faster_rcnn,FP32,operativo,A,0,59,1413.6336999945343
faster_rcnn,FP32,operativo,A,0,60,1413.7755000047036
faster_rcnn,FP32,operativo,A,0,61,1543.699199995899
faster_rcnn,FP32,operativo,A,0,62,1416.396699998586
faster_rcnn,FP32,operativo,A,0,63,1558.969400000933
faster_rcnn,FP32,operativo,A,0,64,1558.6253000001307
faster_rcnn,FP32,operativo,A,0,65,1543.3571999965352
faster_rcnn,FP32,operativo,A,0,66,1544.6377999978722
faster_rcnn,FP32,operativo,A,0,67,1545.9888999976101
faster_rcnn,FP32,operativo,A,0,68,1540.7991000029142
faster_rcnn,FP32,operativo,A,0,69,1409.29270000197
faster_rcnn,FP32,operativo,A,0,70,1539.9359000002733
faster_rcnn,FP32,operativo,A,0,71,1493.4643000015058
faster_rcnn,FP32,operativo,A,0,72,1556.502699997509
faster_rcnn,FP32,operativo,A,0,73,1542.0743000067887
faster_rcnn,FP32,operativo,A,0,74,1543.888499996683
faster_rcnn,FP32,operativo,A,0,75,1545.1892999990378
faster_rcnn,FP32,operativo,A,0,76,1542.0439000008628
faster_rcnn,FP32,operativo,A,0,77,1189.1996000049403
faster_rcnn,FP32,operativo,A,0,78,1557.1506000051158
faster_rcnn,FP32,operativo,A,0,79,1567.456000004313
faster_rcnn,FP32,operativo,A,0,80,1436.9280000028084
faster_rcnn,FP32,operativo,A,0,81,1549.5656999992207
faster_rcnn,FP32,operativo,A,0,82,1544.2436000012094
faster_rcnn,FP32,operativo,A,0,83,1547.6220999989891
faster_rcnn,FP32,operativo,A,0,84,1546.4209999990999
faster_rcnn,FP32,operativo,A,0,85,1580.516300004092
faster_rcnn,FP32,operativo,A,0,86,1540.1672000007238
faster_rcnn,FP32,operativo,A,0,87,1542.6031000024523
faster_rcnn,FP32,operativo,A,0,88,1564.8866999981692
faster_rcnn,FP32,operativo,A,0,89,1530.239800005802
faster_rcnn,FP32,operativo,A,0,90,1486.68319999706
faster_rcnn,FP32,operativo,A,0,91,1545.5483999976423
faster_rcnn,FP32,operativo,A,0,92,1544.6270000029472
faster_rcnn,FP32,operativo,A,0,93,1536.8889000019408
faster_rcnn,FP32,operativo,A,0,94,1545.7460999969044
faster_rcnn,FP32,operativo,A,0,95,1452.355000001262
faster_rcnn,FP32,operativo,A,0,96,1543.7832999959937
faster_rcnn,FP32,operativo,A,0,97,1543.0896000034409
faster_rcnn,FP32,operativo,A,0,98,1467.995200000587
faster_rcnn,FP32,operativo,A,0,99,1542.10740000417
faster_rcnn,FP32,operativo,A,0,100,1409.686499995587
faster_rcnn,FP32,operativo,A,0,101,1559.649899994838
faster_rcnn,FP32,operativo,A,0,102,1566.6207000031136
faster_rcnn,FP32,operativo,A,0,103,1540.9092000045348
faster_rcnn,FP32,operativo,A,0,104,1541.8726000061724
faster_rcnn,FP32,operativo,A,0,105,1537.8123999980744
faster_rcnn,FP32,operativo,A,0,106,1542.9045999990194
faster_rcnn,FP32,operativo,A,0,107,1559.8712999999407
faster_rcnn,FP32,operativo,A,0,108,1410.7146000023931
faster_rcnn,FP32,operativo,A,0,109,1543.4368999995058
faster_rcnn,FP32,operativo,A,0,110,1412.253900001815
faster_rcnn,FP32,operativo,A,0,111,1550.0114000024041
faster_rcnn,FP32,operativo,A,0,112,1541.802399995504
faster_rcnn,FP32,operativo,A,0,113,1414.2751000035787
faster_rcnn,FP32,operativo,A,0,114,1547.0562000045902
faster_rcnn,FP32,operativo,A,0,115,1564.9361000032513
faster_rcnn,FP32,operativo,A,0,116,1533.64679999504
faster_rcnn,FP32,operativo,A,0,117,1552.43899999914
faster_rcnn,FP32,operativo,A,0,118,1555.2473999996437
faster_rcnn,FP32,operativo,A,0,119,1546.646700000565
faster_rcnn,FP32,operativo,A,0,120,1544.6322999996482
faster_rcnn,FP32,operativo,A,0,121,1544.189300002472
faster_rcnn,FP32,operativo,A,0,122,1547.5600999998278
faster_rcnn,FP32,operativo,A,0,123,1545.1637000005576
faster_rcnn,FP32,operativo,A,0,124,1567.1652000019094
faster_rcnn,FP32,operativo,A,0,125,1547.2638999999617
faster_rcnn,FP32,operativo,A,0,126,1539.9259999976493
faster_rcnn,FP32,operativo,A,0,127,1547.3045999970054
faster_rcnn,FP32,operativo,A,0,128,1548.3406000057585
faster_rcnn,FP32,operativo,A,0,129,1547.5881000020308
faster_rcnn,FP32,operativo,A,0,130,1544.7076999989804
faster_rcnn,FP32,operativo,A,0,131,1546.9795999961207
faster_rcnn,FP32,operativo,A,0,132,1415.9123000063119
faster_rcnn,FP32,operativo,A,0,133,1410.5119000014383
faster_rcnn,FP32,operativo,A,0,134,1544.3630000008852
faster_rcnn,FP32,operativo,A,0,135,1547.5299999961862
faster_rcnn,FP32,operativo,A,0,136,1411.8023999981233
faster_rcnn,FP32,operativo,A,0,137,1538.0666999990353
faster_rcnn,FP32,operativo,A,0,138,1542.9532999987714
faster_rcnn,FP32,operativo,A,0,139,1543.9974999972037
faster_rcnn,FP32,operativo,A,0,140,1547.7786999981618
faster_rcnn,FP32,operativo,A,0,141,1544.9687000000267
faster_rcnn,FP32,operativo,A,0,142,1542.0009000008577
faster_rcnn,FP32,operativo,A,0,143,1541.7264999996405
faster_rcnn,FP32,operativo,A,0,144,1526.8818999975338
faster_rcnn,FP32,operativo,A,0,145,1414.4535999948857
faster_rcnn,FP32,operativo,A,0,146,1544.502899996587
faster_rcnn,FP32,operativo,A,0,147,1552.682299996377
faster_rcnn,FP32,operativo,A,0,148,1548.9918000021135
faster_rcnn,FP32,operativo,A,0,149,1562.9633999997168
faster_rcnn,FP32,operativo,A,0,150,1549.0187000032165
faster_rcnn,FP32,operativo,A,0,151,1548.893200000748
faster_rcnn,FP32,operativo,A,0,152,1567.6806999981636
faster_rcnn,FP32,operativo,A,0,153,1541.5443000019877
faster_rcnn,FP32,operativo,A,0,154,1547.57360000076
faster_rcnn,FP32,operativo,A,0,155,1549.3913000027533
faster_rcnn,FP32,operativo,A,0,156,1419.3330999987666
faster_rcnn,FP32,operativo,A,0,157,1417.6665999984834
faster_rcnn,FP32,operativo,A,0,158,1567.2908999986248
faster_rcnn,FP32,operativo,A,0,159,1546.321200003149
faster_rcnn,FP32,operativo,A,0,160,1545.162700000219
faster_rcnn,FP32,operativo,A,0,161,1562.8584000005503
faster_rcnn,FP32,operativo,A,0,162,1505.6183999986388
faster_rcnn,FP32,operativo,A,0,163,1526.6354999985197
faster_rcnn,FP32,operativo,A,0,164,1544.6249000015086
faster_rcnn,FP32,operativo,A,0,165,1543.9542999956757
faster_rcnn,FP32,operativo,A,0,166,1543.508099995961
faster_rcnn,FP32,operativo,A,0,167,1413.3232000021962
faster_rcnn,FP32,operativo,A,0,168,1569.7325000001001
faster_rcnn,FP32,operativo,A,0,169,1565.6802000012249
faster_rcnn,FP32,operativo,A,0,170,1569.9536000029184
faster_rcnn,FP32,operativo,A,0,171,1415.2279000045382
faster_rcnn,FP32,operativo,A,0,172,1407.0034000033047
faster_rcnn,FP32,operativo,A,0,173,1414.8139000026276
faster_rcnn,FP32,operativo,A,0,174,1544.0961999993306
faster_rcnn,FP32,operativo,A,0,175,1545.8614000017405
faster_rcnn,FP32,operativo,A,0,176,1540.8046000011382
faster_rcnn,FP32,operativo,A,0,177,1540.437399999064
faster_rcnn,FP32,operativo,A,0,178,1544.5101000004797
faster_rcnn,FP32,operativo,A,0,179,1545.674599998165
faster_rcnn,FP32,operativo,A,0,180,1549.4369000007282
faster_rcnn,FP32,operativo,A,0,181,1538.5376999984146
faster_rcnn,FP32,operativo,A,0,182,1362.982099999499
faster_rcnn,FP32,operativo,A,0,183,1579.5011000009254
faster_rcnn,FP32,operativo,A,0,184,1543.9895999952569
faster_rcnn,FP32,operativo,A,0,185,1546.531899999536
faster_rcnn,FP32,operativo,A,0,186,1543.8286999997217
faster_rcnn,FP32,operativo,A,0,187,1192.3355999970227
faster_rcnn,FP32,operativo,A,0,188,1548.6982999937027
faster_rcnn,FP32,operativo,A,0,189,1496.272600001248
faster_rcnn,FP32,operativo,A,0,190,1415.4615000006743
faster_rcnn,FP32,operativo,A,0,191,1546.1343999995734
faster_rcnn,FP32,operativo,A,0,192,1544.242199997825
faster_rcnn,FP32,operativo,A,0,193,1555.0787999964086
faster_rcnn,FP32,operativo,A,0,194,1541.5098999947077
faster_rcnn,FP32,operativo,A,0,195,1548.1939000019338
faster_rcnn,FP32,operativo,A,0,196,1415.635299999849
faster_rcnn,FP32,operativo,A,0,197,1416.2744999994175
faster_rcnn,FP32,operativo,A,0,198,1432.81439999555
faster_rcnn,FP32,operativo,A,0,199,1544.4885999968392
faster_rcnn,FP32,operativo,A,0,200,1557.266299998446
faster_rcnn,FP32,operativo,A,0,201,1538.954499999818
faster_rcnn,FP32,operativo,A,0,202,1543.8742999976967
faster_rcnn,FP32,operativo,A,0,203,1418.368600003305
faster_rcnn,FP32,operativo,A,0,204,1412.224799998512
faster_rcnn,FP32,operativo,A,0,205,1545.8319000026677
faster_rcnn,FP32,operativo,A,0,206,1542.6396999973804
faster_rcnn,FP32,operativo,A,0,207,1494.3882000006852
faster_rcnn,FP32,operativo,A,0,208,1543.5250000009546
faster_rcnn,FP32,operativo,A,0,209,1450.008699997852
faster_rcnn,FP32,operativo,A,0,210,1414.2914000040037
faster_rcnn,FP32,operativo,A,0,211,1546.7975999999908
faster_rcnn,FP32,operativo,A,0,212,1547.9049999994459
faster_rcnn,FP32,operativo,A,0,213,1542.2569000002113
faster_rcnn,FP32,operativo,A,0,214,1556.284800004505
faster_rcnn,FP32,operativo,A,0,215,1545.7807999991928
faster_rcnn,FP32,operativo,A,0,216,1410.6643999984954
faster_rcnn,FP32,operativo,A,0,217,1411.7336999988765
faster_rcnn,FP32,operativo,A,0,218,1547.0417000033194
faster_rcnn,FP32,operativo,A,0,219,1544.795100002375
faster_rcnn,FP32,operativo,A,0,220,1539.9299999990035
faster_rcnn,FP32,operativo,A,0,221,1542.4868000045535
faster_rcnn,FP32,operativo,A,0,222,1410.4464999982156
faster_rcnn,FP32,operativo,A,0,223,1541.4166999980807
faster_rcnn,FP32,operativo,A,0,224,1548.6665999997058
faster_rcnn,FP32,operativo,A,0,225,1412.636900000507
faster_rcnn,FP32,operativo,A,0,226,1545.720699999947
faster_rcnn,FP32,operativo,A,0,227,1558.853700000327
faster_rcnn,FP32,operativo,A,0,228,1412.0971000011195
faster_rcnn,FP32,operativo,A,0,229,1542.596399995091
faster_rcnn,FP32,operativo,A,0,230,1237.1861999999965
faster_rcnn,FP32,operativo,A,0,231,1195.0598000039463
faster_rcnn,FP32,operativo,A,0,232,1549.6519000007538
faster_rcnn,FP32,operativo,A,0,233,1542.2461999987718
faster_rcnn,FP32,operativo,A,0,234,1502.2113000013633
faster_rcnn,FP32,operativo,A,0,235,1543.5840999998618
faster_rcnn,FP32,operativo,A,0,236,1492.4873999989359
faster_rcnn,FP32,operativo,A,0,237,1563.207200000761
faster_rcnn,FP32,operativo,A,0,238,1540.2579000001424
faster_rcnn,FP32,operativo,A,0,239,1544.3077000018093
faster_rcnn,FP32,operativo,A,0,240,1546.255499997642
faster_rcnn,FP32,operativo,A,0,241,1516.6711000056239
faster_rcnn,FP32,operativo,A,0,242,1560.0042000005487
faster_rcnn,FP32,operativo,A,0,243,1414.3000000040047
faster_rcnn,FP32,operativo,A,0,244,1325.598400006129
faster_rcnn,FP32,operativo,A,0,245,1569.3620999954874
faster_rcnn,FP32,operativo,A,0,246,1542.6088000021991
faster_rcnn,FP32,operativo,A,0,247,1543.8479000004008
faster_rcnn,FP32,operativo,A,0,248,1349.258700000064
faster_rcnn,FP32,operativo,A,0,249,1541.5320999964024
faster_rcnn,FP32,operativo,A,0,250,1541.622600001574
faster_rcnn,FP32,operativo,A,0,251,1504.3470000018715
faster_rcnn,FP32,operativo,A,0,252,1565.974200006167
faster_rcnn,FP32,operativo,A,0,253,1344.1296000019065
faster_rcnn,FP32,operativo,A,0,254,1560.949899998377
faster_rcnn,FP32,operativo,A,0,255,1540.7458999980008
faster_rcnn,FP32,operativo,A,0,256,1540.325900001335
faster_rcnn,FP32,operativo,A,0,257,1559.2535999967367
faster_rcnn,FP32,operativo,A,0,258,1543.8244999968447
faster_rcnn,FP32,operativo,A,0,259,1412.458600003447
faster_rcnn,FP32,operativo,A,0,260,1545.1384999978472
faster_rcnn,FP32,operativo,A,0,261,1545.5529000028037
faster_rcnn,FP32,operativo,A,0,262,1541.685399999551
faster_rcnn,FP32,operativo,A,0,263,1544.7518000000855
faster_rcnn,FP32,operativo,A,0,264,1553.129899999476
faster_rcnn,FP32,operativo,A,0,265,1508.5315000033006
faster_rcnn,FP32,operativo,A,0,266,1503.661499998998
faster_rcnn,FP32,operativo,A,0,267,1410.089800003334
faster_rcnn,FP32,operativo,A,0,268,1548.2835000002524
faster_rcnn,FP32,operativo,A,0,269,1543.3499999999185
faster_rcnn,FP32,operativo,A,0,270,1540.2725000021746
faster_rcnn,FP32,operativo,A,0,271,1544.7466999976314
faster_rcnn,FP32,operativo,A,0,272,1569.6317000038107
faster_rcnn,FP32,operativo,A,0,273,1544.1041000012774
faster_rcnn,FP32,operativo,A,0,274,1564.1508999979123
faster_rcnn,FP32,operativo,A,0,275,1553.6014000026626
faster_rcnn,FP32,operativo,A,0,276,1544.5230999976047
faster_rcnn,FP32,operativo,A,0,277,1540.5720999988262
faster_rcnn,FP32,operativo,A,0,278,1538.4527999995044
faster_rcnn,FP32,operativo,A,0,279,1544.0660000022035
faster_rcnn,FP32,operativo,A,0,280,1542.5033999999869
faster_rcnn,FP32,operativo,A,0,281,1551.9519000008586
faster_rcnn,FP32,operativo,A,0,282,1405.3061999948113
faster_rcnn,FP32,operativo,A,0,283,1536.7743999959202
faster_rcnn,FP32,operativo,A,0,284,1532.1203000057722
faster_rcnn,FP32,operativo,A,0,285,1540.6543999997666
faster_rcnn,FP32,operativo,A,0,286,1565.0244999997085
faster_rcnn,FP32,operativo,A,0,287,1546.2503999951878
faster_rcnn,FP32,operativo,A,0,288,1509.8736999934772
faster_rcnn,FP32,operativo,A,0,289,1547.2521999981836
faster_rcnn,FP32,operativo,A,0,290,1545.9304000032716
faster_rcnn,FP32,operativo,A,0,291,1542.1535999994376
faster_rcnn,FP32,operativo,A,0,292,1549.7547999984818
faster_rcnn,FP32,operativo,A,0,293,1538.0081000039354
faster_rcnn,FP32,operativo,A,0,294,1537.6467000023695
faster_rcnn,FP32,operativo,A,0,295,1546.689900002093
faster_rcnn,FP32,operativo,A,0,296,1535.7446000052732
faster_rcnn,FP32,operativo,A,0,297,1428.2862000036403
faster_rcnn,FP32,operativo,A,0,298,1543.6120000013034
faster_rcnn,FP32,operativo,A,0,299,1543.5216999976547
faster_rcnn,FP32,operativo,A,0,300,1545.738100001472
faster_rcnn,FP32,operativo,A,0,301,1544.8907999962103
faster_rcnn,FP32,operativo,A,0,302,1541.563300001144
faster_rcnn,FP32,operativo,A,0,303,1541.5214000022388
faster_rcnn,FP32,operativo,A,0,304,1534.2066000011982
faster_rcnn,FP32,operativo,A,0,305,1537.3824999987846
faster_rcnn,FP32,operativo,A,0,306,1543.1690000041272
faster_rcnn,FP32,operativo,A,0,307,1411.1831999980495
faster_rcnn,FP32,operativo,A,0,308,1544.521600000735
faster_rcnn,FP32,operativo,A,0,309,1563.6057000010624
faster_rcnn,FP32,operativo,A,0,310,1491.0044999996899
faster_rcnn,FP32,operativo,A,0,311,1412.5346999935573
faster_rcnn,FP32,operativo,A,0,312,1544.6975999948336
faster_rcnn,FP32,operativo,A,0,313,1544.1596000018762
faster_rcnn,FP32,operativo,A,0,314,1549.8399999996764
faster_rcnn,FP32,operativo,A,0,315,1541.0862999997335
faster_rcnn,FP32,operativo,A,0,316,1417.2104999961448
faster_rcnn,FP32,operativo,A,0,317,1545.294899995497
faster_rcnn,FP32,operativo,A,0,318,1417.8711999993538
faster_rcnn,FP32,operativo,A,0,319,1435.817199999292
faster_rcnn,FP32,operativo,A,0,320,1572.7624999999534
faster_rcnn,FP32,operativo,A,0,321,1546.6032000040286
faster_rcnn,FP32,operativo,A,0,322,1420.692900006543
faster_rcnn,FP32,operativo,A,0,323,1542.0491000040784
faster_rcnn,FP32,operativo,A,0,324,1542.6434999972116
faster_rcnn,FP32,operativo,A,0,325,1544.4993999990402
faster_rcnn,FP32,operativo,A,0,326,1443.7598000004073
faster_rcnn,FP32,operativo,A,0,327,1567.1705000058864
faster_rcnn,FP32,operativo,A,0,328,1418.1838000004063
faster_rcnn,FP32,operativo,A,0,329,1549.3042999951285
faster_rcnn,FP32,operativo,A,0,330,1409.1134999980568
faster_rcnn,FP32,operativo,A,0,331,1542.169100001047
faster_rcnn,FP32,operativo,A,0,332,1542.524800002866
faster_rcnn,FP32,operativo,A,0,333,1545.7897999949637
faster_rcnn,FP32,operativo,A,0,334,1541.5219999995315
faster_rcnn,FP32,operativo,A,0,335,1544.3746000019019
faster_rcnn,FP32,operativo,A,0,336,1413.8026000000536
faster_rcnn,FP32,operativo,A,0,337,1544.0913000056753
faster_rcnn,FP32,operativo,A,0,338,1541.2627000041539
faster_rcnn,FP32,operativo,A,0,339,1500.8152999944286
faster_rcnn,FP32,operativo,A,0,340,1567.2954999972717
faster_rcnn,FP32,operativo,A,0,341,1413.2616999995662
faster_rcnn,FP32,operativo,A,0,342,1490.1376999987406
faster_rcnn,FP32,operativo,A,0,343,1546.1425999965286
faster_rcnn,FP32,operativo,A,0,344,1415.0554000007105
faster_rcnn,FP32,operativo,A,0,345,1412.511500006076
faster_rcnn,FP32,operativo,A,0,346,1543.8427999979467
faster_rcnn,FP32,operativo,A,0,347,1548.145900000236
faster_rcnn,FP32,operativo,A,0,348,1564.7300999989966
faster_rcnn,FP32,operativo,A,0,349,1542.123500003072
faster_rcnn,FP32,operativo,A,0,350,1543.9192999983788
faster_rcnn,FP32,operativo,A,0,351,1560.1317999971798
faster_rcnn,FP32,operativo,A,0,352,1545.2194000026793
faster_rcnn,FP32,operativo,A,0,353,1542.7870000057737
faster_rcnn,FP32,operativo,A,0,354,1539.441100001568
faster_rcnn,FP32,operativo,A,0,355,1544.7418999974616
faster_rcnn,FP32,operativo,A,0,356,1544.0525000012713
faster_rcnn,FP32,operativo,A,0,357,1414.7393000021111
faster_rcnn,FP32,operativo,A,0,358,1543.5838000048534
faster_rcnn,FP32,operativo,A,0,359,1412.5874000019394
faster_rcnn,FP32,operativo,A,0,360,1517.8297000020393
faster_rcnn,FP32,operativo,A,0,361,1545.807300004526
faster_rcnn,FP32,operativo,A,0,362,1539.1508999964572
faster_rcnn,FP32,operativo,A,0,363,1556.5196000025026
faster_rcnn,FP32,operativo,A,0,364,1545.222400003695
faster_rcnn,FP32,operativo,A,0,365,1412.2797000018181
faster_rcnn,FP32,operativo,A,0,366,1417.3779999982798
faster_rcnn,FP32,operativo,A,0,367,1546.5876000016578
faster_rcnn,FP32,operativo,A,0,368,1581.2552999996115
faster_rcnn,FP32,operativo,A,0,369,1407.6851999998325
faster_rcnn,FP32,operativo,A,0,370,1560.462400004326
faster_rcnn,FP32,operativo,A,0,371,1537.586200000078
faster_rcnn,FP32,operativo,A,0,372,1538.3310999968671
faster_rcnn,FP32,operativo,A,0,373,1548.471599999175
faster_rcnn,FP32,operativo,B,0,0,1567.597499997646
faster_rcnn,FP32,operativo,B,0,1,1558.6502000005567
faster_rcnn,FP32,operativo,B,0,2,1565.795700000308
faster_rcnn,FP32,operativo,B,0,3,1579.8092000040924
faster_rcnn,FP32,operativo,B,0,4,1554.8478999990039
faster_rcnn,FP32,operativo,B,0,5,1563.957800004573
faster_rcnn,FP32,operativo,B,0,6,1561.6019000008237
faster_rcnn,FP32,operativo,B,0,7,1578.0544000008376
faster_rcnn,FP32,operativo,B,0,8,1566.890499998408
faster_rcnn,FP32,operativo,B,0,9,1427.2918999995454
faster_rcnn,FP32,operativo,B,0,10,1468.184099998325
faster_rcnn,FP32,operativo,B,0,11,1564.718300003733
faster_rcnn,FP32,operativo,B,0,12,1582.8054000012344
faster_rcnn,FP32,operativo,B,0,13,1562.8653000021586
faster_rcnn,FP32,operativo,B,0,14,1520.8077999996021
faster_rcnn,FP32,operativo,B,0,15,1559.7270999933244
faster_rcnn,FP32,operativo,B,0,16,1560.0495000035153
faster_rcnn,FP32,operativo,B,0,17,1581.9099999935133
faster_rcnn,FP32,operativo,B,0,18,1560.2667999992264
faster_rcnn,FP32,operativo,B,0,19,1554.2477999988478
faster_rcnn,FP32,operativo,B,0,20,1561.3942999989376
faster_rcnn,FP32,operativo,B,0,21,1519.3087000006926
faster_rcnn,FP32,operativo,B,0,22,1578.7235000025248
faster_rcnn,FP32,operativo,B,0,23,1565.1894000038737
faster_rcnn,FP32,operativo,B,0,24,1571.4355000018259
faster_rcnn,FP32,operativo,B,0,25,1428.7901999996393
faster_rcnn,FP32,operativo,B,0,26,1558.4317999964696
faster_rcnn,FP32,operativo,B,0,27,1560.273800001596
faster_rcnn,FP32,operativo,B,0,28,1505.3917999975965
faster_rcnn,FP32,operativo,B,0,29,1563.8505000024452
faster_rcnn,FP32,operativo,B,0,30,1555.0015000044368
faster_rcnn,FP32,operativo,B,0,31,1555.5985000028159
faster_rcnn,FP32,operativo,B,0,32,1562.7405000050203
faster_rcnn,FP32,operativo,B,0,33,1587.7964999963297
faster_rcnn,FP32,operativo,B,0,34,1430.6387000033283
faster_rcnn,FP32,operativo,B,0,35,1562.5892000025488
faster_rcnn,FP32,operativo,B,0,36,1565.7573999997112
faster_rcnn,FP32,operativo,B,0,37,1428.6363999999594
faster_rcnn,FP32,operativo,B,0,38,1562.1232000048622
faster_rcnn,FP32,operativo,B,0,39,1555.2916000015102
faster_rcnn,FP32,operativo,B,0,40,1560.792299998866
faster_rcnn,FP32,operativo,B,0,41,1577.8606000021682
faster_rcnn,FP32,operativo,B,0,42,1564.5323999997345
faster_rcnn,FP32,operativo,B,0,43,1561.2209000028088
faster_rcnn,FP32,operativo,B,0,44,1562.1277000027476
faster_rcnn,FP32,operativo,B,0,45,1518.8782999975956
faster_rcnn,FP32,operativo,B,0,46,1565.603299997747
faster_rcnn,FP32,operativo,B,0,47,1423.126300003787
faster_rcnn,FP32,operativo,B,0,48,1557.8593000027467
faster_rcnn,FP32,operativo,B,0,49,1429.04749999434
faster_rcnn,FP32,operativo,B,0,50,1575.1426999995601
faster_rcnn,FP32,operativo,B,0,51,1517.0402000003378
faster_rcnn,FP32,operativo,B,0,52,1524.4393999964814
faster_rcnn,FP32,operativo,B,0,53,1580.5161000025691
faster_rcnn,FP32,operativo,B,0,54,1565.3752000071108
faster_rcnn,FP32,operativo,B,0,55,1556.9197000004351
faster_rcnn,FP32,operativo,B,0,56,1562.8825000021607
faster_rcnn,FP32,operativo,B,0,57,1563.9835000038147
faster_rcnn,FP32,operativo,B,0,58,1561.1423000009381
faster_rcnn,FP32,operativo,B,0,59,1429.2562999980873
faster_rcnn,FP32,operativo,B,0,60,1431.8286999987322
faster_rcnn,FP32,operativo,B,0,61,1563.1731999965268
faster_rcnn,FP32,operativo,B,0,62,1433.3678999973927
faster_rcnn,FP32,operativo,B,0,63,1576.7398999960278
faster_rcnn,FP32,operativo,B,0,64,1579.3865999949048
faster_rcnn,FP32,operativo,B,0,65,1567.5483999948483
faster_rcnn,FP32,operativo,B,0,66,1563.703899999382
faster_rcnn,FP32,operativo,B,0,67,1563.330600001791
faster_rcnn,FP32,operativo,B,0,68,1557.726699997147
faster_rcnn,FP32,operativo,B,0,69,1427.37379999744
faster_rcnn,FP32,operativo,B,0,70,1559.0017000067746
faster_rcnn,FP32,operativo,B,0,71,1510.5676000021049
faster_rcnn,FP32,operativo,B,0,72,1575.35839999764
faster_rcnn,FP32,operativo,B,0,73,1559.6510999966995
faster_rcnn,FP32,operativo,B,0,74,1560.445900002378
faster_rcnn,FP32,operativo,B,0,75,1565.6726999950479
faster_rcnn,FP32,operativo,B,0,76,1557.8834999978426
faster_rcnn,FP32,operativo,B,0,77,1215.5530000018189
faster_rcnn,FP32,operativo,B,0,78,1573.323500000697
faster_rcnn,FP32,operativo,B,0,79,1588.3111999937682
faster_rcnn,FP32,operativo,B,0,80,1452.3562999966089
faster_rcnn,FP32,operativo,B,0,81,1567.36059999821
faster_rcnn,FP32,operativo,B,0,82,1564.6667999972124
faster_rcnn,FP32,operativo,B,0,83,1565.8353999970132
faster_rcnn,FP32,operativo,B,0,84,1565.7840999992914
faster_rcnn,FP32,operativo,B,0,85,1599.2342999961693
faster_rcnn,FP32,operativo,B,0,86,1558.0802999975276
faster_rcnn,FP32,operativo,B,0,87,1559.282100002747
faster_rcnn,FP32,operativo,B,0,88,1585.4872999989311
faster_rcnn,FP32,operativo,B,0,89,1551.6733999975258
faster_rcnn,FP32,operativo,B,0,90,1507.072899999912
faster_rcnn,FP32,operativo,B,0,91,1566.9583000053535
faster_rcnn,FP32,operativo,B,0,92,1563.2243000000017
faster_rcnn,FP32,operativo,B,0,93,1558.065400000487
faster_rcnn,FP32,operativo,B,0,94,1565.795499998785
faster_rcnn,FP32,operativo,B,0,95,1474.6551999996882
faster_rcnn,FP32,operativo,B,0,96,1562.1717999965767
faster_rcnn,FP32,operativo,B,0,97,1561.7247000045609
faster_rcnn,FP32,operativo,B,0,98,1485.7708999988972
faster_rcnn,FP32,operativo,B,0,99,1564.772500001709
faster_rcnn,FP32,operativo,B,0,100,1425.6074000004446
faster_rcnn,FP32,operativo,B,0,101,1579.782000000705
faster_rcnn,FP32,operativo,B,0,102,1583.6125999994692
faster_rcnn,FP32,operativo,B,0,103,1554.9417000001995
faster_rcnn,FP32,operativo,B,0,104,1560.7525000013993
faster_rcnn,FP32,operativo,B,0,105,1557.7349999948638
faster_rcnn,FP32,operativo,B,0,106,1559.817800000019
faster_rcnn,FP32,operativo,B,0,107,1579.7429000012926
faster_rcnn,FP32,operativo,B,0,108,1426.5002999964054
faster_rcnn,FP32,operativo,B,0,109,1563.9175000032992
faster_rcnn,FP32,operativo,B,0,110,1426.2021999966237
faster_rcnn,FP32,operativo,B,0,111,1568.3551999973133
faster_rcnn,FP32,operativo,B,0,112,1557.924799999455
faster_rcnn,FP32,operativo,B,0,113,1433.047099999385
faster_rcnn,FP32,operativo,B,0,114,1564.7462000051746
faster_rcnn,FP32,operativo,B,0,115,1584.0087000033236
faster_rcnn,FP32,operativo,B,0,116,1555.6496999997762
faster_rcnn,FP32,operativo,B,0,117,1569.9311999997008
faster_rcnn,FP32,operativo,B,0,118,1572.6351999983308
faster_rcnn,FP32,operativo,B,0,119,1565.7344999999623
faster_rcnn,FP32,operativo,B,0,120,1563.6589000059757
faster_rcnn,FP32,operativo,B,0,121,1560.2186000032816
faster_rcnn,FP32,operativo,B,0,122,1562.5079000019468
faster_rcnn,FP32,operativo,B,0,123,1559.3023999972502
faster_rcnn,FP32,operativo,B,0,124,1585.7085000025108
faster_rcnn,FP32,operativo,B,0,125,1566.2031999963801
faster_rcnn,FP32,operativo,B,0,126,1558.8714000041364
faster_rcnn,FP32,operativo,B,0,127,1563.8912000067648
faster_rcnn,FP32,operativo,B,0,128,1564.570399998047
faster_rcnn,FP32,operativo,B,0,129,1563.6596999975154
faster_rcnn,FP32,operativo,B,0,130,1562.084800003504
faster_rcnn,FP32,operativo,B,0,131,1564.3704000030993
faster_rcnn,FP32,operativo,B,0,132,1429.7321999983978
faster_rcnn,FP32,operativo,B,0,133,1427.2187000024132
faster_rcnn,FP32,operativo,B,0,134,1560.944800003199
faster_rcnn,FP32,operativo,B,0,135,1558.7085000006482
faster_rcnn,FP32,operativo,B,0,136,1433.3311000009417
faster_rcnn,FP32,operativo,B,0,137,1553.5543000005418
faster_rcnn,FP32,operativo,B,0,138,1560.9486000030302
faster_rcnn,FP32,operativo,B,0,139,1560.7662000038545
faster_rcnn,FP32,operativo,B,0,140,1577.5362999993376
faster_rcnn,FP32,operativo,B,0,141,1561.7104999982985
faster_rcnn,FP32,operativo,B,0,142,1558.1480999971973
faster_rcnn,FP32,operativo,B,0,143,1556.7898000008427
faster_rcnn,FP32,operativo,B,0,144,1547.4138999998104
faster_rcnn,FP32,operativo,B,0,145,1428.4062000006088
faster_rcnn,FP32,operativo,B,0,146,1562.8767999951378
faster_rcnn,FP32,operativo,B,0,147,1573.5098000004655
faster_rcnn,FP32,operativo,B,0,148,1571.9250999973156
faster_rcnn,FP32,operativo,B,0,149,1581.2062999975751
faster_rcnn,FP32,operativo,B,0,150,1562.4811000016052
faster_rcnn,FP32,operativo,B,0,151,1563.4434000021429
faster_rcnn,FP32,operativo,B,0,152,1585.686699996586
faster_rcnn,FP32,operativo,B,0,153,1557.7306999985012
faster_rcnn,FP32,operativo,B,0,154,1561.4954000047874
faster_rcnn,FP32,operativo,B,0,155,1562.3284999965108
faster_rcnn,FP32,operativo,B,0,156,1434.2871999979252
faster_rcnn,FP32,operativo,B,0,157,1432.805800002825
faster_rcnn,FP32,operativo,B,0,158,1587.1687000035308
faster_rcnn,FP32,operativo,B,0,159,1562.2775999945588
faster_rcnn,FP32,operativo,B,0,160,1561.1386000018683
faster_rcnn,FP32,operativo,B,0,161,1583.4427999943728
faster_rcnn,FP32,operativo,B,0,162,1522.306999999273
faster_rcnn,FP32,operativo,B,0,163,1545.8049000008032
faster_rcnn,FP32,operativo,B,0,164,1562.217700004112
faster_rcnn,FP32,operativo,B,0,165,1563.4013999952003
faster_rcnn,FP32,operativo,B,0,166,1563.3434999981546
faster_rcnn,FP32,operativo,B,0,167,1426.4172999974107
faster_rcnn,FP32,operativo,B,0,168,1587.9982999977074
faster_rcnn,FP32,operativo,B,0,169,1584.761800004344
faster_rcnn,FP32,operativo,B,0,170,1587.4418999956106
faster_rcnn,FP32,operativo,B,0,171,1431.2367999955313
faster_rcnn,FP32,operativo,B,0,172,1422.9419000039343
faster_rcnn,FP32,operativo,B,0,173,1427.6383000033093
faster_rcnn,FP32,operativo,B,0,174,1562.5116000010166
faster_rcnn,FP32,operativo,B,0,175,1564.213000005111
faster_rcnn,FP32,operativo,B,0,176,1555.5392000023858
faster_rcnn,FP32,operativo,B,0,177,1560.1276000015787
faster_rcnn,FP32,operativo,B,0,178,1564.3784999992931
faster_rcnn,FP32,operativo,B,0,179,1568.228399999498
faster_rcnn,FP32,operativo,B,0,180,1567.8078000055393
faster_rcnn,FP32,operativo,B,0,181,1555.96460000379
faster_rcnn,FP32,operativo,B,0,182,1377.8504000001703
faster_rcnn,FP32,operativo,B,0,183,1609.9022999987938
faster_rcnn,FP32,operativo,B,0,184,1558.601799995813
faster_rcnn,FP32,operativo,B,0,185,1566.4553999959026
faster_rcnn,FP32,operativo,B,0,186,1563.8149000005797
faster_rcnn,FP32,operativo,B,0,187,1220.6519000028493
faster_rcnn,FP32,operativo,B,0,188,1562.058800001978
faster_rcnn,FP32,operativo,B,0,189,1516.4713999984087
faster_rcnn,FP32,operativo,B,0,190,1424.3805000005523
faster_rcnn,FP32,operativo,B,0,191,1560.2808999974513
faster_rcnn,FP32,operativo,B,0,192,1561.335300000792
faster_rcnn,FP32,operativo,B,0,193,1571.029400001862
faster_rcnn,FP32,operativo,B,0,194,1558.4659000014653
faster_rcnn,FP32,operativo,B,0,195,1565.3392000021995
faster_rcnn,FP32,operativo,B,0,196,1431.608499995491
faster_rcnn,FP32,operativo,B,0,197,1432.9158999971696
faster_rcnn,FP32,operativo,B,0,198,1449.2402999967453
faster_rcnn,FP32,operativo,B,0,199,1563.9972999997553
faster_rcnn,FP32,operativo,B,0,200,1578.5443000058876
faster_rcnn,FP32,operativo,B,0,201,1556.7093999998178
faster_rcnn,FP32,operativo,B,0,202,1562.528000002203
faster_rcnn,FP32,operativo,B,0,203,1433.1718999965233
faster_rcnn,FP32,operativo,B,0,204,1428.2165999975405
faster_rcnn,FP32,operativo,B,0,205,1564.3372000049567
faster_rcnn,FP32,operativo,B,0,206,1561.4987000008114
faster_rcnn,FP32,operativo,B,0,207,1509.2004999969504
faster_rcnn,FP32,operativo,B,0,208,1561.6603000016767
faster_rcnn,FP32,operativo,B,0,209,1468.8533000007737
faster_rcnn,FP32,operativo,B,0,210,1436.0863999972935
faster_rcnn,FP32,operativo,B,0,211,1563.075600002776
faster_rcnn,FP32,operativo,B,0,212,1563.1110000031185
faster_rcnn,FP32,operativo,B,0,213,1559.5975999967777
faster_rcnn,FP32,operativo,B,0,214,1575.809499998286
faster_rcnn,FP32,operativo,B,0,215,1561.306000003242
faster_rcnn,FP32,operativo,B,0,216,1427.391400000488
faster_rcnn,FP32,operativo,B,0,217,1428.355800002464
faster_rcnn,FP32,operativo,B,0,218,1565.6242999975802
faster_rcnn,FP32,operativo,B,0,219,1564.6614999932353
faster_rcnn,FP32,operativo,B,0,220,1558.3289999995031
faster_rcnn,FP32,operativo,B,0,221,1558.2563999996637
faster_rcnn,FP32,operativo,B,0,222,1426.86230000254
faster_rcnn,FP32,operativo,B,0,223,1559.5381999955862
faster_rcnn,FP32,operativo,B,0,224,1564.5188000053167
faster_rcnn,FP32,operativo,B,0,225,1427.4802999934764
faster_rcnn,FP32,operativo,B,0,226,1561.0209000005852
faster_rcnn,FP32,operativo,B,0,227,1577.820899998187
faster_rcnn,FP32,operativo,B,0,228,1425.0872999982676
faster_rcnn,FP32,operativo,B,0,229,1559.4629000042914
faster_rcnn,FP32,operativo,B,0,230,1250.0061000027927
faster_rcnn,FP32,operativo,B,0,231,1215.9114000023692
faster_rcnn,FP32,operativo,B,0,232,1567.9757000034442
faster_rcnn,FP32,operativo,B,0,233,1559.4158999956562
faster_rcnn,FP32,operativo,B,0,234,1523.1119000018225
faster_rcnn,FP32,operativo,B,0,235,1565.9067000015057
faster_rcnn,FP32,operativo,B,0,236,1504.643299995223
faster_rcnn,FP32,operativo,B,0,237,1586.1392000006163
faster_rcnn,FP32,operativo,B,0,238,1556.4360999997007
faster_rcnn,FP32,operativo,B,0,239,1564.852299998165
faster_rcnn,FP32,operativo,B,0,240,1569.2253000015626
faster_rcnn,FP32,operativo,B,0,241,1541.9801000025473
faster_rcnn,FP32,operativo,B,0,242,1580.9117000026163
faster_rcnn,FP32,operativo,B,0,243,1432.8820000009728
faster_rcnn,FP32,operativo,B,0,244,1350.4941999999573
faster_rcnn,FP32,operativo,B,0,245,1590.0399000020116
faster_rcnn,FP32,operativo,B,0,246,1558.7027000001399
faster_rcnn,FP32,operativo,B,0,247,1563.4250000002794
faster_rcnn,FP32,operativo,B,0,248,1362.455200003751
faster_rcnn,FP32,operativo,B,0,249,1567.2374999994645
faster_rcnn,FP32,operativo,B,0,250,1562.6974999977392
faster_rcnn,FP32,operativo,B,0,251,1521.7081000009784
faster_rcnn,FP32,operativo,B,0,252,1586.3409000012325
faster_rcnn,FP32,operativo,B,0,253,1358.5922999991453
faster_rcnn,FP32,operativo,B,0,254,1579.291900001408
faster_rcnn,FP32,operativo,B,0,255,1563.0497000020114
faster_rcnn,FP32,operativo,B,0,256,1562.8141000051983
faster_rcnn,FP32,operativo,B,0,257,1581.4944000012474
faster_rcnn,FP32,operativo,B,0,258,1562.3220999987097
faster_rcnn,FP32,operativo,B,0,259,1431.4783000008902
faster_rcnn,FP32,operativo,B,0,260,1563.8894000003347
faster_rcnn,FP32,operativo,B,0,261,1565.9243000045535
faster_rcnn,FP32,operativo,B,0,262,1570.6185000017285
faster_rcnn,FP32,operativo,B,0,263,1572.5852000032319
faster_rcnn,FP32,operativo,B,0,264,1575.0359000012395
faster_rcnn,FP32,operativo,B,0,265,1535.7884999975795
faster_rcnn,FP32,operativo,B,0,266,1527.9222000026493
faster_rcnn,FP32,operativo,B,0,267,1429.9508000040078
faster_rcnn,FP32,operativo,B,0,268,1565.05169999582
faster_rcnn,FP32,operativo,B,0,269,1558.7430000014137
faster_rcnn,FP32,operativo,B,0,270,1559.5112999944831
faster_rcnn,FP32,operativo,B,0,271,1561.8370000011055
faster_rcnn,FP32,operativo,B,0,272,1588.4418999994523
faster_rcnn,FP32,operativo,B,0,273,1563.9729000031366
faster_rcnn,FP32,operativo,B,0,274,1581.665999998222
faster_rcnn,FP32,operativo,B,0,275,1574.0463999973144
faster_rcnn,FP32,operativo,B,0,276,1565.034100000048
faster_rcnn,FP32,operativo,B,0,277,1559.4008999978541
faster_rcnn,FP32,operativo,B,0,278,1554.4006999989506
faster_rcnn,FP32,operativo,B,0,279,1561.2060999992536
faster_rcnn,FP32,operativo,B,0,280,1561.8665000001783
faster_rcnn,FP32,operativo,B,0,281,1570.0617999973474
faster_rcnn,FP32,operativo,B,0,282,1426.6323999981978
faster_rcnn,FP32,operativo,B,0,283,1555.6338999958825
faster_rcnn,FP32,operativo,B,0,284,1551.4174999989336
faster_rcnn,FP32,operativo,B,0,285,1561.0720999975456
faster_rcnn,FP32,operativo,B,0,286,1582.041699999536
faster_rcnn,FP32,operativo,B,0,287,1564.369200001238
faster_rcnn,FP32,operativo,B,0,288,1525.4325999994762
faster_rcnn,FP32,operativo,B,0,289,1567.839700001059
faster_rcnn,FP32,operativo,B,0,290,1566.587299996172
faster_rcnn,FP32,operativo,B,0,291,1560.9586000064155
faster_rcnn,FP32,operativo,B,0,292,1565.14430000243
faster_rcnn,FP32,operativo,B,0,293,1558.7587999980315
faster_rcnn,FP32,operativo,B,0,294,1558.4856999994372
faster_rcnn,FP32,operativo,B,0,295,1564.3674000020837
faster_rcnn,FP32,operativo,B,0,296,1559.3950000038603
faster_rcnn,FP32,operativo,B,0,297,1445.5899000022328
faster_rcnn,FP32,operativo,B,0,298,1562.5198999987333
faster_rcnn,FP32,operativo,B,0,299,1562.8976000007242
faster_rcnn,FP32,operativo,B,0,300,1561.7588000022806
faster_rcnn,FP32,operativo,B,0,301,1562.4784999963595
faster_rcnn,FP32,operativo,B,0,302,1559.8375999979908
faster_rcnn,FP32,operativo,B,0,303,1560.1525999954902
faster_rcnn,FP32,operativo,B,0,304,1555.9063000036986
faster_rcnn,FP32,operativo,B,0,305,1558.79019999702
faster_rcnn,FP32,operativo,B,0,306,1562.0314000043436
faster_rcnn,FP32,operativo,B,0,307,1428.2510000048205
faster_rcnn,FP32,operativo,B,0,308,1564.7635999994236
faster_rcnn,FP32,operativo,B,0,309,1600.4541000002064
faster_rcnn,FP32,operativo,B,0,310,1498.7841000038316
faster_rcnn,FP32,operativo,B,0,311,1430.1063000020804
faster_rcnn,FP32,operativo,B,0,312,1563.1871000005049
faster_rcnn,FP32,operativo,B,0,313,1560.9728999988874
faster_rcnn,FP32,operativo,B,0,314,1565.5202999987523
faster_rcnn,FP32,operativo,B,0,315,1557.8066000016406
faster_rcnn,FP32,operativo,B,0,316,1430.4256000032183
faster_rcnn,FP32,operativo,B,0,317,1560.9054000015021
faster_rcnn,FP32,operativo,B,0,318,1427.5735999981407
faster_rcnn,FP32,operativo,B,0,319,1448.3975999974064
faster_rcnn,FP32,operativo,B,0,320,1584.9018999942928
faster_rcnn,FP32,operativo,B,0,321,1560.67439999606
faster_rcnn,FP32,operativo,B,0,322,1435.8844000016688
faster_rcnn,FP32,operativo,B,0,323,1558.2021999944118
faster_rcnn,FP32,operativo,B,0,324,1562.945799996669
faster_rcnn,FP32,operativo,B,0,325,1563.057100000151
faster_rcnn,FP32,operativo,B,0,326,1460.7136999984505
faster_rcnn,FP32,operativo,B,0,327,1585.7737999976962
faster_rcnn,FP32,operativo,B,0,328,1431.4827999987756
faster_rcnn,FP32,operativo,B,0,329,1563.3907000010367
faster_rcnn,FP32,operativo,B,0,330,1426.9428999978118
faster_rcnn,FP32,operativo,B,0,331,1560.1738000041223
faster_rcnn,FP32,operativo,B,0,332,1562.954199995147
faster_rcnn,FP32,operativo,B,0,333,1561.7356000002474
faster_rcnn,FP32,operativo,B,0,334,1559.8882999984198
faster_rcnn,FP32,operativo,B,0,335,1562.5483999974676
faster_rcnn,FP32,operativo,B,0,336,1429.8827000020538
faster_rcnn,FP32,operativo,B,0,337,1563.306799995189
faster_rcnn,FP32,operativo,B,0,338,1560.2335000003222
faster_rcnn,FP32,operativo,B,0,339,1521.847500000149
faster_rcnn,FP32,operativo,B,0,340,1585.5668000003789
faster_rcnn,FP32,operativo,B,0,341,1430.4903999945964
faster_rcnn,FP32,operativo,B,0,342,1508.8154000040959
faster_rcnn,FP32,operativo,B,0,343,1554.9004999993485
faster_rcnn,FP32,operativo,B,0,344,1426.5796000036062
faster_rcnn,FP32,operativo,B,0,345,1429.9558000057004
faster_rcnn,FP32,operativo,B,0,346,1564.53799999872
faster_rcnn,FP32,operativo,B,0,347,1565.5299999998533
faster_rcnn,FP32,operativo,B,0,348,1587.595600001805
faster_rcnn,FP32,operativo,B,0,349,1561.1494999975548
faster_rcnn,FP32,operativo,B,0,350,1559.5355999976164
faster_rcnn,FP32,operativo,B,0,351,1581.6637000025366
faster_rcnn,FP32,operativo,B,0,352,1555.6407000040053
faster_rcnn,FP32,operativo,B,0,353,1563.8575999983004
faster_rcnn,FP32,operativo,B,0,354,1559.5616999999038
faster_rcnn,FP32,operativo,B,0,355,1560.0271000002977
faster_rcnn,FP32,operativo,B,0,356,1560.5808999971487
faster_rcnn,FP32,operativo,B,0,357,1429.166300003999
faster_rcnn,FP32,operativo,B,0,358,1562.483900001098
faster_rcnn,FP32,operativo,B,0,359,1424.6531000026152
faster_rcnn,FP32,operativo,B,0,360,1530.4457999955048
faster_rcnn,FP32,operativo,B,0,361,1562.6931000006152
faster_rcnn,FP32,operativo,B,0,362,1560.8565999937127
faster_rcnn,FP32,operativo,B,0,363,1576.1627000028966
faster_rcnn,FP32,operativo,B,0,364,1570.7067999974242
faster_rcnn,FP32,operativo,B,0,365,1429.8339000015403
faster_rcnn,FP32,operativo,B,0,366,1427.5815000000875
faster_rcnn,FP32,operativo,B,0,367,1567.0651000036742
faster_rcnn,FP32,operativo,B,0,368,1605.5514000036055
faster_rcnn,FP32,operativo,B,0,369,1441.3524000046891
faster_rcnn,FP32,operativo,B,0,370,1580.7927999994718
faster_rcnn,FP32,operativo,B,0,371,1556.8922999955248
faster_rcnn,FP32,operativo,B,0,372,1560.704600000463
faster_rcnn,FP32,operativo,B,0,373,1568.4476000024006
faster_rcnn,FP32,operativo,A,1,0,1545.9667000031914
faster_rcnn,FP32,operativo,A,1,1,1542.5596999994013
faster_rcnn,FP32,operativo,A,1,2,1550.0400000019
faster_rcnn,FP32,operativo,A,1,3,1560.7463999986066
faster_rcnn,FP32,operativo,A,1,4,1537.3866999943857
faster_rcnn,FP32,operativo,A,1,5,1545.712300001469
faster_rcnn,FP32,operativo,A,1,6,1544.4304999982705
faster_rcnn,FP32,operativo,A,1,7,1559.3173000015668
faster_rcnn,FP32,operativo,A,1,8,1547.3765999995521
faster_rcnn,FP32,operativo,A,1,9,1414.3238000033307
faster_rcnn,FP32,operativo,A,1,10,1449.198599999363
faster_rcnn,FP32,operativo,A,1,11,1545.1123000020743
faster_rcnn,FP32,operativo,A,1,12,1564.3756999998004
faster_rcnn,FP32,operativo,A,1,13,1541.7613000026904
faster_rcnn,FP32,operativo,A,1,14,1498.4811000031186
faster_rcnn,FP32,operativo,A,1,15,1538.2110999998986
faster_rcnn,FP32,operativo,A,1,16,1541.31650000636
faster_rcnn,FP32,operativo,A,1,17,1562.2274999986985
faster_rcnn,FP32,operativo,A,1,18,1545.1797000059742
faster_rcnn,FP32,operativo,A,1,19,1539.3063999945298
faster_rcnn,FP32,operativo,A,1,20,1543.3351000028779
faster_rcnn,FP32,operativo,A,1,21,1500.750600003812
faster_rcnn,FP32,operativo,A,1,22,1557.4431999993976
faster_rcnn,FP32,operativo,A,1,23,1544.9058000012883
faster_rcnn,FP32,operativo,A,1,24,1544.3599999998696
faster_rcnn,FP32,operativo,A,1,25,1415.0576000029105
faster_rcnn,FP32,operativo,A,1,26,1542.3902999973507
faster_rcnn,FP32,operativo,A,1,27,1541.547000000719
faster_rcnn,FP32,operativo,A,1,28,1487.6168999981019
faster_rcnn,FP32,operativo,A,1,29,1543.6776999995345
faster_rcnn,FP32,operativo,A,1,30,1540.045800000371
faster_rcnn,FP32,operativo,A,1,31,1539.1529000044102
faster_rcnn,FP32,operativo,A,1,32,1550.374800004647
faster_rcnn,FP32,operativo,A,1,33,1571.6792000021087
faster_rcnn,FP32,operativo,A,1,34,1418.552199997066
faster_rcnn,FP32,operativo,A,1,35,1547.1461999986786
faster_rcnn,FP32,operativo,A,1,36,1544.568099998287
faster_rcnn,FP32,operativo,A,1,37,1410.451899995678
faster_rcnn,FP32,operativo,A,1,38,1543.6124999978347
faster_rcnn,FP32,operativo,A,1,39,1540.3717000008328
faster_rcnn,FP32,operativo,A,1,40,1541.2185999957728
faster_rcnn,FP32,operativo,A,1,41,1558.51299999631
faster_rcnn,FP32,operativo,A,1,42,1544.3142000003718
faster_rcnn,FP32,operativo,A,1,43,1543.509900002391
faster_rcnn,FP32,operativo,A,1,44,1544.2843999990146
faster_rcnn,FP32,operativo,A,1,45,1501.5907999986666
faster_rcnn,FP32,operativo,A,1,46,1542.8850000025705
faster_rcnn,FP32,operativo,A,1,47,1412.2165999942808
faster_rcnn,FP32,operativo,A,1,48,1542.0718000023044
faster_rcnn,FP32,operativo,A,1,49,1411.4075999968918
faster_rcnn,FP32,operativo,A,1,50,1556.7928000018583
faster_rcnn,FP32,operativo,A,1,51,1495.9901999973226
faster_rcnn,FP32,operativo,A,1,52,1508.7185000011232
faster_rcnn,FP32,operativo,A,1,53,1561.6039000015007
faster_rcnn,FP32,operativo,A,1,54,1546.6452999971807
faster_rcnn,FP32,operativo,A,1,55,1538.4001000056742
faster_rcnn,FP32,operativo,A,1,56,1544.2643999995198
faster_rcnn,FP32,operativo,A,1,57,1548.9936000012676
faster_rcnn,FP32,operativo,A,1,58,1545.609600005264
faster_rcnn,FP32,operativo,A,1,59,1412.9972999944584
faster_rcnn,FP32,operativo,A,1,60,1414.0385999999125
faster_rcnn,FP32,operativo,A,1,61,1542.7803999991738
faster_rcnn,FP32,operativo,A,1,62,1414.7884999983944
faster_rcnn,FP32,operativo,A,1,63,1557.2505000018282
faster_rcnn,FP32,operativo,A,1,64,1560.3104000038002
faster_rcnn,FP32,operativo,A,1,65,1542.8755999964778
faster_rcnn,FP32,operativo,A,1,66,1545.9679999985383
faster_rcnn,FP32,operativo,A,1,67,1547.474400002102
faster_rcnn,FP32,operativo,A,1,68,1538.1850999983726
faster_rcnn,FP32,operativo,A,1,69,1409.0766999943298
faster_rcnn,FP32,operativo,A,1,70,1541.6316999981063
faster_rcnn,FP32,operativo,A,1,71,1492.82790000143
faster_rcnn,FP32,operativo,A,1,72,1556.0565999985556
faster_rcnn,FP32,operativo,A,1,73,1542.7704000030644
faster_rcnn,FP32,operativo,A,1,74,1545.761900000798
faster_rcnn,FP32,operativo,A,1,75,1544.4515999988653
faster_rcnn,FP32,operativo,A,1,76,1540.4418999969494
faster_rcnn,FP32,operativo,A,1,77,1188.773100002436
faster_rcnn,FP32,operativo,A,1,78,1555.8702999987872
faster_rcnn,FP32,operativo,A,1,79,1567.97390000429
faster_rcnn,FP32,operativo,A,1,80,1437.3309000002337
faster_rcnn,FP32,operativo,A,1,81,1547.9009999980917
faster_rcnn,FP32,operativo,A,1,82,1543.9582000035443
faster_rcnn,FP32,operativo,A,1,83,1547.6495000038994
faster_rcnn,FP32,operativo,A,1,84,1546.076599996013
faster_rcnn,FP32,operativo,A,1,85,1582.0758999980171
faster_rcnn,FP32,operativo,A,1,86,1541.3584999987506
faster_rcnn,FP32,operativo,A,1,87,1542.4506999988807
faster_rcnn,FP32,operativo,A,1,88,1564.3665999959921
faster_rcnn,FP32,operativo,A,1,89,1529.6639000007417
faster_rcnn,FP32,operativo,A,1,90,1485.6603000007453
faster_rcnn,FP32,operativo,A,1,91,1545.5020000008517
faster_rcnn,FP32,operativo,A,1,92,1543.3648999969591
faster_rcnn,FP32,operativo,A,1,93,1536.9093000044813
faster_rcnn,FP32,operativo,A,1,94,1548.5746000049403
faster_rcnn,FP32,operativo,A,1,95,1451.2468999964767
faster_rcnn,FP32,operativo,A,1,96,1543.7822000021697
faster_rcnn,FP32,operativo,A,1,97,1544.9093999995966
faster_rcnn,FP32,operativo,A,1,98,1465.71280000353
faster_rcnn,FP32,operativo,A,1,99,1544.60050000489
faster_rcnn,FP32,operativo,A,1,100,1408.8944000031915
faster_rcnn,FP32,operativo,A,1,101,1561.600000000908
faster_rcnn,FP32,operativo,A,1,102,1564.4695999944815
faster_rcnn,FP32,operativo,A,1,103,1543.9622000048985
faster_rcnn,FP32,operativo,A,1,104,1541.5929999944638
faster_rcnn,FP32,operativo,A,1,105,1538.2172999961767
faster_rcnn,FP32,operativo,A,1,106,1543.2600999993156
faster_rcnn,FP32,operativo,A,1,107,1560.8780999973533
faster_rcnn,FP32,operativo,A,1,108,1410.724499997741
faster_rcnn,FP32,operativo,A,1,109,1544.8059999980615
faster_rcnn,FP32,operativo,A,1,110,1412.4664000046323
faster_rcnn,FP32,operativo,A,1,111,1550.1836000039475
faster_rcnn,FP32,operativo,A,1,112,1543.1404000046314
faster_rcnn,FP32,operativo,A,1,113,1413.0917000002228
faster_rcnn,FP32,operativo,A,1,114,1547.8452000024845
faster_rcnn,FP32,operativo,A,1,115,1565.0796000045375
faster_rcnn,FP32,operativo,A,1,116,1534.5538000037777
faster_rcnn,FP32,operativo,A,1,117,1551.8943999995827
faster_rcnn,FP32,operativo,A,1,118,1554.6329999997397
faster_rcnn,FP32,operativo,A,1,119,1544.0315999949235
faster_rcnn,FP32,operativo,A,1,120,1543.1626999998116
faster_rcnn,FP32,operativo,A,1,121,1544.1801999986637
faster_rcnn,FP32,operativo,A,1,122,1544.8863000056008
faster_rcnn,FP32,operativo,A,1,123,1545.4683999996632
faster_rcnn,FP32,operativo,A,1,124,1567.041900001641
faster_rcnn,FP32,operativo,A,1,125,1545.707000004768
faster_rcnn,FP32,operativo,A,1,126,1538.3616000035545
faster_rcnn,FP32,operativo,A,1,127,1547.8484999985085
faster_rcnn,FP32,operativo,A,1,128,1546.9266000000061
faster_rcnn,FP32,operativo,A,1,129,1546.4830999990227
faster_rcnn,FP32,operativo,A,1,130,1543.8887999989674
faster_rcnn,FP32,operativo,A,1,131,1547.716399996716
faster_rcnn,FP32,operativo,A,1,132,1412.2447999980068
faster_rcnn,FP32,operativo,A,1,133,1410.2682000011555
faster_rcnn,FP32,operativo,A,1,134,1546.086299997114
faster_rcnn,FP32,operativo,A,1,135,1545.688500002143
faster_rcnn,FP32,operativo,A,1,136,1411.4077000049292
faster_rcnn,FP32,operativo,A,1,137,1537.7013999968767
faster_rcnn,FP32,operativo,A,1,138,1543.869299996004
faster_rcnn,FP32,operativo,A,1,139,1544.7189999977127
faster_rcnn,FP32,operativo,A,1,140,1545.9521999946446
faster_rcnn,FP32,operativo,A,1,141,1543.590100001893
faster_rcnn,FP32,operativo,A,1,142,1541.9784000041545
faster_rcnn,FP32,operativo,A,1,143,1543.0705000035232
faster_rcnn,FP32,operativo,A,1,144,1524.6317999990424
faster_rcnn,FP32,operativo,A,1,145,1413.9068000004045
faster_rcnn,FP32,operativo,A,1,146,1544.8448000024655
faster_rcnn,FP32,operativo,A,1,147,1552.260500000557
faster_rcnn,FP32,operativo,A,1,148,1550.047100005031
faster_rcnn,FP32,operativo,A,1,149,1560.8198999980232
faster_rcnn,FP32,operativo,A,1,150,1544.7371999980533
faster_rcnn,FP32,operativo,A,1,151,1543.7090000050375
faster_rcnn,FP32,operativo,A,1,152,1565.3634999980568
faster_rcnn,FP32,operativo,A,1,153,1539.7864000042318
faster_rcnn,FP32,operativo,A,1,154,1544.5741000003181
faster_rcnn,FP32,operativo,A,1,155,1546.3390000004438
faster_rcnn,FP32,operativo,A,1,156,1417.6173999949242
faster_rcnn,FP32,operativo,A,1,157,1416.6537000055541
faster_rcnn,FP32,operativo,A,1,158,1564.864599997236
faster_rcnn,FP32,operativo,A,1,159,1544.1922999962117
faster_rcnn,FP32,operativo,A,1,160,1544.4098000007216
faster_rcnn,FP32,operativo,A,1,161,1561.3032000037492
faster_rcnn,FP32,operativo,A,1,162,1505.5374000003212
faster_rcnn,FP32,operativo,A,1,163,1528.7676000007195
faster_rcnn,FP32,operativo,A,1,164,1543.7583999955677
faster_rcnn,FP32,operativo,A,1,165,1541.564000006474
faster_rcnn,FP32,operativo,A,1,166,1541.5327999944566
faster_rcnn,FP32,operativo,A,1,167,1411.851700002444
faster_rcnn,FP32,operativo,A,1,168,1566.8756000013673
faster_rcnn,FP32,operativo,A,1,169,1565.87039999431
faster_rcnn,FP32,operativo,A,1,170,1570.8019000012428
faster_rcnn,FP32,operativo,A,1,171,1415.8711999989464
faster_rcnn,FP32,operativo,A,1,172,1408.0200000025798
faster_rcnn,FP32,operativo,A,1,173,1414.73070000211
faster_rcnn,FP32,operativo,A,1,174,1544.0278999958537
faster_rcnn,FP32,operativo,A,1,175,1546.9283999991603
faster_rcnn,FP32,operativo,A,1,176,1539.3751000010525
faster_rcnn,FP32,operativo,A,1,177,1540.4261000003316
faster_rcnn,FP32,operativo,A,1,178,1543.6046000031638
faster_rcnn,FP32,operativo,A,1,179,1547.5891999958549
faster_rcnn,FP32,operativo,A,1,180,1549.5175999967614
faster_rcnn,FP32,operativo,A,1,181,1540.286900002684
faster_rcnn,FP32,operativo,A,1,182,1363.6604999992414
faster_rcnn,FP32,operativo,A,1,183,1577.9607000004034
faster_rcnn,FP32,operativo,A,1,184,1543.2664000036311
faster_rcnn,FP32,operativo,A,1,185,1545.3235000022687
faster_rcnn,FP32,operativo,A,1,186,1545.736100000795
faster_rcnn,FP32,operativo,A,1,187,1191.9836000015493
faster_rcnn,FP32,operativo,A,1,188,1545.7085000016377
faster_rcnn,FP32,operativo,A,1,189,1495.0790000002598
faster_rcnn,FP32,operativo,A,1,190,1409.6287000065786
faster_rcnn,FP32,operativo,A,1,191,1544.0602000016952
faster_rcnn,FP32,operativo,A,1,192,1546.75820000557
faster_rcnn,FP32,operativo,A,1,193,1552.8395000001183
faster_rcnn,FP32,operativo,A,1,194,1541.6302000012365
faster_rcnn,FP32,operativo,A,1,195,1547.6159999961965
faster_rcnn,FP32,operativo,A,1,196,1414.0302000014344
faster_rcnn,FP32,operativo,A,1,197,1417.0816999976523
faster_rcnn,FP32,operativo,A,1,198,1433.7900999962585
faster_rcnn,FP32,operativo,A,1,199,1547.759599998244
faster_rcnn,FP32,operativo,A,1,200,1557.4070999937248
faster_rcnn,FP32,operativo,A,1,201,1540.6148999973084
faster_rcnn,FP32,operativo,A,1,202,1542.2169000012218
faster_rcnn,FP32,operativo,A,1,203,1418.3269999994081
faster_rcnn,FP32,operativo,A,1,204,1411.0110999972676
faster_rcnn,FP32,operativo,A,1,205,1548.5713999951258
faster_rcnn,FP32,operativo,A,1,206,1541.911299995263
faster_rcnn,FP32,operativo,A,1,207,1493.0507999961264
faster_rcnn,FP32,operativo,A,1,208,1543.8902999958373
faster_rcnn,FP32,operativo,A,1,209,1448.7148999978672
faster_rcnn,FP32,operativo,A,1,210,1413.0150000055437
faster_rcnn,FP32,operativo,A,1,211,1547.3861000064062
faster_rcnn,FP32,operativo,A,1,212,1548.2856999951764
faster_rcnn,FP32,operativo,A,1,213,1540.3552999996464
faster_rcnn,FP32,operativo,A,1,214,1556.6575999982888
faster_rcnn,FP32,operativo,A,1,215,1546.319199995196
faster_rcnn,FP32,operativo,A,1,216,1412.4014000044554
faster_rcnn,FP32,operativo,A,1,217,1412.365600001067
faster_rcnn,FP32,operativo,A,1,218,1545.957800000906
faster_rcnn,FP32,operativo,A,1,219,1545.1115999967442
faster_rcnn,FP32,operativo,A,1,220,1540.4735999982222
faster_rcnn,FP32,operativo,A,1,221,1541.2610000057612
faster_rcnn,FP32,operativo,A,1,222,1410.3268000035314
faster_rcnn,FP32,operativo,A,1,223,1542.9365000018151
faster_rcnn,FP32,operativo,A,1,224,1547.1124000032432
faster_rcnn,FP32,operativo,A,1,225,1410.7741999978316
faster_rcnn,FP32,operativo,A,1,226,1545.4215000063414
faster_rcnn,FP32,operativo,A,1,227,1558.4769000051892
faster_rcnn,FP32,operativo,A,1,228,1413.8046000007307
faster_rcnn,FP32,operativo,A,1,229,1544.6646000054898
faster_rcnn,FP32,operativo,A,1,230,1237.75160000514
faster_rcnn,FP32,operativo,A,1,231,1196.3731000068947
faster_rcnn,FP32,operativo,A,1,232,1551.9469999999274
faster_rcnn,FP32,operativo,A,1,233,1540.8720999985235
faster_rcnn,FP32,operativo,A,1,234,1503.6609000017052
faster_rcnn,FP32,operativo,A,1,235,1542.7535000053467
faster_rcnn,FP32,operativo,A,1,236,1493.696400000772
faster_rcnn,FP32,operativo,A,1,237,1563.0573000016739
faster_rcnn,FP32,operativo,A,1,238,1539.0107999992324
faster_rcnn,FP32,operativo,A,1,239,1542.6446000055876
faster_rcnn,FP32,operativo,A,1,240,1547.6278999994975
faster_rcnn,FP32,operativo,A,1,241,1516.9335000027786
faster_rcnn,FP32,operativo,A,1,242,1562.2800999990432
faster_rcnn,FP32,operativo,A,1,243,1414.311100001214
faster_rcnn,FP32,operativo,A,1,244,1323.014499997953
faster_rcnn,FP32,operativo,A,1,245,1569.9660999962362
faster_rcnn,FP32,operativo,A,1,246,1540.5238999956055
faster_rcnn,FP32,operativo,A,1,247,1543.6444000006304
faster_rcnn,FP32,operativo,A,1,248,1348.0889999991632
faster_rcnn,FP32,operativo,A,1,249,1544.5452999992995
faster_rcnn,FP32,operativo,A,1,250,1546.6384000028484
faster_rcnn,FP32,operativo,A,1,251,1506.3363000008394
faster_rcnn,FP32,operativo,A,1,252,1569.9788999991142
faster_rcnn,FP32,operativo,A,1,253,1344.0295000036713
faster_rcnn,FP32,operativo,A,1,254,1564.212100005534
faster_rcnn,FP32,operativo,A,1,255,1540.6814000016311
faster_rcnn,FP32,operativo,A,1,256,1543.4267000018735
faster_rcnn,FP32,operativo,A,1,257,1558.171399999992
faster_rcnn,FP32,operativo,A,1,258,1544.6331000057398
faster_rcnn,FP32,operativo,A,1,259,1414.3171000032453
faster_rcnn,FP32,operativo,A,1,260,1545.4996999978903
faster_rcnn,FP32,operativo,A,1,261,1545.2296000003116
faster_rcnn,FP32,operativo,A,1,262,1544.5675999944797
faster_rcnn,FP32,operativo,A,1,263,1544.282299997576
faster_rcnn,FP32,operativo,A,1,264,1550.8363000044483
faster_rcnn,FP32,operativo,A,1,265,1509.3650000053458
faster_rcnn,FP32,operativo,A,1,266,1504.6580999987782
faster_rcnn,FP32,operativo,A,1,267,1409.9606000017957
faster_rcnn,FP32,operativo,A,1,268,1547.6723999963724
faster_rcnn,FP32,operativo,A,1,269,1547.2827999983565
faster_rcnn,FP32,operativo,A,1,270,1540.1255000033416
faster_rcnn,FP32,operativo,A,1,271,1544.5241000052192
faster_rcnn,FP32,operativo,A,1,272,1567.7062999966438
faster_rcnn,FP32,operativo,A,1,273,1543.902800003707
faster_rcnn,FP32,operativo,A,1,274,1563.6505000002217
faster_rcnn,FP32,operativo,A,1,275,1552.3192999971798
faster_rcnn,FP32,operativo,A,1,276,1547.0058000064455
faster_rcnn,FP32,operativo,A,1,277,1542.0592000009492
faster_rcnn,FP32,operativo,A,1,278,1538.0689000012353
faster_rcnn,FP32,operativo,A,1,279,1543.5319999960484
faster_rcnn,FP32,operativo,A,1,280,1542.3067999945488
faster_rcnn,FP32,operativo,A,1,281,10462.505099996633
faster_rcnn,FP32,operativo,A,1,282,2412.595000001602
faster_rcnn,FP32,operativo,A,1,283,2030.4742000007536
faster_rcnn,FP32,operativo,A,1,284,1675.8085999972536
faster_rcnn,FP32,operativo,A,1,285,1610.4917999982717
faster_rcnn,FP32,operativo,A,1,286,1601.494399998046
faster_rcnn,FP32,operativo,A,1,287,1573.2841000062763
faster_rcnn,FP32,operativo,A,1,288,1538.8604999970994
faster_rcnn,FP32,operativo,A,1,289,1576.439800002845
faster_rcnn,FP32,operativo,A,1,290,1573.6276999959955
faster_rcnn,FP32,operativo,A,1,291,1564.288800000213
faster_rcnn,FP32,operativo,A,1,292,1548.9132000002428
faster_rcnn,FP32,operativo,A,1,293,1539.763299995684
faster_rcnn,FP32,operativo,A,1,294,1537.6720999993267
faster_rcnn,FP32,operativo,A,1,295,1552.86480000359
faster_rcnn,FP32,operativo,A,1,296,1550.0749999991967
faster_rcnn,FP32,operativo,A,1,297,1452.1756999965874
faster_rcnn,FP32,operativo,A,1,298,1570.6646000035107
faster_rcnn,FP32,operativo,A,1,299,1570.0280999953975
faster_rcnn,FP32,operativo,A,1,300,1572.3902999961865
faster_rcnn,FP32,operativo,A,1,301,1569.8578000010457
faster_rcnn,FP32,operativo,A,1,302,1567.5705000030575
faster_rcnn,FP32,operativo,A,1,303,1566.8408000055933
faster_rcnn,FP32,operativo,A,1,304,1559.8335000031511
faster_rcnn,FP32,operativo,A,1,305,1564.0064000035636
faster_rcnn,FP32,operativo,A,1,306,1569.702300002973
faster_rcnn,FP32,operativo,A,1,307,1434.7921000007773
faster_rcnn,FP32,operativo,A,1,308,1572.3832000003313
faster_rcnn,FP32,operativo,A,1,309,1592.8915000040433
faster_rcnn,FP32,operativo,A,1,310,1520.563400001265
faster_rcnn,FP32,operativo,A,1,311,1437.324600003194
faster_rcnn,FP32,operativo,A,1,312,1571.5318000002299
faster_rcnn,FP32,operativo,A,1,313,1568.7954999957583
faster_rcnn,FP32,operativo,A,1,314,1573.7745000005816
faster_rcnn,FP32,operativo,A,1,315,1568.03360000049
faster_rcnn,FP32,operativo,A,1,316,1439.8750999971526
faster_rcnn,FP32,operativo,A,1,317,1574.3421999941347
faster_rcnn,FP32,operativo,A,1,318,1442.6070999979856
faster_rcnn,FP32,operativo,A,1,319,1458.8852000015322
faster_rcnn,FP32,operativo,A,1,320,1597.360200001276
faster_rcnn,FP32,operativo,A,1,321,1572.3942000040552
faster_rcnn,FP32,operativo,A,1,322,1448.8065999976243
faster_rcnn,FP32,operativo,A,1,323,1568.381600001885
faster_rcnn,FP32,operativo,A,1,324,1568.8478000010946
faster_rcnn,FP32,operativo,A,1,325,1570.6983999989461
faster_rcnn,FP32,operativo,A,1,326,1468.5394000043743
faster_rcnn,FP32,operativo,A,1,327,1594.8165000008885
faster_rcnn,FP32,operativo,A,1,328,1442.8824000060558
faster_rcnn,FP32,operativo,A,1,329,1574.3247000064002
faster_rcnn,FP32,operativo,A,1,330,1432.3674000042956
faster_rcnn,FP32,operativo,A,1,331,1565.014899999369
faster_rcnn,FP32,operativo,A,1,332,1568.0719000010868
faster_rcnn,FP32,operativo,A,1,333,1573.4137000035844
faster_rcnn,FP32,operativo,A,1,334,1569.3965000027674
faster_rcnn,FP32,operativo,A,1,335,1570.9673000019393
faster_rcnn,FP32,operativo,A,1,336,1438.2478999978048
faster_rcnn,FP32,operativo,A,1,337,1572.1897000039462
faster_rcnn,FP32,operativo,A,1,338,1571.407100003853
faster_rcnn,FP32,operativo,A,1,339,1532.7333999957773
faster_rcnn,FP32,operativo,A,1,340,1592.3600000023725
faster_rcnn,FP32,operativo,A,1,341,1439.7685000003548
faster_rcnn,FP32,operativo,A,1,342,1521.9873000023654
faster_rcnn,FP32,operativo,A,1,343,1572.4029000048176
faster_rcnn,FP32,operativo,A,1,344,1438.390299997991
faster_rcnn,FP32,operativo,A,1,345,1436.1232000010205
faster_rcnn,FP32,operativo,A,1,346,1572.4028999975417
faster_rcnn,FP32,operativo,A,1,347,1578.2774000035715
faster_rcnn,FP32,operativo,A,1,348,1594.4606000048225
faster_rcnn,FP32,operativo,A,1,349,1569.6989000061876
faster_rcnn,FP32,operativo,A,1,350,1567.8523000024143
faster_rcnn,FP32,operativo,A,1,351,1584.748799999943
faster_rcnn,FP32,operativo,A,1,352,1563.8879999969504
faster_rcnn,FP32,operativo,A,1,353,1566.839599996456
faster_rcnn,FP32,operativo,A,1,354,1568.0750999963493
faster_rcnn,FP32,operativo,A,1,355,1572.1883000005619
faster_rcnn,FP32,operativo,A,1,356,1567.5553000037326
faster_rcnn,FP32,operativo,A,1,357,1438.2603999983985
faster_rcnn,FP32,operativo,A,1,358,1568.5176000042702
faster_rcnn,FP32,operativo,A,1,359,1435.4268000024604
faster_rcnn,FP32,operativo,A,1,360,1545.95999999583
faster_rcnn,FP32,operativo,A,1,361,1569.799700002477
faster_rcnn,FP32,operativo,A,1,362,1564.38199999684
faster_rcnn,FP32,operativo,A,1,363,1581.890100002056
faster_rcnn,FP32,operativo,A,1,364,1569.668800002546
faster_rcnn,FP32,operativo,A,1,365,1435.9011000051396
faster_rcnn,FP32,operativo,A,1,366,1438.509299994621
faster_rcnn,FP32,operativo,A,1,367,1571.7250000016065
faster_rcnn,FP32,operativo,A,1,368,1608.0632000011974
faster_rcnn,FP32,operativo,A,1,369,1430.84269999963
faster_rcnn,FP32,operativo,A,1,370,1588.563700002851
faster_rcnn,FP32,operativo,A,1,371,1564.3932000020868
faster_rcnn,FP32,operativo,A,1,372,1565.2383999986341
faster_rcnn,FP32,operativo,A,1,373,1573.4807000044384
faster_rcnn,FP32,operativo,B,1,0,1592.9662000053213
faster_rcnn,FP32,operativo,B,1,1,1585.5068000018946
faster_rcnn,FP32,operativo,B,1,2,1591.669000001275
faster_rcnn,FP32,operativo,B,1,3,1607.2848999974667
faster_rcnn,FP32,operativo,B,1,4,1579.1860000026645
faster_rcnn,FP32,operativo,B,1,5,1589.3854000023566
faster_rcnn,FP32,operativo,B,1,6,1588.6332000009133
faster_rcnn,FP32,operativo,B,1,7,1605.831400003808
faster_rcnn,FP32,operativo,B,1,8,1601.6343000010238
faster_rcnn,FP32,operativo,B,1,9,1452.797300000384
faster_rcnn,FP32,operativo,B,1,10,1492.9234000010183
faster_rcnn,FP32,operativo,B,1,11,1592.0928999985335
faster_rcnn,FP32,operativo,B,1,12,1618.542999996862
faster_rcnn,FP32,operativo,B,1,13,1586.9365999969887
faster_rcnn,FP32,operativo,B,1,14,1550.2737999995588
faster_rcnn,FP32,operativo,B,1,15,1585.781900001166
faster_rcnn,FP32,operativo,B,1,16,1587.050399997679
faster_rcnn,FP32,operativo,B,1,17,1610.9981999979937
faster_rcnn,FP32,operativo,B,1,18,1587.7146999991965
faster_rcnn,FP32,operativo,B,1,19,1581.8153000000166
faster_rcnn,FP32,operativo,B,1,20,1588.3342000015546
faster_rcnn,FP32,operativo,B,1,21,1549.3245999969076
faster_rcnn,FP32,operativo,B,1,22,1606.9220999997924
faster_rcnn,FP32,operativo,B,1,23,1592.1550999992178
faster_rcnn,FP32,operativo,B,1,24,1600.0433000008343
faster_rcnn,FP32,operativo,B,1,25,1452.1856000064872
faster_rcnn,FP32,operativo,B,1,26,1587.1238999970956
faster_rcnn,FP32,operativo,B,1,27,1585.692000000563
faster_rcnn,FP32,operativo,B,1,28,1533.6733999938588
faster_rcnn,FP32,operativo,B,1,29,1589.7796000062954
faster_rcnn,FP32,operativo,B,1,30,1585.2976999958628
faster_rcnn,FP32,operativo,B,1,31,1583.153500003391
faster_rcnn,FP32,operativo,B,1,32,1588.0206000001635
faster_rcnn,FP32,operativo,B,1,33,1610.8047000016086
faster_rcnn,FP32,operativo,B,1,34,1455.294800005504
faster_rcnn,FP32,operativo,B,1,35,1588.1425999978092
faster_rcnn,FP32,operativo,B,1,36,1592.2934999980498
faster_rcnn,FP32,operativo,B,1,37,1455.2225000006729
faster_rcnn,FP32,operativo,B,1,38,1587.2999999992317
faster_rcnn,FP32,operativo,B,1,39,1579.3217999962508
faster_rcnn,FP32,operativo,B,1,40,1586.8765999985044
faster_rcnn,FP32,operativo,B,1,41,1604.6597999957157
faster_rcnn,FP32,operativo,B,1,42,1591.6374000007636
faster_rcnn,FP32,operativo,B,1,43,1587.9088000001502
faster_rcnn,FP32,operativo,B,1,44,1587.0950000025914
faster_rcnn,FP32,operativo,B,1,45,1549.6542999972007
faster_rcnn,FP32,operativo,B,1,46,1591.8870000023162
faster_rcnn,FP32,operativo,B,1,47,1448.6666999946465
faster_rcnn,FP32,operativo,B,1,48,1583.5296000004746
faster_rcnn,FP32,operativo,B,1,49,1452.3817999943276
faster_rcnn,FP32,operativo,B,1,50,1601.154999996652
faster_rcnn,FP32,operativo,B,1,51,1545.2995999949053
faster_rcnn,FP32,operativo,B,1,52,1553.1369000018458
faster_rcnn,FP32,operativo,B,1,53,1607.8647000031197
faster_rcnn,FP32,operativo,B,1,54,1591.697000003478
faster_rcnn,FP32,operativo,B,1,55,1583.8782000064384
faster_rcnn,FP32,operativo,B,1,56,1593.996600000537
faster_rcnn,FP32,operativo,B,1,57,1593.4941000014078
faster_rcnn,FP32,operativo,B,1,58,1587.3353999995743
faster_rcnn,FP32,operativo,B,1,59,1453.9440000007744
faster_rcnn,FP32,operativo,B,1,60,1455.3704999998445
faster_rcnn,FP32,operativo,B,1,61,1591.1741000018083
faster_rcnn,FP32,operativo,B,1,62,1468.5589000000618
faster_rcnn,FP32,operativo,B,1,63,1619.357299998228
faster_rcnn,FP32,operativo,B,1,64,1613.4661999967648
faster_rcnn,FP32,operativo,B,1,65,1591.5720999983023
faster_rcnn,FP32,operativo,B,1,66,1597.1986000004108
faster_rcnn,FP32,operativo,B,1,67,1590.6208000014885
faster_rcnn,FP32,operativo,B,1,68,1582.834199994977
faster_rcnn,FP32,operativo,B,1,69,1438.161799997033
faster_rcnn,FP32,operativo,B,1,70,1569.324999996752
faster_rcnn,FP32,operativo,B,1,71,1523.6064999990049
faster_rcnn,FP32,operativo,B,1,72,1578.630099997099
faster_rcnn,FP32,operativo,B,1,73,1631.8393999972614
faster_rcnn,FP32,operativo,B,1,74,1607.9447999945842
faster_rcnn,FP32,operativo,B,1,75,1599.5943999951123
faster_rcnn,FP32,operativo,B,1,76,1590.8353999984683
faster_rcnn,FP32,operativo,B,1,77,1262.7354999931413
faster_rcnn,FP32,operativo,B,1,78,1603.2839000035892
faster_rcnn,FP32,operativo,B,1,79,1607.7937000009115
faster_rcnn,FP32,operativo,B,1,80,1474.2527000053087
faster_rcnn,FP32,operativo,B,1,81,1590.2157000018633
faster_rcnn,FP32,operativo,B,1,82,1586.5349000014248
faster_rcnn,FP32,operativo,B,1,83,1589.7776999991038
faster_rcnn,FP32,operativo,B,1,84,1584.1287000002922
faster_rcnn,FP32,operativo,B,1,85,1622.1499999955995
faster_rcnn,FP32,operativo,B,1,86,1580.9885999988182
faster_rcnn,FP32,operativo,B,1,87,1582.1109999960754
faster_rcnn,FP32,operativo,B,1,88,1609.9174000046332
faster_rcnn,FP32,operativo,B,1,89,1572.7570000017295
faster_rcnn,FP32,operativo,B,1,90,1525.848400000541
faster_rcnn,FP32,operativo,B,1,91,1586.6511999993236
faster_rcnn,FP32,operativo,B,1,92,1584.11810000689
faster_rcnn,FP32,operativo,B,1,93,1580.5208000019775
faster_rcnn,FP32,operativo,B,1,94,1586.2515000044368
faster_rcnn,FP32,operativo,B,1,95,1492.0644000012544
faster_rcnn,FP32,operativo,B,1,96,1582.6580000066315
faster_rcnn,FP32,operativo,B,1,97,1585.4149000006146
faster_rcnn,FP32,operativo,B,1,98,1509.8495999991428
faster_rcnn,FP32,operativo,B,1,99,1580.7495999979437
faster_rcnn,FP32,operativo,B,1,100,1445.4180999964592
faster_rcnn,FP32,operativo,B,1,101,1600.3254000024754
faster_rcnn,FP32,operativo,B,1,102,1609.3375999989803
faster_rcnn,FP32,operativo,B,1,103,1580.77040000353
faster_rcnn,FP32,operativo,B,1,104,1581.296599993948
faster_rcnn,FP32,operativo,B,1,105,1578.446100000292
faster_rcnn,FP32,operativo,B,1,106,1582.3500999977114
faster_rcnn,FP32,operativo,B,1,107,1599.744200000714
faster_rcnn,FP32,operativo,B,1,108,1444.3263000066509
faster_rcnn,FP32,operativo,B,1,109,1584.6381000010297
faster_rcnn,FP32,operativo,B,1,110,1444.8721000007936
faster_rcnn,FP32,operativo,B,1,111,1591.481700001168
faster_rcnn,FP32,operativo,B,1,112,1585.2741000053356
faster_rcnn,FP32,operativo,B,1,113,1455.9175000031246
faster_rcnn,FP32,operativo,B,1,114,1594.410700003209
faster_rcnn,FP32,operativo,B,1,115,1621.146499994211
faster_rcnn,FP32,operativo,B,1,116,1577.6697999972384
faster_rcnn,FP32,operativo,B,1,117,1593.0807999975514
faster_rcnn,FP32,operativo,B,1,118,1595.0308999963454
faster_rcnn,FP32,operativo,B,1,119,1588.381700006721
faster_rcnn,FP32,operativo,B,1,120,1587.8407000054722
faster_rcnn,FP32,operativo,B,1,121,1584.8048999978346
faster_rcnn,FP32,operativo,B,1,122,1583.8720000028843
faster_rcnn,FP32,operativo,B,1,123,1582.90030000353
faster_rcnn,FP32,operativo,B,1,124,1607.4288000017987
faster_rcnn,FP32,operativo,B,1,125,1588.7949999960256
faster_rcnn,FP32,operativo,B,1,126,1582.1775000003981
faster_rcnn,FP32,operativo,B,1,127,1588.1305000002612
faster_rcnn,FP32,operativo,B,1,128,1587.6034999964759
faster_rcnn,FP32,operativo,B,1,129,1588.3380000013858
faster_rcnn,FP32,operativo,B,1,130,1585.5847999991965
faster_rcnn,FP32,operativo,B,1,131,1589.2954000009922
faster_rcnn,FP32,operativo,B,1,132,1449.9240000004647
faster_rcnn,FP32,operativo,B,1,133,1446.4532999991206
faster_rcnn,FP32,operativo,B,1,134,1588.0351000014343
faster_rcnn,FP32,operativo,B,1,135,1583.4329999997863
faster_rcnn,FP32,operativo,B,1,136,1453.112000002875
faster_rcnn,FP32,operativo,B,1,137,1577.3192000051495
faster_rcnn,FP32,operativo,B,1,138,1584.4203000015114
faster_rcnn,FP32,operativo,B,1,139,1589.865900001314
faster_rcnn,FP32,operativo,B,1,140,1599.993900003028
faster_rcnn,FP32,operativo,B,1,141,1584.2965000047116
faster_rcnn,FP32,operativo,B,1,142,1580.8021999982884
faster_rcnn,FP32,operativo,B,1,143,1581.1964999957127
faster_rcnn,FP32,operativo,B,1,144,1581.9717999984277
faster_rcnn,FP32,operativo,B,1,145,1448.282700002892
faster_rcnn,FP32,operativo,B,1,146,1585.5575000023236
faster_rcnn,FP32,operativo,B,1,147,1597.5015000003623
faster_rcnn,FP32,operativo,B,1,148,1591.8363999953726
faster_rcnn,FP32,operativo,B,1,149,1603.9555000024848
faster_rcnn,FP32,operativo,B,1,150,1587.5206999990041
faster_rcnn,FP32,operativo,B,1,151,1585.0975000066683
faster_rcnn,FP32,operativo,B,1,152,1604.3349000028684
faster_rcnn,FP32,operativo,B,1,153,1579.3140999958268
faster_rcnn,FP32,operativo,B,1,154,1583.9589000024716
faster_rcnn,FP32,operativo,B,1,155,1586.5371999971103
faster_rcnn,FP32,operativo,B,1,156,1451.5325999964261
faster_rcnn,FP32,operativo,B,1,157,1455.3138000046602
faster_rcnn,FP32,operativo,B,1,158,1605.4412000012235
faster_rcnn,FP32,operativo,B,1,159,1586.9902000049478
faster_rcnn,FP32,operativo,B,1,160,1584.3234000058146
faster_rcnn,FP32,operativo,B,1,161,1606.5911000041524
faster_rcnn,FP32,operativo,B,1,162,1544.8162000029697
faster_rcnn,FP32,operativo,B,1,163,1566.361199998937
faster_rcnn,FP32,operativo,B,1,164,1583.3668999985093
faster_rcnn,FP32,operativo,B,1,165,1584.1558999964036
faster_rcnn,FP32,operativo,B,1,166,1583.629500004463
faster_rcnn,FP32,operativo,B,1,167,1445.4444000002695
faster_rcnn,FP32,operativo,B,1,168,1611.3296000039554
faster_rcnn,FP32,operativo,B,1,169,1609.088499993959
faster_rcnn,FP32,operativo,B,1,170,1615.0731000016094
faster_rcnn,FP32,operativo,B,1,171,1453.5213999988628
faster_rcnn,FP32,operativo,B,1,172,1442.661599998246
faster_rcnn,FP32,operativo,B,1,173,1448.0365999988862
faster_rcnn,FP32,operativo,B,1,174,1583.9869000046747
faster_rcnn,FP32,operativo,B,1,175,1584.959500003606
faster_rcnn,FP32,operativo,B,1,176,1576.8141000007745
faster_rcnn,FP32,operativo,B,1,177,1584.8709999991115
faster_rcnn,FP32,operativo,B,1,178,1584.7816999958013
faster_rcnn,FP32,operativo,B,1,179,1587.258000006841
faster_rcnn,FP32,operativo,B,1,180,1593.335500001558
faster_rcnn,FP32,operativo,B,1,181,1578.536000000895
faster_rcnn,FP32,operativo,B,1,182,1397.3585999992792
faster_rcnn,FP32,operativo,B,1,183,1626.7646999986027
faster_rcnn,FP32,operativo,B,1,184,1581.4056000017445
faster_rcnn,FP32,operativo,B,1,185,1583.3650999993552
faster_rcnn,FP32,operativo,B,1,186,1582.2920999999042
faster_rcnn,FP32,operativo,B,1,187,1232.9035999937332
faster_rcnn,FP32,operativo,B,1,188,1582.0096000024932
faster_rcnn,FP32,operativo,B,1,189,1788.2073000000673
faster_rcnn,FP32,operativo,B,1,190,1443.804700000328
faster_rcnn,FP32,operativo,B,1,191,1581.782099994598
faster_rcnn,FP32,operativo,B,1,192,1583.4498000040185
faster_rcnn,FP32,operativo,B,1,193,1592.966999996861
faster_rcnn,FP32,operativo,B,1,194,1580.0422000029357
faster_rcnn,FP32,operativo,B,1,195,1587.8041999967536
faster_rcnn,FP32,operativo,B,1,196,1450.1491999981226
faster_rcnn,FP32,operativo,B,1,197,1449.0444999973988
faster_rcnn,FP32,operativo,B,1,198,1466.716599999927
faster_rcnn,FP32,operativo,B,1,199,1585.12210000481
faster_rcnn,FP32,operativo,B,1,200,1598.9248000041698
faster_rcnn,FP32,operativo,B,1,201,1580.7488999998895
faster_rcnn,FP32,operativo,B,1,202,1586.9415999986813
faster_rcnn,FP32,operativo,B,1,203,1450.970599995344
faster_rcnn,FP32,operativo,B,1,204,1445.4589000015403
faster_rcnn,FP32,operativo,B,1,205,1586.248899999191
faster_rcnn,FP32,operativo,B,1,206,1581.7887000011979
faster_rcnn,FP32,operativo,B,1,207,1531.8316999982926
faster_rcnn,FP32,operativo,B,1,208,1581.4775999970152
faster_rcnn,FP32,operativo,B,1,209,1486.8051000012201
faster_rcnn,FP32,operativo,B,1,210,1447.5575000033132
faster_rcnn,FP32,operativo,B,1,211,1584.1608999980963
faster_rcnn,FP32,operativo,B,1,212,1584.361399996851
faster_rcnn,FP32,operativo,B,1,213,1580.4381999987527
faster_rcnn,FP32,operativo,B,1,214,1598.489800002426
faster_rcnn,FP32,operativo,B,1,215,1582.6402000020607
faster_rcnn,FP32,operativo,B,1,216,1443.9903999955277
faster_rcnn,FP32,operativo,B,1,217,1446.9085000018822
faster_rcnn,FP32,operativo,B,1,218,1587.7477000030922
faster_rcnn,FP32,operativo,B,1,219,1586.0898999962956
faster_rcnn,FP32,operativo,B,1,220,1577.8618999975151
faster_rcnn,FP32,operativo,B,1,221,1580.4518000004464
faster_rcnn,FP32,operativo,B,1,222,1452.375499997288
faster_rcnn,FP32,operativo,B,1,223,1584.1854000027524
faster_rcnn,FP32,operativo,B,1,224,1586.5374999993946
faster_rcnn,FP32,operativo,B,1,225,1444.9559000058798
faster_rcnn,FP32,operativo,B,1,226,1585.3951000026427
faster_rcnn,FP32,operativo,B,1,227,1598.9248999976553
faster_rcnn,FP32,operativo,B,1,228,1444.1930999964825
faster_rcnn,FP32,operativo,B,1,229,1581.5682999964338
faster_rcnn,FP32,operativo,B,1,230,1262.4634000021615
faster_rcnn,FP32,operativo,B,1,231,1230.6964000017615
faster_rcnn,FP32,operativo,B,1,232,1591.6792000061832
faster_rcnn,FP32,operativo,B,1,233,1581.256099998427
faster_rcnn,FP32,operativo,B,1,234,1548.6581999939517
faster_rcnn,FP32,operativo,B,1,235,1581.8775000007008
faster_rcnn,FP32,operativo,B,1,236,1528.592700000445
faster_rcnn,FP32,operativo,B,1,237,1603.962799999863
faster_rcnn,FP32,operativo,B,1,238,1577.9247999962536
faster_rcnn,FP32,operativo,B,1,239,1583.4405999994488
faster_rcnn,FP32,operativo,B,1,240,1589.3192000003182
faster_rcnn,FP32,operativo,B,1,241,1557.467099999485
faster_rcnn,FP32,operativo,B,1,242,1599.9073999992106
faster_rcnn,FP32,operativo,B,1,243,1450.20790000126
faster_rcnn,FP32,operativo,B,1,244,1366.6623999961303
faster_rcnn,FP32,operativo,B,1,245,1610.7558000003337
faster_rcnn,FP32,operativo,B,1,246,1577.9630000033649
faster_rcnn,FP32,operativo,B,1,247,1581.7002999974648
faster_rcnn,FP32,operativo,B,1,248,1399.9646000011126
faster_rcnn,FP32,operativo,B,1,249,1583.3944999976666
faster_rcnn,FP32,operativo,B,1,250,1582.4998000025516
faster_rcnn,FP32,operativo,B,1,251,1545.2693000042927
faster_rcnn,FP32,operativo,B,1,252,1609.6770000003744
faster_rcnn,FP32,operativo,B,1,253,1394.8794000025373
faster_rcnn,FP32,operativo,B,1,254,1601.323599999887
faster_rcnn,FP32,operativo,B,1,255,1580.8832999973674
faster_rcnn,FP32,operativo,B,1,256,1580.8556999982102
faster_rcnn,FP32,operativo,B,1,257,1601.2903000009828
faster_rcnn,FP32,operativo,B,1,258,1579.4255000000703
faster_rcnn,FP32,operativo,B,1,259,1445.0706999996328
faster_rcnn,FP32,operativo,B,1,260,1582.331500001601
faster_rcnn,FP32,operativo,B,1,261,1583.0002000002423
faster_rcnn,FP32,operativo,B,1,262,1585.6721000018297
faster_rcnn,FP32,operativo,B,1,263,1584.8528999995324
faster_rcnn,FP32,operativo,B,1,264,1594.5783000061056
faster_rcnn,FP32,operativo,B,1,265,1552.4188999988837
faster_rcnn,FP32,operativo,B,1,266,1547.8920999958063
faster_rcnn,FP32,operativo,B,1,267,1442.790299995977
faster_rcnn,FP32,operativo,B,1,268,1586.892799998168
faster_rcnn,FP32,operativo,B,1,269,1580.1818999971147
faster_rcnn,FP32,operativo,B,1,270,1579.1010000029928
faster_rcnn,FP32,operativo,B,1,271,1584.6533000003546
faster_rcnn,FP32,operativo,B,1,272,1610.0750999976299
faster_rcnn,FP32,operativo,B,1,273,1580.9991999994963
faster_rcnn,FP32,operativo,B,1,274,1602.1460999982082
faster_rcnn,FP32,operativo,B,1,275,1593.7731000012718
faster_rcnn,FP32,operativo,B,1,276,1585.1655000005849
faster_rcnn,FP32,operativo,B,1,277,1579.6646000017063
faster_rcnn,FP32,operativo,B,1,278,1580.382500003907
faster_rcnn,FP32,operativo,B,1,279,1587.2585999968578
faster_rcnn,FP32,operativo,B,1,280,1585.0252000018372
faster_rcnn,FP32,operativo,B,1,281,1589.7728000054485
faster_rcnn,FP32,operativo,B,1,282,1441.1817000000156
faster_rcnn,FP32,operativo,B,1,283,1575.8167000021785
faster_rcnn,FP32,operativo,B,1,284,1573.645900003612
faster_rcnn,FP32,operativo,B,1,285,1579.1435999999521
faster_rcnn,FP32,operativo,B,1,286,1605.0657000014326
faster_rcnn,FP32,operativo,B,1,287,1586.7037999996683
faster_rcnn,FP32,operativo,B,1,288,1548.1619000056526
faster_rcnn,FP32,operativo,B,1,289,1587.9203000004054
faster_rcnn,FP32,operativo,B,1,290,1587.8232999966713
faster_rcnn,FP32,operativo,B,1,291,1582.5629999962985
faster_rcnn,FP32,operativo,B,1,292,1587.5441000025603
faster_rcnn,FP32,operativo,B,1,293,1580.212399996526
faster_rcnn,FP32,operativo,B,1,294,1579.83090000198
faster_rcnn,FP32,operativo,B,1,295,1584.996300000057
faster_rcnn,FP32,operativo,B,1,296,1578.6090000037802
faster_rcnn,FP32,operativo,B,1,297,1466.9995000003837
faster_rcnn,FP32,operativo,B,1,298,1584.0010000028997
faster_rcnn,FP32,operativo,B,1,299,1581.9823000056203
faster_rcnn,FP32,operativo,B,1,300,1585.911699999997
faster_rcnn,FP32,operativo,B,1,301,1584.7504999983357
faster_rcnn,FP32,operativo,B,1,302,1578.1525999991572
faster_rcnn,FP32,operativo,B,1,303,1582.3701999979676
faster_rcnn,FP32,operativo,B,1,304,1575.8166999949026
faster_rcnn,FP32,operativo,B,1,305,1578.3434999975725
faster_rcnn,FP32,operativo,B,1,306,1580.5009000032442
faster_rcnn,FP32,operativo,B,1,307,1444.8384999996051
faster_rcnn,FP32,operativo,B,1,308,1588.6415999993915
faster_rcnn,FP32,operativo,B,1,309,1620.996899997408
faster_rcnn,FP32,operativo,B,1,310,1525.3704999995534
faster_rcnn,FP32,operativo,B,1,311,1447.675999996136
faster_rcnn,FP32,operativo,B,1,312,1582.5769000002765
faster_rcnn,FP32,operativo,B,1,313,1581.998499998008
faster_rcnn,FP32,operativo,B,1,314,1584.712200005015
faster_rcnn,FP32,operativo,B,1,315,1576.666799999657
faster_rcnn,FP32,operativo,B,1,316,1447.5937000024715
faster_rcnn,FP32,operativo,B,1,317,1585.0435999964247
faster_rcnn,FP32,operativo,B,1,318,1447.2449000022607
faster_rcnn,FP32,operativo,B,1,319,1468.909099996381
faster_rcnn,FP32,operativo,B,1,320,1610.5154999968363
faster_rcnn,FP32,operativo,B,1,321,1585.3105999995023
faster_rcnn,FP32,operativo,B,1,322,1454.2516000001342
faster_rcnn,FP32,operativo,B,1,323,1581.3687999980175
faster_rcnn,FP32,operativo,B,1,324,1583.84240000305
faster_rcnn,FP32,operativo,B,1,325,1582.8457999959937
faster_rcnn,FP32,operativo,B,1,326,1479.3856000032974
faster_rcnn,FP32,operativo,B,1,327,1606.120300006296
faster_rcnn,FP32,operativo,B,1,328,1450.9667000020272
faster_rcnn,FP32,operativo,B,1,329,1586.08909999748
faster_rcnn,FP32,operativo,B,1,330,1441.2349999984144
faster_rcnn,FP32,operativo,B,1,331,1580.2702000000863
faster_rcnn,FP32,operativo,B,1,332,1581.8173000006936
faster_rcnn,FP32,operativo,B,1,333,1583.1919999982347
faster_rcnn,FP32,operativo,B,1,334,1582.9905999999028
faster_rcnn,FP32,operativo,B,1,335,1586.217800002487
faster_rcnn,FP32,operativo,B,1,336,1446.3885000004666
faster_rcnn,FP32,operativo,B,1,337,1582.014600004186
faster_rcnn,FP32,operativo,B,1,338,1582.5340000010328
faster_rcnn,FP32,operativo,B,1,339,1544.0658000006806
faster_rcnn,FP32,operativo,B,1,340,1600.8473000038066
faster_rcnn,FP32,operativo,B,1,341,1447.5817999991705
faster_rcnn,FP32,operativo,B,1,342,1529.498700001568
faster_rcnn,FP32,operativo,B,1,343,1577.3665999950026
faster_rcnn,FP32,operativo,B,1,344,1447.8940000044531
faster_rcnn,FP32,operativo,B,1,345,1445.2344000019366
faster_rcnn,FP32,operativo,B,1,346,1583.9887000038289
faster_rcnn,FP32,operativo,B,1,347,1588.458999998693
faster_rcnn,FP32,operativo,B,1,348,1607.5985999996192
faster_rcnn,FP32,operativo,B,1,349,1582.968599999731
faster_rcnn,FP32,operativo,B,1,350,1580.8283999940613
faster_rcnn,FP32,operativo,B,1,351,1599.0201000022353
faster_rcnn,FP32,operativo,B,1,352,1573.819099998218
faster_rcnn,FP32,operativo,B,1,353,1581.2548000030802
faster_rcnn,FP32,operativo,B,1,354,1580.5423999991035
faster_rcnn,FP32,operativo,B,1,355,1582.782400000724
faster_rcnn,FP32,operativo,B,1,356,1580.3501000045799
faster_rcnn,FP32,operativo,B,1,357,1447.8716000012355
faster_rcnn,FP32,operativo,B,1,358,1583.154599997215
faster_rcnn,FP32,operativo,B,1,359,1444.877499998256
faster_rcnn,FP32,operativo,B,1,360,1555.7827000011457
faster_rcnn,FP32,operativo,B,1,361,1583.0771000037203
faster_rcnn,FP32,operativo,B,1,362,1581.4668000020902
faster_rcnn,FP32,operativo,B,1,363,1598.0125999994925
faster_rcnn,FP32,operativo,B,1,364,1586.6327000039746
faster_rcnn,FP32,operativo,B,1,365,1447.2067000024254
faster_rcnn,FP32,operativo,B,1,366,1448.385199997574
faster_rcnn,FP32,operativo,B,1,367,1585.641100005887
faster_rcnn,FP32,operativo,B,1,368,1628.9065000019036
faster_rcnn,FP32,operativo,B,1,369,1444.850799998676
faster_rcnn,FP32,operativo,B,1,370,1605.1355000017793
faster_rcnn,FP32,operativo,B,1,371,1577.5903999965522
faster_rcnn,FP32,operativo,B,1,372,1580.2869999970426
faster_rcnn,FP32,operativo,B,1,373,1587.414000001445
faster_rcnn,FP32,operativo,A,2,0,1572.338199999649
faster_rcnn,FP32,operativo,A,2,1,1568.2568999982323
faster_rcnn,FP32,operativo,A,2,2,1572.5846999994246
faster_rcnn,FP32,operativo,A,2,3,1586.7137000022922
faster_rcnn,FP32,operativo,A,2,4,1561.690800001088
faster_rcnn,FP32,operativo,A,2,5,1571.0398999945028
faster_rcnn,FP32,operativo,A,2,6,1567.0196999999462
faster_rcnn,FP32,operativo,A,2,7,1584.489200002281
faster_rcnn,FP32,operativo,A,2,8,1573.9517999973032
faster_rcnn,FP32,operativo,A,2,9,1434.0229000008549
faster_rcnn,FP32,operativo,A,2,10,1475.093900000502
faster_rcnn,FP32,operativo,A,2,11,1576.4974000048824
faster_rcnn,FP32,operativo,A,2,12,1589.910399998189
faster_rcnn,FP32,operativo,A,2,13,1570.9228999985498
faster_rcnn,FP32,operativo,A,2,14,1525.6291999976384
faster_rcnn,FP32,operativo,A,2,15,1562.2380999993766
faster_rcnn,FP32,operativo,A,2,16,1568.1998000000021
faster_rcnn,FP32,operativo,A,2,17,1587.7400000026682
faster_rcnn,FP32,operativo,A,2,18,1571.6561999943224
faster_rcnn,FP32,operativo,A,2,19,1574.6037999997498
faster_rcnn,FP32,operativo,A,2,20,1569.4008999998914
faster_rcnn,FP32,operativo,A,2,21,1532.3059000002104
faster_rcnn,FP32,operativo,A,2,22,1584.5025000016904
faster_rcnn,FP32,operativo,A,2,23,1576.1733000035747
faster_rcnn,FP32,operativo,A,2,24,1570.761199996923
faster_rcnn,FP32,operativo,A,2,25,1437.0495999974082
faster_rcnn,FP32,operativo,A,2,26,1569.0863999989233
faster_rcnn,FP32,operativo,A,2,27,1569.5051000002422
faster_rcnn,FP32,operativo,A,2,28,1515.4414999997243
faster_rcnn,FP32,operativo,A,2,29,1570.1593999983743
faster_rcnn,FP32,operativo,A,2,30,1562.8923999975086
faster_rcnn,FP32,operativo,A,2,31,1568.5145000024932
faster_rcnn,FP32,operativo,A,2,32,1569.3768999990425
faster_rcnn,FP32,operativo,A,2,33,1594.2886999982875
faster_rcnn,FP32,operativo,A,2,34,1439.157900000282
faster_rcnn,FP32,operativo,A,2,35,1571.486000000732
faster_rcnn,FP32,operativo,A,2,36,1571.9402999966405
faster_rcnn,FP32,operativo,A,2,37,1435.3966999988188
faster_rcnn,FP32,operativo,A,2,38,1572.1476000035182
faster_rcnn,FP32,operativo,A,2,39,1564.7033999994164
faster_rcnn,FP32,operativo,A,2,40,1565.6396999984281
faster_rcnn,FP32,operativo,A,2,41,1590.7318000026862
faster_rcnn,FP32,operativo,A,2,42,1572.946400003275
faster_rcnn,FP32,operativo,A,2,43,1570.4360000017914
faster_rcnn,FP32,operativo,A,2,44,1569.4594000015059
faster_rcnn,FP32,operativo,A,2,45,1529.2903000008664
faster_rcnn,FP32,operativo,A,2,46,1569.0608000004431
faster_rcnn,FP32,operativo,A,2,47,1431.7860000010114
faster_rcnn,FP32,operativo,A,2,48,1566.4181999964057
faster_rcnn,FP32,operativo,A,2,49,1432.4212999999872
faster_rcnn,FP32,operativo,A,2,50,1584.5870999983163
faster_rcnn,FP32,operativo,A,2,51,1525.3319999974337
faster_rcnn,FP32,operativo,A,2,52,1540.3896999996505
faster_rcnn,FP32,operativo,A,2,53,1587.3537000006763
faster_rcnn,FP32,operativo,A,2,54,1573.1417999995756
faster_rcnn,FP32,operativo,A,2,55,1563.840099996014
faster_rcnn,FP32,operativo,A,2,56,1569.9195999986841
faster_rcnn,FP32,operativo,A,2,57,1571.9295000017155
faster_rcnn,FP32,operativo,A,2,58,1567.42249999661
faster_rcnn,FP32,operativo,A,2,59,1438.2791000025463
faster_rcnn,FP32,operativo,A,2,60,1434.9928999945405
faster_rcnn,FP32,operativo,A,2,61,1570.166600002267
faster_rcnn,FP32,operativo,A,2,62,1438.9172999945004
faster_rcnn,FP32,operativo,A,2,63,1584.584399999585
faster_rcnn,FP32,operativo,A,2,64,1587.60970000003
faster_rcnn,FP32,operativo,A,2,65,1570.3906999988249
faster_rcnn,FP32,operativo,A,2,66,1570.0995000006515
faster_rcnn,FP32,operativo,A,2,67,1571.8372999981511
faster_rcnn,FP32,operativo,A,2,68,1562.9650999981095
faster_rcnn,FP32,operativo,A,2,69,1430.7828999953927
faster_rcnn,FP32,operativo,A,2,70,1565.5483000009554
faster_rcnn,FP32,operativo,A,2,71,1522.7730000042357
faster_rcnn,FP32,operativo,A,2,72,1584.4216000041342
faster_rcnn,FP32,operativo,A,2,73,1565.4833000007784
faster_rcnn,FP32,operativo,A,2,74,1568.4242999996059
faster_rcnn,FP32,operativo,A,2,75,1569.3160000009811
faster_rcnn,FP32,operativo,A,2,76,1566.547599999467
faster_rcnn,FP32,operativo,A,2,77,1207.9579999990528
faster_rcnn,FP32,operativo,A,2,78,1582.555200002389
faster_rcnn,FP32,operativo,A,2,79,1592.586400001892
faster_rcnn,FP32,operativo,A,2,80,1461.906899996393
faster_rcnn,FP32,operativo,A,2,81,1573.811599999317
faster_rcnn,FP32,operativo,A,2,82,1572.0156000024872
faster_rcnn,FP32,operativo,A,2,83,1573.9488000035635
faster_rcnn,FP32,operativo,A,2,84,1569.1874000040116
faster_rcnn,FP32,operativo,A,2,85,1608.2995000033407
faster_rcnn,FP32,operativo,A,2,86,1566.3925999979256
faster_rcnn,FP32,operativo,A,2,87,1567.02740000037
faster_rcnn,FP32,operativo,A,2,88,1590.5047999985982
faster_rcnn,FP32,operativo,A,2,89,1553.5099999979138
faster_rcnn,FP32,operativo,A,2,90,1514.2230999990716
faster_rcnn,FP32,operativo,A,2,91,1572.5974000015412
faster_rcnn,FP32,operativo,A,2,92,1570.0851000001421
faster_rcnn,FP32,operativo,A,2,93,1565.3160000001662
faster_rcnn,FP32,operativo,A,2,94,1571.5589000028558
faster_rcnn,FP32,operativo,A,2,95,1478.425299996161
faster_rcnn,FP32,operativo,A,2,96,1569.273200002499
faster_rcnn,FP32,operativo,A,2,97,1572.8654999984428
faster_rcnn,FP32,operativo,A,2,98,1493.548099999316
faster_rcnn,FP32,operativo,A,2,99,1565.8418000020902
faster_rcnn,FP32,operativo,A,2,100,1432.101700003841
faster_rcnn,FP32,operativo,A,2,101,1585.3530999957002
faster_rcnn,FP32,operativo,A,2,102,1593.000500004564
faster_rcnn,FP32,operativo,A,2,103,1570.6102999974973
faster_rcnn,FP32,operativo,A,2,104,1566.3153999994393
faster_rcnn,FP32,operativo,A,2,105,1562.8204000022379
faster_rcnn,FP32,operativo,A,2,106,1570.8819999999832
faster_rcnn,FP32,operativo,A,2,107,1587.4534000031417
faster_rcnn,FP32,operativo,A,2,108,1434.4779000020935
faster_rcnn,FP32,operativo,A,2,109,1570.2146999974502
faster_rcnn,FP32,operativo,A,2,110,1435.55539999943
faster_rcnn,FP32,operativo,A,2,111,1575.3047999969567
faster_rcnn,FP32,operativo,A,2,112,1566.445999997086
faster_rcnn,FP32,operativo,A,2,113,1435.7065000003786
faster_rcnn,FP32,operativo,A,2,114,1575.6187999941176
faster_rcnn,FP32,operativo,A,2,115,1591.3128000029246
faster_rcnn,FP32,operativo,A,2,116,1563.8438000023598
faster_rcnn,FP32,operativo,A,2,117,1578.406000000541
faster_rcnn,FP32,operativo,A,2,118,1579.8167000029935
faster_rcnn,FP32,operativo,A,2,119,1570.9511000022758
faster_rcnn,FP32,operativo,A,2,120,1570.1657999961753
faster_rcnn,FP32,operativo,A,2,121,1568.0409999986296
faster_rcnn,FP32,operativo,A,2,122,1571.6802999959327
faster_rcnn,FP32,operativo,A,2,123,1569.0041000052588
faster_rcnn,FP32,operativo,A,2,124,1590.8337999935611
faster_rcnn,FP32,operativo,A,2,125,1571.9300999990082
faster_rcnn,FP32,operativo,A,2,126,1564.1350000005332
faster_rcnn,FP32,operativo,A,2,127,1571.5637000030256
faster_rcnn,FP32,operativo,A,2,128,1573.1297999955132
faster_rcnn,FP32,operativo,A,2,129,1571.245999999519
faster_rcnn,FP32,operativo,A,2,130,1568.4986999985995
faster_rcnn,FP32,operativo,A,2,131,1573.5101999962353
faster_rcnn,FP32,operativo,A,2,132,1438.1829999983893
faster_rcnn,FP32,operativo,A,2,133,1433.3884000006947
faster_rcnn,FP32,operativo,A,2,134,1571.4108999964083
faster_rcnn,FP32,operativo,A,2,135,1570.1386999935494
faster_rcnn,FP32,operativo,A,2,136,1435.5181999999331
faster_rcnn,FP32,operativo,A,2,137,1566.2330999984988
faster_rcnn,FP32,operativo,A,2,138,1571.521899997606
faster_rcnn,FP32,operativo,A,2,139,1570.4448999968008
faster_rcnn,FP32,operativo,A,2,140,1571.3501999998698
faster_rcnn,FP32,operativo,A,2,141,1572.6959999956307
faster_rcnn,FP32,operativo,A,2,142,1567.511300003389
faster_rcnn,FP32,operativo,A,2,143,1569.0627000003587
faster_rcnn,FP32,operativo,A,2,144,1564.624200000253
faster_rcnn,FP32,operativo,A,2,145,1438.6899000019184
faster_rcnn,FP32,operativo,A,2,146,1570.6426999968244
faster_rcnn,FP32,operativo,A,2,147,1576.6032000028645
faster_rcnn,FP32,operativo,A,2,148,1578.375999997661
faster_rcnn,FP32,operativo,A,2,149,1588.0849999957718
faster_rcnn,FP32,operativo,A,2,150,1569.075100000191
faster_rcnn,FP32,operativo,A,2,151,1569.6259999967879
faster_rcnn,FP32,operativo,A,2,152,1594.3002999993041
faster_rcnn,FP32,operativo,A,2,153,1568.0078999939724
faster_rcnn,FP32,operativo,A,2,154,1572.9275999983656
faster_rcnn,FP32,operativo,A,2,155,1572.640999998839
faster_rcnn,FP32,operativo,A,2,156,1440.162799997779
faster_rcnn,FP32,operativo,A,2,157,1439.2713000052026
faster_rcnn,FP32,operativo,A,2,158,1593.727300001774
faster_rcnn,FP32,operativo,A,2,159,1569.5549000010942
faster_rcnn,FP32,operativo,A,2,160,1569.1865000044345
faster_rcnn,FP32,operativo,A,2,161,1587.6686000046902
faster_rcnn,FP32,operativo,A,2,162,1535.6467999954475
faster_rcnn,FP32,operativo,A,2,163,1554.7125000011874
faster_rcnn,FP32,operativo,A,2,164,1569.1308999957982
faster_rcnn,FP32,operativo,A,2,165,1567.7214000024833
faster_rcnn,FP32,operativo,A,2,166,1566.5693999981158
faster_rcnn,FP32,operativo,A,2,167,1435.2959000025294
faster_rcnn,FP32,operativo,A,2,168,1595.669899994391
faster_rcnn,FP32,operativo,A,2,169,1592.5722000029054
faster_rcnn,FP32,operativo,A,2,170,1594.8645000025863
faster_rcnn,FP32,operativo,A,2,171,1441.308300003584
faster_rcnn,FP32,operativo,A,2,172,1431.9226000006893
faster_rcnn,FP32,operativo,A,2,173,1436.8615999992471
faster_rcnn,FP32,operativo,A,2,174,1572.2638000006555
faster_rcnn,FP32,operativo,A,2,175,1571.5061000009882
faster_rcnn,FP32,operativo,A,2,176,1564.5787000030396
faster_rcnn,FP32,operativo,A,2,177,1565.760900004534
faster_rcnn,FP32,operativo,A,2,178,1569.8371999969822
faster_rcnn,FP32,operativo,A,2,179,1574.228099998436
faster_rcnn,FP32,operativo,A,2,180,1574.4964000041364
faster_rcnn,FP32,operativo,A,2,181,1564.057600000524
faster_rcnn,FP32,operativo,A,2,182,1387.9497000016272
faster_rcnn,FP32,operativo,A,2,183,1604.647100000875
faster_rcnn,FP32,operativo,A,2,184,1567.6587999987532
faster_rcnn,FP32,operativo,A,2,185,1570.8318000033614
faster_rcnn,FP32,operativo,A,2,186,1572.6438999990933
faster_rcnn,FP32,operativo,A,2,187,1212.4391999968793
faster_rcnn,FP32,operativo,A,2,188,1570.4993000035756
faster_rcnn,FP32,operativo,A,2,189,1528.2806999966851
faster_rcnn,FP32,operativo,A,2,190,1435.3545999983908
faster_rcnn,FP32,operativo,A,2,191,1571.5815000003204
faster_rcnn,FP32,operativo,A,2,192,1573.2704999973066
faster_rcnn,FP32,operativo,A,2,193,1583.9984999984154
faster_rcnn,FP32,operativo,A,2,194,1570.1189000028535
faster_rcnn,FP32,operativo,A,2,195,1571.0158000001684
faster_rcnn,FP32,operativo,A,2,196,1438.997199998994
faster_rcnn,FP32,operativo,A,2,197,1439.9206999951275
faster_rcnn,FP32,operativo,A,2,198,1455.3298999962863
faster_rcnn,FP32,operativo,A,2,199,1570.893399999477
faster_rcnn,FP32,operativo,A,2,200,1583.74719999847
faster_rcnn,FP32,operativo,A,2,201,1565.506999999343
faster_rcnn,FP32,operativo,A,2,202,1569.358300002932
faster_rcnn,FP32,operativo,A,2,203,1440.0686000008136
faster_rcnn,FP32,operativo,A,2,204,1434.158700001717
faster_rcnn,FP32,operativo,A,2,205,1573.974699997052
faster_rcnn,FP32,operativo,A,2,206,1571.1698000013712
faster_rcnn,FP32,operativo,A,2,207,1520.4936000009184
faster_rcnn,FP32,operativo,A,2,208,1567.1408999987761
faster_rcnn,FP32,operativo,A,2,209,1471.210700001393
faster_rcnn,FP32,operativo,A,2,210,1435.719599998265
faster_rcnn,FP32,operativo,A,2,211,1571.617100002186
faster_rcnn,FP32,operativo,A,2,212,1572.2721999991336
faster_rcnn,FP32,operativo,A,2,213,1566.496300001745
faster_rcnn,FP32,operativo,A,2,214,1582.8131000016583
faster_rcnn,FP32,operativo,A,2,215,1570.15870000032
faster_rcnn,FP32,operativo,A,2,216,1435.5852000007872
faster_rcnn,FP32,operativo,A,2,217,1434.3673000039416
faster_rcnn,FP32,operativo,A,2,218,1572.5108999977238
faster_rcnn,FP32,operativo,A,2,219,1570.552700002736
faster_rcnn,FP32,operativo,A,2,220,1566.3131000037538
faster_rcnn,FP32,operativo,A,2,221,1566.91100000171
faster_rcnn,FP32,operativo,A,2,222,1433.3624999999302
faster_rcnn,FP32,operativo,A,2,223,1568.451899998763
faster_rcnn,FP32,operativo,A,2,224,1573.334699998668
faster_rcnn,FP32,operativo,A,2,225,1434.0708000017912
faster_rcnn,FP32,operativo,A,2,226,1570.6019999997807
faster_rcnn,FP32,operativo,A,2,227,1583.291000002646
faster_rcnn,FP32,operativo,A,2,228,1435.119100002339
faster_rcnn,FP32,operativo,A,2,229,1568.482299997413
faster_rcnn,FP32,operativo,A,2,230,1257.2020000006887
faster_rcnn,FP32,operativo,A,2,231,1215.8579000024474
faster_rcnn,FP32,operativo,A,2,232,1574.8593000025721
faster_rcnn,FP32,operativo,A,2,233,1568.3722000030684
faster_rcnn,FP32,operativo,A,2,234,1527.9611000005389
faster_rcnn,FP32,operativo,A,2,235,1569.4425999972736
faster_rcnn,FP32,operativo,A,2,236,1521.6002999950433
faster_rcnn,FP32,operativo,A,2,237,1587.7708999978495
faster_rcnn,FP32,operativo,A,2,238,1564.4018999955733
faster_rcnn,FP32,operativo,A,2,239,1568.0846999966889
faster_rcnn,FP32,operativo,A,2,240,1573.076200002106
faster_rcnn,FP32,operativo,A,2,241,1545.9650000047986
faster_rcnn,FP32,operativo,A,2,242,1588.105999995605
faster_rcnn,FP32,operativo,A,2,243,1436.0516000015195
faster_rcnn,FP32,operativo,A,2,244,1348.540300001332
faster_rcnn,FP32,operativo,A,2,245,1594.0187000014703
faster_rcnn,FP32,operativo,A,2,246,1565.8118999999715
faster_rcnn,FP32,operativo,A,2,247,1569.4107000017539
faster_rcnn,FP32,operativo,A,2,248,1389.3135999969672
faster_rcnn,FP32,operativo,A,2,249,1567.7135000005364
faster_rcnn,FP32,operativo,A,2,250,1568.5253999981796
faster_rcnn,FP32,operativo,A,2,251,1529.7473999962676
faster_rcnn,FP32,operativo,A,2,252,1592.5459999998566
faster_rcnn,FP32,operativo,A,2,253,1384.671799998614
faster_rcnn,FP32,operativo,A,2,254,1586.7144000003464
faster_rcnn,FP32,operativo,A,2,255,1565.764200000558
faster_rcnn,FP32,operativo,A,2,256,1566.7325999966124
faster_rcnn,FP32,operativo,A,2,257,1584.7090000024764
faster_rcnn,FP32,operativo,A,2,258,1570.9704999972018
faster_rcnn,FP32,operativo,A,2,259,1435.4472999984864
faster_rcnn,FP32,operativo,A,2,260,1569.8308999999426
faster_rcnn,FP32,operativo,A,2,261,1571.1632000020472
faster_rcnn,FP32,operativo,A,2,262,1568.8488000014331
faster_rcnn,FP32,operativo,A,2,263,1568.1811999966158
faster_rcnn,FP32,operativo,A,2,264,1577.2359000038705
faster_rcnn,FP32,operativo,A,2,265,1538.6676999987685
faster_rcnn,FP32,operativo,A,2,266,1532.8788999977405
faster_rcnn,FP32,operativo,A,2,267,1434.4678000052227
faster_rcnn,FP32,operativo,A,2,268,1574.039899998752
faster_rcnn,FP32,operativo,A,2,269,1569.7421000004397
faster_rcnn,FP32,operativo,A,2,270,1566.1641000042437
faster_rcnn,FP32,operativo,A,2,271,1570.7151999959024
faster_rcnn,FP32,operativo,A,2,272,1594.3565999987186
faster_rcnn,FP32,operativo,A,2,273,1570.3450000000885
faster_rcnn,FP32,operativo,A,2,274,1589.2282999993768
faster_rcnn,FP32,operativo,A,2,275,1577.4191999953473
faster_rcnn,FP32,operativo,A,2,276,1568.7905000013416
faster_rcnn,FP32,operativo,A,2,277,1566.7218999951729
faster_rcnn,FP32,operativo,A,2,278,1563.8261000058264
faster_rcnn,FP32,operativo,A,2,279,1569.5937999989837
faster_rcnn,FP32,operativo,A,2,280,1567.7899000002071
faster_rcnn,FP32,operativo,A,2,281,1575.7440000015777
faster_rcnn,FP32,operativo,A,2,282,1427.7900000015507
faster_rcnn,FP32,operativo,A,2,283,1563.8151000021026
faster_rcnn,FP32,operativo,A,2,284,1559.5470999978716
faster_rcnn,FP32,operativo,A,2,285,1564.3197999961558
faster_rcnn,FP32,operativo,A,2,286,1591.7184999998426
faster_rcnn,FP32,operativo,A,2,287,1571.927199998754
faster_rcnn,FP32,operativo,A,2,288,1539.0636000011
faster_rcnn,FP32,operativo,A,2,289,1572.4887999967905
faster_rcnn,FP32,operativo,A,2,290,1571.4320999977645
faster_rcnn,FP32,operativo,A,2,291,1570.4301000005216
faster_rcnn,FP32,operativo,A,2,292,1574.169300001813
faster_rcnn,FP32,operativo,A,2,293,1562.4832999965292
faster_rcnn,FP32,operativo,A,2,294,1561.2220999973943
faster_rcnn,FP32,operativo,A,2,295,1573.4700999964844
faster_rcnn,FP32,operativo,A,2,296,1560.5370000048424
faster_rcnn,FP32,operativo,A,2,297,1453.380400002061
faster_rcnn,FP32,operativo,A,2,298,1568.844800000079
faster_rcnn,FP32,operativo,A,2,299,1568.5698999950546
faster_rcnn,FP32,operativo,A,2,300,1572.2104000014951
faster_rcnn,FP32,operativo,A,2,301,1569.930600002408
faster_rcnn,FP32,operativo,A,2,302,1567.5593999985722
faster_rcnn,FP32,operativo,A,2,303,1569.723900000099
faster_rcnn,FP32,operativo,A,2,304,1561.711500005913
faster_rcnn,FP32,operativo,A,2,305,1563.0951999992249
faster_rcnn,FP32,operativo,A,2,306,1569.465799999307
faster_rcnn,FP32,operativo,A,2,307,1431.479800005036
faster_rcnn,FP32,operativo,A,2,308,1571.5570000029402
faster_rcnn,FP32,operativo,A,2,309,1589.427600003546
faster_rcnn,FP32,operativo,A,2,310,1515.9209999983432
faster_rcnn,FP32,operativo,A,2,311,1434.9690999952145
faster_rcnn,FP32,operativo,A,2,312,1568.3473000026424
faster_rcnn,FP32,operativo,A,2,313,1568.9706999983173
faster_rcnn,FP32,operativo,A,2,314,1570.5214999979944
faster_rcnn,FP32,operativo,A,2,315,1568.4344000037527
faster_rcnn,FP32,operativo,A,2,316,1438.546099998348
faster_rcnn,FP32,operativo,A,2,317,1572.3515999998199
faster_rcnn,FP32,operativo,A,2,318,1437.9266000032658
faster_rcnn,FP32,operativo,A,2,319,1458.3245999965584
faster_rcnn,FP32,operativo,A,2,320,1593.5775000034482
faster_rcnn,FP32,operativo,A,2,321,1569.318400004704
faster_rcnn,FP32,operativo,A,2,322,1443.4150999950361
faster_rcnn,FP32,operativo,A,2,323,1568.0081999962567
faster_rcnn,FP32,operativo,A,2,324,1570.6970000028377
faster_rcnn,FP32,operativo,A,2,325,1572.0587999967393
faster_rcnn,FP32,operativo,A,2,326,1465.2113999982248
faster_rcnn,FP32,operativo,A,2,327,1592.9386999996495
faster_rcnn,FP32,operativo,A,2,328,1441.7471999986446
faster_rcnn,FP32,operativo,A,2,329,1571.2982999975793
faster_rcnn,FP32,operativo,A,2,330,1427.8269999995246
faster_rcnn,FP32,operativo,A,2,331,1563.151000002108
faster_rcnn,FP32,operativo,A,2,332,1569.7188999984064
faster_rcnn,FP32,operativo,A,2,333,1571.64929999999
faster_rcnn,FP32,operativo,A,2,334,1564.4911999988835
faster_rcnn,FP32,operativo,A,2,335,1570.1669000045513
faster_rcnn,FP32,operativo,A,2,336,1436.241199997312
faster_rcnn,FP32,operativo,A,2,337,1567.3237000009976
faster_rcnn,FP32,operativo,A,2,338,1567.9311999992933
faster_rcnn,FP32,operativo,A,2,339,1530.675699999847
faster_rcnn,FP32,operativo,A,2,340,1588.6834999982966
faster_rcnn,FP32,operativo,A,2,341,1438.6811000003945
faster_rcnn,FP32,operativo,A,2,342,1519.9075999989873
faster_rcnn,FP32,operativo,A,2,343,1571.642000002612
faster_rcnn,FP32,operativo,A,2,344,1441.1046000022907
faster_rcnn,FP32,operativo,A,2,345,1435.8816999956616
faster_rcnn,FP32,operativo,A,2,346,1573.4995000020717
faster_rcnn,FP32,operativo,A,2,347,1572.845700000471
faster_rcnn,FP32,operativo,A,2,348,1598.8132000056794
faster_rcnn,FP32,operativo,A,2,349,1569.2830999978469
faster_rcnn,FP32,operativo,A,2,350,1565.6094000005396
faster_rcnn,FP32,operativo,A,2,351,1585.2589999994962
faster_rcnn,FP32,operativo,A,2,352,1563.2957999987411
faster_rcnn,FP32,operativo,A,2,353,1566.7749999993248
faster_rcnn,FP32,operativo,A,2,354,1565.089600000647
faster_rcnn,FP32,operativo,A,2,355,1568.1098999993992
faster_rcnn,FP32,operativo,A,2,356,1565.8915999956662
faster_rcnn,FP32,operativo,A,2,357,1439.9236999961431
faster_rcnn,FP32,operativo,A,2,358,1567.2258999984479
faster_rcnn,FP32,operativo,A,2,359,1434.6253000039724
faster_rcnn,FP32,operativo,A,2,360,1543.3850999979768
faster_rcnn,FP32,operativo,A,2,361,1567.4870000002556
faster_rcnn,FP32,operativo,A,2,362,1564.6997000003466
faster_rcnn,FP32,operativo,A,2,363,1580.8768000060809
faster_rcnn,FP32,operativo,A,2,364,1570.3489000006812
faster_rcnn,FP32,operativo,A,2,365,1437.3849000039627
faster_rcnn,FP32,operativo,A,2,366,1441.6568000015104
faster_rcnn,FP32,operativo,A,2,367,1575.5149999968125
faster_rcnn,FP32,operativo,A,2,368,1606.699200005096
faster_rcnn,FP32,operativo,A,2,369,1429.318600006809
faster_rcnn,FP32,operativo,A,2,370,1585.810800002946
faster_rcnn,FP32,operativo,A,2,371,1562.3054999960004
faster_rcnn,FP32,operativo,A,2,372,1566.9344999987516
faster_rcnn,FP32,operativo,A,2,373,1575.3414999999222
faster_rcnn,FP32,operativo,B,2,0,1586.538899995503
faster_rcnn,FP32,operativo,B,2,1,1579.6014000006835
faster_rcnn,FP32,operativo,B,2,2,1586.8058999985806
faster_rcnn,FP32,operativo,B,2,3,1601.8675999948755
faster_rcnn,FP32,operativo,B,2,4,1575.5022000012104
faster_rcnn,FP32,operativo,B,2,5,1582.4579000036465
faster_rcnn,FP32,operativo,B,2,6,1582.9680000024382
faster_rcnn,FP32,operativo,B,2,7,1599.6261999971466
faster_rcnn,FP32,operativo,B,2,8,1585.6046999979299
faster_rcnn,FP32,operativo,B,2,9,1445.6535999997868
faster_rcnn,FP32,operativo,B,2,10,1487.6086000003852
faster_rcnn,FP32,operativo,B,2,11,1585.4055999952834
faster_rcnn,FP32,operativo,B,2,12,1604.7601999962353
faster_rcnn,FP32,operativo,B,2,13,1583.50629999768
faster_rcnn,FP32,operativo,B,2,14,1540.4367000010097
faster_rcnn,FP32,operativo,B,2,15,1579.7506000017165
faster_rcnn,FP32,operativo,B,2,16,1580.9107000022777
faster_rcnn,FP32,operativo,B,2,17,1603.397099999711
faster_rcnn,FP32,operativo,B,2,18,1584.9927000017487
faster_rcnn,FP32,operativo,B,2,19,1578.512200001569
faster_rcnn,FP32,operativo,B,2,20,1584.964099994977
faster_rcnn,FP32,operativo,B,2,21,1543.2995000010123
faster_rcnn,FP32,operativo,B,2,22,1597.3460999957751
faster_rcnn,FP32,operativo,B,2,23,1585.1314999963506
faster_rcnn,FP32,operativo,B,2,24,1591.523099996266
faster_rcnn,FP32,operativo,B,2,25,1446.442599997681
faster_rcnn,FP32,operativo,B,2,26,1580.5333999960567
faster_rcnn,FP32,operativo,B,2,27,1582.508899999084
faster_rcnn,FP32,operativo,B,2,28,1530.4352000021026
faster_rcnn,FP32,operativo,B,2,29,1581.6163000054075
faster_rcnn,FP32,operativo,B,2,30,1577.5500000017928
faster_rcnn,FP32,operativo,B,2,31,1576.9791999991867
faster_rcnn,FP32,operativo,B,2,32,1588.0705999952625
faster_rcnn,FP32,operativo,B,2,33,1604.7890999980154
faster_rcnn,FP32,operativo,B,2,34,1461.520400000154
faster_rcnn,FP32,operativo,B,2,35,1582.821599993622
faster_rcnn,FP32,operativo,B,2,36,1587.084800004959
faster_rcnn,FP32,operativo,B,2,37,1447.1733000027598
faster_rcnn,FP32,operativo,B,2,38,1587.0054000042728
faster_rcnn,FP32,operativo,B,2,39,1577.3627000016859
faster_rcnn,FP32,operativo,B,2,40,1580.690599999798
faster_rcnn,FP32,operativo,B,2,41,1598.8586000021314
faster_rcnn,FP32,operativo,B,2,42,1583.3583999992697
faster_rcnn,FP32,operativo,B,2,43,1582.498800002213
faster_rcnn,FP32,operativo,B,2,44,1584.0276000017184
faster_rcnn,FP32,operativo,B,2,45,1543.7690999970073
faster_rcnn,FP32,operativo,B,2,46,1585.2998999980628
faster_rcnn,FP32,operativo,B,2,47,1441.9326999995974
faster_rcnn,FP32,operativo,B,2,48,1580.4638999979943
faster_rcnn,FP32,operativo,B,2,49,1445.1167000006535
faster_rcnn,FP32,operativo,B,2,50,1595.1189999977942
faster_rcnn,FP32,operativo,B,2,51,1542.5897000022815
faster_rcnn,FP32,operativo,B,2,52,1548.6394000035943
faster_rcnn,FP32,operativo,B,2,53,1599.631799996132
faster_rcnn,FP32,operativo,B,2,54,1587.3356000010972
faster_rcnn,FP32,operativo,B,2,55,1577.260899997782
faster_rcnn,FP32,operativo,B,2,56,1581.7110999996657
faster_rcnn,FP32,operativo,B,2,57,1583.638100004464
faster_rcnn,FP32,operativo,B,2,58,1586.5058999988833
faster_rcnn,FP32,operativo,B,2,59,1449.0274000054342
faster_rcnn,FP32,operativo,B,2,60,1448.3598000006168
faster_rcnn,FP32,operativo,B,2,61,1583.259300001373
faster_rcnn,FP32,operativo,B,2,62,1448.783200001344
faster_rcnn,FP32,operativo,B,2,63,1596.4296000020113
faster_rcnn,FP32,operativo,B,2,64,1602.164999996603
faster_rcnn,FP32,operativo,B,2,65,1582.2595999998157
faster_rcnn,FP32,operativo,B,2,66,1581.7360999935772
faster_rcnn,FP32,operativo,B,2,67,1582.3014999987208
faster_rcnn,FP32,operativo,B,2,68,1578.1492000023718
faster_rcnn,FP32,operativo,B,2,69,1443.9522000029683
faster_rcnn,FP32,operativo,B,2,70,1579.7160000001895
faster_rcnn,FP32,operativo,B,2,71,1534.2928000027314
faster_rcnn,FP32,operativo,B,2,72,1597.193999994488
faster_rcnn,FP32,operativo,B,2,73,1582.7453999954741
faster_rcnn,FP32,operativo,B,2,74,1583.617399999639
faster_rcnn,FP32,operativo,B,2,75,1584.881699993275
faster_rcnn,FP32,operativo,B,2,76,1579.5909000007669
faster_rcnn,FP32,operativo,B,2,77,1232.3565000042436
faster_rcnn,FP32,operativo,B,2,78,1593.4609999967506
faster_rcnn,FP32,operativo,B,2,79,1608.4592999977758
faster_rcnn,FP32,operativo,B,2,80,1469.93520000251
faster_rcnn,FP32,operativo,B,2,81,1588.2886999970651
faster_rcnn,FP32,operativo,B,2,82,1584.8089999999502
faster_rcnn,FP32,operativo,B,2,83,1586.2961999955587
faster_rcnn,FP32,operativo,B,2,84,1585.2847999994992
faster_rcnn,FP32,operativo,B,2,85,1623.015299999679
faster_rcnn,FP32,operativo,B,2,86,1581.4554000025964
faster_rcnn,FP32,operativo,B,2,87,1579.5910999950138
faster_rcnn,FP32,operativo,B,2,88,1605.1070999965305
faster_rcnn,FP32,operativo,B,2,89,1570.1326000053086
faster_rcnn,FP32,operativo,B,2,90,1527.2380000023986
faster_rcnn,FP32,operativo,B,2,91,1588.2042000012007
faster_rcnn,FP32,operativo,B,2,92,1581.025999999838
faster_rcnn,FP32,operativo,B,2,93,1577.4463999987347
faster_rcnn,FP32,operativo,B,2,94,1584.6549999987474
faster_rcnn,FP32,operativo,B,2,95,1492.6761000024271
faster_rcnn,FP32,operativo,B,2,96,1583.6639999979525
faster_rcnn,FP32,operativo,B,2,97,1583.6722000021837
faster_rcnn,FP32,operativo,B,2,98,1506.9129000039538
faster_rcnn,FP32,operativo,B,2,99,1580.4683999958797
faster_rcnn,FP32,operativo,B,2,100,1443.1486999965273
faster_rcnn,FP32,operativo,B,2,101,1603.0017000011867
faster_rcnn,FP32,operativo,B,2,102,1605.8571000030497
faster_rcnn,FP32,operativo,B,2,103,1579.333299996506
faster_rcnn,FP32,operativo,B,2,104,1582.1037999994587
faster_rcnn,FP32,operativo,B,2,105,1575.964199997543
faster_rcnn,FP32,operativo,B,2,106,1581.25189999555
faster_rcnn,FP32,operativo,B,2,107,1601.2860999981058
faster_rcnn,FP32,operativo,B,2,108,1446.6517999971984
faster_rcnn,FP32,operativo,B,2,109,1584.1845000031753
faster_rcnn,FP32,operativo,B,2,110,1442.926499999885
faster_rcnn,FP32,operativo,B,2,111,1591.1913000018103
faster_rcnn,FP32,operativo,B,2,112,1580.8743000015966
faster_rcnn,FP32,operativo,B,2,113,1454.7673000051873
faster_rcnn,FP32,operativo,B,2,114,1588.106200004404
faster_rcnn,FP32,operativo,B,2,115,1613.5848999983864
faster_rcnn,FP32,operativo,B,2,116,1579.6332000027178
faster_rcnn,FP32,operativo,B,2,117,1591.0560999982408
faster_rcnn,FP32,operativo,B,2,118,1592.514600000868
faster_rcnn,FP32,operativo,B,2,119,1586.7960000032326
faster_rcnn,FP32,operativo,B,2,120,1584.097800005111
faster_rcnn,FP32,operativo,B,2,121,1581.4851999966777
faster_rcnn,FP32,operativo,B,2,122,1582.6101999991806
faster_rcnn,FP32,operativo,B,2,123,1583.4897000022465
faster_rcnn,FP32,operativo,B,2,124,1608.4874000007403
faster_rcnn,FP32,operativo,B,2,125,1589.7156999999424
faster_rcnn,FP32,operativo,B,2,126,1581.1532000006991
faster_rcnn,FP32,operativo,B,2,127,1586.6260999973747
faster_rcnn,FP32,operativo,B,2,128,1586.0904000001028
faster_rcnn,FP32,operativo,B,2,129,1585.1801999961026
faster_rcnn,FP32,operativo,B,2,130,1583.3140000031563
faster_rcnn,FP32,operativo,B,2,131,1590.2955999990809
faster_rcnn,FP32,operativo,B,2,132,1449.8470000035013
faster_rcnn,FP32,operativo,B,2,133,1444.1741999980877
faster_rcnn,FP32,operativo,B,2,134,1582.5222999992548
faster_rcnn,FP32,operativo,B,2,135,1581.3232000000426
faster_rcnn,FP32,operativo,B,2,136,1450.1411000019289
faster_rcnn,FP32,operativo,B,2,137,1573.5155000002123
faster_rcnn,FP32,operativo,B,2,138,1585.2547000031336
faster_rcnn,FP32,operativo,B,2,139,1581.6830999974627
faster_rcnn,FP32,operativo,B,2,140,1598.0133000048227
faster_rcnn,FP32,operativo,B,2,141,1584.4019000069238
faster_rcnn,FP32,operativo,B,2,142,1578.738099997281
faster_rcnn,FP32,operativo,B,2,143,1578.2631999973091
faster_rcnn,FP32,operativo,B,2,144,1582.5801999963005
faster_rcnn,FP32,operativo,B,2,145,1447.8881000031834
faster_rcnn,FP32,operativo,B,2,146,1585.3571000043303
faster_rcnn,FP32,operativo,B,2,147,1594.6124000038253
faster_rcnn,FP32,operativo,B,2,148,1590.9479999972973
faster_rcnn,FP32,operativo,B,2,149,1601.2120000013965
faster_rcnn,FP32,operativo,B,2,150,1582.2291000004043
faster_rcnn,FP32,operativo,B,2,151,1584.1723999983515
faster_rcnn,FP32,operativo,B,2,152,1605.4609999991953
faster_rcnn,FP32,operativo,B,2,153,1581.4890999972704
faster_rcnn,FP32,operativo,B,2,154,1586.8686999965576
faster_rcnn,FP32,operativo,B,2,155,1585.0969000020996
faster_rcnn,FP32,operativo,B,2,156,1450.8733999973629
faster_rcnn,FP32,operativo,B,2,157,1453.7235999960103
faster_rcnn,FP32,operativo,B,2,158,1605.8255000025383
faster_rcnn,FP32,operativo,B,2,159,1584.2054000022472
faster_rcnn,FP32,operativo,B,2,160,1584.183099999791
faster_rcnn,FP32,operativo,B,2,161,1604.213400001754
faster_rcnn,FP32,operativo,B,2,162,1545.2186999973492
faster_rcnn,FP32,operativo,B,2,163,1566.3685999970767
faster_rcnn,FP32,operativo,B,2,164,1582.8321999943
faster_rcnn,FP32,operativo,B,2,165,1583.0913000027067
faster_rcnn,FP32,operativo,B,2,166,1582.7041000011377
faster_rcnn,FP32,operativo,B,2,167,1444.9327000038465
faster_rcnn,FP32,operativo,B,2,168,1609.5830000049318
faster_rcnn,FP32,operativo,B,2,169,1606.0247000059462
faster_rcnn,FP32,operativo,B,2,170,1608.7191999977222
faster_rcnn,FP32,operativo,B,2,171,1449.4512000019313
faster_rcnn,FP32,operativo,B,2,172,1441.5251000027638
faster_rcnn,FP32,operativo,B,2,173,1448.0909000048996
faster_rcnn,FP32,operativo,B,2,174,1583.419299997331
faster_rcnn,FP32,operativo,B,2,175,1585.30260000407
faster_rcnn,FP32,operativo,B,2,176,1579.568000001018
faster_rcnn,FP32,operativo,B,2,177,1579.2438999997103
faster_rcnn,FP32,operativo,B,2,178,1585.480000001553
faster_rcnn,FP32,operativo,B,2,179,1585.8274999991409
faster_rcnn,FP32,operativo,B,2,180,1588.696800004982
faster_rcnn,FP32,operativo,B,2,181,1576.7591999974684
faster_rcnn,FP32,operativo,B,2,182,1397.3406000004616
faster_rcnn,FP32,operativo,B,2,183,1634.233500000846
faster_rcnn,FP32,operativo,B,2,184,1580.256900000677
faster_rcnn,FP32,operativo,B,2,185,1584.8193000056199
faster_rcnn,FP32,operativo,B,2,186,1583.9660999990883
faster_rcnn,FP32,operativo,B,2,187,1231.9320000024163
faster_rcnn,FP32,operativo,B,2,188,1580.7636000026832
faster_rcnn,FP32,operativo,B,2,189,1537.8593999994337
faster_rcnn,FP32,operativo,B,2,190,1441.441199996916
faster_rcnn,FP32,operativo,B,2,191,1584.825500001898
faster_rcnn,FP32,operativo,B,2,192,1588.6781999943196
faster_rcnn,FP32,operativo,B,2,193,1595.0566999963485
faster_rcnn,FP32,operativo,B,2,194,1578.2843999986653
faster_rcnn,FP32,operativo,B,2,195,1585.4045000014594
faster_rcnn,FP32,operativo,B,2,196,1451.1549000017112
faster_rcnn,FP32,operativo,B,2,197,1449.9561000047834
faster_rcnn,FP32,operativo,B,2,198,1465.7827999981237
faster_rcnn,FP32,operativo,B,2,199,1585.750199999893
faster_rcnn,FP32,operativo,B,2,200,1596.5574000001652
faster_rcnn,FP32,operativo,B,2,201,1577.0386000003782
faster_rcnn,FP32,operativo,B,2,202,1583.3396000016364
faster_rcnn,FP32,operativo,B,2,203,1451.5981999938958
faster_rcnn,FP32,operativo,B,2,204,1444.6919999973034
faster_rcnn,FP32,operativo,B,2,205,1585.5484999992768
faster_rcnn,FP32,operativo,B,2,206,1579.6125999986543
faster_rcnn,FP32,operativo,B,2,207,1533.0869999961578
faster_rcnn,FP32,operativo,B,2,208,1580.8749999996508
faster_rcnn,FP32,operativo,B,2,209,1487.026100003277
faster_rcnn,FP32,operativo,B,2,210,1446.6370999944047
faster_rcnn,FP32,operativo,B,2,211,1583.4165000051144
faster_rcnn,FP32,operativo,B,2,212,1581.5385000023525
faster_rcnn,FP32,operativo,B,2,213,1580.148699998972
faster_rcnn,FP32,operativo,B,2,214,1595.2631999971345
faster_rcnn,FP32,operativo,B,2,215,1584.8646000013105
faster_rcnn,FP32,operativo,B,2,216,1443.9005999956862
faster_rcnn,FP32,operativo,B,2,217,1447.9633000009926
faster_rcnn,FP32,operativo,B,2,218,1587.7229999969131
faster_rcnn,FP32,operativo,B,2,219,1583.6305000048014
faster_rcnn,FP32,operativo,B,2,220,1579.1635000059614
faster_rcnn,FP32,operativo,B,2,221,1578.3191000009538
faster_rcnn,FP32,operativo,B,2,222,1444.5567000002484
faster_rcnn,FP32,operativo,B,2,223,1584.6735000013723
faster_rcnn,FP32,operativo,B,2,224,1586.5848000030383
faster_rcnn,FP32,operativo,B,2,225,1446.00999999966
faster_rcnn,FP32,operativo,B,2,226,1585.6934999974328
faster_rcnn,FP32,operativo,B,2,227,1602.1521000002394
faster_rcnn,FP32,operativo,B,2,228,1445.4185999929905
faster_rcnn,FP32,operativo,B,2,229,1583.0114000054891
faster_rcnn,FP32,operativo,B,2,230,1264.6702999991248
faster_rcnn,FP32,operativo,B,2,231,1229.5158999986597
faster_rcnn,FP32,operativo,B,2,232,1589.367399996263
faster_rcnn,FP32,operativo,B,2,233,1579.92390000436
faster_rcnn,FP32,operativo,B,2,234,1547.3892000009073
faster_rcnn,FP32,operativo,B,2,235,1584.7527000005357
faster_rcnn,FP32,operativo,B,2,236,1525.9825000030105
faster_rcnn,FP32,operativo,B,2,237,1607.4838000058662
faster_rcnn,FP32,operativo,B,2,238,1578.7304999976186
faster_rcnn,FP32,operativo,B,2,239,1583.738399996946
faster_rcnn,FP32,operativo,B,2,240,1585.372699999425
faster_rcnn,FP32,operativo,B,2,241,1555.1278999992064
faster_rcnn,FP32,operativo,B,2,242,1598.720099995262
faster_rcnn,FP32,operativo,B,2,243,1448.847300001944
faster_rcnn,FP32,operativo,B,2,244,1362.1267000053194
faster_rcnn,FP32,operativo,B,2,245,1606.7799000011291
faster_rcnn,FP32,operativo,B,2,246,1577.9022999995505
faster_rcnn,FP32,operativo,B,2,247,1583.4428000016487
faster_rcnn,FP32,operativo,B,2,248,1400.8059000043431
faster_rcnn,FP32,operativo,B,2,249,1581.8642000012915
faster_rcnn,FP32,operativo,B,2,250,1579.5715000058408
faster_rcnn,FP32,operativo,B,2,251,1545.8542000051239
faster_rcnn,FP32,operativo,B,2,252,1612.9686999993282
faster_rcnn,FP32,operativo,B,2,253,1395.7664999979897
faster_rcnn,FP32,operativo,B,2,254,1599.298400004045
faster_rcnn,FP32,operativo,B,2,255,1579.6072999946773
faster_rcnn,FP32,operativo,B,2,256,1578.8468999962788
faster_rcnn,FP32,operativo,B,2,257,1602.8330000044662
faster_rcnn,FP32,operativo,B,2,258,1580.784899997525
faster_rcnn,FP32,operativo,B,2,259,1447.9410999992979
faster_rcnn,FP32,operativo,B,2,260,1582.1071000027587
faster_rcnn,FP32,operativo,B,2,261,1583.3485999974073
faster_rcnn,FP32,operativo,B,2,262,1583.714600004896
faster_rcnn,FP32,operativo,B,2,263,1583.5163000010652
faster_rcnn,FP32,operativo,B,2,264,1596.3369000019156
faster_rcnn,FP32,operativo,B,2,265,1554.481899998791
faster_rcnn,FP32,operativo,B,2,266,1545.80949999945
faster_rcnn,FP32,operativo,B,2,267,1444.7658999997657
faster_rcnn,FP32,operativo,B,2,268,1586.1240999947768
faster_rcnn,FP32,operativo,B,2,269,1578.9915999994264
faster_rcnn,FP32,operativo,B,2,270,1578.597899999295
faster_rcnn,FP32,operativo,B,2,271,1580.8773999960977
faster_rcnn,FP32,operativo,B,2,272,1609.8265999971773
faster_rcnn,FP32,operativo,B,2,273,1582.0973999943817
faster_rcnn,FP32,operativo,B,2,274,1605.5649999980233
faster_rcnn,FP32,operativo,B,2,275,1596.3526999985334
faster_rcnn,FP32,operativo,B,2,276,1584.0502999999444
faster_rcnn,FP32,operativo,B,2,277,1581.2058000010438
faster_rcnn,FP32,operativo,B,2,278,1574.033299999428
faster_rcnn,FP32,operativo,B,2,279,1582.2324000037042
faster_rcnn,FP32,operativo,B,2,280,1582.0091999994474
faster_rcnn,FP32,operativo,B,2,281,1593.0257999934838
faster_rcnn,FP32,operativo,B,2,282,1441.591699993296
faster_rcnn,FP32,operativo,B,2,283,1578.7128000010853
faster_rcnn,FP32,operativo,B,2,284,1571.9660000031581
faster_rcnn,FP32,operativo,B,2,285,1580.4476999983308
faster_rcnn,FP32,operativo,B,2,286,1603.6160000003292
faster_rcnn,FP32,operativo,B,2,287,1587.207099997613
faster_rcnn,FP32,operativo,B,2,288,1553.0400999996345
faster_rcnn,FP32,operativo,B,2,289,1585.8483999982127
faster_rcnn,FP32,operativo,B,2,290,1583.752899998217
faster_rcnn,FP32,operativo,B,2,291,1583.0855000021984
faster_rcnn,FP32,operativo,B,2,292,1585.2718999958597
faster_rcnn,FP32,operativo,B,2,293,1577.7610000004643
faster_rcnn,FP32,operativo,B,2,294,1577.6120000009541
faster_rcnn,FP32,operativo,B,2,295,1585.0379999974393
faster_rcnn,FP32,operativo,B,2,296,1576.9690999950399
faster_rcnn,FP32,operativo,B,2,297,1463.5788000014145
faster_rcnn,FP32,operativo,B,2,298,1584.5502000011038
faster_rcnn,FP32,operativo,B,2,299,1581.1224999997648
faster_rcnn,FP32,operativo,B,2,300,1587.000599996827
faster_rcnn,FP32,operativo,B,2,301,1585.710300001665
faster_rcnn,FP32,operativo,B,2,302,1579.5519000021159
faster_rcnn,FP32,operativo,B,2,303,1582.8068999981042
faster_rcnn,FP32,operativo,B,2,304,1573.7040000021807
faster_rcnn,FP32,operativo,B,2,305,1579.9980000010692
faster_rcnn,FP32,operativo,B,2,306,1582.2125999984564
faster_rcnn,FP32,operativo,B,2,307,1444.686400005594
faster_rcnn,FP32,operativo,B,2,308,1587.4772000024677
faster_rcnn,FP32,operativo,B,2,309,1620.4438999993727
faster_rcnn,FP32,operativo,B,2,310,1525.2420999968308
faster_rcnn,FP32,operativo,B,2,311,1446.8343000044115
faster_rcnn,FP32,operativo,B,2,312,1582.1744999993825
faster_rcnn,FP32,operativo,B,2,313,1582.559800001036
faster_rcnn,FP32,operativo,B,2,314,1585.2498000022024
faster_rcnn,FP32,operativo,B,2,315,1578.6293999990448
faster_rcnn,FP32,operativo,B,2,316,1450.7984000010765
faster_rcnn,FP32,operativo,B,2,317,1582.4403000005987
faster_rcnn,FP32,operativo,B,2,318,1447.9466999982833
faster_rcnn,FP32,operativo,B,2,319,1466.3546999945538
faster_rcnn,FP32,operativo,B,2,320,1609.2673000021023
faster_rcnn,FP32,operativo,B,2,321,1585.6427000035183
faster_rcnn,FP32,operativo,B,2,322,1451.460299998871
faster_rcnn,FP32,operativo,B,2,323,1579.0544000046793
faster_rcnn,FP32,operativo,B,2,324,1581.3874000014039
faster_rcnn,FP32,operativo,B,2,325,1583.2305000003544
faster_rcnn,FP32,operativo,B,2,326,1480.105000002368
faster_rcnn,FP32,operativo,B,2,327,1607.0407000006526
faster_rcnn,FP32,operativo,B,2,328,1452.813399999286
faster_rcnn,FP32,operativo,B,2,329,1584.9596000043675
faster_rcnn,FP32,operativo,B,2,330,1441.1510999998427
faster_rcnn,FP32,operativo,B,2,331,1581.5327000018442
faster_rcnn,FP32,operativo,B,2,332,1582.5555999981589
faster_rcnn,FP32,operativo,B,2,333,1583.7793999962742
faster_rcnn,FP32,operativo,B,2,334,1580.9516000008443
faster_rcnn,FP32,operativo,B,2,335,1583.0188999971142
faster_rcnn,FP32,operativo,B,2,336,1445.6715999986045
faster_rcnn,FP32,operativo,B,2,337,1581.796200000099
faster_rcnn,FP32,operativo,B,2,338,1580.8077999972738
faster_rcnn,FP32,operativo,B,2,339,1548.826199999894
faster_rcnn,FP32,operativo,B,2,340,1601.7001000000164
faster_rcnn,FP32,operativo,B,2,341,1448.3996999988449
faster_rcnn,FP32,operativo,B,2,342,1531.3491999986582
faster_rcnn,FP32,operativo,B,2,343,1577.0177999947919
faster_rcnn,FP32,operativo,B,2,344,1444.7122999990825
faster_rcnn,FP32,operativo,B,2,345,1446.8772999971407
faster_rcnn,FP32,operativo,B,2,346,1586.7620999997598
faster_rcnn,FP32,operativo,B,2,347,1586.222199999611
faster_rcnn,FP32,operativo,B,2,348,1606.3915999984602
faster_rcnn,FP32,operativo,B,2,349,1580.9441000019433
faster_rcnn,FP32,operativo,B,2,350,1580.0078000029316
faster_rcnn,FP32,operativo,B,2,351,1598.2379999986733
faster_rcnn,FP32,operativo,B,2,352,1577.4487000016961
faster_rcnn,FP32,operativo,B,2,353,1582.6587999981712
faster_rcnn,FP32,operativo,B,2,354,1579.4911999983015
faster_rcnn,FP32,operativo,B,2,355,1582.2527000054833
faster_rcnn,FP32,operativo,B,2,356,1582.991299997957
faster_rcnn,FP32,operativo,B,2,357,1449.7110000011162
faster_rcnn,FP32,operativo,B,2,358,1581.601400001091
faster_rcnn,FP32,operativo,B,2,359,1442.7722000036738
faster_rcnn,FP32,operativo,B,2,360,1557.7360000024782
faster_rcnn,FP32,operativo,B,2,361,1583.6717999991379
faster_rcnn,FP32,operativo,B,2,362,1581.1585000046762
faster_rcnn,FP32,operativo,B,2,363,1595.5819000009797
faster_rcnn,FP32,operativo,B,2,364,1587.559900006454
faster_rcnn,FP32,operativo,B,2,365,1445.5699999962235
faster_rcnn,FP32,operativo,B,2,366,1447.3116000008304
faster_rcnn,FP32,operativo,B,2,367,1586.2598000021535
faster_rcnn,FP32,operativo,B,2,368,1632.1492999995826
faster_rcnn,FP32,operativo,B,2,369,1446.3465000008
faster_rcnn,FP32,operativo,B,2,370,1604.0827999968315
faster_rcnn,FP32,operativo,B,2,371,1578.1693999961135
faster_rcnn,FP32,operativo,B,2,372,1579.658599999675
faster_rcnn,FP32,operativo,B,2,373,1587.3849999989034
yolov8_seg,FP32,comun,A,0,0,12.82080000237329
yolov8_seg,FP32,comun,A,0,1,12.302300005103461
yolov8_seg,FP32,comun,A,0,2,12.127900001360103
yolov8_seg,FP32,comun,A,0,3,12.137600002461113
yolov8_seg,FP32,comun,A,0,4,13.1039999978384
yolov8_seg,FP32,comun,A,0,5,12.80409999890253
yolov8_seg,FP32,comun,A,0,6,12.247700004081707
yolov8_seg,FP32,comun,A,0,7,12.021399998047855
yolov8_seg,FP32,comun,A,0,8,12.057200001436286
yolov8_seg,FP32,comun,A,0,9,11.939399999391753
yolov8_seg,FP32,comun,A,0,10,12.66149999719346
yolov8_seg,FP32,comun,A,0,11,12.70910000312142
yolov8_seg,FP32,comun,A,0,12,12.39289999648463
yolov8_seg,FP32,comun,A,0,13,12.417099998856429
yolov8_seg,FP32,comun,A,0,14,11.857799996505491
yolov8_seg,FP32,comun,A,0,15,12.269400001969188
yolov8_seg,FP32,comun,A,0,16,12.028900004224852
yolov8_seg,FP32,comun,A,0,17,12.255000001459848
yolov8_seg,FP32,comun,A,0,18,11.926800005312543
yolov8_seg,FP32,comun,A,0,19,12.00359999347711
yolov8_seg,FP32,comun,A,0,20,18.089899996994063
yolov8_seg,FP32,comun,A,0,21,13.041600002907217
yolov8_seg,FP32,comun,A,0,22,12.224999998579733
yolov8_seg,FP32,comun,A,0,23,12.142699997639284
yolov8_seg,FP32,comun,A,0,24,11.639500000455882
yolov8_seg,FP32,comun,A,0,25,11.717100001988001
yolov8_seg,FP32,comun,A,0,26,12.038300003041513
yolov8_seg,FP32,comun,A,0,27,11.973400003626011
yolov8_seg,FP32,comun,A,0,28,11.798100000305567
yolov8_seg,FP32,comun,A,0,29,12.533399996755179
yolov8_seg,FP32,comun,A,0,30,13.570600000093691
yolov8_seg,FP32,comun,A,0,31,12.66080000641523
yolov8_seg,FP32,comun,A,0,32,13.676900001883041
yolov8_seg,FP32,comun,A,0,33,12.764099999913014
yolov8_seg,FP32,comun,A,0,34,12.23279999976512
yolov8_seg,FP32,comun,A,0,35,13.446099997963756
yolov8_seg,FP32,comun,A,0,36,12.906799995107576
yolov8_seg,FP32,comun,A,0,37,12.262799995369278
yolov8_seg,FP32,comun,A,0,38,12.913500002468936
yolov8_seg,FP32,comun,A,0,39,12.180699995951727
yolov8_seg,FP32,comun,A,0,40,11.468999997305218
yolov8_seg,FP32,comun,A,0,41,12.33209999918472
yolov8_seg,FP32,comun,A,0,42,12.146500004746486
yolov8_seg,FP32,comun,A,0,43,11.822899999970105
yolov8_seg,FP32,comun,A,0,44,11.88959999853978
yolov8_seg,FP32,comun,A,0,45,15.745199998491444
yolov8_seg,FP32,comun,A,0,46,16.30250000016531
yolov8_seg,FP32,comun,A,0,47,12.330199999269098
yolov8_seg,FP32,comun,A,0,48,11.747800002922304
yolov8_seg,FP32,comun,A,0,49,12.281600000278559
yolov8_seg,FP32,comun,A,0,50,12.23290000052657
yolov8_seg,FP32,comun,A,0,51,12.389399998937733
yolov8_seg,FP32,comun,A,0,52,12.131399998907
yolov8_seg,FP32,comun,A,0,53,12.139600003138185
yolov8_seg,FP32,comun,A,0,54,11.976800000411458
yolov8_seg,FP32,comun,A,0,55,12.626999996427912
yolov8_seg,FP32,comun,A,0,56,11.84310000098776
yolov8_seg,FP32,comun,A,0,57,11.850799994135741
yolov8_seg,FP32,comun,A,0,58,12.196800002129748
yolov8_seg,FP32,comun,A,0,59,11.955399997532368
yolov8_seg,FP32,comun,A,0,60,11.989999999059364
yolov8_seg,FP32,comun,A,0,61,11.864399995829444
yolov8_seg,FP32,comun,A,0,62,11.754300001484808
yolov8_seg,FP32,comun,A,0,63,11.98399999702815
yolov8_seg,FP32,comun,A,0,64,12.62950000091223
yolov8_seg,FP32,comun,A,0,65,12.37330000003567
yolov8_seg,FP32,comun,A,0,66,12.322999995376449
yolov8_seg,FP32,comun,A,0,67,14.25300000119023
yolov8_seg,FP32,comun,A,0,68,24.997399996209424
yolov8_seg,FP32,comun,A,0,69,15.833000004931819
yolov8_seg,FP32,comun,A,0,70,12.339699998847209
yolov8_seg,FP32,comun,A,0,71,11.854600001242943
yolov8_seg,FP32,comun,A,0,72,12.148999994678888
yolov8_seg,FP32,comun,A,0,73,11.663500001304783
yolov8_seg,FP32,comun,A,0,74,11.792800003604498
yolov8_seg,FP32,comun,A,0,75,12.306699994951487
yolov8_seg,FP32,comun,A,0,76,12.456399999791756
yolov8_seg,FP32,comun,A,0,77,12.111900003219489
yolov8_seg,FP32,comun,A,0,78,11.935800001083408
yolov8_seg,FP32,comun,A,0,79,12.103499997465406
yolov8_seg,FP32,comun,A,0,80,12.05159999517491
yolov8_seg,FP32,comun,A,0,81,11.918099997274112
yolov8_seg,FP32,comun,A,0,82,11.980099996435456
yolov8_seg,FP32,comun,A,0,83,12.183300001197495
yolov8_seg,FP32,comun,A,0,84,12.140099999669474
yolov8_seg,FP32,comun,A,0,85,12.3511000056169
yolov8_seg,FP32,comun,A,0,86,12.400899999192916
yolov8_seg,FP32,comun,A,0,87,12.632700003450736
yolov8_seg,FP32,comun,A,0,88,12.290099999518134
yolov8_seg,FP32,comun,A,0,89,11.888900000485592
yolov8_seg,FP32,comun,A,0,90,11.903499995241873
yolov8_seg,FP32,comun,A,0,91,12.311600003158674
yolov8_seg,FP32,comun,A,0,92,12.662900000577793
yolov8_seg,FP32,comun,A,0,93,12.425599998096004
yolov8_seg,FP32,comun,A,0,94,12.467800006561447
yolov8_seg,FP32,comun,A,0,95,12.025500000163447
yolov8_seg,FP32,comun,A,0,96,15.63239999813959
yolov8_seg,FP32,comun,A,0,97,11.935800001083408
yolov8_seg,FP32,comun,A,0,98,12.050799996359274
yolov8_seg,FP32,comun,A,0,99,12.251400003151502
yolov8_seg,FP32,comun,A,0,100,11.887900000147056
yolov8_seg,FP32,comun,A,0,101,12.256499998329673
yolov8_seg,FP32,comun,A,0,102,12.129300004744437
yolov8_seg,FP32,comun,A,0,103,11.786499999288935
yolov8_seg,FP32,comun,A,0,104,12.241199998243246
yolov8_seg,FP32,comun,A,0,105,11.722299997927621
yolov8_seg,FP32,comun,A,0,106,11.833399999886751
yolov8_seg,FP32,comun,A,0,107,12.18220000009751
yolov8_seg,FP32,comun,A,0,108,11.856600001920015
yolov8_seg,FP32,comun,A,0,109,12.054699996951967
yolov8_seg,FP32,comun,A,0,110,11.684400000376627
yolov8_seg,FP32,comun,A,0,111,12.027600001601968
yolov8_seg,FP32,comun,A,0,112,12.600399997609202
yolov8_seg,FP32,comun,A,0,113,12.07309999881545
yolov8_seg,FP32,comun,A,0,114,12.374599995382596
yolov8_seg,FP32,comun,A,0,115,11.755200001061894
yolov8_seg,FP32,comun,A,0,116,12.256299996806774
yolov8_seg,FP32,comun,A,0,117,12.024099996779114
yolov8_seg,FP32,comun,A,0,118,11.790799995651469
yolov8_seg,FP32,comun,A,0,119,11.941900003876071
yolov8_seg,FP32,comun,A,0,120,12.336699997831602
yolov8_seg,FP32,comun,A,0,121,12.082100001862273
yolov8_seg,FP32,comun,A,0,122,11.768999997002538
yolov8_seg,FP32,comun,A,0,123,12.280700000701472
yolov8_seg,FP32,comun,A,0,124,12.156600001617335
yolov8_seg,FP32,comun,A,0,125,11.861099999805447
yolov8_seg,FP32,comun,A,0,126,11.969299994234461
yolov8_seg,FP32,comun,A,0,127,12.197500000183936
yolov8_seg,FP32,comun,A,0,128,12.108599999919534
yolov8_seg,FP32,comun,A,0,129,12.467100001231302
yolov8_seg,FP32,comun,A,0,130,11.956999995163642
yolov8_seg,FP32,comun,A,0,131,12.181300000520423
yolov8_seg,FP32,comun,A,0,132,13.05339999817079
yolov8_seg,FP32,comun,A,0,133,12.925399998493958
yolov8_seg,FP32,comun,A,0,134,12.050500001350883
yolov8_seg,FP32,comun,A,0,135,12.015599997539539
yolov8_seg,FP32,comun,A,0,136,13.819699997839052
yolov8_seg,FP32,comun,A,0,137,17.429299994546454
yolov8_seg,FP32,comun,A,0,138,16.367099997296464
yolov8_seg,FP32,comun,A,0,139,16.500699995958712
yolov8_seg,FP32,comun,A,0,140,16.530599998077378
yolov8_seg,FP32,comun,A,0,141,13.713200001802761
yolov8_seg,FP32,comun,A,0,142,11.858699996082578
yolov8_seg,FP32,comun,A,0,143,12.286000004678499
yolov8_seg,FP32,comun,A,0,144,12.90059999882942
yolov8_seg,FP32,comun,A,0,145,12.441899998520967
yolov8_seg,FP32,comun,A,0,146,12.2518000061973
yolov8_seg,FP32,comun,A,0,147,9.96070000110194
yolov8_seg,FP32,comun,A,0,148,12.302499999350403
yolov8_seg,FP32,comun,A,0,149,12.107700000342447
yolov8_seg,FP32,comun,A,0,150,11.615000003075693
yolov8_seg,FP32,comun,A,0,151,11.990200000582263
yolov8_seg,FP32,comun,A,0,152,11.759499997424427
yolov8_seg,FP32,comun,A,0,153,12.866299999586772
yolov8_seg,FP32,comun,A,0,154,11.49009999789996
yolov8_seg,FP32,comun,A,0,155,11.5626999977394
yolov8_seg,FP32,comun,A,0,156,12.118000006012153
yolov8_seg,FP32,comun,A,0,157,11.87979999667732
yolov8_seg,FP32,comun,A,0,158,12.014100000669714
yolov8_seg,FP32,comun,A,0,159,12.335999999777414
yolov8_seg,FP32,comun,A,0,160,11.735000000044238
yolov8_seg,FP32,comun,A,0,161,11.900699995749164
yolov8_seg,FP32,comun,A,0,162,11.848099995404482
yolov8_seg,FP32,comun,A,0,163,12.088700001186226
yolov8_seg,FP32,comun,A,0,164,11.933200003113598
yolov8_seg,FP32,comun,A,0,165,12.180300000181887
yolov8_seg,FP32,comun,A,0,166,10.431799993966706
yolov8_seg,FP32,comun,A,0,167,11.520200001541525
yolov8_seg,FP32,comun,A,0,168,12.110600000596605
yolov8_seg,FP32,comun,A,0,169,12.37540000147419
yolov8_seg,FP32,comun,A,0,170,12.320100002398249
yolov8_seg,FP32,comun,A,0,171,11.603800005104858
yolov8_seg,FP32,comun,A,0,172,11.844100001326296
yolov8_seg,FP32,comun,A,0,173,12.464299994462635
yolov8_seg,FP32,comun,A,0,174,11.769099997763988
yolov8_seg,FP32,comun,A,0,175,11.765299997932743
yolov8_seg,FP32,comun,A,0,176,12.4433000019053
yolov8_seg,FP32,comun,A,0,177,11.919600001419894
yolov8_seg,FP32,comun,A,0,178,11.788700001488905
yolov8_seg,FP32,comun,A,0,179,12.279800001124386
yolov8_seg,FP32,comun,A,0,180,12.550500003271736
yolov8_seg,FP32,comun,A,0,181,12.141899998823646
yolov8_seg,FP32,comun,A,0,182,11.721300004865043
yolov8_seg,FP32,comun,A,0,183,12.173600000096485
yolov8_seg,FP32,comun,A,0,184,12.202300000353716
yolov8_seg,FP32,comun,A,0,185,11.837599995487835
yolov8_seg,FP32,comun,A,0,186,11.734899999282788
yolov8_seg,FP32,comun,A,0,187,11.940500000491738
yolov8_seg,FP32,comun,A,0,188,12.11219999822788
yolov8_seg,FP32,comun,A,0,189,11.513500001456123
yolov8_seg,FP32,comun,A,0,190,12.132900003052782
yolov8_seg,FP32,comun,A,0,191,11.997599998721853
yolov8_seg,FP32,comun,A,0,192,11.792600002081599
yolov8_seg,FP32,comun,A,0,193,12.006599994492717
yolov8_seg,FP32,comun,A,0,194,12.444300002243835
yolov8_seg,FP32,comun,A,0,195,12.016600005154032
yolov8_seg,FP32,comun,A,0,196,12.224700003571343
yolov8_seg,FP32,comun,A,0,197,11.517800005094614
yolov8_seg,FP32,comun,A,0,198,11.837500002002344
yolov8_seg,FP32,comun,A,0,199,11.823799999547191
yolov8_seg,FP32,comun,A,0,200,12.167900000349618
yolov8_seg,FP32,comun,A,0,201,11.989300001005176
yolov8_seg,FP32,comun,A,0,202,12.091399999917485
yolov8_seg,FP32,comun,A,0,203,12.02999999804888
yolov8_seg,FP32,comun,A,0,204,12.081499997293577
yolov8_seg,FP32,comun,A,0,205,11.985899996943772
yolov8_seg,FP32,comun,A,0,206,12.377200000628363
yolov8_seg,FP32,comun,A,0,207,12.353199999779463
yolov8_seg,FP32,comun,A,0,208,12.451100003090687
yolov8_seg,FP32,comun,A,0,209,13.196100000641309
yolov8_seg,FP32,comun,A,0,210,12.38279999961378
yolov8_seg,FP32,comun,A,0,211,13.16400000359863
yolov8_seg,FP32,comun,A,0,212,13.05549999960931
yolov8_seg,FP32,comun,A,0,213,13.283400003274437
yolov8_seg,FP32,comun,A,0,214,12.309600002481602
yolov8_seg,FP32,comun,A,0,215,11.847499998111743
yolov8_seg,FP32,comun,A,0,216,11.803400004282594
yolov8_seg,FP32,comun,A,0,217,12.488299995311536
yolov8_seg,FP32,comun,A,0,218,11.801000000559725
yolov8_seg,FP32,comun,A,0,219,11.563799998839386
yolov8_seg,FP32,comun,A,0,220,11.843000000226311
yolov8_seg,FP32,comun,A,0,221,12.085299997124821
yolov8_seg,FP32,comun,A,0,222,12.120200000936165
yolov8_seg,FP32,comun,A,0,223,12.65150000108406
yolov8_seg,FP32,comun,A,0,224,12.17460000043502
yolov8_seg,FP32,comun,A,0,225,12.094599995180033
yolov8_seg,FP32,comun,A,0,226,11.630400003923569
yolov8_seg,FP32,comun,A,0,227,12.329699995461851
yolov8_seg,FP32,comun,A,0,228,10.635399994498584
yolov8_seg,FP32,comun,A,0,229,11.728199999197386
yolov8_seg,FP32,comun,A,0,230,12.289699996472336
yolov8_seg,FP32,comun,A,0,231,12.934900005348027
yolov8_seg,FP32,comun,A,0,232,12.399800005368888
yolov8_seg,FP32,comun,A,0,233,11.749799996323418
yolov8_seg,FP32,comun,A,0,234,12.048500000673812
yolov8_seg,FP32,comun,A,0,235,12.100099993404001
yolov8_seg,FP32,comun,A,0,236,12.089100004232023
yolov8_seg,FP32,comun,A,0,237,11.831199997686781
yolov8_seg,FP32,comun,A,0,238,12.100899999495596
yolov8_seg,FP32,comun,A,0,239,17.609400005312636
yolov8_seg,FP32,comun,A,0,240,23.38389999931678
yolov8_seg,FP32,comun,A,0,241,24.234999997133855
yolov8_seg,FP32,comun,A,0,242,22.615699999732897
yolov8_seg,FP32,comun,A,0,243,16.112199999042787
yolov8_seg,FP32,comun,A,0,244,16.787500004284084
yolov8_seg,FP32,comun,A,0,245,16.248000007180963
yolov8_seg,FP32,comun,A,0,246,13.972799999464769
yolov8_seg,FP32,comun,A,0,247,16.28520000667777
yolov8_seg,FP32,comun,A,0,248,17.1009999976377
yolov8_seg,FP32,comun,A,0,249,16.443699998490047
yolov8_seg,FP32,comun,A,0,250,16.980600004899316
yolov8_seg,FP32,comun,A,0,251,16.316200002620462
yolov8_seg,FP32,comun,A,0,252,16.17190000251867
yolov8_seg,FP32,comun,A,0,253,12.239499999850523
yolov8_seg,FP32,comun,A,0,254,11.607100001128856
yolov8_seg,FP32,comun,A,0,255,12.508600004366599
yolov8_seg,FP32,comun,A,0,256,12.011099999654107
yolov8_seg,FP32,comun,A,0,257,11.820899999293033
yolov8_seg,FP32,comun,A,0,258,12.173199997050688
yolov8_seg,FP32,comun,A,0,259,12.176000003819354
yolov8_seg,FP32,comun,A,0,260,14.682900000480004
yolov8_seg,FP32,comun,A,0,261,13.409000006504357
yolov8_seg,FP32,comun,A,0,262,11.897900003532413
yolov8_seg,FP32,comun,A,0,263,13.051500005531125
yolov8_seg,FP32,comun,A,0,264,16.135099998791702
yolov8_seg,FP32,comun,A,0,265,16.45299999654526
yolov8_seg,FP32,comun,A,0,266,22.904500001459382
yolov8_seg,FP32,comun,A,0,267,12.727400004223455
yolov8_seg,FP32,comun,A,0,268,12.349500000709668
yolov8_seg,FP32,comun,A,0,269,11.798699997598305
yolov8_seg,FP32,comun,A,0,270,11.79250000132015
yolov8_seg,FP32,comun,A,0,271,11.726099997758865
yolov8_seg,FP32,comun,A,0,272,11.779200001910795
yolov8_seg,FP32,comun,A,0,273,10.50060000125086
yolov8_seg,FP32,comun,A,0,274,12.127100002544466
yolov8_seg,FP32,comun,A,0,275,15.407800005050376
yolov8_seg,FP32,comun,A,0,276,19.991100001789164
yolov8_seg,FP32,comun,A,0,277,16.315400003804825
yolov8_seg,FP32,comun,A,0,278,16.243000005488284
yolov8_seg,FP32,comun,A,0,279,15.948699998261873
yolov8_seg,FP32,comun,A,0,280,18.354800005909055
yolov8_seg,FP32,comun,A,0,281,24.20680000068387
yolov8_seg,FP32,comun,A,0,282,20.24659999733558
yolov8_seg,FP32,comun,A,0,283,16.615100001217797
yolov8_seg,FP32,comun,A,0,284,16.352899998310022
yolov8_seg,FP32,comun,A,0,285,14.372900004673284
yolov8_seg,FP32,comun,A,0,286,12.385500005620997
yolov8_seg,FP32,comun,A,0,287,12.119500002881978
yolov8_seg,FP32,comun,A,0,288,11.669799998344388
yolov8_seg,FP32,comun,A,0,289,11.516200000187382
yolov8_seg,FP32,comun,A,0,290,11.979299997619819
yolov8_seg,FP32,comun,A,0,291,11.915600000065751
yolov8_seg,FP32,comun,A,0,292,11.654500005533919
yolov8_seg,FP32,comun,A,0,293,11.621899997408036
yolov8_seg,FP32,comun,A,0,294,12.166599997726735
yolov8_seg,FP32,comun,A,0,295,11.922600002435502
yolov8_seg,FP32,comun,A,0,296,12.191900001198519
yolov8_seg,FP32,comun,A,0,297,13.046400003076997
yolov8_seg,FP32,comun,A,0,298,12.200699995446485
yolov8_seg,FP32,comun,A,0,299,19.685300001583528
yolov8_seg,FP32,comun,A,0,300,12.071900004229974
yolov8_seg,FP32,comun,A,0,301,12.452999995730352
yolov8_seg,FP32,comun,A,0,302,12.477600001147948
yolov8_seg,FP32,comun,A,0,303,11.960700001509394
yolov8_seg,FP32,comun,A,0,304,11.63069999893196
yolov8_seg,FP32,comun,A,0,305,11.72200000291923
yolov8_seg,FP32,comun,A,0,306,12.069699994754046
yolov8_seg,FP32,comun,A,0,307,11.950899999646936
yolov8_seg,FP32,comun,A,0,308,11.74390000232961
yolov8_seg,FP32,comun,A,0,309,12.17200000246521
yolov8_seg,FP32,comun,A,0,310,12.524999998277053
yolov8_seg,FP32,comun,A,0,311,10.13529999909224
yolov8_seg,FP32,comun,A,0,312,12.3440000024857
yolov8_seg,FP32,comun,A,0,313,11.81429999996908
yolov8_seg,FP32,comun,A,0,314,15.427300000737887
yolov8_seg,FP32,comun,A,0,315,12.372099998174235
yolov8_seg,FP32,comun,A,0,316,11.888699998962693
yolov8_seg,FP32,comun,A,0,317,12.009600002784282
yolov8_seg,FP32,comun,A,0,318,12.196299998322502
yolov8_seg,FP32,comun,A,0,319,12.050600002112333
yolov8_seg,FP32,comun,A,0,320,11.490999997477047
yolov8_seg,FP32,comun,A,0,321,11.75620000140043
yolov8_seg,FP32,comun,A,0,322,11.952299995755311
yolov8_seg,FP32,comun,A,0,323,13.668700004927814
yolov8_seg,FP32,comun,A,0,324,15.136699999857228
yolov8_seg,FP32,comun,A,0,325,11.785900001996197
yolov8_seg,FP32,comun,A,0,326,12.15990000491729
yolov8_seg,FP32,comun,A,0,327,12.275499997485895
yolov8_seg,FP32,comun,A,0,328,11.88479999837
yolov8_seg,FP32,comun,A,0,329,11.49460000306135
yolov8_seg,FP32,comun,A,0,330,11.719099995389115
yolov8_seg,FP32,comun,A,0,331,12.268799997400492
yolov8_seg,FP32,comun,A,0,332,11.938899995584507
yolov8_seg,FP32,comun,A,0,333,11.575199998333119
yolov8_seg,FP32,comun,A,0,334,12.07569999678526
yolov8_seg,FP32,comun,A,0,335,12.054899998474866
yolov8_seg,FP32,comun,A,0,336,11.903699996764772
yolov8_seg,FP32,comun,A,0,337,11.726600001566112
yolov8_seg,FP32,comun,A,0,338,11.9057000047178
yolov8_seg,FP32,comun,A,0,339,11.839300001156516
yolov8_seg,FP32,comun,A,0,340,11.914599999727216
yolov8_seg,FP32,comun,A,0,341,11.994899999990594
yolov8_seg,FP32,comun,A,0,342,11.645899998256937
yolov8_seg,FP32,comun,A,0,343,12.124300003051758
yolov8_seg,FP32,comun,A,0,344,12.278200003493112
yolov8_seg,FP32,comun,A,0,345,12.202800004160963
yolov8_seg,FP32,comun,A,0,346,12.205499995616265
yolov8_seg,FP32,comun,A,0,347,11.810999996669125
yolov8_seg,FP32,comun,A,0,348,11.79460000275867
yolov8_seg,FP32,comun,A,0,349,12.468199995055329
yolov8_seg,FP32,comun,A,0,350,11.677000002237037
yolov8_seg,FP32,comun,A,0,351,11.460100002295803
yolov8_seg,FP32,comun,A,0,352,12.246099999174476
yolov8_seg,FP32,comun,A,0,353,12.045499999658205
yolov8_seg,FP32,comun,A,0,354,11.70809999894118
yolov8_seg,FP32,comun,A,0,355,11.675399997329805
yolov8_seg,FP32,comun,A,0,356,11.822400003438815
yolov8_seg,FP32,comun,A,0,357,12.37099999707425
yolov8_seg,FP32,comun,A,0,358,10.165199993934948
yolov8_seg,FP32,comun,A,0,359,11.798500003351364
yolov8_seg,FP32,comun,A,0,360,12.438999998266809
yolov8_seg,FP32,comun,A,0,361,12.29359999706503
yolov8_seg,FP32,comun,A,0,362,12.113199998566415
yolov8_seg,FP32,comun,A,0,363,11.932300003536511
yolov8_seg,FP32,comun,A,0,364,11.739500005205628
yolov8_seg,FP32,comun,A,0,365,11.974600005487446
yolov8_seg,FP32,comun,A,0,366,12.507999999797903
yolov8_seg,FP32,comun,A,0,367,12.466599997424055
yolov8_seg,FP32,comun,A,0,368,18.149800001992844
yolov8_seg,FP32,comun,A,0,369,24.626999998872634
yolov8_seg,FP32,comun,A,0,370,22.410500001569744
yolov8_seg,FP32,comun,A,0,371,12.247900005604606
yolov8_seg,FP32,comun,A,0,372,12.024900002870709
yolov8_seg,FP32,comun,A,0,373,19.48170000105165
yolov8_seg,FP32,comun,B,0,0,32.773300001281314
yolov8_seg,FP32,comun,B,0,1,23.98659999744268
yolov8_seg,FP32,comun,B,0,2,25.285100004111882
yolov8_seg,FP32,comun,B,0,3,44.80880000483012
yolov8_seg,FP32,comun,B,0,4,29.26859999570297
yolov8_seg,FP32,comun,B,0,5,32.22700000333134
yolov8_seg,FP32,comun,B,0,6,27.377400001569185
yolov8_seg,FP32,comun,B,0,7,31.66380000038771
yolov8_seg,FP32,comun,B,0,8,30.29899999819463
yolov8_seg,FP32,comun,B,0,9,43.84800000116229
yolov8_seg,FP32,comun,B,0,10,25.727400003233925
yolov8_seg,FP32,comun,B,0,11,26.573999995889608
yolov8_seg,FP32,comun,B,0,12,30.505100003210828
yolov8_seg,FP32,comun,B,0,13,28.607000000192784
yolov8_seg,FP32,comun,B,0,14,27.524900004209485
yolov8_seg,FP32,comun,B,0,15,27.55040000192821
yolov8_seg,FP32,comun,B,0,16,25.27389999886509
yolov8_seg,FP32,comun,B,0,17,31.848699996771757
yolov8_seg,FP32,comun,B,0,18,25.255100001231767
yolov8_seg,FP32,comun,B,0,19,25.422999999136664
yolov8_seg,FP32,comun,B,0,20,26.75160000217147
yolov8_seg,FP32,comun,B,0,21,39.990500001295004
yolov8_seg,FP32,comun,B,0,22,42.63949999585748
yolov8_seg,FP32,comun,B,0,23,28.560799997649156
yolov8_seg,FP32,comun,B,0,24,27.258900001470465
yolov8_seg,FP32,comun,B,0,25,27.618500003882218
yolov8_seg,FP32,comun,B,0,26,24.501200001395773
yolov8_seg,FP32,comun,B,0,27,25.644300003477838
yolov8_seg,FP32,comun,B,0,28,38.27959999762243
yolov8_seg,FP32,comun,B,0,29,26.71600000030594
yolov8_seg,FP32,comun,B,0,30,26.80320000217762
yolov8_seg,FP32,comun,B,0,31,25.456199997279327
yolov8_seg,FP32,comun,B,0,32,27.081600004748907
yolov8_seg,FP32,comun,B,0,33,38.20560000167461
yolov8_seg,FP32,comun,B,0,34,37.45779999735532
yolov8_seg,FP32,comun,B,0,35,35.80520000105025
yolov8_seg,FP32,comun,B,0,36,29.16659999755211
yolov8_seg,FP32,comun,B,0,37,29.870099999243394
yolov8_seg,FP32,comun,B,0,38,27.534600005310494
yolov8_seg,FP32,comun,B,0,39,23.273900005733594
yolov8_seg,FP32,comun,B,0,40,28.13179999793647
yolov8_seg,FP32,comun,B,0,41,25.843199997325428
yolov8_seg,FP32,comun,B,0,42,27.349000003596302
yolov8_seg,FP32,comun,B,0,43,27.99059999961173
yolov8_seg,FP32,comun,B,0,44,24.778999999398366
yolov8_seg,FP32,comun,B,0,45,30.943700003263075
yolov8_seg,FP32,comun,B,0,46,38.33409999788273
yolov8_seg,FP32,comun,B,0,47,29.62889999616891
yolov8_seg,FP32,comun,B,0,48,27.28689999639755
yolov8_seg,FP32,comun,B,0,49,30.612499998824205
yolov8_seg,FP32,comun,B,0,50,28.654699999606237
yolov8_seg,FP32,comun,B,0,51,28.14579999540001
yolov8_seg,FP32,comun,B,0,52,36.515799998596776
yolov8_seg,FP32,comun,B,0,53,28.945199999725446
yolov8_seg,FP32,comun,B,0,54,26.796799997100607
yolov8_seg,FP32,comun,B,0,55,26.111900006071664
yolov8_seg,FP32,comun,B,0,56,32.28260000469163
yolov8_seg,FP32,comun,B,0,57,26.41169999697013
yolov8_seg,FP32,comun,B,0,58,26.52539999689907
yolov8_seg,FP32,comun,B,0,59,33.43049999966752
yolov8_seg,FP32,comun,B,0,60,46.44479999842588
yolov8_seg,FP32,comun,B,0,61,27.719199999410193
yolov8_seg,FP32,comun,B,0,62,29.32180000061635
yolov8_seg,FP32,comun,B,0,63,25.134700001217425
yolov8_seg,FP32,comun,B,0,64,28.40180000202963
yolov8_seg,FP32,comun,B,0,65,28.67270000569988
yolov8_seg,FP32,comun,B,0,66,26.769800002512056
yolov8_seg,FP32,comun,B,0,67,22.374099993612617
yolov8_seg,FP32,comun,B,0,68,29.112299998814706
yolov8_seg,FP32,comun,B,0,69,30.199100001482293
yolov8_seg,FP32,comun,B,0,70,26.075400004629046
yolov8_seg,FP32,comun,B,0,71,27.626800001598895
yolov8_seg,FP32,comun,B,0,72,26.433000006363727
yolov8_seg,FP32,comun,B,0,73,26.637800001481082
yolov8_seg,FP32,comun,B,0,74,38.219499998376705
yolov8_seg,FP32,comun,B,0,75,27.975900004094
yolov8_seg,FP32,comun,B,0,76,24.43370000401046
yolov8_seg,FP32,comun,B,0,77,35.30010000395123
yolov8_seg,FP32,comun,B,0,78,27.18569999706233
yolov8_seg,FP32,comun,B,0,79,28.36820000084117
yolov8_seg,FP32,comun,B,0,80,41.36260000086622
yolov8_seg,FP32,comun,B,0,81,27.505799997015856
yolov8_seg,FP32,comun,B,0,82,30.844500004604924
yolov8_seg,FP32,comun,B,0,83,28.388699996867217
yolov8_seg,FP32,comun,B,0,84,26.961900002788752
yolov8_seg,FP32,comun,B,0,85,27.271099999779835
yolov8_seg,FP32,comun,B,0,86,27.428899993537925
yolov8_seg,FP32,comun,B,0,87,25.536199995258357
yolov8_seg,FP32,comun,B,0,88,30.67600000213133
yolov8_seg,FP32,comun,B,0,89,26.00009999878239
yolov8_seg,FP32,comun,B,0,90,24.29139999730978
yolov8_seg,FP32,comun,B,0,91,29.218600000604056
yolov8_seg,FP32,comun,B,0,92,45.770899996568915
yolov8_seg,FP32,comun,B,0,93,34.602499996253755
yolov8_seg,FP32,comun,B,0,94,26.659299997845665
yolov8_seg,FP32,comun,B,0,95,35.265200000139885
yolov8_seg,FP32,comun,B,0,96,32.860200000868645
yolov8_seg,FP32,comun,B,0,97,31.405500005348586
yolov8_seg,FP32,comun,B,0,98,27.338100000633858
yolov8_seg,FP32,comun,B,0,99,26.308300002710894
yolov8_seg,FP32,comun,B,0,100,28.89819999836618
yolov8_seg,FP32,comun,B,0,101,26.64050000021234
yolov8_seg,FP32,comun,B,0,102,26.806599998963065
yolov8_seg,FP32,comun,B,0,103,22.908200000529177
yolov8_seg,FP32,comun,B,0,104,27.363799999875482
yolov8_seg,FP32,comun,B,0,105,26.301400001102593
yolov8_seg,FP32,comun,B,0,106,26.39630000339821
yolov8_seg,FP32,comun,B,0,107,30.42979999736417
yolov8_seg,FP32,comun,B,0,108,29.208899999503046
yolov8_seg,FP32,comun,B,0,109,26.56579999893438
yolov8_seg,FP32,comun,B,0,110,28.911199995491188
yolov8_seg,FP32,comun,B,0,111,30.443200004810933
yolov8_seg,FP32,comun,B,0,112,26.54899999470217
yolov8_seg,FP32,comun,B,0,113,29.865799995604903
yolov8_seg,FP32,comun,B,0,114,30.69649999815738
yolov8_seg,FP32,comun,B,0,115,26.6847000020789
yolov8_seg,FP32,comun,B,0,116,43.24869999982184
yolov8_seg,FP32,comun,B,0,117,30.695200002810452
yolov8_seg,FP32,comun,B,0,118,26.690999999118503
yolov8_seg,FP32,comun,B,0,119,29.340000000956934
yolov8_seg,FP32,comun,B,0,120,26.079900002514478
yolov8_seg,FP32,comun,B,0,121,25.86120000341907
yolov8_seg,FP32,comun,B,0,122,26.913199995760806
yolov8_seg,FP32,comun,B,0,123,26.57369999360526
yolov8_seg,FP32,comun,B,0,124,28.526999994937796
yolov8_seg,FP32,comun,B,0,125,27.10510000179056
yolov8_seg,FP32,comun,B,0,126,31.07350000209408
yolov8_seg,FP32,comun,B,0,127,29.915500002971385
yolov8_seg,FP32,comun,B,0,128,28.84240000275895
yolov8_seg,FP32,comun,B,0,129,27.227500002481975
yolov8_seg,FP32,comun,B,0,130,26.312500005587935
yolov8_seg,FP32,comun,B,0,131,30.834600001981016
yolov8_seg,FP32,comun,B,0,132,31.693699995230418
yolov8_seg,FP32,comun,B,0,133,28.416399996785913
yolov8_seg,FP32,comun,B,0,134,25.51780000067083
yolov8_seg,FP32,comun,B,0,135,25.09999999892898
yolov8_seg,FP32,comun,B,0,136,39.10909999831347
yolov8_seg,FP32,comun,B,0,137,29.077999999572057
yolov8_seg,FP32,comun,B,0,138,27.799099996627774
yolov8_seg,FP32,comun,B,0,139,27.300800000375602
yolov8_seg,FP32,comun,B,0,140,28.43849999771919
yolov8_seg,FP32,comun,B,0,141,26.911399996606633
yolov8_seg,FP32,comun,B,0,142,28.03220000350848
yolov8_seg,FP32,comun,B,0,143,28.287300003285054
yolov8_seg,FP32,comun,B,0,144,32.82530000433326
yolov8_seg,FP32,comun,B,0,145,29.41659999487456
yolov8_seg,FP32,comun,B,0,146,27.22650000214344
yolov8_seg,FP32,comun,B,0,147,26.649999999790452
yolov8_seg,FP32,comun,B,0,148,41.66049999912502
yolov8_seg,FP32,comun,B,0,149,32.20999999757623
yolov8_seg,FP32,comun,B,0,150,31.41180000238819
yolov8_seg,FP32,comun,B,0,151,30.66640000179177
yolov8_seg,FP32,comun,B,0,152,29.103200002282392
yolov8_seg,FP32,comun,B,0,153,28.23319999879459
yolov8_seg,FP32,comun,B,0,154,24.391500002820976
yolov8_seg,FP32,comun,B,0,155,28.554600001371
yolov8_seg,FP32,comun,B,0,156,31.762099999468774
yolov8_seg,FP32,comun,B,0,157,31.776100004208274
yolov8_seg,FP32,comun,B,0,158,28.268599999137223
yolov8_seg,FP32,comun,B,0,159,28.31480000168085
yolov8_seg,FP32,comun,B,0,160,25.734399998327717
yolov8_seg,FP32,comun,B,0,161,26.55149999918649
yolov8_seg,FP32,comun,B,0,162,28.64899999985937
yolov8_seg,FP32,comun,B,0,163,26.02389999810839
yolov8_seg,FP32,comun,B,0,164,26.653300003090408
yolov8_seg,FP32,comun,B,0,165,36.11970000201836
yolov8_seg,FP32,comun,B,0,166,25.686900000437163
yolov8_seg,FP32,comun,B,0,167,29.87579999899026
yolov8_seg,FP32,comun,B,0,168,27.97959999588784
yolov8_seg,FP32,comun,B,0,169,27.17990000382997
yolov8_seg,FP32,comun,B,0,170,28.606399995624088
yolov8_seg,FP32,comun,B,0,171,31.36580000136746
yolov8_seg,FP32,comun,B,0,172,34.72479999618372
yolov8_seg,FP32,comun,B,0,173,31.824700003198814
yolov8_seg,FP32,comun,B,0,174,32.10650000255555
yolov8_seg,FP32,comun,B,0,175,30.58959999907529
yolov8_seg,FP32,comun,B,0,176,31.005900003947318
yolov8_seg,FP32,comun,B,0,177,42.25079999741865
yolov8_seg,FP32,comun,B,0,178,28.244099994481076
yolov8_seg,FP32,comun,B,0,179,27.962899999693036
yolov8_seg,FP32,comun,B,0,180,27.760000004491303
yolov8_seg,FP32,comun,B,0,181,27.24830000079237
yolov8_seg,FP32,comun,B,0,182,27.767599996877834
yolov8_seg,FP32,comun,B,0,183,27.662200001941528
yolov8_seg,FP32,comun,B,0,184,27.90400000230875
yolov8_seg,FP32,comun,B,0,185,29.918000000179745
yolov8_seg,FP32,comun,B,0,186,25.77789999486413
yolov8_seg,FP32,comun,B,0,187,42.569999997795094
yolov8_seg,FP32,comun,B,0,188,27.358600003935862
yolov8_seg,FP32,comun,B,0,189,28.6125999991782
yolov8_seg,FP32,comun,B,0,190,28.737699998600874
yolov8_seg,FP32,comun,B,0,191,25.059699997655116
yolov8_seg,FP32,comun,B,0,192,29.38189999986207
yolov8_seg,FP32,comun,B,0,193,28.383600001689047
yolov8_seg,FP32,comun,B,0,194,30.082700002822094
yolov8_seg,FP32,comun,B,0,195,32.67489999416284
yolov8_seg,FP32,comun,B,0,196,28.92660000361502
yolov8_seg,FP32,comun,B,0,197,27.055099999415688
yolov8_seg,FP32,comun,B,0,198,28.378700000757817
yolov8_seg,FP32,comun,B,0,199,27.812599997560028
yolov8_seg,FP32,comun,B,0,200,41.61129999556579
yolov8_seg,FP32,comun,B,0,201,27.322299996740185
yolov8_seg,FP32,comun,B,0,202,27.404799999203533
yolov8_seg,FP32,comun,B,0,203,30.656099996122066
yolov8_seg,FP32,comun,B,0,204,33.53220000280999
yolov8_seg,FP32,comun,B,0,205,29.00029999727849
yolov8_seg,FP32,comun,B,0,206,29.378700004599523
yolov8_seg,FP32,comun,B,0,207,40.21590000047581
yolov8_seg,FP32,comun,B,0,208,29.555499997513834
yolov8_seg,FP32,comun,B,0,209,31.698899998445995
yolov8_seg,FP32,comun,B,0,210,30.711600003996864
yolov8_seg,FP32,comun,B,0,211,29.064199996355455
yolov8_seg,FP32,comun,B,0,212,24.890499997127336
yolov8_seg,FP32,comun,B,0,213,27.51400000124704
yolov8_seg,FP32,comun,B,0,214,31.925400006002747
yolov8_seg,FP32,comun,B,0,215,27.701999999408145
yolov8_seg,FP32,comun,B,0,216,29.380699998000637
yolov8_seg,FP32,comun,B,0,217,34.631399998033885
yolov8_seg,FP32,comun,B,0,218,29.378200000792276
yolov8_seg,FP32,comun,B,0,219,28.933800000231713
yolov8_seg,FP32,comun,B,0,220,28.827399997680914
yolov8_seg,FP32,comun,B,0,221,30.734299994946923
yolov8_seg,FP32,comun,B,0,222,32.83899999951245
yolov8_seg,FP32,comun,B,0,223,30.463000002782792
yolov8_seg,FP32,comun,B,0,224,28.551700001116842
yolov8_seg,FP32,comun,B,0,225,30.78539999842178
yolov8_seg,FP32,comun,B,0,226,28.904700004204642
yolov8_seg,FP32,comun,B,0,227,27.314599996316247
yolov8_seg,FP32,comun,B,0,228,26.935299996694084
yolov8_seg,FP32,comun,B,0,229,26.245300003211014
yolov8_seg,FP32,comun,B,0,230,34.69200000108685
yolov8_seg,FP32,comun,B,0,231,33.82009999768343
yolov8_seg,FP32,comun,B,0,232,29.951000004075468
yolov8_seg,FP32,comun,B,0,233,26.10130000539357
yolov8_seg,FP32,comun,B,0,234,31.581900002493057
yolov8_seg,FP32,comun,B,0,235,29.51260000554612
yolov8_seg,FP32,comun,B,0,236,21.708200001739897
yolov8_seg,FP32,comun,B,0,237,29.84170000127051
yolov8_seg,FP32,comun,B,0,238,27.23600000172155
yolov8_seg,FP32,comun,B,0,239,28.59129999706056
yolov8_seg,FP32,comun,B,0,240,28.59869999520015
yolov8_seg,FP32,comun,B,0,241,25.781399999686982
yolov8_seg,FP32,comun,B,0,242,31.246099999407306
yolov8_seg,FP32,comun,B,0,243,33.661199995549396
yolov8_seg,FP32,comun,B,0,244,43.15789999964181
yolov8_seg,FP32,comun,B,0,245,27.929299998504575
yolov8_seg,FP32,comun,B,0,246,22.667699995508883
yolov8_seg,FP32,comun,B,0,247,27.382500004023314
yolov8_seg,FP32,comun,B,0,248,34.54059999785386
yolov8_seg,FP32,comun,B,0,249,28.279799997108057
yolov8_seg,FP32,comun,B,0,250,25.37569999549305
yolov8_seg,FP32,comun,B,0,251,29.753199996775948
yolov8_seg,FP32,comun,B,0,252,26.755400002002716
yolov8_seg,FP32,comun,B,0,253,23.72509999986505
yolov8_seg,FP32,comun,B,0,254,25.100599996221717
yolov8_seg,FP32,comun,B,0,255,27.34480000071926
yolov8_seg,FP32,comun,B,0,256,30.137600006128196
yolov8_seg,FP32,comun,B,0,257,30.75090000493219
yolov8_seg,FP32,comun,B,0,258,27.1368000030634
yolov8_seg,FP32,comun,B,0,259,30.050500005017966
yolov8_seg,FP32,comun,B,0,260,29.76259999559261
yolov8_seg,FP32,comun,B,0,261,29.275399996549822
yolov8_seg,FP32,comun,B,0,262,32.3869999992894
yolov8_seg,FP32,comun,B,0,263,29.81030000228202
yolov8_seg,FP32,comun,B,0,264,31.902599999739323
yolov8_seg,FP32,comun,B,0,265,33.075899998948444
yolov8_seg,FP32,comun,B,0,266,31.139900005655363
yolov8_seg,FP32,comun,B,0,267,26.99850000499282
yolov8_seg,FP32,comun,B,0,268,27.26460000121733
yolov8_seg,FP32,comun,B,0,269,24.498400001903065
yolov8_seg,FP32,comun,B,0,270,26.055900001665577
yolov8_seg,FP32,comun,B,0,271,24.619499999971595
yolov8_seg,FP32,comun,B,0,272,31.241000004229136
yolov8_seg,FP32,comun,B,0,273,26.233999997202773
yolov8_seg,FP32,comun,B,0,274,29.8661999986507
yolov8_seg,FP32,comun,B,0,275,29.38749999884749
yolov8_seg,FP32,comun,B,0,276,31.955999998899642
yolov8_seg,FP32,comun,B,0,277,26.99179999763146
yolov8_seg,FP32,comun,B,0,278,27.45899999717949
yolov8_seg,FP32,comun,B,0,279,26.700700000219513
yolov8_seg,FP32,comun,B,0,280,26.733999999123625
yolov8_seg,FP32,comun,B,0,281,27.051799996115733
yolov8_seg,FP32,comun,B,0,282,30.9043000015663
yolov8_seg,FP32,comun,B,0,283,27.583600000070874
yolov8_seg,FP32,comun,B,0,284,28.28150000277674
yolov8_seg,FP32,comun,B,0,285,26.27280000160681
yolov8_seg,FP32,comun,B,0,286,30.038700002478436
yolov8_seg,FP32,comun,B,0,287,27.49019999464508
yolov8_seg,FP32,comun,B,0,288,22.68700000422541
yolov8_seg,FP32,comun,B,0,289,29.346700001042336
yolov8_seg,FP32,comun,B,0,290,26.421700000355486
yolov8_seg,FP32,comun,B,0,291,27.982200001133606
yolov8_seg,FP32,comun,B,0,292,26.837400000658818
yolov8_seg,FP32,comun,B,0,293,27.25099999952363
yolov8_seg,FP32,comun,B,0,294,31.04919999896083
yolov8_seg,FP32,comun,B,0,295,28.280099999392405
yolov8_seg,FP32,comun,B,0,296,34.115900001779664
yolov8_seg,FP32,comun,B,0,297,39.48189999937313
yolov8_seg,FP32,comun,B,0,298,30.09540000493871
yolov8_seg,FP32,comun,B,0,299,29.21059999789577
yolov8_seg,FP32,comun,B,0,300,32.214300001214724
yolov8_seg,FP32,comun,B,0,301,27.75689999543829
yolov8_seg,FP32,comun,B,0,302,25.653299999248702
yolov8_seg,FP32,comun,B,0,303,30.826299996988382
yolov8_seg,FP32,comun,B,0,304,26.584200000797864
yolov8_seg,FP32,comun,B,0,305,27.256000001216307
yolov8_seg,FP32,comun,B,0,306,26.894899994658772
yolov8_seg,FP32,comun,B,0,307,42.281799993361346
yolov8_seg,FP32,comun,B,0,308,30.1538999992772
yolov8_seg,FP32,comun,B,0,309,28.09029999480117
yolov8_seg,FP32,comun,B,0,310,22.117499996966217
yolov8_seg,FP32,comun,B,0,311,30.948599996918347
yolov8_seg,FP32,comun,B,0,312,29.8800000018673
yolov8_seg,FP32,comun,B,0,313,27.024600000004284
yolov8_seg,FP32,comun,B,0,314,29.624999995576218
yolov8_seg,FP32,comun,B,0,315,26.51730000070529
yolov8_seg,FP32,comun,B,0,316,30.33300000242889
yolov8_seg,FP32,comun,B,0,317,30.306800006655976
yolov8_seg,FP32,comun,B,0,318,30.719599999429192
yolov8_seg,FP32,comun,B,0,319,31.270799998310395
yolov8_seg,FP32,comun,B,0,320,27.64249999745516
yolov8_seg,FP32,comun,B,0,321,28.493099998740945
yolov8_seg,FP32,comun,B,0,322,28.829800001403783
yolov8_seg,FP32,comun,B,0,323,27.099599996290635
yolov8_seg,FP32,comun,B,0,324,30.09639999800129
yolov8_seg,FP32,comun,B,0,325,25.90039999631699
yolov8_seg,FP32,comun,B,0,326,33.339100002194755
yolov8_seg,FP32,comun,B,0,327,28.62440000171773
yolov8_seg,FP32,comun,B,0,328,34.83460000279592
yolov8_seg,FP32,comun,B,0,329,28.37030000227969
yolov8_seg,FP32,comun,B,0,330,30.672500004584435
yolov8_seg,FP32,comun,B,0,331,30.946400001994334
yolov8_seg,FP32,comun,B,0,332,26.97739999712212
yolov8_seg,FP32,comun,B,0,333,28.22320000268519
yolov8_seg,FP32,comun,B,0,334,29.393400000117254
yolov8_seg,FP32,comun,B,0,335,27.859599998919293
yolov8_seg,FP32,comun,B,0,336,29.961200001707766
yolov8_seg,FP32,comun,B,0,337,25.52599999762606
yolov8_seg,FP32,comun,B,0,338,25.320400003693067
yolov8_seg,FP32,comun,B,0,339,29.700699997192714
yolov8_seg,FP32,comun,B,0,340,30.08560000307625
yolov8_seg,FP32,comun,B,0,341,33.52879999874858
yolov8_seg,FP32,comun,B,0,342,30.594700001529418
yolov8_seg,FP32,comun,B,0,343,29.003199997532647
yolov8_seg,FP32,comun,B,0,344,36.034400000062305
yolov8_seg,FP32,comun,B,0,345,30.505700000503566
yolov8_seg,FP32,comun,B,0,346,27.92310000222642
yolov8_seg,FP32,comun,B,0,347,26.639800002158154
yolov8_seg,FP32,comun,B,0,348,31.232100001943763
yolov8_seg,FP32,comun,B,0,349,27.479099997435696
yolov8_seg,FP32,comun,B,0,350,27.33509999961825
yolov8_seg,FP32,comun,B,0,351,26.93899999576388
yolov8_seg,FP32,comun,B,0,352,25.217299997166265
yolov8_seg,FP32,comun,B,0,353,29.874600004404783
yolov8_seg,FP32,comun,B,0,354,27.457899996079504
yolov8_seg,FP32,comun,B,0,355,25.637899998400826
yolov8_seg,FP32,comun,B,0,356,26.561500002571847
yolov8_seg,FP32,comun,B,0,357,31.87179999804357
yolov8_seg,FP32,comun,B,0,358,25.594699996872805
yolov8_seg,FP32,comun,B,0,359,28.078600000299048
yolov8_seg,FP32,comun,B,0,360,24.333599998499267
yolov8_seg,FP32,comun,B,0,361,27.668599999742582
yolov8_seg,FP32,comun,B,0,362,28.73359999648528
yolov8_seg,FP32,comun,B,0,363,27.767600004153792
yolov8_seg,FP32,comun,B,0,364,30.65449999849079
yolov8_seg,FP32,comun,B,0,365,33.00830000080168
yolov8_seg,FP32,comun,B,0,366,25.297399995906744
yolov8_seg,FP32,comun,B,0,367,30.515099999320228
yolov8_seg,FP32,comun,B,0,368,25.26199999556411
yolov8_seg,FP32,comun,B,0,369,31.17970000312198
yolov8_seg,FP32,comun,B,0,370,29.892099999415223
yolov8_seg,FP32,comun,B,0,371,29.313099999853875
yolov8_seg,FP32,comun,B,0,372,27.996900003927294
yolov8_seg,FP32,comun,B,0,373,29.890600002545398
yolov8_seg,FP32,comun,A,1,0,17.435400004615076
yolov8_seg,FP32,comun,A,1,1,19.16190000338247
yolov8_seg,FP32,comun,A,1,2,20.93839999724878
yolov8_seg,FP32,comun,A,1,3,22.7115000016056
yolov8_seg,FP32,comun,A,1,4,16.584500001044944
yolov8_seg,FP32,comun,A,1,5,13.861600004020147
yolov8_seg,FP32,comun,A,1,6,12.93219999934081
yolov8_seg,FP32,comun,A,1,7,12.81619999645045
yolov8_seg,FP32,comun,A,1,8,12.62779999524355
yolov8_seg,FP32,comun,A,1,9,12.69039999897359
yolov8_seg,FP32,comun,A,1,10,12.722600004053675
yolov8_seg,FP32,comun,A,1,11,12.736600001517218
yolov8_seg,FP32,comun,A,1,12,12.91740000306163
yolov8_seg,FP32,comun,A,1,13,12.662299996009097
yolov8_seg,FP32,comun,A,1,14,12.67540000117151
yolov8_seg,FP32,comun,A,1,15,13.20819999818923
yolov8_seg,FP32,comun,A,1,16,24.575900002673734
yolov8_seg,FP32,comun,A,1,17,23.83150000241585
yolov8_seg,FP32,comun,A,1,18,18.49249999941094
yolov8_seg,FP32,comun,A,1,19,21.460399999341462
yolov8_seg,FP32,comun,A,1,20,11.829000002762768
yolov8_seg,FP32,comun,A,1,21,12.030699996103067
yolov8_seg,FP32,comun,A,1,22,11.590599999180995
yolov8_seg,FP32,comun,A,1,23,12.142699997639284
yolov8_seg,FP32,comun,A,1,24,11.737100001482759
yolov8_seg,FP32,comun,A,1,25,11.52120000188006
yolov8_seg,FP32,comun,A,1,26,11.711999999533873
yolov8_seg,FP32,comun,A,1,27,12.218999996548519
yolov8_seg,FP32,comun,A,1,28,11.958099996263627
yolov8_seg,FP32,comun,A,1,29,11.843000000226311
yolov8_seg,FP32,comun,A,1,30,12.074199999915436
yolov8_seg,FP32,comun,A,1,31,11.818200000561774
yolov8_seg,FP32,comun,A,1,32,11.491900004330091
yolov8_seg,FP32,comun,A,1,33,11.701399998855777
yolov8_seg,FP32,comun,A,1,34,11.791400000220165
yolov8_seg,FP32,comun,A,1,35,11.748799995984882
yolov8_seg,FP32,comun,A,1,36,11.78030000301078
yolov8_seg,FP32,comun,A,1,37,11.984600001596846
yolov8_seg,FP32,comun,A,1,38,11.846900000819005
yolov8_seg,FP32,comun,A,1,39,11.45379999798024
yolov8_seg,FP32,comun,A,1,40,11.617299998761155
yolov8_seg,FP32,comun,A,1,41,11.607200001890305
yolov8_seg,FP32,comun,A,1,42,11.626999999862164
yolov8_seg,FP32,comun,A,1,43,11.862599996675272
yolov8_seg,FP32,comun,A,1,44,12.064599999575876
yolov8_seg,FP32,comun,A,1,45,12.00770000286866
yolov8_seg,FP32,comun,A,1,46,12.041599999065511
yolov8_seg,FP32,comun,A,1,47,11.99359999736771
yolov8_seg,FP32,comun,A,1,48,11.72740000038175
yolov8_seg,FP32,comun,A,1,49,12.307799996051472
yolov8_seg,FP32,comun,A,1,50,11.929600004805252
yolov8_seg,FP32,comun,A,1,51,12.070000004314352
yolov8_seg,FP32,comun,A,1,52,12.489400003687479
yolov8_seg,FP32,comun,A,1,53,11.941600001591723
yolov8_seg,FP32,comun,A,1,54,11.702099996909965
yolov8_seg,FP32,comun,A,1,55,12.41880000452511
yolov8_seg,FP32,comun,A,1,56,12.04469999356661
yolov8_seg,FP32,comun,A,1,57,12.129900002037175
yolov8_seg,FP32,comun,A,1,58,21.479499999259133
yolov8_seg,FP32,comun,A,1,59,17.885400004161056
yolov8_seg,FP32,comun,A,1,60,11.822100001154467
yolov8_seg,FP32,comun,A,1,61,11.443899995356333
yolov8_seg,FP32,comun,A,1,62,11.83609999861801
yolov8_seg,FP32,comun,A,1,63,11.6550999955507
yolov8_seg,FP32,comun,A,1,64,12.355099999695085
yolov8_seg,FP32,comun,A,1,65,16.320900002028793
yolov8_seg,FP32,comun,A,1,66,16.238700001849793
yolov8_seg,FP32,comun,A,1,67,13.725199998589233
yolov8_seg,FP32,comun,A,1,68,13.624899998831097
yolov8_seg,FP32,comun,A,1,69,11.924899998120964
yolov8_seg,FP32,comun,A,1,70,11.45879999967292
yolov8_seg,FP32,comun,A,1,71,11.800300002505537
yolov8_seg,FP32,comun,A,1,72,12.056399995344691
yolov8_seg,FP32,comun,A,1,73,11.573900002986193
yolov8_seg,FP32,comun,A,1,74,12.368099996820092
yolov8_seg,FP32,comun,A,1,75,12.100899999495596
yolov8_seg,FP32,comun,A,1,76,11.984800003119744
yolov8_seg,FP32,comun,A,1,77,11.606799998844508
yolov8_seg,FP32,comun,A,1,78,11.551299998245668
yolov8_seg,FP32,comun,A,1,79,20.09150000230875
yolov8_seg,FP32,comun,A,1,80,16.740999999456108
yolov8_seg,FP32,comun,A,1,81,16.286300000501797
yolov8_seg,FP32,comun,A,1,82,16.802799997094553
yolov8_seg,FP32,comun,A,1,83,16.86160000099335
yolov8_seg,FP32,comun,A,1,84,15.799699998751748
yolov8_seg,FP32,comun,A,1,85,15.354900002421346
yolov8_seg,FP32,comun,A,1,86,12.210599998070393
yolov8_seg,FP32,comun,A,1,87,11.374699999578297
yolov8_seg,FP32,comun,A,1,88,12.139200000092387
yolov8_seg,FP32,comun,A,1,89,11.890800000401214
yolov8_seg,FP32,comun,A,1,90,11.776499995903578
yolov8_seg,FP32,comun,A,1,91,20.717200000945013
yolov8_seg,FP32,comun,A,1,92,12.024199997540563
yolov8_seg,FP32,comun,A,1,93,12.115099998482037
yolov8_seg,FP32,comun,A,1,94,11.787799994635861
yolov8_seg,FP32,comun,A,1,95,11.575299999094568
yolov8_seg,FP32,comun,A,1,96,12.211500004923437
yolov8_seg,FP32,comun,A,1,97,12.3368999993545
yolov8_seg,FP32,comun,A,1,98,11.860800004797056
yolov8_seg,FP32,comun,A,1,99,11.999500005913433
yolov8_seg,FP32,comun,A,1,100,11.601899997913279
yolov8_seg,FP32,comun,A,1,101,12.304999996558763
yolov8_seg,FP32,comun,A,1,102,12.596700005815364
yolov8_seg,FP32,comun,A,1,103,11.863500003528316
yolov8_seg,FP32,comun,A,1,104,11.632300003839191
yolov8_seg,FP32,comun,A,1,105,11.615399998845533
yolov8_seg,FP32,comun,A,1,106,12.013899999146815
yolov8_seg,FP32,comun,A,1,107,12.028400000417605
yolov8_seg,FP32,comun,A,1,108,12.164799998572562
yolov8_seg,FP32,comun,A,1,109,11.552500000107102
yolov8_seg,FP32,comun,A,1,110,12.076699997123796
yolov8_seg,FP32,comun,A,1,111,11.945899997954257
yolov8_seg,FP32,comun,A,1,112,17.179800001031253
yolov8_seg,FP32,comun,A,1,113,17.107100000430364
yolov8_seg,FP32,comun,A,1,114,11.953499997616746
yolov8_seg,FP32,comun,A,1,115,12.080000000423752
yolov8_seg,FP32,comun,A,1,116,11.754499995731749
yolov8_seg,FP32,comun,A,1,117,11.617800002568401
yolov8_seg,FP32,comun,A,1,118,11.739600005967077
yolov8_seg,FP32,comun,A,1,119,11.653500005195383
yolov8_seg,FP32,comun,A,1,120,12.296600005356595
yolov8_seg,FP32,comun,A,1,121,11.934999994991813
yolov8_seg,FP32,comun,A,1,122,12.171800000942312
yolov8_seg,FP32,comun,A,1,123,11.75850000436185
yolov8_seg,FP32,comun,A,1,124,12.056800005666446
yolov8_seg,FP32,comun,A,1,125,12.084999994840473
yolov8_seg,FP32,comun,A,1,126,13.355700000829529
yolov8_seg,FP32,comun,A,1,127,11.751999998523388
yolov8_seg,FP32,comun,A,1,128,11.876500000653323
yolov8_seg,FP32,comun,A,1,129,12.052599995513447
yolov8_seg,FP32,comun,A,1,130,13.313600000401493
yolov8_seg,FP32,comun,A,1,131,12.306600001465995
yolov8_seg,FP32,comun,A,1,132,12.29800000146497
yolov8_seg,FP32,comun,A,1,133,11.767600000894163
yolov8_seg,FP32,comun,A,1,134,14.202999998815358
yolov8_seg,FP32,comun,A,1,135,24.70519999769749
yolov8_seg,FP32,comun,A,1,136,12.462099999538623
yolov8_seg,FP32,comun,A,1,137,12.376700004097074
yolov8_seg,FP32,comun,A,1,138,12.335400002484675
yolov8_seg,FP32,comun,A,1,139,11.846699999296106
yolov8_seg,FP32,comun,A,1,140,12.037499996949919
yolov8_seg,FP32,comun,A,1,141,12.207600004330743
yolov8_seg,FP32,comun,A,1,142,13.239799998700619
yolov8_seg,FP32,comun,A,1,143,11.965799996687565
yolov8_seg,FP32,comun,A,1,144,12.009099998977035
yolov8_seg,FP32,comun,A,1,145,11.712100000295322
yolov8_seg,FP32,comun,A,1,146,11.6691000002902
yolov8_seg,FP32,comun,A,1,147,9.991799997806083
yolov8_seg,FP32,comun,A,1,148,12.170100002549589
yolov8_seg,FP32,comun,A,1,149,11.913400005141739
yolov8_seg,FP32,comun,A,1,150,12.091399999917485
yolov8_seg,FP32,comun,A,1,151,12.808300001779571
yolov8_seg,FP32,comun,A,1,152,11.711300001479685
yolov8_seg,FP32,comun,A,1,153,11.54359999782173
yolov8_seg,FP32,comun,A,1,154,11.432500003138557
yolov8_seg,FP32,comun,A,1,155,11.639899996225722
yolov8_seg,FP32,comun,A,1,156,11.860600003274158
yolov8_seg,FP32,comun,A,1,157,11.863599997013807
yolov8_seg,FP32,comun,A,1,158,12.074100006429944
yolov8_seg,FP32,comun,A,1,159,13.238899999123532
yolov8_seg,FP32,comun,A,1,160,12.472000002162531
yolov8_seg,FP32,comun,A,1,161,13.95570000022417
yolov8_seg,FP32,comun,A,1,162,13.010499998927116
yolov8_seg,FP32,comun,A,1,163,12.388999995891936
yolov8_seg,FP32,comun,A,1,164,13.268800001242198
yolov8_seg,FP32,comun,A,1,165,13.327799999387935
yolov8_seg,FP32,comun,A,1,166,10.546499994234182
yolov8_seg,FP32,comun,A,1,167,12.053300000843592
yolov8_seg,FP32,comun,A,1,168,12.109199997212272
yolov8_seg,FP32,comun,A,1,169,12.029299999994691
yolov8_seg,FP32,comun,A,1,170,11.787000003096182
yolov8_seg,FP32,comun,A,1,171,11.574199997994583
yolov8_seg,FP32,comun,A,1,172,12.202199999592267
yolov8_seg,FP32,comun,A,1,173,11.865400003443938
yolov8_seg,FP32,comun,A,1,174,12.041599999065511
yolov8_seg,FP32,comun,A,1,175,12.398600003507454
yolov8_seg,FP32,comun,A,1,176,12.445699998352211
yolov8_seg,FP32,comun,A,1,177,11.730699996405747
yolov8_seg,FP32,comun,A,1,178,11.473799997474998
yolov8_seg,FP32,comun,A,1,179,12.283099997148383
yolov8_seg,FP32,comun,A,1,180,12.969799994607456
yolov8_seg,FP32,comun,A,1,181,12.23040000331821
yolov8_seg,FP32,comun,A,1,182,11.992799998552073
yolov8_seg,FP32,comun,A,1,183,11.81899999937741
yolov8_seg,FP32,comun,A,1,184,13.016499993682373
yolov8_seg,FP32,comun,A,1,185,11.970200001087505
yolov8_seg,FP32,comun,A,1,186,11.51949999621138
yolov8_seg,FP32,comun,A,1,187,11.939900003199
yolov8_seg,FP32,comun,A,1,188,11.83919999311911
yolov8_seg,FP32,comun,A,1,189,11.52899999578949
yolov8_seg,FP32,comun,A,1,190,11.892800001078285
yolov8_seg,FP32,comun,A,1,191,11.961000003793743
yolov8_seg,FP32,comun,A,1,192,12.111799995182082
yolov8_seg,FP32,comun,A,1,193,11.822899999970105
yolov8_seg,FP32,comun,A,1,194,11.889000001247041
yolov8_seg,FP32,comun,A,1,195,11.696800000208896
yolov8_seg,FP32,comun,A,1,196,11.657499999273568
yolov8_seg,FP32,comun,A,1,197,11.823799999547191
yolov8_seg,FP32,comun,A,1,198,11.691600004269276
yolov8_seg,FP32,comun,A,1,199,11.341499994159676
yolov8_seg,FP32,comun,A,1,200,11.490300006698817
yolov8_seg,FP32,comun,A,1,201,12.119300001359079
yolov8_seg,FP32,comun,A,1,202,11.844100001326296
yolov8_seg,FP32,comun,A,1,203,12.02769999508746
yolov8_seg,FP32,comun,A,1,204,12.10249999712687
yolov8_seg,FP32,comun,A,1,205,11.739300003682729
yolov8_seg,FP32,comun,A,1,206,11.948499995924067
yolov8_seg,FP32,comun,A,1,207,11.64680000510998
yolov8_seg,FP32,comun,A,1,208,11.752499995054677
yolov8_seg,FP32,comun,A,1,209,11.526000002049841
yolov8_seg,FP32,comun,A,1,210,12.364800000796095
yolov8_seg,FP32,comun,A,1,211,12.45539999945322
yolov8_seg,FP32,comun,A,1,212,12.561299998196773
yolov8_seg,FP32,comun,A,1,213,11.95979999465635
yolov8_seg,FP32,comun,A,1,214,12.075999999069609
yolov8_seg,FP32,comun,A,1,215,12.051600002450868
yolov8_seg,FP32,comun,A,1,216,11.711799998010974
yolov8_seg,FP32,comun,A,1,217,11.70789999741828
yolov8_seg,FP32,comun,A,1,218,12.161699996795505
yolov8_seg,FP32,comun,A,1,219,12.605700001586229
yolov8_seg,FP32,comun,A,1,220,11.774799997510854
yolov8_seg,FP32,comun,A,1,221,11.77619999361923
yolov8_seg,FP32,comun,A,1,222,12.468799999624025
yolov8_seg,FP32,comun,A,1,223,11.806300004536752
yolov8_seg,FP32,comun,A,1,224,11.984400000073947
yolov8_seg,FP32,comun,A,1,225,11.725700001989026
yolov8_seg,FP32,comun,A,1,226,12.835299996368121
yolov8_seg,FP32,comun,A,1,227,12.647199997445568
yolov8_seg,FP32,comun,A,1,228,10.285700001986697
yolov8_seg,FP32,comun,A,1,229,11.791700002504513
yolov8_seg,FP32,comun,A,1,230,11.631900000793394
yolov8_seg,FP32,comun,A,1,231,11.534500001289416
yolov8_seg,FP32,comun,A,1,232,11.801699998613913
yolov8_seg,FP32,comun,A,1,233,11.882999999215826
yolov8_seg,FP32,comun,A,1,234,11.573000003409106
yolov8_seg,FP32,comun,A,1,235,11.924600003112573
yolov8_seg,FP32,comun,A,1,236,12.254900000698399
yolov8_seg,FP32,comun,A,1,237,11.681199997838121
yolov8_seg,FP32,comun,A,1,238,11.45429999451153
yolov8_seg,FP32,comun,A,1,239,11.687999998684973
yolov8_seg,FP32,comun,A,1,240,11.961799995333422
yolov8_seg,FP32,comun,A,1,241,11.604500003159046
yolov8_seg,FP32,comun,A,1,242,11.82610000250861
yolov8_seg,FP32,comun,A,1,243,11.716500004695263
yolov8_seg,FP32,comun,A,1,244,11.980699993728194
yolov8_seg,FP32,comun,A,1,245,11.984600001596846
yolov8_seg,FP32,comun,A,1,246,14.365800001542084
yolov8_seg,FP32,comun,A,1,247,24.381400005950127
yolov8_seg,FP32,comun,A,1,248,24.18980000220472
yolov8_seg,FP32,comun,A,1,249,24.662700001499616
yolov8_seg,FP32,comun,A,1,250,24.53849999437807
yolov8_seg,FP32,comun,A,1,251,23.15929999895161
yolov8_seg,FP32,comun,A,1,252,12.21850000001723
yolov8_seg,FP32,comun,A,1,253,11.539599996467587
yolov8_seg,FP32,comun,A,1,254,11.54839999799151
yolov8_seg,FP32,comun,A,1,255,11.45879999967292
yolov8_seg,FP32,comun,A,1,256,11.657499999273568
yolov8_seg,FP32,comun,A,1,257,12.29099999909522
yolov8_seg,FP32,comun,A,1,258,12.534399997093715
yolov8_seg,FP32,comun,A,1,259,12.041900001349859
yolov8_seg,FP32,comun,A,1,260,11.877700002514757
yolov8_seg,FP32,comun,A,1,261,11.794699996244162
yolov8_seg,FP32,comun,A,1,262,11.618099997576792
yolov8_seg,FP32,comun,A,1,263,12.625299998035189
yolov8_seg,FP32,comun,A,1,264,11.88440000260016
yolov8_seg,FP32,comun,A,1,265,13.550700001360383
yolov8_seg,FP32,comun,A,1,266,24.360399998840876
yolov8_seg,FP32,comun,A,1,267,20.104100003663916
yolov8_seg,FP32,comun,A,1,268,12.000199996691663
yolov8_seg,FP32,comun,A,1,269,11.773400001402479
yolov8_seg,FP32,comun,A,1,270,11.92290000471985
yolov8_seg,FP32,comun,A,1,271,11.573499999940395
yolov8_seg,FP32,comun,A,1,272,11.67639999766834
yolov8_seg,FP32,comun,A,1,273,9.966199999325909
yolov8_seg,FP32,comun,A,1,274,12.274300002900418
yolov8_seg,FP32,comun,A,1,275,11.574000003747642
yolov8_seg,FP32,comun,A,1,276,12.565199998789467
yolov8_seg,FP32,comun,A,1,277,12.415000004693866
yolov8_seg,FP32,comun,A,1,278,11.87740000023041
yolov8_seg,FP32,comun,A,1,279,11.56020000053104
yolov8_seg,FP32,comun,A,1,280,11.57460000104038
yolov8_seg,FP32,comun,A,1,281,12.463799997931346
yolov8_seg,FP32,comun,A,1,282,12.062100002367515
yolov8_seg,FP32,comun,A,1,283,11.770299999625422
yolov8_seg,FP32,comun,A,1,284,11.731200000212993
yolov8_seg,FP32,comun,A,1,285,12.180500001704786
yolov8_seg,FP32,comun,A,1,286,12.13659999484662
yolov8_seg,FP32,comun,A,1,287,11.511199998494703
yolov8_seg,FP32,comun,A,1,288,12.013200001092628
yolov8_seg,FP32,comun,A,1,289,14.031499995326158
yolov8_seg,FP32,comun,A,1,290,12.066000002960209
yolov8_seg,FP32,comun,A,1,291,12.452399998437613
yolov8_seg,FP32,comun,A,1,292,11.702899995725602
yolov8_seg,FP32,comun,A,1,293,11.773999998695217
yolov8_seg,FP32,comun,A,1,294,12.20630000170786
yolov8_seg,FP32,comun,A,1,295,12.079100000846665
yolov8_seg,FP32,comun,A,1,296,11.880500002007466
yolov8_seg,FP32,comun,A,1,297,12.469200002669822
yolov8_seg,FP32,comun,A,1,298,12.285799995879643
yolov8_seg,FP32,comun,A,1,299,12.101399996026885
yolov8_seg,FP32,comun,A,1,300,11.753300001146272
yolov8_seg,FP32,comun,A,1,301,11.720300004526507
yolov8_seg,FP32,comun,A,1,302,11.728299999958836
yolov8_seg,FP32,comun,A,1,303,12.175399999250658
yolov8_seg,FP32,comun,A,1,304,11.918199998035561
yolov8_seg,FP32,comun,A,1,305,14.667899995401967
yolov8_seg,FP32,comun,A,1,306,25.072000004001893
yolov8_seg,FP32,comun,A,1,307,15.752399995108135
yolov8_seg,FP32,comun,A,1,308,11.76790000317851
yolov8_seg,FP32,comun,A,1,309,11.643999998341314
yolov8_seg,FP32,comun,A,1,310,12.45799999742303
yolov8_seg,FP32,comun,A,1,311,10.334099999454338
yolov8_seg,FP32,comun,A,1,312,11.570200003916398
yolov8_seg,FP32,comun,A,1,313,11.939999996684492
yolov8_seg,FP32,comun,A,1,314,11.930000000575092
yolov8_seg,FP32,comun,A,1,315,11.530499999935273
yolov8_seg,FP32,comun,A,1,316,11.576400000194553
yolov8_seg,FP32,comun,A,1,317,11.913800000911579
yolov8_seg,FP32,comun,A,1,318,11.743299997760914
yolov8_seg,FP32,comun,A,1,319,12.045499999658205
yolov8_seg,FP32,comun,A,1,320,12.145399996370543
yolov8_seg,FP32,comun,A,1,321,11.812299999292009
yolov8_seg,FP32,comun,A,1,322,11.983900003542658
yolov8_seg,FP32,comun,A,1,323,11.754999999538995
yolov8_seg,FP32,comun,A,1,324,14.935100000002421
yolov8_seg,FP32,comun,A,1,325,17.16850000229897
yolov8_seg,FP32,comun,A,1,326,15.788100005011074
yolov8_seg,FP32,comun,A,1,327,12.003900003037415
yolov8_seg,FP32,comun,A,1,328,12.143799998739269
yolov8_seg,FP32,comun,A,1,329,11.9159000023501
yolov8_seg,FP32,comun,A,1,330,12.304199997743126
yolov8_seg,FP32,comun,A,1,331,11.821399995824322
yolov8_seg,FP32,comun,A,1,332,11.945700003707316
yolov8_seg,FP32,comun,A,1,333,11.958400005823933
yolov8_seg,FP32,comun,A,1,334,12.907099997391924
yolov8_seg,FP32,comun,A,1,335,13.26590000098804
yolov8_seg,FP32,comun,A,1,336,12.55739999760408
yolov8_seg,FP32,comun,A,1,337,12.069499993231148
yolov8_seg,FP32,comun,A,1,338,12.391500000376254
yolov8_seg,FP32,comun,A,1,339,13.551299998653121
yolov8_seg,FP32,comun,A,1,340,12.698300000920426
yolov8_seg,FP32,comun,A,1,341,11.761599998862948
yolov8_seg,FP32,comun,A,1,342,12.212100002216175
yolov8_seg,FP32,comun,A,1,343,11.871800001244992
yolov8_seg,FP32,comun,A,1,344,11.867100001836661
yolov8_seg,FP32,comun,A,1,345,11.733300001651514
yolov8_seg,FP32,comun,A,1,346,11.784200003603473
yolov8_seg,FP32,comun,A,1,347,12.118899998313282
yolov8_seg,FP32,comun,A,1,348,11.708199999702629
yolov8_seg,FP32,comun,A,1,349,12.633499994990416
yolov8_seg,FP32,comun,A,1,350,12.122100000851788
yolov8_seg,FP32,comun,A,1,351,11.856299999635667
yolov8_seg,FP32,comun,A,1,352,11.7443999988609
yolov8_seg,FP32,comun,A,1,353,11.687099999107886
yolov8_seg,FP32,comun,A,1,354,11.753400001907721
yolov8_seg,FP32,comun,A,1,355,11.609599998337217
yolov8_seg,FP32,comun,A,1,356,12.06800000363728
yolov8_seg,FP32,comun,A,1,357,11.885399995662738
yolov8_seg,FP32,comun,A,1,358,10.309899997082539
yolov8_seg,FP32,comun,A,1,359,11.912599999050144
yolov8_seg,FP32,comun,A,1,360,12.052699996274896
yolov8_seg,FP32,comun,A,1,361,11.689899998600595
yolov8_seg,FP32,comun,A,1,362,11.733400002412964
yolov8_seg,FP32,comun,A,1,363,11.619699995208066
yolov8_seg,FP32,comun,A,1,364,11.891399997693952
yolov8_seg,FP32,comun,A,1,365,11.632300003839191
yolov8_seg,FP32,comun,A,1,366,11.52689999435097
yolov8_seg,FP32,comun,A,1,367,11.918099997274112
yolov8_seg,FP32,comun,A,1,368,11.805599999206606
yolov8_seg,FP32,comun,A,1,369,11.884299994562753
yolov8_seg,FP32,comun,A,1,370,12.656400002015289
yolov8_seg,FP32,comun,A,1,371,11.76349999877857
yolov8_seg,FP32,comun,A,1,372,11.4465000006021
yolov8_seg,FP32,comun,A,1,373,12.089299998478964
yolov8_seg,FP32,comun,B,1,0,27.742900005250704
yolov8_seg,FP32,comun,B,1,1,24.374599997827318
yolov8_seg,FP32,comun,B,1,2,25.048399998922832
yolov8_seg,FP32,comun,B,1,3,30.065899998589884
yolov8_seg,FP32,comun,B,1,4,31.138099999225233
yolov8_seg,FP32,comun,B,1,5,33.85599999455735
yolov8_seg,FP32,comun,B,1,6,32.35809999750927
yolov8_seg,FP32,comun,B,1,7,27.071700002125
yolov8_seg,FP32,comun,B,1,8,25.156700001389254
yolov8_seg,FP32,comun,B,1,9,26.470100005099084
yolov8_seg,FP32,comun,B,1,10,26.436599997396115
yolov8_seg,FP32,comun,B,1,11,26.04869999777293
yolov8_seg,FP32,comun,B,1,12,30.7228000019677
yolov8_seg,FP32,comun,B,1,13,29.245600002468564
yolov8_seg,FP32,comun,B,1,14,32.25560000282712
yolov8_seg,FP32,comun,B,1,15,28.07369999936782
yolov8_seg,FP32,comun,B,1,16,25.226300000213087
yolov8_seg,FP32,comun,B,1,17,32.064599996374454
yolov8_seg,FP32,comun,B,1,18,25.41919999930542
yolov8_seg,FP32,comun,B,1,19,25.16750000359025
yolov8_seg,FP32,comun,B,1,20,26.774699996167328
yolov8_seg,FP32,comun,B,1,21,25.17450000596
yolov8_seg,FP32,comun,B,1,22,30.55790000507841
yolov8_seg,FP32,comun,B,1,23,28.663800003414508
yolov8_seg,FP32,comun,B,1,24,27.98120000079507
yolov8_seg,FP32,comun,B,1,25,27.271500002825633
yolov8_seg,FP32,comun,B,1,26,24.878500000340864
yolov8_seg,FP32,comun,B,1,27,25.165799997921567
yolov8_seg,FP32,comun,B,1,28,25.480500000412576
yolov8_seg,FP32,comun,B,1,29,27.03579999797512
yolov8_seg,FP32,comun,B,1,30,37.152100005187094
yolov8_seg,FP32,comun,B,1,31,25.885899995046202
yolov8_seg,FP32,comun,B,1,32,27.242000003752764
yolov8_seg,FP32,comun,B,1,33,25.27379999810364
yolov8_seg,FP32,comun,B,1,34,27.862299997650553
yolov8_seg,FP32,comun,B,1,35,25.621399996452965
yolov8_seg,FP32,comun,B,1,36,28.894600000057835
yolov8_seg,FP32,comun,B,1,37,27.9279000023962
yolov8_seg,FP32,comun,B,1,38,27.93329999985872
yolov8_seg,FP32,comun,B,1,39,23.404899999150075
yolov8_seg,FP32,comun,B,1,40,32.67939999932423
yolov8_seg,FP32,comun,B,1,41,25.90240000427002
yolov8_seg,FP32,comun,B,1,42,26.385200006188825
yolov8_seg,FP32,comun,B,1,43,28.280900005484
yolov8_seg,FP32,comun,B,1,44,24.805700006254483
yolov8_seg,FP32,comun,B,1,45,26.254800002789125
yolov8_seg,FP32,comun,B,1,46,35.02190000290284
yolov8_seg,FP32,comun,B,1,47,29.843399999663234
yolov8_seg,FP32,comun,B,1,48,27.290600002743304
yolov8_seg,FP32,comun,B,1,49,31.454899995878804
yolov8_seg,FP32,comun,B,1,50,28.088800005207304
yolov8_seg,FP32,comun,B,1,51,27.474599999550264
yolov8_seg,FP32,comun,B,1,52,24.43959999800427
yolov8_seg,FP32,comun,B,1,53,29.140999999071937
yolov8_seg,FP32,comun,B,1,54,26.889300002949312
yolov8_seg,FP32,comun,B,1,55,25.864999995974358
yolov8_seg,FP32,comun,B,1,56,26.976699999067932
yolov8_seg,FP32,comun,B,1,57,25.30970000225352
yolov8_seg,FP32,comun,B,1,58,26.79119999811519
yolov8_seg,FP32,comun,B,1,59,28.922700003022328
yolov8_seg,FP32,comun,B,1,60,28.732399994623847
yolov8_seg,FP32,comun,B,1,61,27.12920000340091
yolov8_seg,FP32,comun,B,1,62,30.242400003771763
yolov8_seg,FP32,comun,B,1,63,26.804300003277604
yolov8_seg,FP32,comun,B,1,64,27.729199995519593
yolov8_seg,FP32,comun,B,1,65,28.84529999573715
yolov8_seg,FP32,comun,B,1,66,26.143800001591444
yolov8_seg,FP32,comun,B,1,67,21.65380000224104
yolov8_seg,FP32,comun,B,1,68,30.01819999917643
yolov8_seg,FP32,comun,B,1,69,30.012600000191014
yolov8_seg,FP32,comun,B,1,70,26.86859999812441
yolov8_seg,FP32,comun,B,1,71,27.888100004929584
yolov8_seg,FP32,comun,B,1,72,25.79890000197338
yolov8_seg,FP32,comun,B,1,73,25.423299994145054
yolov8_seg,FP32,comun,B,1,74,24.960399998235516
yolov8_seg,FP32,comun,B,1,75,31.847800004470628
yolov8_seg,FP32,comun,B,1,76,32.54110000125365
yolov8_seg,FP32,comun,B,1,77,33.83860000030836
yolov8_seg,FP32,comun,B,1,78,26.08499999769265
yolov8_seg,FP32,comun,B,1,79,27.515399997355416
yolov8_seg,FP32,comun,B,1,80,30.86250000342261
yolov8_seg,FP32,comun,B,1,81,27.532599997357465
yolov8_seg,FP32,comun,B,1,82,29.620900000736583
yolov8_seg,FP32,comun,B,1,83,28.66560000256868
yolov8_seg,FP32,comun,B,1,84,27.084000001195818
yolov8_seg,FP32,comun,B,1,85,31.85039999516448
yolov8_seg,FP32,comun,B,1,86,29.328099997655954
yolov8_seg,FP32,comun,B,1,87,25.098999998590443
yolov8_seg,FP32,comun,B,1,88,29.99429999908898
yolov8_seg,FP32,comun,B,1,89,26.303999999072403
yolov8_seg,FP32,comun,B,1,90,24.415799998678267
yolov8_seg,FP32,comun,B,1,91,28.94190000370145
yolov8_seg,FP32,comun,B,1,92,31.848599996010307
yolov8_seg,FP32,comun,B,1,93,37.2986000002129
yolov8_seg,FP32,comun,B,1,94,27.565800002776086
yolov8_seg,FP32,comun,B,1,95,28.819099999964237
yolov8_seg,FP32,comun,B,1,96,27.750099994591437
yolov8_seg,FP32,comun,B,1,97,25.33409999887226
yolov8_seg,FP32,comun,B,1,98,27.206300001125783
yolov8_seg,FP32,comun,B,1,99,25.8793999964837
yolov8_seg,FP32,comun,B,1,100,28.071200002159458
yolov8_seg,FP32,comun,B,1,101,26.198400002613198
yolov8_seg,FP32,comun,B,1,102,26.918299998214934
yolov8_seg,FP32,comun,B,1,103,22.829499997897074
yolov8_seg,FP32,comun,B,1,104,26.66200000385288
yolov8_seg,FP32,comun,B,1,105,25.812899999436922
yolov8_seg,FP32,comun,B,1,106,26.67479999945499
yolov8_seg,FP32,comun,B,1,107,29.849799997464288
yolov8_seg,FP32,comun,B,1,108,28.62499999901047
yolov8_seg,FP32,comun,B,1,109,30.857699995976873
yolov8_seg,FP32,comun,B,1,110,31.66839999903459
yolov8_seg,FP32,comun,B,1,111,30.37459999904968
yolov8_seg,FP32,comun,B,1,112,26.325099999667145
yolov8_seg,FP32,comun,B,1,113,29.92409999569645
yolov8_seg,FP32,comun,B,1,114,31.411000003572553
yolov8_seg,FP32,comun,B,1,115,26.498999999603257
yolov8_seg,FP32,comun,B,1,116,30.513199999404605
yolov8_seg,FP32,comun,B,1,117,31.115599995246157
yolov8_seg,FP32,comun,B,1,118,26.39419999468373
yolov8_seg,FP32,comun,B,1,119,28.891699999803677
yolov8_seg,FP32,comun,B,1,120,25.539399997796863
yolov8_seg,FP32,comun,B,1,121,25.34390000073472
yolov8_seg,FP32,comun,B,1,122,30.229500000132248
yolov8_seg,FP32,comun,B,1,123,29.155600001104176
yolov8_seg,FP32,comun,B,1,124,32.485000003362074
yolov8_seg,FP32,comun,B,1,125,30.170699996233452
yolov8_seg,FP32,comun,B,1,126,29.599000001326203
yolov8_seg,FP32,comun,B,1,127,25.663600004918408
yolov8_seg,FP32,comun,B,1,128,27.404200001910795
yolov8_seg,FP32,comun,B,1,129,26.552399998763576
yolov8_seg,FP32,comun,B,1,130,25.901299995894078
yolov8_seg,FP32,comun,B,1,131,30.647399995359592
yolov8_seg,FP32,comun,B,1,132,31.31089999806136
yolov8_seg,FP32,comun,B,1,133,27.8796999991755
yolov8_seg,FP32,comun,B,1,134,25.123099992924836
yolov8_seg,FP32,comun,B,1,135,24.943899996287655
yolov8_seg,FP32,comun,B,1,136,35.60420000576414
yolov8_seg,FP32,comun,B,1,137,25.817699999606702
yolov8_seg,FP32,comun,B,1,138,24.9887999962084
yolov8_seg,FP32,comun,B,1,139,28.793899997253902
yolov8_seg,FP32,comun,B,1,140,28.83040000597248
yolov8_seg,FP32,comun,B,1,141,28.558600002725143
yolov8_seg,FP32,comun,B,1,142,24.759500003710855
yolov8_seg,FP32,comun,B,1,143,24.30179999646498
yolov8_seg,FP32,comun,B,1,144,28.3147000009194
yolov8_seg,FP32,comun,B,1,145,28.34689999872353
yolov8_seg,FP32,comun,B,1,146,27.142500002810266
yolov8_seg,FP32,comun,B,1,147,25.60799999628216
yolov8_seg,FP32,comun,B,1,148,27.203199999348726
yolov8_seg,FP32,comun,B,1,149,34.26919999765232
yolov8_seg,FP32,comun,B,1,150,28.81409999827156
yolov8_seg,FP32,comun,B,1,151,30.291299997770693
yolov8_seg,FP32,comun,B,1,152,28.197699997690506
yolov8_seg,FP32,comun,B,1,153,28.259800004889257
yolov8_seg,FP32,comun,B,1,154,24.6227000025101
yolov8_seg,FP32,comun,B,1,155,24.056499998550862
yolov8_seg,FP32,comun,B,1,156,29.2394999996759
yolov8_seg,FP32,comun,B,1,157,30.561799998395145
yolov8_seg,FP32,comun,B,1,158,27.98179999808781
yolov8_seg,FP32,comun,B,1,159,28.56239999528043
yolov8_seg,FP32,comun,B,1,160,25.706300002639182
yolov8_seg,FP32,comun,B,1,161,26.45959999790648
yolov8_seg,FP32,comun,B,1,162,28.084799996577203
yolov8_seg,FP32,comun,B,1,163,25.200100004440174
yolov8_seg,FP32,comun,B,1,164,25.77900000324007
yolov8_seg,FP32,comun,B,1,165,35.85190000012517
yolov8_seg,FP32,comun,B,1,166,25.079400002141483
yolov8_seg,FP32,comun,B,1,167,29.796700000588316
yolov8_seg,FP32,comun,B,1,168,28.253299999050796
yolov8_seg,FP32,comun,B,1,169,26.916399998299312
yolov8_seg,FP32,comun,B,1,170,24.259400001028553
yolov8_seg,FP32,comun,B,1,171,27.203600002394523
yolov8_seg,FP32,comun,B,1,172,31.06169999955455
yolov8_seg,FP32,comun,B,1,173,29.27149999595713
yolov8_seg,FP32,comun,B,1,174,27.80930000153603
yolov8_seg,FP32,comun,B,1,175,26.422000002639834
yolov8_seg,FP32,comun,B,1,176,30.411400002776645
yolov8_seg,FP32,comun,B,1,177,28.32940000371309
yolov8_seg,FP32,comun,B,1,178,27.907099996809848
yolov8_seg,FP32,comun,B,1,179,28.226900001754984
yolov8_seg,FP32,comun,B,1,180,27.42690000013681
yolov8_seg,FP32,comun,B,1,181,26.881000005232636
yolov8_seg,FP32,comun,B,1,182,26.842300001590047
yolov8_seg,FP32,comun,B,1,183,27.875300002051517
yolov8_seg,FP32,comun,B,1,184,27.95729999343166
yolov8_seg,FP32,comun,B,1,185,29.533300003095064
yolov8_seg,FP32,comun,B,1,186,26.1400000017602
yolov8_seg,FP32,comun,B,1,187,42.40140000183601
yolov8_seg,FP32,comun,B,1,188,26.850700000068173
yolov8_seg,FP32,comun,B,1,189,27.946700000029523
yolov8_seg,FP32,comun,B,1,190,28.648200001043733
yolov8_seg,FP32,comun,B,1,191,24.4922999991104
yolov8_seg,FP32,comun,B,1,192,31.836599999223836
yolov8_seg,FP32,comun,B,1,193,27.779399999417365
yolov8_seg,FP32,comun,B,1,194,31.364800001028925
yolov8_seg,FP32,comun,B,1,195,32.587199995759875
yolov8_seg,FP32,comun,B,1,196,32.679099997039884
yolov8_seg,FP32,comun,B,1,197,30.948999999964144
yolov8_seg,FP32,comun,B,1,198,31.52799999952549
yolov8_seg,FP32,comun,B,1,199,31.01260000403272
yolov8_seg,FP32,comun,B,1,200,30.40799999871524
yolov8_seg,FP32,comun,B,1,201,26.46699999604607
yolov8_seg,FP32,comun,B,1,202,26.757400002679788
yolov8_seg,FP32,comun,B,1,203,30.7634999990114
yolov8_seg,FP32,comun,B,1,204,32.95500000240281
yolov8_seg,FP32,comun,B,1,205,28.03890000359388
yolov8_seg,FP32,comun,B,1,206,28.599500001291744
yolov8_seg,FP32,comun,B,1,207,25.625700000091456
yolov8_seg,FP32,comun,B,1,208,28.727899996738415
yolov8_seg,FP32,comun,B,1,209,30.808999996224884
yolov8_seg,FP32,comun,B,1,210,30.31130000454141
yolov8_seg,FP32,comun,B,1,211,28.398900001775473
yolov8_seg,FP32,comun,B,1,212,24.71069999592146
yolov8_seg,FP32,comun,B,1,213,27.35870000469731
yolov8_seg,FP32,comun,B,1,214,34.97520000382792
yolov8_seg,FP32,comun,B,1,215,33.648999997240026
yolov8_seg,FP32,comun,B,1,216,29.595799998787697
yolov8_seg,FP32,comun,B,1,217,36.71250000479631
yolov8_seg,FP32,comun,B,1,218,42.670800001360476
yolov8_seg,FP32,comun,B,1,219,28.90530000149738
yolov8_seg,FP32,comun,B,1,220,30.75600000011036
yolov8_seg,FP32,comun,B,1,221,39.40370000054827
yolov8_seg,FP32,comun,B,1,222,30.522900000505615
yolov8_seg,FP32,comun,B,1,223,26.2393000011798
yolov8_seg,FP32,comun,B,1,224,25.80640000087442
yolov8_seg,FP32,comun,B,1,225,29.042699999990873
yolov8_seg,FP32,comun,B,1,226,28.176599997095764
yolov8_seg,FP32,comun,B,1,227,40.70700000011129
yolov8_seg,FP32,comun,B,1,228,26.975100001436658
yolov8_seg,FP32,comun,B,1,229,26.33870000136085
yolov8_seg,FP32,comun,B,1,230,42.281599999114405
yolov8_seg,FP32,comun,B,1,231,34.481499998946674
yolov8_seg,FP32,comun,B,1,232,29.75039999728324
yolov8_seg,FP32,comun,B,1,233,25.97070000047097
yolov8_seg,FP32,comun,B,1,234,31.92700000363402
yolov8_seg,FP32,comun,B,1,235,29.262900003232062
yolov8_seg,FP32,comun,B,1,236,22.526499997184146
yolov8_seg,FP32,comun,B,1,237,29.20849999645725
yolov8_seg,FP32,comun,B,1,238,27.449799999885727
yolov8_seg,FP32,comun,B,1,239,29.0750999993179
yolov8_seg,FP32,comun,B,1,240,28.63690000231145
yolov8_seg,FP32,comun,B,1,241,25.12639999622479
yolov8_seg,FP32,comun,B,1,242,29.72520000184886
yolov8_seg,FP32,comun,B,1,243,31.57669999927748
yolov8_seg,FP32,comun,B,1,244,32.303699998010416
yolov8_seg,FP32,comun,B,1,245,29.159900004742667
yolov8_seg,FP32,comun,B,1,246,23.70179999707034
yolov8_seg,FP32,comun,B,1,247,27.450800000224262
yolov8_seg,FP32,comun,B,1,248,22.43330000055721
yolov8_seg,FP32,comun,B,1,249,29.03929999592947
yolov8_seg,FP32,comun,B,1,250,25.717399999848567
yolov8_seg,FP32,comun,B,1,251,29.677399994398
yolov8_seg,FP32,comun,B,1,252,26.77140000014333
yolov8_seg,FP32,comun,B,1,253,23.276300002180506
yolov8_seg,FP32,comun,B,1,254,25.73330000450369
yolov8_seg,FP32,comun,B,1,255,27.34719999716617
yolov8_seg,FP32,comun,B,1,256,26.801699998031836
yolov8_seg,FP32,comun,B,1,257,29.782500001601875
yolov8_seg,FP32,comun,B,1,258,33.100099994044285
yolov8_seg,FP32,comun,B,1,259,33.54830000171205
yolov8_seg,FP32,comun,B,1,260,29.279399997903965
yolov8_seg,FP32,comun,B,1,261,29.656699996849056
yolov8_seg,FP32,comun,B,1,262,31.560399998852517
yolov8_seg,FP32,comun,B,1,263,29.654099998879246
yolov8_seg,FP32,comun,B,1,264,35.852800006978214
yolov8_seg,FP32,comun,B,1,265,30.80779999436345
yolov8_seg,FP32,comun,B,1,266,28.826499998103827
yolov8_seg,FP32,comun,B,1,267,27.256399996986147
yolov8_seg,FP32,comun,B,1,268,31.950399999914225
yolov8_seg,FP32,comun,B,1,269,24.25770000263583
yolov8_seg,FP32,comun,B,1,270,25.743299993337132
yolov8_seg,FP32,comun,B,1,271,24.655699999129865
yolov8_seg,FP32,comun,B,1,272,27.803299999504816
yolov8_seg,FP32,comun,B,1,273,22.96800000476651
yolov8_seg,FP32,comun,B,1,274,26.096099994902033
yolov8_seg,FP32,comun,B,1,275,28.502799999841955
yolov8_seg,FP32,comun,B,1,276,33.044199997675605
yolov8_seg,FP32,comun,B,1,277,30.490600001940038
yolov8_seg,FP32,comun,B,1,278,30.51199999754317
yolov8_seg,FP32,comun,B,1,279,30.56970000034198
yolov8_seg,FP32,comun,B,1,280,30.276400000730064
yolov8_seg,FP32,comun,B,1,281,26.34309999848483
yolov8_seg,FP32,comun,B,1,282,30.518100000335835
yolov8_seg,FP32,comun,B,1,283,27.140000005601905
yolov8_seg,FP32,comun,B,1,284,28.4726000027149
yolov8_seg,FP32,comun,B,1,285,26.384800003143027
yolov8_seg,FP32,comun,B,1,286,30.90890000021318
yolov8_seg,FP32,comun,B,1,287,40.23439999582479
yolov8_seg,FP32,comun,B,1,288,37.71969999797875
yolov8_seg,FP32,comun,B,1,289,35.910600003262516
yolov8_seg,FP32,comun,B,1,290,30.885200001648627
yolov8_seg,FP32,comun,B,1,291,32.41649999836227
yolov8_seg,FP32,comun,B,1,292,40.15059999801451
yolov8_seg,FP32,comun,B,1,293,27.510400002938695
yolov8_seg,FP32,comun,B,1,294,30.547499998647254
yolov8_seg,FP32,comun,B,1,295,27.29249999538297
yolov8_seg,FP32,comun,B,1,296,30.236900005547795
yolov8_seg,FP32,comun,B,1,297,39.010300002701115
yolov8_seg,FP32,comun,B,1,298,29.722899998887442
yolov8_seg,FP32,comun,B,1,299,29.9654999980703
yolov8_seg,FP32,comun,B,1,300,31.730000002426095
yolov8_seg,FP32,comun,B,1,301,30.314499999803957
yolov8_seg,FP32,comun,B,1,302,28.557500001625158
yolov8_seg,FP32,comun,B,1,303,35.26150000107009
yolov8_seg,FP32,comun,B,1,304,29.992300005687866
yolov8_seg,FP32,comun,B,1,305,30.86030000122264
yolov8_seg,FP32,comun,B,1,306,30.94779999810271
yolov8_seg,FP32,comun,B,1,307,37.938800000119954
yolov8_seg,FP32,comun,B,1,308,36.81199999846285
yolov8_seg,FP32,comun,B,1,309,32.71459999814397
yolov8_seg,FP32,comun,B,1,310,27.384699998947326
yolov8_seg,FP32,comun,B,1,311,38.82829999929527
yolov8_seg,FP32,comun,B,1,312,29.37940000265371
yolov8_seg,FP32,comun,B,1,313,28.98030000505969
yolov8_seg,FP32,comun,B,1,314,28.976800000236835
yolov8_seg,FP32,comun,B,1,315,26.20300000126008
yolov8_seg,FP32,comun,B,1,316,30.789899996307213
yolov8_seg,FP32,comun,B,1,317,30.482000001939014
yolov8_seg,FP32,comun,B,1,318,28.47180000389926
yolov8_seg,FP32,comun,B,1,319,30.708999998751096
yolov8_seg,FP32,comun,B,1,320,27.736799995182082
yolov8_seg,FP32,comun,B,1,321,32.12779999739723
yolov8_seg,FP32,comun,B,1,322,32.14440000010654
yolov8_seg,FP32,comun,B,1,323,27.859699999680743
yolov8_seg,FP32,comun,B,1,324,30.145199998514727
yolov8_seg,FP32,comun,B,1,325,29.14299999974901
yolov8_seg,FP32,comun,B,1,326,31.548800005111843
yolov8_seg,FP32,comun,B,1,327,31.20709999348037
yolov8_seg,FP32,comun,B,1,328,32.09169999900041
yolov8_seg,FP32,comun,B,1,329,31.897699998808093
yolov8_seg,FP32,comun,B,1,330,33.60830000019632
yolov8_seg,FP32,comun,B,1,331,34.0245000043069
yolov8_seg,FP32,comun,B,1,332,30.409799997869413
yolov8_seg,FP32,comun,B,1,333,30.958200004533865
yolov8_seg,FP32,comun,B,1,334,31.6370000000461
yolov8_seg,FP32,comun,B,1,335,30.861100000038277
yolov8_seg,FP32,comun,B,1,336,32.66540000186069
yolov8_seg,FP32,comun,B,1,337,27.798700000857934
yolov8_seg,FP32,comun,B,1,338,25.644699999247678
yolov8_seg,FP32,comun,B,1,339,29.857699999411125
yolov8_seg,FP32,comun,B,1,340,30.620300000009593
yolov8_seg,FP32,comun,B,1,341,33.216599993465934
yolov8_seg,FP32,comun,B,1,342,31.739600002765656
yolov8_seg,FP32,comun,B,1,343,28.504900001280475
yolov8_seg,FP32,comun,B,1,344,35.89800000190735
yolov8_seg,FP32,comun,B,1,345,41.22490000008838
yolov8_seg,FP32,comun,B,1,346,27.60860000125831
yolov8_seg,FP32,comun,B,1,347,26.724299998022616
yolov8_seg,FP32,comun,B,1,348,31.13310000480851
yolov8_seg,FP32,comun,B,1,349,27.872800004843157
yolov8_seg,FP32,comun,B,1,350,27.234900000621565
yolov8_seg,FP32,comun,B,1,351,26.965999997628387
yolov8_seg,FP32,comun,B,1,352,25.635300000431016
yolov8_seg,FP32,comun,B,1,353,29.774599999655038
yolov8_seg,FP32,comun,B,1,354,27.527199999894947
yolov8_seg,FP32,comun,B,1,355,26.191900004050694
yolov8_seg,FP32,comun,B,1,356,27.11740000086138
yolov8_seg,FP32,comun,B,1,357,31.80209999845829
yolov8_seg,FP32,comun,B,1,358,25.46670000447193
yolov8_seg,FP32,comun,B,1,359,28.957200003787875
yolov8_seg,FP32,comun,B,1,360,25.166400002490263
yolov8_seg,FP32,comun,B,1,361,27.972699994279537
yolov8_seg,FP32,comun,B,1,362,28.68260000104783
yolov8_seg,FP32,comun,B,1,363,27.907200004847255
yolov8_seg,FP32,comun,B,1,364,30.196899999282323
yolov8_seg,FP32,comun,B,1,365,32.61460000067018
yolov8_seg,FP32,comun,B,1,366,25.439700002607424
yolov8_seg,FP32,comun,B,1,367,30.74930000002496
yolov8_seg,FP32,comun,B,1,368,28.19179999642074
yolov8_seg,FP32,comun,B,1,369,33.72739999758778
yolov8_seg,FP32,comun,B,1,370,32.479900000907946
yolov8_seg,FP32,comun,B,1,371,31.231900000420865
yolov8_seg,FP32,comun,B,1,372,29.610499994305428
yolov8_seg,FP32,comun,B,1,373,32.286699999531265
yolov8_seg,FP32,comun,A,2,0,19.4714000026579
yolov8_seg,FP32,comun,A,2,1,17.527299998619128
yolov8_seg,FP32,comun,A,2,2,17.0938999945065
yolov8_seg,FP32,comun,A,2,3,16.315499997290317
yolov8_seg,FP32,comun,A,2,4,16.454499993415084
yolov8_seg,FP32,comun,A,2,5,16.624800002318807
yolov8_seg,FP32,comun,A,2,6,16.70009999361355
yolov8_seg,FP32,comun,A,2,7,17.121999997470994
yolov8_seg,FP32,comun,A,2,8,16.79829999920912
yolov8_seg,FP32,comun,A,2,9,15.878099999099504
yolov8_seg,FP32,comun,A,2,10,15.51080000353977
yolov8_seg,FP32,comun,A,2,11,15.57429999957094
yolov8_seg,FP32,comun,A,2,12,15.780699999595527
yolov8_seg,FP32,comun,A,2,13,15.645100000256207
yolov8_seg,FP32,comun,A,2,14,15.770699996210169
yolov8_seg,FP32,comun,A,2,15,11.80029999522958
yolov8_seg,FP32,comun,A,2,16,11.633900001470465
yolov8_seg,FP32,comun,A,2,17,11.782499997934792
yolov8_seg,FP32,comun,A,2,18,11.87019999633776
yolov8_seg,FP32,comun,A,2,19,11.567399997147731
yolov8_seg,FP32,comun,A,2,20,11.88180000463035
yolov8_seg,FP32,comun,A,2,21,12.326600000960752
yolov8_seg,FP32,comun,A,2,22,11.776399995142128
yolov8_seg,FP32,comun,A,2,23,11.801500004366972
yolov8_seg,FP32,comun,A,2,24,11.65249999758089
yolov8_seg,FP32,comun,A,2,25,11.7030999972485
yolov8_seg,FP32,comun,A,2,26,11.782599998696242
yolov8_seg,FP32,comun,A,2,27,11.977099995419849
yolov8_seg,FP32,comun,A,2,28,12.229699997988064
yolov8_seg,FP32,comun,A,2,29,11.652699999103788
yolov8_seg,FP32,comun,A,2,30,12.069899996276945
yolov8_seg,FP32,comun,A,2,31,12.075999999069609
yolov8_seg,FP32,comun,A,2,32,11.701700001140125
yolov8_seg,FP32,comun,A,2,33,11.558300000615418
yolov8_seg,FP32,comun,A,2,34,12.188599997898564
yolov8_seg,FP32,comun,A,2,35,12.28879999689525
yolov8_seg,FP32,comun,A,2,36,11.959299998125061
yolov8_seg,FP32,comun,A,2,37,12.034600003971718
yolov8_seg,FP32,comun,A,2,38,12.638200001674704
yolov8_seg,FP32,comun,A,2,39,11.988600002950989
yolov8_seg,FP32,comun,A,2,40,11.771600002248306
yolov8_seg,FP32,comun,A,2,41,12.23720000416506
yolov8_seg,FP32,comun,A,2,42,12.12880000093719
yolov8_seg,FP32,comun,A,2,43,11.970700004894752
yolov8_seg,FP32,comun,A,2,44,11.669800005620345
yolov8_seg,FP32,comun,A,2,45,11.894700000993907
yolov8_seg,FP32,comun,A,2,46,12.040000001434237
yolov8_seg,FP32,comun,A,2,47,12.023100003716536
yolov8_seg,FP32,comun,A,2,48,12.127300004067365
yolov8_seg,FP32,comun,A,2,49,11.858600002597086
yolov8_seg,FP32,comun,A,2,50,11.811899996246211
yolov8_seg,FP32,comun,A,2,51,11.781400004110765
yolov8_seg,FP32,comun,A,2,52,11.738799999875482
yolov8_seg,FP32,comun,A,2,53,12.226999999256805
yolov8_seg,FP32,comun,A,2,54,11.491700002807193
yolov8_seg,FP32,comun,A,2,55,12.352400000963826
yolov8_seg,FP32,comun,A,2,56,12.10440000431845
yolov8_seg,FP32,comun,A,2,57,11.873900002683513
yolov8_seg,FP32,comun,A,2,58,11.559099999431055
yolov8_seg,FP32,comun,A,2,59,11.645200000202749
yolov8_seg,FP32,comun,A,2,60,11.801799999375362
yolov8_seg,FP32,comun,A,2,61,11.448399993241765
yolov8_seg,FP32,comun,A,2,62,11.71240000257967
yolov8_seg,FP32,comun,A,2,63,12.086300004739314
yolov8_seg,FP32,comun,A,2,64,12.245700003404636
yolov8_seg,FP32,comun,A,2,65,12.125799999921583
yolov8_seg,FP32,comun,A,2,66,11.858500001835637
yolov8_seg,FP32,comun,A,2,67,10.017299995524809
yolov8_seg,FP32,comun,A,2,68,11.630799999693409
yolov8_seg,FP32,comun,A,2,69,11.761500005377457
yolov8_seg,FP32,comun,A,2,70,12.680600004387088
yolov8_seg,FP32,comun,A,2,71,11.663700002827682
yolov8_seg,FP32,comun,A,2,72,11.636199997155927
yolov8_seg,FP32,comun,A,2,73,11.934899994230364
yolov8_seg,FP32,comun,A,2,74,11.526500005857088
yolov8_seg,FP32,comun,A,2,75,12.194200004159939
yolov8_seg,FP32,comun,A,2,76,12.219999996887054
yolov8_seg,FP32,comun,A,2,77,15.606799999659415
yolov8_seg,FP32,comun,A,2,78,11.851299997942988
yolov8_seg,FP32,comun,A,2,79,12.026199998217635
yolov8_seg,FP32,comun,A,2,80,12.240500000189058
yolov8_seg,FP32,comun,A,2,81,12.270699997316115
yolov8_seg,FP32,comun,A,2,82,12.625100003788248
yolov8_seg,FP32,comun,A,2,83,11.877999997523148
yolov8_seg,FP32,comun,A,2,84,11.486999996122904
yolov8_seg,FP32,comun,A,2,85,11.851300005218945
yolov8_seg,FP32,comun,A,2,86,11.99089999863645
yolov8_seg,FP32,comun,A,2,87,11.68840000173077
yolov8_seg,FP32,comun,A,2,88,12.019000001600944
yolov8_seg,FP32,comun,A,2,89,12.324499999522232
yolov8_seg,FP32,comun,A,2,90,12.965200003236532
yolov8_seg,FP32,comun,A,2,91,11.72470000165049
yolov8_seg,FP32,comun,A,2,92,11.92050000099698
yolov8_seg,FP32,comun,A,2,93,12.008799996692687
yolov8_seg,FP32,comun,A,2,94,11.81679999717744
yolov8_seg,FP32,comun,A,2,95,11.864200001582503
yolov8_seg,FP32,comun,A,2,96,11.595300005865283
yolov8_seg,FP32,comun,A,2,97,11.837299993203487
yolov8_seg,FP32,comun,A,2,98,12.038499997288454
yolov8_seg,FP32,comun,A,2,99,11.927399995329324
yolov8_seg,FP32,comun,A,2,100,12.030600002617575
yolov8_seg,FP32,comun,A,2,101,11.593899995204993
yolov8_seg,FP32,comun,A,2,102,11.54050000332063
yolov8_seg,FP32,comun,A,2,103,12.210300003062002
yolov8_seg,FP32,comun,A,2,104,12.078699997800868
yolov8_seg,FP32,comun,A,2,105,11.431500002800021
yolov8_seg,FP32,comun,A,2,106,11.821899999631569
yolov8_seg,FP32,comun,A,2,107,12.56190000276547
yolov8_seg,FP32,comun,A,2,108,11.58420000137994
yolov8_seg,FP32,comun,A,2,109,11.586599997826852
yolov8_seg,FP32,comun,A,2,110,12.147800000093412
yolov8_seg,FP32,comun,A,2,111,12.105999994673766
yolov8_seg,FP32,comun,A,2,112,11.547300004167482
yolov8_seg,FP32,comun,A,2,113,11.714499996742234
yolov8_seg,FP32,comun,A,2,114,11.865300002682488
yolov8_seg,FP32,comun,A,2,115,11.66160000138916
yolov8_seg,FP32,comun,A,2,116,11.93020000209799
yolov8_seg,FP32,comun,A,2,117,12.191000001621433
yolov8_seg,FP32,comun,A,2,118,11.958000002778135
yolov8_seg,FP32,comun,A,2,119,11.568799993256107
yolov8_seg,FP32,comun,A,2,120,11.885499996424187
yolov8_seg,FP32,comun,A,2,121,14.422299995203502
yolov8_seg,FP32,comun,A,2,122,24.712499995075632
yolov8_seg,FP32,comun,A,2,123,13.965400001325179
yolov8_seg,FP32,comun,A,2,124,12.119700004404876
yolov8_seg,FP32,comun,A,2,125,11.764000002585817
yolov8_seg,FP32,comun,A,2,126,11.840099999972153
yolov8_seg,FP32,comun,A,2,127,11.60360000358196
yolov8_seg,FP32,comun,A,2,128,11.930399996344931
yolov8_seg,FP32,comun,A,2,129,12.10459999856539
yolov8_seg,FP32,comun,A,2,130,11.519400002725888
yolov8_seg,FP32,comun,A,2,131,11.921500001335517
yolov8_seg,FP32,comun,A,2,132,12.216799994348548
yolov8_seg,FP32,comun,A,2,133,11.7201999964891
yolov8_seg,FP32,comun,A,2,134,11.82610000250861
yolov8_seg,FP32,comun,A,2,135,13.021300001128111
yolov8_seg,FP32,comun,A,2,136,16.15749999473337
yolov8_seg,FP32,comun,A,2,137,14.519800002744887
yolov8_seg,FP32,comun,A,2,138,26.45640000264393
yolov8_seg,FP32,comun,A,2,139,24.14879999560071
yolov8_seg,FP32,comun,A,2,140,14.537700000801124
yolov8_seg,FP32,comun,A,2,141,15.116499998839572
yolov8_seg,FP32,comun,A,2,142,11.77319999987958
yolov8_seg,FP32,comun,A,2,143,11.779699998442084
yolov8_seg,FP32,comun,A,2,144,11.904400002094917
yolov8_seg,FP32,comun,A,2,145,11.786100003519095
yolov8_seg,FP32,comun,A,2,146,11.62320000003092
yolov8_seg,FP32,comun,A,2,147,9.894700000586454
yolov8_seg,FP32,comun,A,2,148,12.224900005094241
yolov8_seg,FP32,comun,A,2,149,12.459099998523016
yolov8_seg,FP32,comun,A,2,150,11.927499996090773
yolov8_seg,FP32,comun,A,2,151,12.00589999643853
yolov8_seg,FP32,comun,A,2,152,11.748500000976492
yolov8_seg,FP32,comun,A,2,153,11.696100002154708
yolov8_seg,FP32,comun,A,2,154,12.158500001532957
yolov8_seg,FP32,comun,A,2,155,12.301700000534765
yolov8_seg,FP32,comun,A,2,156,12.240300005942117
yolov8_seg,FP32,comun,A,2,157,11.944300000322983
yolov8_seg,FP32,comun,A,2,158,11.941900003876071
yolov8_seg,FP32,comun,A,2,159,12.541700001747813
yolov8_seg,FP32,comun,A,2,160,12.235900001542177
yolov8_seg,FP32,comun,A,2,161,11.599700002989266
yolov8_seg,FP32,comun,A,2,162,11.867499997606501
yolov8_seg,FP32,comun,A,2,163,12.337799998931587
yolov8_seg,FP32,comun,A,2,164,12.69999999931315
yolov8_seg,FP32,comun,A,2,165,12.26199999655364
yolov8_seg,FP32,comun,A,2,166,10.223299999779556
yolov8_seg,FP32,comun,A,2,167,12.497600000642706
yolov8_seg,FP32,comun,A,2,168,12.044499999319669
yolov8_seg,FP32,comun,A,2,169,12.158600002294406
yolov8_seg,FP32,comun,A,2,170,12.125799999921583
yolov8_seg,FP32,comun,A,2,171,11.866900000313763
yolov8_seg,FP32,comun,A,2,172,11.508399999001995
yolov8_seg,FP32,comun,A,2,173,11.67169999826001
yolov8_seg,FP32,comun,A,2,174,11.894099996425211
yolov8_seg,FP32,comun,A,2,175,12.453900002583396
yolov8_seg,FP32,comun,A,2,176,11.933399997360539
yolov8_seg,FP32,comun,A,2,177,11.745100004191045
yolov8_seg,FP32,comun,A,2,178,11.68139999936102
yolov8_seg,FP32,comun,A,2,179,11.746700001822319
yolov8_seg,FP32,comun,A,2,180,11.76100000157021
yolov8_seg,FP32,comun,A,2,181,12.078799998562317
yolov8_seg,FP32,comun,A,2,182,11.75399999920046
yolov8_seg,FP32,comun,A,2,183,12.199500000861008
yolov8_seg,FP32,comun,A,2,184,12.086900002032053
yolov8_seg,FP32,comun,A,2,185,12.178999997559004
yolov8_seg,FP32,comun,A,2,186,11.44689999637194
yolov8_seg,FP32,comun,A,2,187,11.825800000224262
yolov8_seg,FP32,comun,A,2,188,12.395400000968948
yolov8_seg,FP32,comun,A,2,189,11.648100000456907
yolov8_seg,FP32,comun,A,2,190,11.605600004259031
yolov8_seg,FP32,comun,A,2,191,11.913800000911579
yolov8_seg,FP32,comun,A,2,192,16.355199993995484
yolov8_seg,FP32,comun,A,2,193,16.37250000203494
yolov8_seg,FP32,comun,A,2,194,16.008399994461797
yolov8_seg,FP32,comun,A,2,195,16.446200002974365
yolov8_seg,FP32,comun,A,2,196,16.528200001630466
yolov8_seg,FP32,comun,A,2,197,16.019900001992937
yolov8_seg,FP32,comun,A,2,198,16.451299998152535
yolov8_seg,FP32,comun,A,2,199,16.286700003547594
yolov8_seg,FP32,comun,A,2,200,16.562999997404404
yolov8_seg,FP32,comun,A,2,201,16.17919999989681
yolov8_seg,FP32,comun,A,2,202,16.61249999597203
yolov8_seg,FP32,comun,A,2,203,16.267999999399763
yolov8_seg,FP32,comun,A,2,204,18.120699998689815
yolov8_seg,FP32,comun,A,2,205,17.612399999052286
yolov8_seg,FP32,comun,A,2,206,12.103399996703956
yolov8_seg,FP32,comun,A,2,207,19.772699997702148
yolov8_seg,FP32,comun,A,2,208,24.511199997505173
yolov8_seg,FP32,comun,A,2,209,21.21679999982007
yolov8_seg,FP32,comun,A,2,210,12.05620000109775
yolov8_seg,FP32,comun,A,2,211,11.912800000573043
yolov8_seg,FP32,comun,A,2,212,11.997100002190564
yolov8_seg,FP32,comun,A,2,213,11.745499999960884
yolov8_seg,FP32,comun,A,2,214,11.76090000080876
yolov8_seg,FP32,comun,A,2,215,11.622499994700775
yolov8_seg,FP32,comun,A,2,216,11.486000003060326
yolov8_seg,FP32,comun,A,2,217,11.910400004126132
yolov8_seg,FP32,comun,A,2,218,12.432499999704305
yolov8_seg,FP32,comun,A,2,219,12.004100004560314
yolov8_seg,FP32,comun,A,2,220,12.0563000018592
yolov8_seg,FP32,comun,A,2,221,11.797799998021219
yolov8_seg,FP32,comun,A,2,222,12.130000002798624
yolov8_seg,FP32,comun,A,2,223,11.403500000596978
yolov8_seg,FP32,comun,A,2,224,11.704000004101545
yolov8_seg,FP32,comun,A,2,225,11.840300001495052
yolov8_seg,FP32,comun,A,2,226,11.607699998421595
yolov8_seg,FP32,comun,A,2,227,12.056799998390488
yolov8_seg,FP32,comun,A,2,228,10.749100001703482
yolov8_seg,FP32,comun,A,2,229,12.150000002293382
yolov8_seg,FP32,comun,A,2,230,11.975900000834372
yolov8_seg,FP32,comun,A,2,231,11.792600002081599
yolov8_seg,FP32,comun,A,2,232,11.573099996894598
yolov8_seg,FP32,comun,A,2,233,11.691500003507826
yolov8_seg,FP32,comun,A,2,234,11.949399995501153
yolov8_seg,FP32,comun,A,2,235,11.903099999472033
yolov8_seg,FP32,comun,A,2,236,11.864100000821054
yolov8_seg,FP32,comun,A,2,237,11.604300001636147
yolov8_seg,FP32,comun,A,2,238,11.619299999438226
yolov8_seg,FP32,comun,A,2,239,18.890699997427873
yolov8_seg,FP32,comun,A,2,240,24.86040000076173
yolov8_seg,FP32,comun,A,2,241,24.057900001935195
yolov8_seg,FP32,comun,A,2,242,26.23719999974128
yolov8_seg,FP32,comun,A,2,243,18.851900000299793
yolov8_seg,FP32,comun,A,2,244,11.69609999487875
yolov8_seg,FP32,comun,A,2,245,11.714300002495293
yolov8_seg,FP32,comun,A,2,246,10.327799995138776
yolov8_seg,FP32,comun,A,2,247,11.59390000248095
yolov8_seg,FP32,comun,A,2,248,12.521999997261446
yolov8_seg,FP32,comun,A,2,249,12.34649999969406
yolov8_seg,FP32,comun,A,2,250,12.191499998152722
yolov8_seg,FP32,comun,A,2,251,11.605600004259031
yolov8_seg,FP32,comun,A,2,252,12.335100000200327
yolov8_seg,FP32,comun,A,2,253,12.021000002278015
yolov8_seg,FP32,comun,A,2,254,11.513100005686283
yolov8_seg,FP32,comun,A,2,255,11.595999996643513
yolov8_seg,FP32,comun,A,2,256,11.85290000285022
yolov8_seg,FP32,comun,A,2,257,11.748400000215042
yolov8_seg,FP32,comun,A,2,258,11.543900000106078
yolov8_seg,FP32,comun,A,2,259,12.005499993392732
yolov8_seg,FP32,comun,A,2,260,11.830200004624203
yolov8_seg,FP32,comun,A,2,261,12.332300000707619
yolov8_seg,FP32,comun,A,2,262,13.631699999677949
yolov8_seg,FP32,comun,A,2,263,16.381800000090152
yolov8_seg,FP32,comun,A,2,264,12.19610000407556
yolov8_seg,FP32,comun,A,2,265,11.637499999778811
yolov8_seg,FP32,comun,A,2,266,18.16740000504069
yolov8_seg,FP32,comun,A,2,267,24.549499998101965
yolov8_seg,FP32,comun,A,2,268,24.685599993972573
yolov8_seg,FP32,comun,A,2,269,15.771999998833053
yolov8_seg,FP32,comun,A,2,270,11.803100001998246
yolov8_seg,FP32,comun,A,2,271,11.623999998846557
yolov8_seg,FP32,comun,A,2,272,11.802400003944058
yolov8_seg,FP32,comun,A,2,273,10.266299999784678
yolov8_seg,FP32,comun,A,2,274,11.691499996231869
yolov8_seg,FP32,comun,A,2,275,12.046700001519639
yolov8_seg,FP32,comun,A,2,276,12.534499997855164
yolov8_seg,FP32,comun,A,2,277,14.909799996530637
yolov8_seg,FP32,comun,A,2,278,16.73550000123214
yolov8_seg,FP32,comun,A,2,279,16.21569999406347
yolov8_seg,FP32,comun,A,2,280,16.702499997336417
yolov8_seg,FP32,comun,A,2,281,16.44790000136709
yolov8_seg,FP32,comun,A,2,282,15.586400004394818
yolov8_seg,FP32,comun,A,2,283,11.813500001153443
yolov8_seg,FP32,comun,A,2,284,11.675800000375602
yolov8_seg,FP32,comun,A,2,285,11.790600001404528
yolov8_seg,FP32,comun,A,2,286,12.076099999831058
yolov8_seg,FP32,comun,A,2,287,11.89650000014808
yolov8_seg,FP32,comun,A,2,288,12.182400001620408
yolov8_seg,FP32,comun,A,2,289,16.5636000019731
yolov8_seg,FP32,comun,A,2,290,16.144399996846914
yolov8_seg,FP32,comun,A,2,291,16.11609999963548
yolov8_seg,FP32,comun,A,2,292,16.433700002380647
yolov8_seg,FP32,comun,A,2,293,16.103200003271922
yolov8_seg,FP32,comun,A,2,294,16.44980000128271
yolov8_seg,FP32,comun,A,2,295,16.175699995073956
yolov8_seg,FP32,comun,A,2,296,15.553999997791834
yolov8_seg,FP32,comun,A,2,297,12.560800001665484
yolov8_seg,FP32,comun,A,2,298,12.461400001484435
yolov8_seg,FP32,comun,A,2,299,13.603899998997804
yolov8_seg,FP32,comun,A,2,300,12.673100005486049
yolov8_seg,FP32,comun,A,2,301,14.682599998195656
yolov8_seg,FP32,comun,A,2,302,24.34920000087004
yolov8_seg,FP32,comun,A,2,303,24.34709999943152
yolov8_seg,FP32,comun,A,2,304,24.396000000706408
yolov8_seg,FP32,comun,A,2,305,24.190200005250517
yolov8_seg,FP32,comun,A,2,306,15.72909999958938
yolov8_seg,FP32,comun,A,2,307,12.04689999576658
yolov8_seg,FP32,comun,A,2,308,12.039000001095701
yolov8_seg,FP32,comun,A,2,309,12.31480000569718
yolov8_seg,FP32,comun,A,2,310,11.712199993780814
yolov8_seg,FP32,comun,A,2,311,10.569600002781954
yolov8_seg,FP32,comun,A,2,312,11.92109999828972
yolov8_seg,FP32,comun,A,2,313,11.520499996549916
yolov8_seg,FP32,comun,A,2,314,11.623799997323658
yolov8_seg,FP32,comun,A,2,315,12.599699999555014
yolov8_seg,FP32,comun,A,2,316,12.548200000310317
yolov8_seg,FP32,comun,A,2,317,12.339600005361717
yolov8_seg,FP32,comun,A,2,318,12.391100004606415
yolov8_seg,FP32,comun,A,2,319,12.028699995425995
yolov8_seg,FP32,comun,A,2,320,11.623799997323658
yolov8_seg,FP32,comun,A,2,321,12.702199994237162
yolov8_seg,FP32,comun,A,2,322,16.339100002369378
yolov8_seg,FP32,comun,A,2,323,16.396099999838043
yolov8_seg,FP32,comun,A,2,324,16.10919999802718
yolov8_seg,FP32,comun,A,2,325,16.526100000191946
yolov8_seg,FP32,comun,A,2,326,16.271799999231007
yolov8_seg,FP32,comun,A,2,327,16.160899998794775
yolov8_seg,FP32,comun,A,2,328,16.270499996608123
yolov8_seg,FP32,comun,A,2,329,16.130599993630312
yolov8_seg,FP32,comun,A,2,330,12.410299998009577
yolov8_seg,FP32,comun,A,2,331,11.914899994735606
yolov8_seg,FP32,comun,A,2,332,11.47099999798229
yolov8_seg,FP32,comun,A,2,333,11.861500002851244
yolov8_seg,FP32,comun,A,2,334,11.60130000062054
yolov8_seg,FP32,comun,A,2,335,11.99320000159787
yolov8_seg,FP32,comun,A,2,336,12.261399999260902
yolov8_seg,FP32,comun,A,2,337,12.119899998651817
yolov8_seg,FP32,comun,A,2,338,12.02470000134781
yolov8_seg,FP32,comun,A,2,339,11.70319999800995
yolov8_seg,FP32,comun,A,2,340,11.529000003065448
yolov8_seg,FP32,comun,A,2,341,11.856299999635667
yolov8_seg,FP32,comun,A,2,342,11.460399997304194
yolov8_seg,FP32,comun,A,2,343,12.282700001378544
yolov8_seg,FP32,comun,A,2,344,12.200100005429704
yolov8_seg,FP32,comun,A,2,345,11.597099997743499
yolov8_seg,FP32,comun,A,2,346,11.671499996737111
yolov8_seg,FP32,comun,A,2,347,12.162700004409999
yolov8_seg,FP32,comun,A,2,348,13.801900000544265
yolov8_seg,FP32,comun,A,2,349,24.635699999635108
yolov8_seg,FP32,comun,A,2,350,24.31060000526486
yolov8_seg,FP32,comun,A,2,351,24.662900003022514
yolov8_seg,FP32,comun,A,2,352,24.757400002272334
yolov8_seg,FP32,comun,A,2,353,15.123000004678033
yolov8_seg,FP32,comun,A,2,354,11.969999999564607
yolov8_seg,FP32,comun,A,2,355,11.895700001332443
yolov8_seg,FP32,comun,A,2,356,11.464300005172845
yolov8_seg,FP32,comun,A,2,357,11.752500002330635
yolov8_seg,FP32,comun,A,2,358,10.113800002727658
yolov8_seg,FP32,comun,A,2,359,11.60159999562893
yolov8_seg,FP32,comun,A,2,360,11.829699993540999
yolov8_seg,FP32,comun,A,2,361,17.073199996957555
yolov8_seg,FP32,comun,A,2,362,11.973000000580214
yolov8_seg,FP32,comun,A,2,363,11.929499996767845
yolov8_seg,FP32,comun,A,2,364,11.662899996736087
yolov8_seg,FP32,comun,A,2,365,11.953900000662543
yolov8_seg,FP32,comun,A,2,366,11.667400001897477
yolov8_seg,FP32,comun,A,2,367,11.971700005233288
yolov8_seg,FP32,comun,A,2,368,11.488699994515628
yolov8_seg,FP32,comun,A,2,369,11.875800002599135
yolov8_seg,FP32,comun,A,2,370,12.11199999670498
yolov8_seg,FP32,comun,A,2,371,11.607599997660145
yolov8_seg,FP32,comun,A,2,372,11.730500002158806
yolov8_seg,FP32,comun,A,2,373,12.514299996837508
yolov8_seg,FP32,comun,B,2,0,32.76749999349704
yolov8_seg,FP32,comun,B,2,1,25.011599995195866
yolov8_seg,FP32,comun,B,2,2,24.59190000081435
yolov8_seg,FP32,comun,B,2,3,27.30909999809228
yolov8_seg,FP32,comun,B,2,4,25.439899996854365
yolov8_seg,FP32,comun,B,2,5,29.599299996334594
yolov8_seg,FP32,comun,B,2,6,28.436500004318077
yolov8_seg,FP32,comun,B,2,7,25.858299995888956
yolov8_seg,FP32,comun,B,2,8,25.236999994376674
yolov8_seg,FP32,comun,B,2,9,26.676000001316424
yolov8_seg,FP32,comun,B,2,10,26.22920000430895
yolov8_seg,FP32,comun,B,2,11,26.098499998624902
yolov8_seg,FP32,comun,B,2,12,33.416899997973815
yolov8_seg,FP32,comun,B,2,13,29.553000000305474
yolov8_seg,FP32,comun,B,2,14,27.167899999767542
yolov8_seg,FP32,comun,B,2,15,27.542899995751213
yolov8_seg,FP32,comun,B,2,16,25.178200005029794
yolov8_seg,FP32,comun,B,2,17,32.21230000053765
yolov8_seg,FP32,comun,B,2,18,25.863700000627432
yolov8_seg,FP32,comun,B,2,19,26.073999993968755
yolov8_seg,FP32,comun,B,2,20,26.680000002670567
yolov8_seg,FP32,comun,B,2,21,25.047000002814457
yolov8_seg,FP32,comun,B,2,22,31.15270000125747
yolov8_seg,FP32,comun,B,2,23,28.302299993811175
yolov8_seg,FP32,comun,B,2,24,28.098399998270907
yolov8_seg,FP32,comun,B,2,25,27.154399998835288
yolov8_seg,FP32,comun,B,2,26,24.53100000275299
yolov8_seg,FP32,comun,B,2,27,25.69740000035381
yolov8_seg,FP32,comun,B,2,28,25.328700001409743
yolov8_seg,FP32,comun,B,2,29,26.97230000194395
yolov8_seg,FP32,comun,B,2,30,26.271200003975537
yolov8_seg,FP32,comun,B,2,31,25.72909999435069
yolov8_seg,FP32,comun,B,2,32,27.33760000410257
yolov8_seg,FP32,comun,B,2,33,26.146299998799805
yolov8_seg,FP32,comun,B,2,34,26.808599999640137
yolov8_seg,FP32,comun,B,2,35,25.19870000105584
yolov8_seg,FP32,comun,B,2,36,29.199099997640587
yolov8_seg,FP32,comun,B,2,37,27.81179999874439
yolov8_seg,FP32,comun,B,2,38,27.595799998380244
yolov8_seg,FP32,comun,B,2,39,22.98270000028424
yolov8_seg,FP32,comun,B,2,40,28.211999997438397
yolov8_seg,FP32,comun,B,2,41,30.943599995225668
yolov8_seg,FP32,comun,B,2,42,35.75209999689832
yolov8_seg,FP32,comun,B,2,43,29.482300000381656
yolov8_seg,FP32,comun,B,2,44,25.300299996160902
yolov8_seg,FP32,comun,B,2,45,26.934800000162795
yolov8_seg,FP32,comun,B,2,46,33.74140000232728
yolov8_seg,FP32,comun,B,2,47,29.96030000213068
yolov8_seg,FP32,comun,B,2,48,36.82900000421796
yolov8_seg,FP32,comun,B,2,49,36.57039999961853
yolov8_seg,FP32,comun,B,2,50,27.94799999537645
yolov8_seg,FP32,comun,B,2,51,26.939399998809677
yolov8_seg,FP32,comun,B,2,52,24.254600000858773
yolov8_seg,FP32,comun,B,2,53,29.44450000359211
yolov8_seg,FP32,comun,B,2,54,27.21459999884246
yolov8_seg,FP32,comun,B,2,55,25.665299996035174
yolov8_seg,FP32,comun,B,2,56,26.832900002773385
yolov8_seg,FP32,comun,B,2,57,25.87340000172844
yolov8_seg,FP32,comun,B,2,58,25.936099998943973
yolov8_seg,FP32,comun,B,2,59,29.22250000119675
yolov8_seg,FP32,comun,B,2,60,29.23630000441335
yolov8_seg,FP32,comun,B,2,61,27.05679999780841
yolov8_seg,FP32,comun,B,2,62,29.512299995985813
yolov8_seg,FP32,comun,B,2,63,25.751200002559926
yolov8_seg,FP32,comun,B,2,64,27.186399995116517
yolov8_seg,FP32,comun,B,2,65,29.06030000303872
yolov8_seg,FP32,comun,B,2,66,26.230600000417326
yolov8_seg,FP32,comun,B,2,67,22.310300002573058
yolov8_seg,FP32,comun,B,2,68,28.925400001753587
yolov8_seg,FP32,comun,B,2,69,30.051300003833603
yolov8_seg,FP32,comun,B,2,70,26.022600002761465
yolov8_seg,FP32,comun,B,2,71,27.46610000031069
yolov8_seg,FP32,comun,B,2,72,25.430000001506414
yolov8_seg,FP32,comun,B,2,73,25.509999999485444
yolov8_seg,FP32,comun,B,2,74,24.655300003360026
yolov8_seg,FP32,comun,B,2,75,27.06620000390103
yolov8_seg,FP32,comun,B,2,76,24.19960000406718
yolov8_seg,FP32,comun,B,2,77,33.13039999920875
yolov8_seg,FP32,comun,B,2,78,26.75949999684235
yolov8_seg,FP32,comun,B,2,79,27.65229999931762
yolov8_seg,FP32,comun,B,2,80,29.879900001105852
yolov8_seg,FP32,comun,B,2,81,27.508400002261624
yolov8_seg,FP32,comun,B,2,82,29.49310000258265
yolov8_seg,FP32,comun,B,2,83,28.546900000947062
yolov8_seg,FP32,comun,B,2,84,31.25210000143852
yolov8_seg,FP32,comun,B,2,85,31.346299998403993
yolov8_seg,FP32,comun,B,2,86,29.249800005345605
yolov8_seg,FP32,comun,B,2,87,26.153899998462293
yolov8_seg,FP32,comun,B,2,88,30.45610000117449
yolov8_seg,FP32,comun,B,2,89,25.872199999867007
yolov8_seg,FP32,comun,B,2,90,24.655699999129865
yolov8_seg,FP32,comun,B,2,91,29.13300000363961
yolov8_seg,FP32,comun,B,2,92,30.64059999451274
yolov8_seg,FP32,comun,B,2,93,26.145900003029965
yolov8_seg,FP32,comun,B,2,94,26.838500001758803
yolov8_seg,FP32,comun,B,2,95,30.1952000008896
yolov8_seg,FP32,comun,B,2,96,27.75419999670703
yolov8_seg,FP32,comun,B,2,97,24.902500001189765
yolov8_seg,FP32,comun,B,2,98,27.620399996521883
yolov8_seg,FP32,comun,B,2,99,26.337100003729574
yolov8_seg,FP32,comun,B,2,100,28.352700006507803
yolov8_seg,FP32,comun,B,2,101,26.941399999486748
yolov8_seg,FP32,comun,B,2,102,26.0989000016707
yolov8_seg,FP32,comun,B,2,103,22.44869999412913
yolov8_seg,FP32,comun,B,2,104,25.190200001816265
yolov8_seg,FP32,comun,B,2,105,25.95459999429295
yolov8_seg,FP32,comun,B,2,106,26.649799998267554
yolov8_seg,FP32,comun,B,2,107,29.01239999482641
yolov8_seg,FP32,comun,B,2,108,28.93019999464741
yolov8_seg,FP32,comun,B,2,109,26.60199999809265
yolov8_seg,FP32,comun,B,2,110,28.690899998764507
yolov8_seg,FP32,comun,B,2,111,30.126999998174142
yolov8_seg,FP32,comun,B,2,112,25.913199999195058
yolov8_seg,FP32,comun,B,2,113,29.717400000663474
yolov8_seg,FP32,comun,B,2,114,30.750199999602046
yolov8_seg,FP32,comun,B,2,115,26.480699998501223
yolov8_seg,FP32,comun,B,2,116,31.82099999685306
yolov8_seg,FP32,comun,B,2,117,39.249800000106916
yolov8_seg,FP32,comun,B,2,118,25.452100002439693
yolov8_seg,FP32,comun,B,2,119,29.507300001569092
yolov8_seg,FP32,comun,B,2,120,26.21279999584658
yolov8_seg,FP32,comun,B,2,121,26.09680000023218
yolov8_seg,FP32,comun,B,2,122,26.44270000018878
yolov8_seg,FP32,comun,B,2,123,25.596200001018587
yolov8_seg,FP32,comun,B,2,124,34.4492000003811
yolov8_seg,FP32,comun,B,2,125,41.570599998522084
yolov8_seg,FP32,comun,B,2,126,33.891299994138535
yolov8_seg,FP32,comun,B,2,127,25.499600000330247
yolov8_seg,FP32,comun,B,2,128,30.50970000185771
yolov8_seg,FP32,comun,B,2,129,26.64270000241231
yolov8_seg,FP32,comun,B,2,130,26.2390999996569
yolov8_seg,FP32,comun,B,2,131,30.476699997961987
yolov8_seg,FP32,comun,B,2,132,31.18249999533873
yolov8_seg,FP32,comun,B,2,133,27.772300003562123
yolov8_seg,FP32,comun,B,2,134,25.359100000059698
yolov8_seg,FP32,comun,B,2,135,34.75669999897946
yolov8_seg,FP32,comun,B,2,136,35.29279999929713
yolov8_seg,FP32,comun,B,2,137,25.604499998735264
yolov8_seg,FP32,comun,B,2,138,24.301200006448198
yolov8_seg,FP32,comun,B,2,139,27.921599998080637
yolov8_seg,FP32,comun,B,2,140,28.020700003253296
yolov8_seg,FP32,comun,B,2,141,26.90969999821391
yolov8_seg,FP32,comun,B,2,142,25.5881999983103
yolov8_seg,FP32,comun,B,2,143,24.437799998850096
yolov8_seg,FP32,comun,B,2,144,28.43179999763379
yolov8_seg,FP32,comun,B,2,145,28.30510000057984
yolov8_seg,FP32,comun,B,2,146,27.117900004668627
yolov8_seg,FP32,comun,B,2,147,25.814000000536907
yolov8_seg,FP32,comun,B,2,148,27.380100000300445
yolov8_seg,FP32,comun,B,2,149,26.627499995811377
yolov8_seg,FP32,comun,B,2,150,27.143199993588496
yolov8_seg,FP32,comun,B,2,151,29.135700002370868
yolov8_seg,FP32,comun,B,2,152,28.725500000291504
yolov8_seg,FP32,comun,B,2,153,28.007599998090882
yolov8_seg,FP32,comun,B,2,154,24.454899998090696
yolov8_seg,FP32,comun,B,2,155,24.036499999056105
yolov8_seg,FP32,comun,B,2,156,28.536799996800255
yolov8_seg,FP32,comun,B,2,157,30.617100004747044
yolov8_seg,FP32,comun,B,2,158,28.175200000987388
yolov8_seg,FP32,comun,B,2,159,28.20600000268314
yolov8_seg,FP32,comun,B,2,160,25.313699996331707
yolov8_seg,FP32,comun,B,2,161,26.586699998006225
yolov8_seg,FP32,comun,B,2,162,31.41909999976633
yolov8_seg,FP32,comun,B,2,163,26.023200000054203
yolov8_seg,FP32,comun,B,2,164,29.05050000117626
yolov8_seg,FP32,comun,B,2,165,35.39189999719383
yolov8_seg,FP32,comun,B,2,166,24.527499997930136
yolov8_seg,FP32,comun,B,2,167,30.119100003503263
yolov8_seg,FP32,comun,B,2,168,28.116199995565694
yolov8_seg,FP32,comun,B,2,169,27.30580000206828
yolov8_seg,FP32,comun,B,2,170,24.720599998545367
yolov8_seg,FP32,comun,B,2,171,27.58439999888651
yolov8_seg,FP32,comun,B,2,172,31.405200003064238
yolov8_seg,FP32,comun,B,2,173,29.211900000518654
yolov8_seg,FP32,comun,B,2,174,27.76140000059968
yolov8_seg,FP32,comun,B,2,175,27.225599995290395
yolov8_seg,FP32,comun,B,2,176,28.643000005104113
yolov8_seg,FP32,comun,B,2,177,27.891199999430683
yolov8_seg,FP32,comun,B,2,178,27.073299999756273
yolov8_seg,FP32,comun,B,2,179,28.098800001316704
yolov8_seg,FP32,comun,B,2,180,28.139999994891696
yolov8_seg,FP32,comun,B,2,181,26.599299999361392
yolov8_seg,FP32,comun,B,2,182,27.053000005253125
yolov8_seg,FP32,comun,B,2,183,27.374799996323418
yolov8_seg,FP32,comun,B,2,184,27.622699999483302
yolov8_seg,FP32,comun,B,2,185,30.66930000204593
yolov8_seg,FP32,comun,B,2,186,28.58350000315113
yolov8_seg,FP32,comun,B,2,187,42.726699997729156
yolov8_seg,FP32,comun,B,2,188,27.123899999423884
yolov8_seg,FP32,comun,B,2,189,27.938699997321237
yolov8_seg,FP32,comun,B,2,190,28.751799996825866
yolov8_seg,FP32,comun,B,2,191,24.39569999842206
yolov8_seg,FP32,comun,B,2,192,28.253500000573695
yolov8_seg,FP32,comun,B,2,193,24.519799997506198
yolov8_seg,FP32,comun,B,2,194,27.05049999349285
yolov8_seg,FP32,comun,B,2,195,29.17810000508325
yolov8_seg,FP32,comun,B,2,196,30.104400000709575
yolov8_seg,FP32,comun,B,2,197,28.042100006132387
yolov8_seg,FP32,comun,B,2,198,35.49589999602176
yolov8_seg,FP32,comun,B,2,199,27.455100003862754
yolov8_seg,FP32,comun,B,2,200,29.43550000054529
yolov8_seg,FP32,comun,B,2,201,26.9239999979618
yolov8_seg,FP32,comun,B,2,202,26.74490000208607
yolov8_seg,FP32,comun,B,2,203,30.711300001712516
yolov8_seg,FP32,comun,B,2,204,32.446899997012224
yolov8_seg,FP32,comun,B,2,205,27.888100004929584
yolov8_seg,FP32,comun,B,2,206,29.66240000387188
yolov8_seg,FP32,comun,B,2,207,25.473800000327174
yolov8_seg,FP32,comun,B,2,208,29.260199997224845
yolov8_seg,FP32,comun,B,2,209,31.04199999506818
yolov8_seg,FP32,comun,B,2,210,29.761099998722784
yolov8_seg,FP32,comun,B,2,211,28.29310000379337
yolov8_seg,FP32,comun,B,2,212,24.766999995335937
yolov8_seg,FP32,comun,B,2,213,27.82360000128392
yolov8_seg,FP32,comun,B,2,214,30.851499999698717
yolov8_seg,FP32,comun,B,2,215,27.639099993393756
yolov8_seg,FP32,comun,B,2,216,28.46720000525238
yolov8_seg,FP32,comun,B,2,217,33.94020000268938
yolov8_seg,FP32,comun,B,2,218,28.858300000138115
yolov8_seg,FP32,comun,B,2,219,28.540999999677297
yolov8_seg,FP32,comun,B,2,220,28.15559999726247
yolov8_seg,FP32,comun,B,2,221,26.23689999745693
yolov8_seg,FP32,comun,B,2,222,29.172400005336385
yolov8_seg,FP32,comun,B,2,223,29.388700000708923
yolov8_seg,FP32,comun,B,2,224,28.836099998443387
yolov8_seg,FP32,comun,B,2,225,29.53210000123363
yolov8_seg,FP32,comun,B,2,226,27.783799996541347
yolov8_seg,FP32,comun,B,2,227,27.78779999789549
yolov8_seg,FP32,comun,B,2,228,26.052899993374012
yolov8_seg,FP32,comun,B,2,229,25.496199996268842
yolov8_seg,FP32,comun,B,2,230,34.017099998891354
yolov8_seg,FP32,comun,B,2,231,32.41420000267681
yolov8_seg,FP32,comun,B,2,232,29.12590000050841
yolov8_seg,FP32,comun,B,2,233,25.682800005597528
yolov8_seg,FP32,comun,B,2,234,32.050199995865114
yolov8_seg,FP32,comun,B,2,235,29.211300003225915
yolov8_seg,FP32,comun,B,2,236,22.025300000677817
yolov8_seg,FP32,comun,B,2,237,29.363100002228748
yolov8_seg,FP32,comun,B,2,238,26.722299997345544
yolov8_seg,FP32,comun,B,2,239,28.22369999921648
yolov8_seg,FP32,comun,B,2,240,28.41880000050878
yolov8_seg,FP32,comun,B,2,241,26.361900003394112
yolov8_seg,FP32,comun,B,2,242,30.56250000372529
yolov8_seg,FP32,comun,B,2,243,30.995200002507772
yolov8_seg,FP32,comun,B,2,244,32.16179999435553
yolov8_seg,FP32,comun,B,2,245,28.263599997444544
yolov8_seg,FP32,comun,B,2,246,22.085600001446437
yolov8_seg,FP32,comun,B,2,247,27.111000003060326
yolov8_seg,FP32,comun,B,2,248,22.63659999880474
yolov8_seg,FP32,comun,B,2,249,28.630600005271845
yolov8_seg,FP32,comun,B,2,250,25.212799999280833
yolov8_seg,FP32,comun,B,2,251,29.40600000147242
yolov8_seg,FP32,comun,B,2,252,26.76390000124229
yolov8_seg,FP32,comun,B,2,253,23.450900000170805
yolov8_seg,FP32,comun,B,2,254,24.561099999118596
yolov8_seg,FP32,comun,B,2,255,27.075999998487532
yolov8_seg,FP32,comun,B,2,256,30.152799998177215
yolov8_seg,FP32,comun,B,2,257,30.51460000278894
yolov8_seg,FP32,comun,B,2,258,26.63600000232691
yolov8_seg,FP32,comun,B,2,259,29.907700001785997
yolov8_seg,FP32,comun,B,2,260,26.155799998377915
yolov8_seg,FP32,comun,B,2,261,25.540400005411357
yolov8_seg,FP32,comun,B,2,262,28.590499998244923
yolov8_seg,FP32,comun,B,2,263,38.793399995483924
yolov8_seg,FP32,comun,B,2,264,29.155900003388524
yolov8_seg,FP32,comun,B,2,265,27.783700003055856
yolov8_seg,FP32,comun,B,2,266,29.30900000501424
yolov8_seg,FP32,comun,B,2,267,27.2149999946123
yolov8_seg,FP32,comun,B,2,268,27.414600001065992
yolov8_seg,FP32,comun,B,2,269,24.10539999982575
yolov8_seg,FP32,comun,B,2,270,25.80570000282023
yolov8_seg,FP32,comun,B,2,271,25.120999998762272
yolov8_seg,FP32,comun,B,2,272,27.378599996154662
yolov8_seg,FP32,comun,B,2,273,25.08490000036545
yolov8_seg,FP32,comun,B,2,274,28.380800002196338
yolov8_seg,FP32,comun,B,2,275,29.440700003760867
yolov8_seg,FP32,comun,B,2,276,32.45040000183508
yolov8_seg,FP32,comun,B,2,277,27.469299995573238
yolov8_seg,FP32,comun,B,2,278,27.836500004923437
yolov8_seg,FP32,comun,B,2,279,26.824000000488013
yolov8_seg,FP32,comun,B,2,280,27.186700004676823
yolov8_seg,FP32,comun,B,2,281,27.03240000118967
yolov8_seg,FP32,comun,B,2,282,30.397299997275695
yolov8_seg,FP32,comun,B,2,283,26.978100002452265
yolov8_seg,FP32,comun,B,2,284,41.74580000108108
yolov8_seg,FP32,comun,B,2,285,38.68660000443924
yolov8_seg,FP32,comun,B,2,286,36.48879999673227
yolov8_seg,FP32,comun,B,2,287,28.096399997593835
yolov8_seg,FP32,comun,B,2,288,22.299100004602224
yolov8_seg,FP32,comun,B,2,289,29.345000002649613
yolov8_seg,FP32,comun,B,2,290,26.436499996634666
yolov8_seg,FP32,comun,B,2,291,31.764599996677134
yolov8_seg,FP32,comun,B,2,292,29.840999995940365
yolov8_seg,FP32,comun,B,2,293,31.195700001262594
yolov8_seg,FP32,comun,B,2,294,30.922600002668332
yolov8_seg,FP32,comun,B,2,295,27.423599996836856
yolov8_seg,FP32,comun,B,2,296,29.63659999659285
yolov8_seg,FP32,comun,B,2,297,35.55330000381218
yolov8_seg,FP32,comun,B,2,298,26.307799998903647
yolov8_seg,FP32,comun,B,2,299,26.279099998646416
yolov8_seg,FP32,comun,B,2,300,29.054999999061693
yolov8_seg,FP32,comun,B,2,301,27.13709999807179
yolov8_seg,FP32,comun,B,2,302,25.4653000010876
yolov8_seg,FP32,comun,B,2,303,31.001399998785928
yolov8_seg,FP32,comun,B,2,304,27.283999996143393
yolov8_seg,FP32,comun,B,2,305,27.471200002764817
yolov8_seg,FP32,comun,B,2,306,26.900300006673206
yolov8_seg,FP32,comun,B,2,307,29.94050000415882
yolov8_seg,FP32,comun,B,2,308,28.32460000354331
yolov8_seg,FP32,comun,B,2,309,27.98159999656491
yolov8_seg,FP32,comun,B,2,310,22.833999995782506
yolov8_seg,FP32,comun,B,2,311,31.29869999975199
yolov8_seg,FP32,comun,B,2,312,30.399600000237115
yolov8_seg,FP32,comun,B,2,313,27.72430000186432
yolov8_seg,FP32,comun,B,2,314,29.189599998062477
yolov8_seg,FP32,comun,B,2,315,26.490000003832392
yolov8_seg,FP32,comun,B,2,316,29.90430000500055
yolov8_seg,FP32,comun,B,2,317,30.254700002842583
yolov8_seg,FP32,comun,B,2,318,27.408800000557676
yolov8_seg,FP32,comun,B,2,319,30.813199999101926
yolov8_seg,FP32,comun,B,2,320,27.551200000743847
yolov8_seg,FP32,comun,B,2,321,28.80149999691639
yolov8_seg,FP32,comun,B,2,322,28.633900001295842
yolov8_seg,FP32,comun,B,2,323,26.968199999828357
yolov8_seg,FP32,comun,B,2,324,29.818900002283044
yolov8_seg,FP32,comun,B,2,325,26.178499996603932
yolov8_seg,FP32,comun,B,2,326,29.059000000415836
yolov8_seg,FP32,comun,B,2,327,27.747899999667425
yolov8_seg,FP32,comun,B,2,328,29.519399999117013
yolov8_seg,FP32,comun,B,2,329,29.122799998731352
yolov8_seg,FP32,comun,B,2,330,30.995599998277612
yolov8_seg,FP32,comun,B,2,331,30.682399999932386
yolov8_seg,FP32,comun,B,2,332,27.387699999962933
yolov8_seg,FP32,comun,B,2,333,28.308599998126738
yolov8_seg,FP32,comun,B,2,334,29.197199997724965
yolov8_seg,FP32,comun,B,2,335,27.61659999669064
yolov8_seg,FP32,comun,B,2,336,30.3256000042893
yolov8_seg,FP32,comun,B,2,337,25.616599996283185
yolov8_seg,FP32,comun,B,2,338,25.22750000207452
yolov8_seg,FP32,comun,B,2,339,29.339000000618398
yolov8_seg,FP32,comun,B,2,340,27.4416000029305
yolov8_seg,FP32,comun,B,2,341,34.454499997082166
yolov8_seg,FP32,comun,B,2,342,30.33730000606738
yolov8_seg,FP32,comun,B,2,343,28.556299999763723
yolov8_seg,FP32,comun,B,2,344,27.947500006121118
yolov8_seg,FP32,comun,B,2,345,30.731499995454215
yolov8_seg,FP32,comun,B,2,346,41.6001999983564
yolov8_seg,FP32,comun,B,2,347,27.16599999985192
yolov8_seg,FP32,comun,B,2,348,31.06909999769414
yolov8_seg,FP32,comun,B,2,349,28.76249999826541
yolov8_seg,FP32,comun,B,2,350,32.72760000254493
yolov8_seg,FP32,comun,B,2,351,29.917599997133948
yolov8_seg,FP32,comun,B,2,352,25.028399999428075
yolov8_seg,FP32,comun,B,2,353,29.402400003164075
yolov8_seg,FP32,comun,B,2,354,27.053300000261515
yolov8_seg,FP32,comun,B,2,355,25.672000003396533
yolov8_seg,FP32,comun,B,2,356,26.322900004743133
yolov8_seg,FP32,comun,B,2,357,31.14800000184914
yolov8_seg,FP32,comun,B,2,358,25.40440000302624
yolov8_seg,FP32,comun,B,2,359,27.845599994179793
yolov8_seg,FP32,comun,B,2,360,24.677000001247507
yolov8_seg,FP32,comun,B,2,361,38.56229999655625
yolov8_seg,FP32,comun,B,2,362,28.156799999123905
yolov8_seg,FP32,comun,B,2,363,27.295799998682924
yolov8_seg,FP32,comun,B,2,364,29.28780000365805
yolov8_seg,FP32,comun,B,2,365,35.89639999700012
yolov8_seg,FP32,comun,B,2,366,28.042500001902226
yolov8_seg,FP32,comun,B,2,367,34.37799999665003
yolov8_seg,FP32,comun,B,2,368,30.034499999601394
yolov8_seg,FP32,comun,B,2,369,34.15749999840045
yolov8_seg,FP32,comun,B,2,370,32.39920000487473
yolov8_seg,FP32,comun,B,2,371,38.57379999681143
yolov8_seg,FP32,comun,B,2,372,27.4656000037794
yolov8_seg,FP32,comun,B,2,373,29.286000004503876
mask_rcnn,FP32,comun,A,0,0,1567.003800002567
mask_rcnn,FP32,comun,A,0,1,1576.2379000007058
mask_rcnn,FP32,comun,A,0,2,1570.688699997845
mask_rcnn,FP32,comun,A,0,3,1588.3964999957243
mask_rcnn,FP32,comun,A,0,4,1562.9883000001428
mask_rcnn,FP32,comun,A,0,5,1602.1827000004123
mask_rcnn,FP32,comun,A,0,6,1572.0793999935267
mask_rcnn,FP32,comun,A,0,7,1571.0060000055819
mask_rcnn,FP32,comun,A,0,8,1558.3927999978187
mask_rcnn,FP32,comun,A,0,9,1442.1361999993678
mask_rcnn,FP32,comun,A,0,10,1468.8034999999218
mask_rcnn,FP32,comun,A,0,11,1564.166899996053
mask_rcnn,FP32,comun,A,0,12,1596.7258000018774
mask_rcnn,FP32,comun,A,0,13,1570.9781999976258
mask_rcnn,FP32,comun,A,0,14,1522.8311000028043
mask_rcnn,FP32,comun,A,0,15,1561.4743000041926
mask_rcnn,FP32,comun,A,0,16,1568.2041999971261
mask_rcnn,FP32,comun,A,0,17,1603.7044999975478
mask_rcnn,FP32,comun,A,0,18,1562.9988000000594
mask_rcnn,FP32,comun,A,0,19,1560.3805999999167
mask_rcnn,FP32,comun,A,0,20,1560.8692000023439
mask_rcnn,FP32,comun,A,0,21,1530.2298000024166
mask_rcnn,FP32,comun,A,0,22,1575.550599998678
mask_rcnn,FP32,comun,A,0,23,1560.9647999954177
mask_rcnn,FP32,comun,A,0,24,1563.9796999967075
mask_rcnn,FP32,comun,A,0,25,1439.0729000006104
mask_rcnn,FP32,comun,A,0,26,1567.325099997106
mask_rcnn,FP32,comun,A,0,27,1563.545899996825
mask_rcnn,FP32,comun,A,0,28,1507.1141000007628
mask_rcnn,FP32,comun,A,0,29,1559.4617999959155
mask_rcnn,FP32,comun,A,0,30,1565.2420000042184
mask_rcnn,FP32,comun,A,0,31,1567.1564000003855
mask_rcnn,FP32,comun,A,0,32,1571.2846000024
mask_rcnn,FP32,comun,A,0,33,1564.1770000001998
mask_rcnn,FP32,comun,A,0,34,1427.4587999971118
mask_rcnn,FP32,comun,A,0,35,1566.0276999988127
mask_rcnn,FP32,comun,A,0,36,1585.1213999994798
mask_rcnn,FP32,comun,A,0,37,1436.9192000012845
mask_rcnn,FP32,comun,A,0,38,1572.759099995892
mask_rcnn,FP32,comun,A,0,39,1553.267399998731
mask_rcnn,FP32,comun,A,0,40,1561.9305000000168
mask_rcnn,FP32,comun,A,0,41,1583.8751000046614
mask_rcnn,FP32,comun,A,0,42,1565.782700003183
mask_rcnn,FP32,comun,A,0,43,1573.121600005834
mask_rcnn,FP32,comun,A,0,44,1563.1955999997444
mask_rcnn,FP32,comun,A,0,45,1536.9212000005064
mask_rcnn,FP32,comun,A,0,46,1555.865399997856
mask_rcnn,FP32,comun,A,0,47,1415.73910000443
mask_rcnn,FP32,comun,A,0,48,1555.6938000008813
mask_rcnn,FP32,comun,A,0,49,1410.2129000020796
mask_rcnn,FP32,comun,A,0,50,1566.387200000463
mask_rcnn,FP32,comun,A,0,51,1495.7246000049054
mask_rcnn,FP32,comun,A,0,52,1511.7470999975922
mask_rcnn,FP32,comun,A,0,53,1566.1898999969708
mask_rcnn,FP32,comun,A,0,54,1538.165600002685
mask_rcnn,FP32,comun,A,0,55,1540.2345999973477
mask_rcnn,FP32,comun,A,0,56,1541.9688999973005
mask_rcnn,FP32,comun,A,0,57,1583.961199998157
mask_rcnn,FP32,comun,A,0,58,1536.7114000036963
mask_rcnn,FP32,comun,A,0,59,1407.4429999964195
mask_rcnn,FP32,comun,A,0,60,1407.8242999967188
mask_rcnn,FP32,comun,A,0,61,1539.9771000011242
mask_rcnn,FP32,comun,A,0,62,1417.1930999946198
mask_rcnn,FP32,comun,A,0,63,1552.7516000001924
mask_rcnn,FP32,comun,A,0,64,1561.7521999956807
mask_rcnn,FP32,comun,A,0,65,1546.3203999970574
mask_rcnn,FP32,comun,A,0,66,1543.7146999975084
mask_rcnn,FP32,comun,A,0,67,1541.58379999717
mask_rcnn,FP32,comun,A,0,68,1550.9595000039553
mask_rcnn,FP32,comun,A,0,69,1406.9650000019465
mask_rcnn,FP32,comun,A,0,70,1526.7032000047038
mask_rcnn,FP32,comun,A,0,71,1495.302700001048
mask_rcnn,FP32,comun,A,0,72,1546.5299999996205
mask_rcnn,FP32,comun,A,0,73,1543.005899999116
mask_rcnn,FP32,comun,A,0,74,1539.8360999970464
mask_rcnn,FP32,comun,A,0,75,1532.1158000006108
mask_rcnn,FP32,comun,A,0,76,1535.9879000025103
mask_rcnn,FP32,comun,A,0,77,1182.4730999942403
mask_rcnn,FP32,comun,A,0,78,1558.9034000004176
mask_rcnn,FP32,comun,A,0,79,1545.6556999997701
mask_rcnn,FP32,comun,A,0,80,1432.8999999997905
mask_rcnn,FP32,comun,A,0,81,1548.5173999986728
mask_rcnn,FP32,comun,A,0,82,1542.614699996193
mask_rcnn,FP32,comun,A,0,83,1540.1620000047842
mask_rcnn,FP32,comun,A,0,84,1551.7181999966851
mask_rcnn,FP32,comun,A,0,85,1573.1117999966955
mask_rcnn,FP32,comun,A,0,86,1537.8295999980764
mask_rcnn,FP32,comun,A,0,87,1536.2259000030463
mask_rcnn,FP32,comun,A,0,88,1556.743599998299
mask_rcnn,FP32,comun,A,0,89,1530.6348000012804
mask_rcnn,FP32,comun,A,0,90,1482.2525999989011
mask_rcnn,FP32,comun,A,0,91,1545.099000002665
mask_rcnn,FP32,comun,A,0,92,1554.0863999995054
mask_rcnn,FP32,comun,A,0,93,1538.032699994801
mask_rcnn,FP32,comun,A,0,94,1547.153100000287
mask_rcnn,FP32,comun,A,0,95,1429.0847000011127
mask_rcnn,FP32,comun,A,0,96,1546.0431999963475
mask_rcnn,FP32,comun,A,0,97,1534.304400003748
mask_rcnn,FP32,comun,A,0,98,1470.1324999987264
mask_rcnn,FP32,comun,A,0,99,1538.6739000023226
mask_rcnn,FP32,comun,A,0,100,1403.0975999994553
mask_rcnn,FP32,comun,A,0,101,1544.7280000007595
mask_rcnn,FP32,comun,A,0,102,1553.9506999994046
mask_rcnn,FP32,comun,A,0,103,1534.7013999999035
mask_rcnn,FP32,comun,A,0,104,1521.5937000029953
mask_rcnn,FP32,comun,A,0,105,1531.6318000041065
mask_rcnn,FP32,comun,A,0,106,1530.724199998076
mask_rcnn,FP32,comun,A,0,107,1563.470300003246
mask_rcnn,FP32,comun,A,0,108,1403.5304999997607
mask_rcnn,FP32,comun,A,0,109,1535.9902999989572
mask_rcnn,FP32,comun,A,0,110,1407.1603000047617
mask_rcnn,FP32,comun,A,0,111,1548.4234999967157
mask_rcnn,FP32,comun,A,0,112,1540.9010000003036
mask_rcnn,FP32,comun,A,0,113,1403.8263999973424
mask_rcnn,FP32,comun,A,0,114,1557.1566999933566
mask_rcnn,FP32,comun,A,0,115,1550.1896999994642
mask_rcnn,FP32,comun,A,0,116,1539.091599996027
mask_rcnn,FP32,comun,A,0,117,1562.7815999978338
mask_rcnn,FP32,comun,A,0,118,1555.8694999999716
mask_rcnn,FP32,comun,A,0,119,1533.2331000026898
mask_rcnn,FP32,comun,A,0,120,1543.8839999987977
mask_rcnn,FP32,comun,A,0,121,1542.7007999969646
mask_rcnn,FP32,comun,A,0,122,1543.8043999965885
mask_rcnn,FP32,comun,A,0,123,1538.9026999982889
mask_rcnn,FP32,comun,A,0,124,1560.260099999141
mask_rcnn,FP32,comun,A,0,125,1555.391599998984
mask_rcnn,FP32,comun,A,0,126,1537.2449999995297
mask_rcnn,FP32,comun,A,0,127,1545.8240000007208
mask_rcnn,FP32,comun,A,0,128,1553.442799995537
mask_rcnn,FP32,comun,A,0,129,1545.38109999703
mask_rcnn,FP32,comun,A,0,130,1538.808599994809
mask_rcnn,FP32,comun,A,0,131,1539.8819000038202
mask_rcnn,FP32,comun,A,0,132,1413.0870000008144
mask_rcnn,FP32,comun,A,0,133,1402.8660000039963
mask_rcnn,FP32,comun,A,0,134,1550.9945000012522
mask_rcnn,FP32,comun,A,0,135,1560.0655999951414
mask_rcnn,FP32,comun,A,0,136,1399.3313000028138
mask_rcnn,FP32,comun,A,0,137,1536.1178999955882
mask_rcnn,FP32,comun,A,0,138,1550.3726999959326
mask_rcnn,FP32,comun,A,0,139,1546.679300001415
mask_rcnn,FP32,comun,A,0,140,1544.7547999938251
mask_rcnn,FP32,comun,A,0,141,1540.5527999973856
mask_rcnn,FP32,comun,A,0,142,1547.11849999876
mask_rcnn,FP32,comun,A,0,143,1538.1756000060705
mask_rcnn,FP32,comun,A,0,144,1543.8522999975248
mask_rcnn,FP32,comun,A,0,145,1410.258400006569
mask_rcnn,FP32,comun,A,0,146,1540.8793999959016
mask_rcnn,FP32,comun,A,0,147,1543.2671000016853
mask_rcnn,FP32,comun,A,0,148,1549.4143000032636
mask_rcnn,FP32,comun,A,0,149,1537.3571000018273
mask_rcnn,FP32,comun,A,0,150,1541.9867000018712
mask_rcnn,FP32,comun,A,0,151,1547.2659000006388
mask_rcnn,FP32,comun,A,0,152,1558.2759000026272
mask_rcnn,FP32,comun,A,0,153,1540.3206999981194
mask_rcnn,FP32,comun,A,0,154,1541.4458000013838
mask_rcnn,FP32,comun,A,0,155,1541.9336999984807
mask_rcnn,FP32,comun,A,0,156,1405.0523000041721
mask_rcnn,FP32,comun,A,0,157,1419.462099998782
mask_rcnn,FP32,comun,A,0,158,1550.3917999958503
mask_rcnn,FP32,comun,A,0,159,1543.209499999648
mask_rcnn,FP32,comun,A,0,160,1540.674099996977
mask_rcnn,FP32,comun,A,0,161,1552.0171000025584
mask_rcnn,FP32,comun,A,0,162,1513.3962999971118
mask_rcnn,FP32,comun,A,0,163,1546.7295999987982
mask_rcnn,FP32,comun,A,0,164,1539.0612999981386
mask_rcnn,FP32,comun,A,0,165,1542.2256999954698
mask_rcnn,FP32,comun,A,0,166,1541.568799999368
mask_rcnn,FP32,comun,A,0,167,1402.9028999939328
mask_rcnn,FP32,comun,A,0,168,1549.3924000038533
mask_rcnn,FP32,comun,A,0,169,1558.4575000029872
mask_rcnn,FP32,comun,A,0,170,1552.852200002235
mask_rcnn,FP32,comun,A,0,171,1409.8718999957782
mask_rcnn,FP32,comun,A,0,172,1412.0773000031477
mask_rcnn,FP32,comun,A,0,173,1406.2195000005886
mask_rcnn,FP32,comun,A,0,174,1546.6702999983681
mask_rcnn,FP32,comun,A,0,175,1555.2029000027687
mask_rcnn,FP32,comun,A,0,176,1550.5876000024728
mask_rcnn,FP32,comun,A,0,177,1537.707000003138
mask_rcnn,FP32,comun,A,0,178,1535.9825999985333
mask_rcnn,FP32,comun,A,0,179,1545.7634999984293
mask_rcnn,FP32,comun,A,0,180,1549.2084999932558
mask_rcnn,FP32,comun,A,0,181,1539.5499000005657
mask_rcnn,FP32,comun,A,0,182,1357.3917999965488
mask_rcnn,FP32,comun,A,0,183,1585.6287999995402
mask_rcnn,FP32,comun,A,0,184,1542.461800003366
mask_rcnn,FP32,comun,A,0,185,1574.2438000015682
mask_rcnn,FP32,comun,A,0,186,1542.9177999976673
mask_rcnn,FP32,comun,A,0,187,1189.950799998769
mask_rcnn,FP32,comun,A,0,188,1540.2246999947238
mask_rcnn,FP32,comun,A,0,189,1505.6696999963606
mask_rcnn,FP32,comun,A,0,190,1413.1111999959103
mask_rcnn,FP32,comun,A,0,191,1537.3596999997972
mask_rcnn,FP32,comun,A,0,192,1549.2043999984162
mask_rcnn,FP32,comun,A,0,193,1554.0043999935733
mask_rcnn,FP32,comun,A,0,194,1549.2744000002858
mask_rcnn,FP32,comun,A,0,195,1548.491900000954
mask_rcnn,FP32,comun,A,0,196,1408.8093999962439
mask_rcnn,FP32,comun,A,0,197,1399.0963000032934
mask_rcnn,FP32,comun,A,0,198,1431.9748000052641
mask_rcnn,FP32,comun,A,0,199,1550.307800003793
mask_rcnn,FP32,comun,A,0,200,1566.414299995813
mask_rcnn,FP32,comun,A,0,201,1551.4442999992752
mask_rcnn,FP32,comun,A,0,202,1535.6909000038286
mask_rcnn,FP32,comun,A,0,203,1467.7013999971678
mask_rcnn,FP32,comun,A,0,204,1402.4640999996336
mask_rcnn,FP32,comun,A,0,205,1539.8563999988255
mask_rcnn,FP32,comun,A,0,206,1580.9676999997464
mask_rcnn,FP32,comun,A,0,207,1500.1390000034007
mask_rcnn,FP32,comun,A,0,208,1578.528299993195
mask_rcnn,FP32,comun,A,0,209,1444.5801000038045
mask_rcnn,FP32,comun,A,0,210,1408.791800000472
mask_rcnn,FP32,comun,A,0,211,1546.4176000023144
mask_rcnn,FP32,comun,A,0,212,1537.4837999988813
mask_rcnn,FP32,comun,A,0,213,1536.3500000021304
mask_rcnn,FP32,comun,A,0,214,1557.0201000009547
mask_rcnn,FP32,comun,A,0,215,1545.483100002457
mask_rcnn,FP32,comun,A,0,216,1401.6888000041945
mask_rcnn,FP32,comun,A,0,217,1407.7840000027209
mask_rcnn,FP32,comun,A,0,218,1549.1334999969695
mask_rcnn,FP32,comun,A,0,219,1545.669999999518
mask_rcnn,FP32,comun,A,0,220,1541.502499996568
mask_rcnn,FP32,comun,A,0,221,1538.452699998743
mask_rcnn,FP32,comun,A,0,222,1410.6916999953683
mask_rcnn,FP32,comun,A,0,223,1537.9048999966471
mask_rcnn,FP32,comun,A,0,224,1543.2457999995677
mask_rcnn,FP32,comun,A,0,225,1411.7743000024348
mask_rcnn,FP32,comun,A,0,226,1554.5703000025242
mask_rcnn,FP32,comun,A,0,227,1544.0511999986484
mask_rcnn,FP32,comun,A,0,228,1407.584600005066
mask_rcnn,FP32,comun,A,0,229,1541.7537999965134
mask_rcnn,FP32,comun,A,0,230,1235.7732000018586
mask_rcnn,FP32,comun,A,0,231,1200.5423000009614
mask_rcnn,FP32,comun,A,0,232,1552.9023999988567
mask_rcnn,FP32,comun,A,0,233,1520.9900999980164
mask_rcnn,FP32,comun,A,0,234,1502.0386000032886
mask_rcnn,FP32,comun,A,0,235,1543.4184999976424
mask_rcnn,FP32,comun,A,0,236,1495.342600006552
mask_rcnn,FP32,comun,A,0,237,1551.6570999971009
mask_rcnn,FP32,comun,A,0,238,1543.1756999969366
mask_rcnn,FP32,comun,A,0,239,1541.5634000019054
mask_rcnn,FP32,comun,A,0,240,1551.998700000695
mask_rcnn,FP32,comun,A,0,241,1500.5701999980374
mask_rcnn,FP32,comun,A,0,242,1571.435100006056
mask_rcnn,FP32,comun,A,0,243,1406.9447000001674
mask_rcnn,FP32,comun,A,0,244,1316.463900002418
mask_rcnn,FP32,comun,A,0,245,1555.9573999998975
mask_rcnn,FP32,comun,A,0,246,1543.7757999970927
mask_rcnn,FP32,comun,A,0,247,1544.1606000022148
mask_rcnn,FP32,comun,A,0,248,1346.5359000038006
mask_rcnn,FP32,comun,A,0,249,1535.879399998521
mask_rcnn,FP32,comun,A,0,250,1546.252899999672
mask_rcnn,FP32,comun,A,0,251,1511.4202000040677
mask_rcnn,FP32,comun,A,0,252,1554.392400001234
mask_rcnn,FP32,comun,A,0,253,1333.9612999989185
mask_rcnn,FP32,comun,A,0,254,1547.7361000012024
mask_rcnn,FP32,comun,A,0,255,1535.461799998302
mask_rcnn,FP32,comun,A,0,256,1539.9055000016233
mask_rcnn,FP32,comun,A,0,257,1551.068299995677
mask_rcnn,FP32,comun,A,0,258,1548.114400000486
mask_rcnn,FP32,comun,A,0,259,1415.0241000024835
mask_rcnn,FP32,comun,A,0,260,1538.951000002271
mask_rcnn,FP32,comun,A,0,261,1537.154500001634
mask_rcnn,FP32,comun,A,0,262,1552.7004999967176
mask_rcnn,FP32,comun,A,0,263,1533.8312000021688
mask_rcnn,FP32,comun,A,0,264,1555.3436999980477
mask_rcnn,FP32,comun,A,0,265,1519.2829000006896
mask_rcnn,FP32,comun,A,0,266,1518.5840999984066
mask_rcnn,FP32,comun,A,0,267,1404.8821999967913
mask_rcnn,FP32,comun,A,0,268,1540.4976999998325
mask_rcnn,FP32,comun,A,0,269,1539.6761999945738
mask_rcnn,FP32,comun,A,0,270,1539.1918000022997
mask_rcnn,FP32,comun,A,0,271,1545.5072000040673
mask_rcnn,FP32,comun,A,0,272,1548.0218000011519
mask_rcnn,FP32,comun,A,0,273,1543.7617999996291
mask_rcnn,FP32,comun,A,0,274,1550.9059999967576
mask_rcnn,FP32,comun,A,0,275,1557.2653999988688
mask_rcnn,FP32,comun,A,0,276,1541.7624000037904
mask_rcnn,FP32,comun,A,0,277,1543.245000000752
mask_rcnn,FP32,comun,A,0,278,1543.5008999993443
mask_rcnn,FP32,comun,A,0,279,1541.328599996632
mask_rcnn,FP32,comun,A,0,280,1533.28429999965
mask_rcnn,FP32,comun,A,0,281,1551.5760999987833
mask_rcnn,FP32,comun,A,0,282,1397.7081000048202
mask_rcnn,FP32,comun,A,0,283,1531.308200006606
mask_rcnn,FP32,comun,A,0,284,1532.0126000005985
mask_rcnn,FP32,comun,A,0,285,1531.863500000327
mask_rcnn,FP32,comun,A,0,286,1554.6590000012657
mask_rcnn,FP32,comun,A,0,287,1534.1633999996702
mask_rcnn,FP32,comun,A,0,288,1507.8596999956062
mask_rcnn,FP32,comun,A,0,289,1544.8466000016197
mask_rcnn,FP32,comun,A,0,290,1535.264799997094
mask_rcnn,FP32,comun,A,0,291,1537.2905999975046
mask_rcnn,FP32,comun,A,0,292,1545.3836000015144
mask_rcnn,FP32,comun,A,0,293,1540.0041999964742
mask_rcnn,FP32,comun,A,0,294,1537.0939999993425
mask_rcnn,FP32,comun,A,0,295,1551.1435000007623
mask_rcnn,FP32,comun,A,0,296,1531.866600002104
mask_rcnn,FP32,comun,A,0,297,1439.5323999997345
mask_rcnn,FP32,comun,A,0,298,1533.4433000025456
mask_rcnn,FP32,comun,A,0,299,1539.2233000020497
mask_rcnn,FP32,comun,A,0,300,1549.7315999964485
mask_rcnn,FP32,comun,A,0,301,1532.8630000003614
mask_rcnn,FP32,comun,A,0,302,1542.162500001723
mask_rcnn,FP32,comun,A,0,303,1549.1496000031475
mask_rcnn,FP32,comun,A,0,304,1541.3475000023027
mask_rcnn,FP32,comun,A,0,305,1538.3651000011014
mask_rcnn,FP32,comun,A,0,306,1541.2469000002602
mask_rcnn,FP32,comun,A,0,307,1401.707400000305
mask_rcnn,FP32,comun,A,0,308,1538.5270999977365
mask_rcnn,FP32,comun,A,0,309,1548.3822000023792
mask_rcnn,FP32,comun,A,0,310,1478.3939999979339
mask_rcnn,FP32,comun,A,0,311,1407.8450000015437
mask_rcnn,FP32,comun,A,0,312,1556.609599996591
mask_rcnn,FP32,comun,A,0,313,1546.4744999990216
mask_rcnn,FP32,comun,A,0,314,1539.0057999975397
mask_rcnn,FP32,comun,A,0,315,1535.5954000042402
mask_rcnn,FP32,comun,A,0,316,1407.8856000051019
mask_rcnn,FP32,comun,A,0,317,1546.7334000059054
mask_rcnn,FP32,comun,A,0,318,1405.3757000001497
mask_rcnn,FP32,comun,A,0,319,1439.2030999952112
mask_rcnn,FP32,comun,A,0,320,1545.4663999989862
mask_rcnn,FP32,comun,A,0,321,1538.4211000055075
mask_rcnn,FP32,comun,A,0,322,1409.0250999943237
mask_rcnn,FP32,comun,A,0,323,1549.626400003035
mask_rcnn,FP32,comun,A,0,324,1536.8447000000742
mask_rcnn,FP32,comun,A,0,325,1535.6969999993453
mask_rcnn,FP32,comun,A,0,326,1454.2301000037696
mask_rcnn,FP32,comun,A,0,327,1551.4756999982637
mask_rcnn,FP32,comun,A,0,328,1416.1175999979605
mask_rcnn,FP32,comun,A,0,329,1549.357500000042
mask_rcnn,FP32,comun,A,0,330,1406.7290000020876
mask_rcnn,FP32,comun,A,0,331,1541.6177000006428
mask_rcnn,FP32,comun,A,0,332,1540.0780999989365
mask_rcnn,FP32,comun,A,0,333,1549.6236000035424
mask_rcnn,FP32,comun,A,0,334,1540.7589000024018
mask_rcnn,FP32,comun,A,0,335,1567.1724999992875
mask_rcnn,FP32,comun,A,0,336,1405.1306000037584
mask_rcnn,FP32,comun,A,0,337,1539.0006999950856
mask_rcnn,FP32,comun,A,0,338,1547.0915999976569
mask_rcnn,FP32,comun,A,0,339,1506.8719999981113
mask_rcnn,FP32,comun,A,0,340,1547.3341999968397
mask_rcnn,FP32,comun,A,0,341,1408.1660000010743
mask_rcnn,FP32,comun,A,0,342,1491.966900000989
mask_rcnn,FP32,comun,A,0,343,1544.4327000004705
mask_rcnn,FP32,comun,A,0,344,1401.6629999969155
mask_rcnn,FP32,comun,A,0,345,1407.6502999960212
mask_rcnn,FP32,comun,A,0,346,1541.5104999992764
mask_rcnn,FP32,comun,A,0,347,1543.0601999978535
mask_rcnn,FP32,comun,A,0,348,1558.3092000015313
mask_rcnn,FP32,comun,A,0,349,1533.8566999998875
mask_rcnn,FP32,comun,A,0,350,1536.56719999708
mask_rcnn,FP32,comun,A,0,351,1541.7410000009113
mask_rcnn,FP32,comun,A,0,352,1536.725199999637
mask_rcnn,FP32,comun,A,0,353,1536.7083999954048
mask_rcnn,FP32,comun,A,0,354,1536.4574999985052
mask_rcnn,FP32,comun,A,0,355,1544.6580999996513
mask_rcnn,FP32,comun,A,0,356,1542.721599995275
mask_rcnn,FP32,comun,A,0,357,1413.9043999966816
mask_rcnn,FP32,comun,A,0,358,1542.3804999954882
mask_rcnn,FP32,comun,A,0,359,1424.4909999979427
mask_rcnn,FP32,comun,A,0,360,1501.0494000016479
mask_rcnn,FP32,comun,A,0,361,1545.9573000043747
mask_rcnn,FP32,comun,A,0,362,1533.1950999971014
mask_rcnn,FP32,comun,A,0,363,1539.9860000034096
mask_rcnn,FP32,comun,A,0,364,1543.2328000024427
mask_rcnn,FP32,comun,A,0,365,1411.1068999991403
mask_rcnn,FP32,comun,A,0,366,1407.3680999936187
mask_rcnn,FP32,comun,A,0,367,1552.3474000001443
mask_rcnn,FP32,comun,A,0,368,1580.1597999961814
mask_rcnn,FP32,comun,A,0,369,1401.32750000339
mask_rcnn,FP32,comun,A,0,370,1539.326699996309
mask_rcnn,FP32,comun,A,0,371,1541.3876000020537
mask_rcnn,FP32,comun,A,0,372,1532.925300001807
mask_rcnn,FP32,comun,A,0,373,1548.2721000007587
mask_rcnn,FP32,comun,B,0,0,1561.3224000044283
mask_rcnn,FP32,comun,B,0,1,1559.2488999973284
mask_rcnn,FP32,comun,B,0,2,1554.3233999997028
mask_rcnn,FP32,comun,B,0,3,1579.3089999933727
mask_rcnn,FP32,comun,B,0,4,1554.9561000007088
mask_rcnn,FP32,comun,B,0,5,1595.2873999995063
mask_rcnn,FP32,comun,B,0,6,1561.3247000001138
mask_rcnn,FP32,comun,B,0,7,1560.5635999963852
mask_rcnn,FP32,comun,B,0,8,1548.883699993894
mask_rcnn,FP32,comun,B,0,9,1432.8755000024103
mask_rcnn,FP32,comun,B,0,10,1457.344300004479
mask_rcnn,FP32,comun,B,0,11,1555.1572999975178
mask_rcnn,FP32,comun,B,0,12,1602.3005000024568
mask_rcnn,FP32,comun,B,0,13,1557.9772000055527
mask_rcnn,FP32,comun,B,0,14,1521.361600003729
mask_rcnn,FP32,comun,B,0,15,1557.6665999979014
mask_rcnn,FP32,comun,B,0,16,1559.3236000058823
mask_rcnn,FP32,comun,B,0,17,1594.2424999957439
mask_rcnn,FP32,comun,B,0,18,1551.5324999942095
mask_rcnn,FP32,comun,B,0,19,1551.3136999943526
mask_rcnn,FP32,comun,B,0,20,1557.614499994088
mask_rcnn,FP32,comun,B,0,21,1523.13029999641
mask_rcnn,FP32,comun,B,0,22,1566.081299999496
mask_rcnn,FP32,comun,B,0,23,1555.5485999939265
mask_rcnn,FP32,comun,B,0,24,1571.0452999992413
mask_rcnn,FP32,comun,B,0,25,1430.4722999950172
mask_rcnn,FP32,comun,B,0,26,1555.837400002929
mask_rcnn,FP32,comun,B,0,27,1552.8071000007913
mask_rcnn,FP32,comun,B,0,28,1496.6732999964734
mask_rcnn,FP32,comun,B,0,29,1552.767599998333
mask_rcnn,FP32,comun,B,0,30,1556.6827000002377
mask_rcnn,FP32,comun,B,0,31,1556.8953999973019
mask_rcnn,FP32,comun,B,0,32,1558.110999998462
mask_rcnn,FP32,comun,B,0,33,1556.4503999994486
mask_rcnn,FP32,comun,B,0,34,1414.2883000022266
mask_rcnn,FP32,comun,B,0,35,1554.9799000000348
mask_rcnn,FP32,comun,B,0,36,1585.2201999950921
mask_rcnn,FP32,comun,B,0,37,1431.7688999944949
mask_rcnn,FP32,comun,B,0,38,1561.0631000017747
mask_rcnn,FP32,comun,B,0,39,1543.3659999980591
mask_rcnn,FP32,comun,B,0,40,1554.8826000012923
mask_rcnn,FP32,comun,B,0,41,1563.4071000022232
mask_rcnn,FP32,comun,B,0,42,1557.921500003431
mask_rcnn,FP32,comun,B,0,43,1566.4606999998796
mask_rcnn,FP32,comun,B,0,44,1551.4442000057898
mask_rcnn,FP32,comun,B,0,45,1525.8792999957222
mask_rcnn,FP32,comun,B,0,46,1575.4734000001918
mask_rcnn,FP32,comun,B,0,47,1433.3818999948562
mask_rcnn,FP32,comun,B,0,48,1590.202399995178
mask_rcnn,FP32,comun,B,0,49,1422.944700003427
mask_rcnn,FP32,comun,B,0,50,1580.5237000022316
mask_rcnn,FP32,comun,B,0,51,1515.9665000028326
mask_rcnn,FP32,comun,B,0,52,1521.7520000005607
mask_rcnn,FP32,comun,B,0,53,1594.5613000003505
mask_rcnn,FP32,comun,B,0,54,1556.6240999978618
mask_rcnn,FP32,comun,B,0,55,1550.054800005455
mask_rcnn,FP32,comun,B,0,56,1556.1420999947586
mask_rcnn,FP32,comun,B,0,57,1598.5730000029434
mask_rcnn,FP32,comun,B,0,58,1560.1844000048004
mask_rcnn,FP32,comun,B,0,59,1419.5954000024358
mask_rcnn,FP32,comun,B,0,60,1420.0382999988506
mask_rcnn,FP32,comun,B,0,61,1556.7599999994854
mask_rcnn,FP32,comun,B,0,62,1438.0547999971895
mask_rcnn,FP32,comun,B,0,63,1579.660999996122
mask_rcnn,FP32,comun,B,0,64,1581.0035000031348
mask_rcnn,FP32,comun,B,0,65,1562.4164999971981
mask_rcnn,FP32,comun,B,0,66,1563.9150999995763
mask_rcnn,FP32,comun,B,0,67,1559.2047000027378
mask_rcnn,FP32,comun,B,0,68,1567.7117000013823
mask_rcnn,FP32,comun,B,0,69,1423.3378999997512
mask_rcnn,FP32,comun,B,0,70,1548.8350999949034
mask_rcnn,FP32,comun,B,0,71,1517.0058000003337
mask_rcnn,FP32,comun,B,0,72,1559.8413000043365
mask_rcnn,FP32,comun,B,0,73,1554.480999999214
mask_rcnn,FP32,comun,B,0,74,1565.5459000045084
mask_rcnn,FP32,comun,B,0,75,1550.830699998187
mask_rcnn,FP32,comun,B,0,76,1550.9763000009116
mask_rcnn,FP32,comun,B,0,77,1201.212800006033
mask_rcnn,FP32,comun,B,0,78,1574.5279000038863
mask_rcnn,FP32,comun,B,0,79,1569.0341999943485
mask_rcnn,FP32,comun,B,0,80,1458.9713999957894
mask_rcnn,FP32,comun,B,0,81,1565.5564999979106
mask_rcnn,FP32,comun,B,0,82,1567.492599999241
mask_rcnn,FP32,comun,B,0,83,1564.062700002978
mask_rcnn,FP32,comun,B,0,84,1564.2880000013974
mask_rcnn,FP32,comun,B,0,85,1587.7603999979328
mask_rcnn,FP32,comun,B,0,86,1553.9162999994005
mask_rcnn,FP32,comun,B,0,87,1556.4937999952235
mask_rcnn,FP32,comun,B,0,88,1583.8862999953562
mask_rcnn,FP32,comun,B,0,89,1547.0874999955413
mask_rcnn,FP32,comun,B,0,90,1496.6213000006974
mask_rcnn,FP32,comun,B,0,91,1555.830599994806
mask_rcnn,FP32,comun,B,0,92,1567.5627000018721
mask_rcnn,FP32,comun,B,0,93,1549.382199998945
mask_rcnn,FP32,comun,B,0,94,1564.061600001878
mask_rcnn,FP32,comun,B,0,95,1454.690999999002
mask_rcnn,FP32,comun,B,0,96,1558.7298000027658
mask_rcnn,FP32,comun,B,0,97,1545.378200004052
mask_rcnn,FP32,comun,B,0,98,1485.1832999993348
mask_rcnn,FP32,comun,B,0,99,1552.9716000019107
mask_rcnn,FP32,comun,B,0,100,1422.2063000052003
mask_rcnn,FP32,comun,B,0,101,1562.4895000000834
mask_rcnn,FP32,comun,B,0,102,1568.2506000011927
mask_rcnn,FP32,comun,B,0,103,1554.6599000008428
mask_rcnn,FP32,comun,B,0,104,1538.551899997401
mask_rcnn,FP32,comun,B,0,105,1549.099900003057
mask_rcnn,FP32,comun,B,0,106,1546.8820000023698
mask_rcnn,FP32,comun,B,0,107,1587.9419000048074
mask_rcnn,FP32,comun,B,0,108,1415.8155000041006
mask_rcnn,FP32,comun,B,0,109,1554.6207999941544
mask_rcnn,FP32,comun,B,0,110,1420.2082000047085
mask_rcnn,FP32,comun,B,0,111,1567.139999999199
mask_rcnn,FP32,comun,B,0,112,1558.1725999945775
mask_rcnn,FP32,comun,B,0,113,1416.3391000038246
mask_rcnn,FP32,comun,B,0,114,1574.7719000064535
mask_rcnn,FP32,comun,B,0,115,1562.0313999970676
mask_rcnn,FP32,comun,B,0,116,1556.4649999942048
mask_rcnn,FP32,comun,B,0,117,1578.573900005722
mask_rcnn,FP32,comun,B,0,118,1572.8756999960751
mask_rcnn,FP32,comun,B,0,119,1553.8547999967705
mask_rcnn,FP32,comun,B,0,120,1559.8351000007824
mask_rcnn,FP32,comun,B,0,121,1563.6254999990342
mask_rcnn,FP32,comun,B,0,122,1559.1019999992568
mask_rcnn,FP32,comun,B,0,123,1558.6915999956545
mask_rcnn,FP32,comun,B,0,124,1579.2872000019997
mask_rcnn,FP32,comun,B,0,125,1565.3504000001703
mask_rcnn,FP32,comun,B,0,126,1557.1727999995346
mask_rcnn,FP32,comun,B,0,127,1560.304400001769
mask_rcnn,FP32,comun,B,0,128,1559.6645999976317
mask_rcnn,FP32,comun,B,0,129,1559.3960999976844
mask_rcnn,FP32,comun,B,0,130,1557.0264999987558
mask_rcnn,FP32,comun,B,0,131,1557.4238000044716
mask_rcnn,FP32,comun,B,0,132,1437.0601999980863
mask_rcnn,FP32,comun,B,0,133,1415.056399993773
mask_rcnn,FP32,comun,B,0,134,1566.5749999971013
mask_rcnn,FP32,comun,B,0,135,1564.3100000015693
mask_rcnn,FP32,comun,B,0,136,1412.606500001857
mask_rcnn,FP32,comun,B,0,137,1553.314999997383
mask_rcnn,FP32,comun,B,0,138,1564.2872999960673
mask_rcnn,FP32,comun,B,0,139,1564.8374000011245
mask_rcnn,FP32,comun,B,0,140,1570.792500002426
mask_rcnn,FP32,comun,B,0,141,1555.0795999952243
mask_rcnn,FP32,comun,B,0,142,1561.6383000015048
mask_rcnn,FP32,comun,B,0,143,1551.4220999975805
mask_rcnn,FP32,comun,B,0,144,1560.998599998129
mask_rcnn,FP32,comun,B,0,145,1425.7259000005433
mask_rcnn,FP32,comun,B,0,146,1562.788699993689
mask_rcnn,FP32,comun,B,0,147,1557.4147000006633
mask_rcnn,FP32,comun,B,0,148,1560.5469000001904
mask_rcnn,FP32,comun,B,0,149,1559.8792000018875
mask_rcnn,FP32,comun,B,0,150,1571.8231999999261
mask_rcnn,FP32,comun,B,0,151,1587.0619999986957
mask_rcnn,FP32,comun,B,0,152,1580.1030000002356
mask_rcnn,FP32,comun,B,0,153,1558.9072000002488
mask_rcnn,FP32,comun,B,0,154,1554.7651000015321
mask_rcnn,FP32,comun,B,0,155,1552.0208000016282
mask_rcnn,FP32,comun,B,0,156,1419.458800002758
mask_rcnn,FP32,comun,B,0,157,1447.059400001308
mask_rcnn,FP32,comun,B,0,158,1572.7823999986867
mask_rcnn,FP32,comun,B,0,159,1560.4364999962854
mask_rcnn,FP32,comun,B,0,160,1556.883299999754
mask_rcnn,FP32,comun,B,0,161,1567.5977999999304
mask_rcnn,FP32,comun,B,0,162,1522.4061999979313
mask_rcnn,FP32,comun,B,0,163,1557.224700001825
mask_rcnn,FP32,comun,B,0,164,1556.4360999997007
mask_rcnn,FP32,comun,B,0,165,1563.3801000003587
mask_rcnn,FP32,comun,B,0,166,1557.2450000036042
mask_rcnn,FP32,comun,B,0,167,1416.206300003978
mask_rcnn,FP32,comun,B,0,168,1562.13679999928
mask_rcnn,FP32,comun,B,0,169,1570.2491000047303
mask_rcnn,FP32,comun,B,0,170,1565.205300001253
mask_rcnn,FP32,comun,B,0,171,1425.657499996305
mask_rcnn,FP32,comun,B,0,172,1429.061000002548
mask_rcnn,FP32,comun,B,0,173,1422.7428000012878
mask_rcnn,FP32,comun,B,0,174,1559.8656000001938
mask_rcnn,FP32,comun,B,0,175,1568.0840999993961
mask_rcnn,FP32,comun,B,0,176,1571.213600000192
mask_rcnn,FP32,comun,B,0,177,1563.7931000019307
mask_rcnn,FP32,comun,B,0,178,1553.8582000008319
mask_rcnn,FP32,comun,B,0,179,1561.3960999980918
mask_rcnn,FP32,comun,B,0,180,1576.2202000041725
mask_rcnn,FP32,comun,B,0,181,1553.7342000025092
mask_rcnn,FP32,comun,B,0,182,1372.3787999988417
mask_rcnn,FP32,comun,B,0,183,1613.766199996462
mask_rcnn,FP32,comun,B,0,184,1557.5964000017848
mask_rcnn,FP32,comun,B,0,185,1597.76150000107
mask_rcnn,FP32,comun,B,0,186,1555.5856999999378
mask_rcnn,FP32,comun,B,0,187,1214.5894999994198
mask_rcnn,FP32,comun,B,0,188,1556.674200000998
mask_rcnn,FP32,comun,B,0,189,1526.1346999977832
mask_rcnn,FP32,comun,B,0,190,1422.353900001326
mask_rcnn,FP32,comun,B,0,191,1549.3525999991107
mask_rcnn,FP32,comun,B,0,192,1564.9149000018951
mask_rcnn,FP32,comun,B,0,193,1563.2311000008485
mask_rcnn,FP32,comun,B,0,194,1565.2627999952529
mask_rcnn,FP32,comun,B,0,195,1559.6049000014318
mask_rcnn,FP32,comun,B,0,196,1424.5484999992186
mask_rcnn,FP32,comun,B,0,197,1413.8384999969276
mask_rcnn,FP32,comun,B,0,198,1441.7612000033841
mask_rcnn,FP32,comun,B,0,199,1566.528199997265
mask_rcnn,FP32,comun,B,0,200,1588.1198999995831
mask_rcnn,FP32,comun,B,0,201,1563.5322000016458
mask_rcnn,FP32,comun,B,0,202,1555.5578000057722
mask_rcnn,FP32,comun,B,0,203,1501.5018999984022
mask_rcnn,FP32,comun,B,0,204,1416.1504000003333
mask_rcnn,FP32,comun,B,0,205,1558.1810000003316
mask_rcnn,FP32,comun,B,0,206,1597.0479999959935
mask_rcnn,FP32,comun,B,0,207,1508.885299997928
mask_rcnn,FP32,comun,B,0,208,1595.4225000023143
mask_rcnn,FP32,comun,B,0,209,1468.7658999973792
mask_rcnn,FP32,comun,B,0,210,1423.5282000008738
mask_rcnn,FP32,comun,B,0,211,1560.1502999998047
mask_rcnn,FP32,comun,B,0,212,1548.1485999989673
mask_rcnn,FP32,comun,B,0,213,1555.3044999978738
mask_rcnn,FP32,comun,B,0,214,1586.6642000037245
mask_rcnn,FP32,comun,B,0,215,1556.432000004861
mask_rcnn,FP32,comun,B,0,216,1409.7250000049826
mask_rcnn,FP32,comun,B,0,217,1421.9635000044946
mask_rcnn,FP32,comun,B,0,218,1564.8717000003671
mask_rcnn,FP32,comun,B,0,219,1563.2263000006787
mask_rcnn,FP32,comun,B,0,220,1556.5190999986953
mask_rcnn,FP32,comun,B,0,221,1555.4516000047443
mask_rcnn,FP32,comun,B,0,222,1431.9169000009424
mask_rcnn,FP32,comun,B,0,223,1554.5383999997284
mask_rcnn,FP32,comun,B,0,224,1566.0502000027918
mask_rcnn,FP32,comun,B,0,225,1428.7567999999737
mask_rcnn,FP32,comun,B,0,226,1574.9530000030063
mask_rcnn,FP32,comun,B,0,227,1562.088800004858
mask_rcnn,FP32,comun,B,0,228,1415.1996000000509
mask_rcnn,FP32,comun,B,0,229,1564.8992999995244
mask_rcnn,FP32,comun,B,0,230,1243.6116000026232
mask_rcnn,FP32,comun,B,0,231,1211.3813000032678
mask_rcnn,FP32,comun,B,0,232,1570.6957000002149
mask_rcnn,FP32,comun,B,0,233,1534.393399997498
mask_rcnn,FP32,comun,B,0,234,1519.563100002415
mask_rcnn,FP32,comun,B,0,235,1560.8078000004753
mask_rcnn,FP32,comun,B,0,236,1506.886499999382
mask_rcnn,FP32,comun,B,0,237,1565.1561999984551
mask_rcnn,FP32,comun,B,0,238,1563.6461999965832
mask_rcnn,FP32,comun,B,0,239,1556.4136000029976
mask_rcnn,FP32,comun,B,0,240,1571.5592999986256
mask_rcnn,FP32,comun,B,0,241,1515.4930999997305
mask_rcnn,FP32,comun,B,0,242,1597.4693999960436
mask_rcnn,FP32,comun,B,0,243,1426.0992999988957
mask_rcnn,FP32,comun,B,0,244,1344.728699994448
mask_rcnn,FP32,comun,B,0,245,1567.4481000023661
mask_rcnn,FP32,comun,B,0,246,1562.6150999960373
mask_rcnn,FP32,comun,B,0,247,1556.344500000705
mask_rcnn,FP32,comun,B,0,248,1354.209199998877
mask_rcnn,FP32,comun,B,0,249,1548.3295000012731
mask_rcnn,FP32,comun,B,0,250,1564.763900001708
mask_rcnn,FP32,comun,B,0,251,1539.8587999952724
mask_rcnn,FP32,comun,B,0,252,1577.047599996149
mask_rcnn,FP32,comun,B,0,253,1347.0029000018258
mask_rcnn,FP32,comun,B,0,254,1562.6789000016288
mask_rcnn,FP32,comun,B,0,255,1556.8418000038946
mask_rcnn,FP32,comun,B,0,256,1556.2470000004396
mask_rcnn,FP32,comun,B,0,257,1567.9960000052233
mask_rcnn,FP32,comun,B,0,258,1564.8736999937682
mask_rcnn,FP32,comun,B,0,259,1433.1381999945734
mask_rcnn,FP32,comun,B,0,260,1555.564599999343
mask_rcnn,FP32,comun,B,0,261,1558.2259000002523
mask_rcnn,FP32,comun,B,0,262,1573.6407000003965
mask_rcnn,FP32,comun,B,0,263,1555.5898999955389
mask_rcnn,FP32,comun,B,0,264,1583.8816000032239
mask_rcnn,FP32,comun,B,0,265,1538.8741999995545
mask_rcnn,FP32,comun,B,0,266,1530.5322999993223
mask_rcnn,FP32,comun,B,0,267,1431.0486000031233
mask_rcnn,FP32,comun,B,0,268,1571.3699999978417
mask_rcnn,FP32,comun,B,0,269,1555.898700004036
mask_rcnn,FP32,comun,B,0,270,1561.89219999942
mask_rcnn,FP32,comun,B,0,271,1555.7828999953927
mask_rcnn,FP32,comun,B,0,272,1564.9499999999534
mask_rcnn,FP32,comun,B,0,273,1553.8273000056506
mask_rcnn,FP32,comun,B,0,274,1563.0801000006613
mask_rcnn,FP32,comun,B,0,275,1568.2225000055041
mask_rcnn,FP32,comun,B,0,276,1571.4529999968363
mask_rcnn,FP32,comun,B,0,277,1560.8382999998867
mask_rcnn,FP32,comun,B,0,278,1556.8921000012779
mask_rcnn,FP32,comun,B,0,279,1555.54430000484
mask_rcnn,FP32,comun,B,0,280,1548.2759999940754
mask_rcnn,FP32,comun,B,0,281,1564.7589000000153
mask_rcnn,FP32,comun,B,0,282,1411.1166000002413
mask_rcnn,FP32,comun,B,0,283,1552.721100000781
mask_rcnn,FP32,comun,B,0,284,1549.2255999997724
mask_rcnn,FP32,comun,B,0,285,1553.0579999976908
mask_rcnn,FP32,comun,B,0,286,1568.4802000032505
mask_rcnn,FP32,comun,B,0,287,1548.3154999965336
mask_rcnn,FP32,comun,B,0,288,1524.3187999949441
mask_rcnn,FP32,comun,B,0,289,1557.9196999970009
mask_rcnn,FP32,comun,B,0,290,1551.5770999991219
mask_rcnn,FP32,comun,B,0,291,1550.4269000011845
mask_rcnn,FP32,comun,B,0,292,1557.790599996224
mask_rcnn,FP32,comun,B,0,293,1556.0585999992327
mask_rcnn,FP32,comun,B,0,294,1554.4986999957473
mask_rcnn,FP32,comun,B,0,295,1580.945999994583
mask_rcnn,FP32,comun,B,0,296,1555.2308999976958
mask_rcnn,FP32,comun,B,0,297,1456.899600001634
mask_rcnn,FP32,comun,B,0,298,1546.5122999958112
mask_rcnn,FP32,comun,B,0,299,1551.8313000065973
mask_rcnn,FP32,comun,B,0,300,1562.4031000043033
mask_rcnn,FP32,comun,B,0,301,1547.2039000014775
mask_rcnn,FP32,comun,B,0,302,1557.3772999996436
mask_rcnn,FP32,comun,B,0,303,1579.1125999967335
mask_rcnn,FP32,comun,B,0,304,1557.2669000030146
mask_rcnn,FP32,comun,B,0,305,1555.6421000001137
mask_rcnn,FP32,comun,B,0,306,1555.3197999979602
mask_rcnn,FP32,comun,B,0,307,1416.1272999990615
mask_rcnn,FP32,comun,B,0,308,1552.6347999984864
mask_rcnn,FP32,comun,B,0,309,1584.892499995476
mask_rcnn,FP32,comun,B,0,310,1494.5933999988483
mask_rcnn,FP32,comun,B,0,311,1425.179499994556
mask_rcnn,FP32,comun,B,0,312,1571.881799995026
mask_rcnn,FP32,comun,B,0,313,1558.9768999998341
mask_rcnn,FP32,comun,B,0,314,1563.3585000032326
mask_rcnn,FP32,comun,B,0,315,1553.6380999983521
mask_rcnn,FP32,comun,B,0,316,1419.6991999997408
mask_rcnn,FP32,comun,B,0,317,1564.6110000016051
mask_rcnn,FP32,comun,B,0,318,1413.8254999998026
mask_rcnn,FP32,comun,B,0,319,1453.536200002418
mask_rcnn,FP32,comun,B,0,320,1561.5863999992143
mask_rcnn,FP32,comun,B,0,321,1555.02400000114
mask_rcnn,FP32,comun,B,0,322,1416.1722999997437
mask_rcnn,FP32,comun,B,0,323,1565.2508999992278
mask_rcnn,FP32,comun,B,0,324,1553.1439000042155
mask_rcnn,FP32,comun,B,0,325,1558.0353999976069
mask_rcnn,FP32,comun,B,0,326,1473.9899000051082
mask_rcnn,FP32,comun,B,0,327,1570.0698000000557
mask_rcnn,FP32,comun,B,0,328,1430.859700005385
mask_rcnn,FP32,comun,B,0,329,1568.392599998333
mask_rcnn,FP32,comun,B,0,330,1418.2475999987219
mask_rcnn,FP32,comun,B,0,331,1564.1498999975738
mask_rcnn,FP32,comun,B,0,332,1556.2643999946886
mask_rcnn,FP32,comun,B,0,333,1567.7646000040113
mask_rcnn,FP32,comun,B,0,334,1560.6898000041838
mask_rcnn,FP32,comun,B,0,335,1589.500499998394
mask_rcnn,FP32,comun,B,0,336,1423.1963999991422
mask_rcnn,FP32,comun,B,0,337,1557.4233000006643
mask_rcnn,FP32,comun,B,0,338,1565.5225000009523
mask_rcnn,FP32,comun,B,0,339,1531.4734999992652
mask_rcnn,FP32,comun,B,0,340,1559.273699996993
mask_rcnn,FP32,comun,B,0,341,1419.7675999967032
mask_rcnn,FP32,comun,B,0,342,1503.225599997677
mask_rcnn,FP32,comun,B,0,343,1552.3647000009078
mask_rcnn,FP32,comun,B,0,344,1411.566299997503
mask_rcnn,FP32,comun,B,0,345,1420.4899000033038
mask_rcnn,FP32,comun,B,0,346,1552.9008000012254
mask_rcnn,FP32,comun,B,0,347,1558.2703999971272
mask_rcnn,FP32,comun,B,0,348,1569.5896999968681
mask_rcnn,FP32,comun,B,0,349,1551.1889999979758
mask_rcnn,FP32,comun,B,0,350,1551.6362999987905
mask_rcnn,FP32,comun,B,0,351,1558.8243000020157
mask_rcnn,FP32,comun,B,0,352,1553.6689000000479
mask_rcnn,FP32,comun,B,0,353,1555.2974000020185
mask_rcnn,FP32,comun,B,0,354,1556.8297999998322
mask_rcnn,FP32,comun,B,0,355,1554.4828999991296
mask_rcnn,FP32,comun,B,0,356,1562.5318999955198
mask_rcnn,FP32,comun,B,0,357,1423.607800003083
mask_rcnn,FP32,comun,B,0,358,1560.3664000009303
mask_rcnn,FP32,comun,B,0,359,1429.3614000052912
mask_rcnn,FP32,comun,B,0,360,1514.533499997924
mask_rcnn,FP32,comun,B,0,361,1559.6117000022787
mask_rcnn,FP32,comun,B,0,362,1547.7721000061138
mask_rcnn,FP32,comun,B,0,363,1556.0719999994035
mask_rcnn,FP32,comun,B,0,364,1559.9844999960624
mask_rcnn,FP32,comun,B,0,365,1421.9950000042445
mask_rcnn,FP32,comun,B,0,366,1415.0422000020626
mask_rcnn,FP32,comun,B,0,367,1563.5317000051145
mask_rcnn,FP32,comun,B,0,368,1597.5328999993508
mask_rcnn,FP32,comun,B,0,369,1409.773999999743
mask_rcnn,FP32,comun,B,0,370,1559.4375000000582
mask_rcnn,FP32,comun,B,0,371,1561.3149999990128
mask_rcnn,FP32,comun,B,0,372,1546.7811999988044
mask_rcnn,FP32,comun,B,0,373,1558.2832000000053
mask_rcnn,FP32,comun,A,1,0,1540.1590000037686
mask_rcnn,FP32,comun,A,1,1,1547.9929000066477
mask_rcnn,FP32,comun,A,1,2,1538.4814999997616
mask_rcnn,FP32,comun,A,1,3,1559.5533000014257
mask_rcnn,FP32,comun,A,1,4,1541.0671999998158
mask_rcnn,FP32,comun,A,1,5,1578.811899998982
mask_rcnn,FP32,comun,A,1,6,1543.9555999982986
mask_rcnn,FP32,comun,A,1,7,1544.2202000049292
mask_rcnn,FP32,comun,A,1,8,1537.4125999951502
mask_rcnn,FP32,comun,A,1,9,1416.7138999982853
mask_rcnn,FP32,comun,A,1,10,1440.0785000034375
mask_rcnn,FP32,comun,A,1,11,1539.5878999988781
mask_rcnn,FP32,comun,A,1,12,1571.6297999970266
mask_rcnn,FP32,comun,A,1,13,1546.4422999939416
mask_rcnn,FP32,comun,A,1,14,1495.8331000016187
mask_rcnn,FP32,comun,A,1,15,1534.3270000012126
mask_rcnn,FP32,comun,A,1,16,1542.435999996087
mask_rcnn,FP32,comun,A,1,17,1573.698100000911
mask_rcnn,FP32,comun,A,1,18,1536.4744999969844
mask_rcnn,FP32,comun,A,1,19,1540.2272999999695
mask_rcnn,FP32,comun,A,1,20,1542.6051000031293
mask_rcnn,FP32,comun,A,1,21,1508.6076999941724
mask_rcnn,FP32,comun,A,1,22,1546.518900002411
mask_rcnn,FP32,comun,A,1,23,1536.0017999992124
mask_rcnn,FP32,comun,A,1,24,1536.5836999990279
mask_rcnn,FP32,comun,A,1,25,1417.8506999960518
mask_rcnn,FP32,comun,A,1,26,1543.3762999964529
mask_rcnn,FP32,comun,A,1,27,1539.09360000398
mask_rcnn,FP32,comun,A,1,28,1485.4855000012321
mask_rcnn,FP32,comun,A,1,29,1533.863000004203
mask_rcnn,FP32,comun,A,1,30,1538.0517000012333
mask_rcnn,FP32,comun,A,1,31,1542.2443999996176
mask_rcnn,FP32,comun,A,1,32,1544.4939999943017
mask_rcnn,FP32,comun,A,1,33,1546.018399996683
mask_rcnn,FP32,comun,A,1,34,1403.8849999997183
mask_rcnn,FP32,comun,A,1,35,1537.3940999998013
mask_rcnn,FP32,comun,A,1,36,1560.7376000043587
mask_rcnn,FP32,comun,A,1,37,1418.9843000058318
mask_rcnn,FP32,comun,A,1,38,1549.3761000034283
mask_rcnn,FP32,comun,A,1,39,1524.9017000023741
mask_rcnn,FP32,comun,A,1,40,1543.0311000018264
mask_rcnn,FP32,comun,A,1,41,1548.229200001515
mask_rcnn,FP32,comun,A,1,42,1539.3347999997786
mask_rcnn,FP32,comun,A,1,43,1550.6727999963914
mask_rcnn,FP32,comun,A,1,44,1536.431900000025
mask_rcnn,FP32,comun,A,1,45,1508.8720000057947
mask_rcnn,FP32,comun,A,1,46,1554.878099996131
mask_rcnn,FP32,comun,A,1,47,1413.5007999939262
mask_rcnn,FP32,comun,A,1,48,1556.5451000002213
mask_rcnn,FP32,comun,A,1,49,1408.9816999985487
mask_rcnn,FP32,comun,A,1,50,1561.7746999996598
mask_rcnn,FP32,comun,A,1,51,1495.7972000047448
mask_rcnn,FP32,comun,A,1,52,1511.7821999956504
mask_rcnn,FP32,comun,A,1,53,1564.7743000008631
mask_rcnn,FP32,comun,A,1,54,1538.6671000014758
mask_rcnn,FP32,comun,A,1,55,1535.3116000042064
mask_rcnn,FP32,comun,A,1,56,1542.5979999999981
mask_rcnn,FP32,comun,A,1,57,1575.9299999990617
mask_rcnn,FP32,comun,A,1,58,1534.3298000007053
mask_rcnn,FP32,comun,A,1,59,1409.2347999976482
mask_rcnn,FP32,comun,A,1,60,1409.765199998219
mask_rcnn,FP32,comun,A,1,61,1540.6043999973917
mask_rcnn,FP32,comun,A,1,62,1421.0505000010016
mask_rcnn,FP32,comun,A,1,63,1555.776799999876
mask_rcnn,FP32,comun,A,1,64,1561.5382000032696
mask_rcnn,FP32,comun,A,1,65,1542.8952000002027
mask_rcnn,FP32,comun,A,1,66,1545.4177000065101
mask_rcnn,FP32,comun,A,1,67,1535.7110999975703
mask_rcnn,FP32,comun,A,1,68,1547.0293999969726
mask_rcnn,FP32,comun,A,1,69,1405.5173000015202
mask_rcnn,FP32,comun,A,1,70,1527.3966999957338
mask_rcnn,FP32,comun,A,1,71,1491.6821000006166
mask_rcnn,FP32,comun,A,1,72,1542.7645000017947
mask_rcnn,FP32,comun,A,1,73,1542.459800002689
mask_rcnn,FP32,comun,A,1,74,1547.496000006504
mask_rcnn,FP32,comun,A,1,75,1533.3631000030437
mask_rcnn,FP32,comun,A,1,76,1538.720899996406
mask_rcnn,FP32,comun,A,1,77,1177.7914999984205
mask_rcnn,FP32,comun,A,1,78,1556.0560000012629
mask_rcnn,FP32,comun,A,1,79,1547.9534000041895
mask_rcnn,FP32,comun,A,1,80,1435.2559999970254
mask_rcnn,FP32,comun,A,1,81,1555.7193999993615
mask_rcnn,FP32,comun,A,1,82,1543.2306999937282
mask_rcnn,FP32,comun,A,1,83,1540.5851999967126
mask_rcnn,FP32,comun,A,1,84,1546.896599997126
mask_rcnn,FP32,comun,A,1,85,1571.555399998033
mask_rcnn,FP32,comun,A,1,86,1538.7614999999641
mask_rcnn,FP32,comun,A,1,87,1543.0097999997088
mask_rcnn,FP32,comun,A,1,88,1557.9694999978528
mask_rcnn,FP32,comun,A,1,89,1534.8859000005177
mask_rcnn,FP32,comun,A,1,90,1483.7679000047501
mask_rcnn,FP32,comun,A,1,91,1541.7000000015832
mask_rcnn,FP32,comun,A,1,92,1558.064499993634
mask_rcnn,FP32,comun,A,1,93,1541.001800003869
mask_rcnn,FP32,comun,A,1,94,1554.2136000003666
mask_rcnn,FP32,comun,A,1,95,1429.2620999985957
mask_rcnn,FP32,comun,A,1,96,1542.8716000023996
mask_rcnn,FP32,comun,A,1,97,1528.6775999993552
mask_rcnn,FP32,comun,A,1,98,1468.1778000012855
mask_rcnn,FP32,comun,A,1,99,1539.9778999999398
mask_rcnn,FP32,comun,A,1,100,1407.6074000040535
mask_rcnn,FP32,comun,A,1,101,1545.2461000022595
mask_rcnn,FP32,comun,A,1,102,1556.7649000004167
mask_rcnn,FP32,comun,A,1,103,1540.122300000803
mask_rcnn,FP32,comun,A,1,104,1523.7985999992816
mask_rcnn,FP32,comun,A,1,105,1531.8480000059935
mask_rcnn,FP32,comun,A,1,106,1535.3431000039564
mask_rcnn,FP32,comun,A,1,107,1558.8542999976198
mask_rcnn,FP32,comun,A,1,108,1399.8342000049888
mask_rcnn,FP32,comun,A,1,109,1538.538000000699
mask_rcnn,FP32,comun,A,1,110,1403.7449000024935
mask_rcnn,FP32,comun,A,1,111,1546.401400002651
mask_rcnn,FP32,comun,A,1,112,1538.7203999998746
mask_rcnn,FP32,comun,A,1,113,1404.6539999981178
mask_rcnn,FP32,comun,A,1,114,1557.3406999974395
mask_rcnn,FP32,comun,A,1,115,1547.6567000005161
mask_rcnn,FP32,comun,A,1,116,1537.654100000509
mask_rcnn,FP32,comun,A,1,117,1561.4230000064708
mask_rcnn,FP32,comun,A,1,118,1559.1715999980806
mask_rcnn,FP32,comun,A,1,119,1533.0045000009704
mask_rcnn,FP32,comun,A,1,120,1546.9479000021238
mask_rcnn,FP32,comun,A,1,121,1541.324000005261
mask_rcnn,FP32,comun,A,1,122,1544.0247999940766
mask_rcnn,FP32,comun,A,1,123,1540.3204999965965
mask_rcnn,FP32,comun,A,1,124,1553.235899998981
mask_rcnn,FP32,comun,A,1,125,1548.023600000306
mask_rcnn,FP32,comun,A,1,126,1540.8401000022423
mask_rcnn,FP32,comun,A,1,127,1541.6868000029353
mask_rcnn,FP32,comun,A,1,128,1548.5020999985863
mask_rcnn,FP32,comun,A,1,129,1545.5371999996714
mask_rcnn,FP32,comun,A,1,130,1545.726399999694
mask_rcnn,FP32,comun,A,1,131,1541.3764000040828
mask_rcnn,FP32,comun,A,1,132,1415.3880000012578
mask_rcnn,FP32,comun,A,1,133,1403.5726000001887
mask_rcnn,FP32,comun,A,1,134,1543.1201999963378
mask_rcnn,FP32,comun,A,1,135,1552.1303999994416
mask_rcnn,FP32,comun,A,1,136,1397.0095999975456
mask_rcnn,FP32,comun,A,1,137,1536.1236999960965
mask_rcnn,FP32,comun,A,1,138,1545.0534999981755
mask_rcnn,FP32,comun,A,1,139,1545.5145000014454
mask_rcnn,FP32,comun,A,1,140,1543.383399999584
mask_rcnn,FP32,comun,A,1,141,1542.1568999954616
mask_rcnn,FP32,comun,A,1,142,1555.7534999970812
mask_rcnn,FP32,comun,A,1,143,1540.3755999941495
mask_rcnn,FP32,comun,A,1,144,1531.9017000001622
mask_rcnn,FP32,comun,A,1,145,1410.6713000001037
mask_rcnn,FP32,comun,A,1,146,1541.752600001928
mask_rcnn,FP32,comun,A,1,147,1536.5794000026654
mask_rcnn,FP32,comun,A,1,148,1546.2544999973034
mask_rcnn,FP32,comun,A,1,149,1542.3014999978477
mask_rcnn,FP32,comun,A,1,150,1543.9842999985558
mask_rcnn,FP32,comun,A,1,151,1555.1183999996283
mask_rcnn,FP32,comun,A,1,152,1557.9156999956467
mask_rcnn,FP32,comun,A,1,153,1542.4783999987994
mask_rcnn,FP32,comun,A,1,154,1539.7670999955153
mask_rcnn,FP32,comun,A,1,155,1543.9423999996507
mask_rcnn,FP32,comun,A,1,156,1409.2572000008659
mask_rcnn,FP32,comun,A,1,157,1422.1677999958047
mask_rcnn,FP32,comun,A,1,158,1554.6937999970396
mask_rcnn,FP32,comun,A,1,159,1542.8205999996862
mask_rcnn,FP32,comun,A,1,160,1541.807699999481
mask_rcnn,FP32,comun,A,1,161,1550.8361999964109
mask_rcnn,FP32,comun,A,1,162,1510.3317000030074
mask_rcnn,FP32,comun,A,1,163,1543.1253999995533
mask_rcnn,FP32,comun,A,1,164,1541.9041999994079
mask_rcnn,FP32,comun,A,1,165,1541.9650000039837
mask_rcnn,FP32,comun,A,1,166,1536.1329000006663
mask_rcnn,FP32,comun,A,1,167,1403.7122000008821
mask_rcnn,FP32,comun,A,1,168,1546.1425999965286
mask_rcnn,FP32,comun,A,1,169,1550.769699999364
mask_rcnn,FP32,comun,A,1,170,1551.9057999990764
mask_rcnn,FP32,comun,A,1,171,1411.9651000000886
mask_rcnn,FP32,comun,A,1,172,1424.2701000039233
mask_rcnn,FP32,comun,A,1,173,1410.0811000025715
mask_rcnn,FP32,comun,A,1,174,1545.0587000013911
mask_rcnn,FP32,comun,A,1,175,1545.5795000016224
mask_rcnn,FP32,comun,A,1,176,1550.9053999994649
mask_rcnn,FP32,comun,A,1,177,1543.3248999979696
mask_rcnn,FP32,comun,A,1,178,1535.5150999967009
mask_rcnn,FP32,comun,A,1,179,1545.9775999988778
mask_rcnn,FP32,comun,A,1,180,1552.4105000004056
mask_rcnn,FP32,comun,A,1,181,1535.9483000065666
mask_rcnn,FP32,comun,A,1,182,1358.086699998239
mask_rcnn,FP32,comun,A,1,183,1582.924299997103
mask_rcnn,FP32,comun,A,1,184,1539.2262999957893
mask_rcnn,FP32,comun,A,1,185,1580.632199998945
mask_rcnn,FP32,comun,A,1,186,1543.9506999973673
mask_rcnn,FP32,comun,A,1,187,1196.2862000000314
mask_rcnn,FP32,comun,A,1,188,1539.2342999984976
mask_rcnn,FP32,comun,A,1,189,1511.1926999961725
mask_rcnn,FP32,comun,A,1,190,1414.6381999962614
mask_rcnn,FP32,comun,A,1,191,1534.1640999977244
mask_rcnn,FP32,comun,A,1,192,1556.6777999993064
mask_rcnn,FP32,comun,A,1,193,1544.4377000021632
mask_rcnn,FP32,comun,A,1,194,1545.8275999990292
mask_rcnn,FP32,comun,A,1,195,1542.8692999994382
mask_rcnn,FP32,comun,A,1,196,1408.106199996837
mask_rcnn,FP32,comun,A,1,197,1399.825199994666
mask_rcnn,FP32,comun,A,1,198,1431.758999999147
mask_rcnn,FP32,comun,A,1,199,1547.6780000026338
mask_rcnn,FP32,comun,A,1,200,1568.233499994676
mask_rcnn,FP32,comun,A,1,201,1550.3571000008378
mask_rcnn,FP32,comun,A,1,202,1537.4754999938887
mask_rcnn,FP32,comun,A,1,203,1462.1278999984497
mask_rcnn,FP32,comun,A,1,204,1403.711699997075
mask_rcnn,FP32,comun,A,1,205,1539.0893000003416
mask_rcnn,FP32,comun,A,1,206,1576.60400000168
mask_rcnn,FP32,comun,A,1,207,1497.4145999949542
mask_rcnn,FP32,comun,A,1,208,1579.1081999996095
mask_rcnn,FP32,comun,A,1,209,1444.5991000029608
mask_rcnn,FP32,comun,A,1,210,1408.3809000003384
mask_rcnn,FP32,comun,A,1,211,1544.5837999941432
mask_rcnn,FP32,comun,A,1,212,1539.1751999995904
mask_rcnn,FP32,comun,A,1,213,1540.2608000003966
mask_rcnn,FP32,comun,A,1,214,1559.6975999942515
mask_rcnn,FP32,comun,A,1,215,1544.6989000047324
mask_rcnn,FP32,comun,A,1,216,1398.6912000036682
mask_rcnn,FP32,comun,A,1,217,1409.641099999135
mask_rcnn,FP32,comun,A,1,218,1548.3066999950097
mask_rcnn,FP32,comun,A,1,219,1548.615499996231
mask_rcnn,FP32,comun,A,1,220,1540.2377999998862
mask_rcnn,FP32,comun,A,1,221,1537.6772000017809
mask_rcnn,FP32,comun,A,1,222,1410.2778999949805
mask_rcnn,FP32,comun,A,1,223,1535.8124999984284
mask_rcnn,FP32,comun,A,1,224,1543.6881000059657
mask_rcnn,FP32,comun,A,1,225,1416.8544999993173
mask_rcnn,FP32,comun,A,1,226,1555.5164999968838
mask_rcnn,FP32,comun,A,1,227,1553.619099999196
mask_rcnn,FP32,comun,A,1,228,1410.6690999979037
mask_rcnn,FP32,comun,A,1,229,1542.3328000033507
mask_rcnn,FP32,comun,A,1,230,1236.6996999990079
mask_rcnn,FP32,comun,A,1,231,1191.0645999960252
mask_rcnn,FP32,comun,A,1,232,1556.1166000043158
mask_rcnn,FP32,comun,A,1,233,1522.8366999945138
mask_rcnn,FP32,comun,A,1,234,1500.0356000018655
mask_rcnn,FP32,comun,A,1,235,1545.684100005019
mask_rcnn,FP32,comun,A,1,236,1493.9113000000361
mask_rcnn,FP32,comun,A,1,237,1546.940899999754
mask_rcnn,FP32,comun,A,1,238,1543.6040999993565
mask_rcnn,FP32,comun,A,1,239,1538.894799996342
mask_rcnn,FP32,comun,A,1,240,1553.1033000006573
mask_rcnn,FP32,comun,A,1,241,1502.6671000014176
mask_rcnn,FP32,comun,A,1,242,1570.3121999977157
mask_rcnn,FP32,comun,A,1,243,1409.130300002289
mask_rcnn,FP32,comun,A,1,244,1320.6439999994473
mask_rcnn,FP32,comun,A,1,245,1557.0684000049368
mask_rcnn,FP32,comun,A,1,246,1543.638999995892
mask_rcnn,FP32,comun,A,1,247,1540.230699996755
mask_rcnn,FP32,comun,A,1,248,1339.5042999982252
mask_rcnn,FP32,comun,A,1,249,1530.4467000023578
mask_rcnn,FP32,comun,A,1,250,1541.7651000025216
mask_rcnn,FP32,comun,A,1,251,1510.3752000068198
mask_rcnn,FP32,comun,A,1,252,1555.220599999302
mask_rcnn,FP32,comun,A,1,253,1333.2522000055178
mask_rcnn,FP32,comun,A,1,254,1553.7796000062372
mask_rcnn,FP32,comun,A,1,255,1541.3222999995924
mask_rcnn,FP32,comun,A,1,256,1539.2095999995945
mask_rcnn,FP32,comun,A,1,257,1553.0738000015845
mask_rcnn,FP32,comun,A,1,258,1544.1991000043345
mask_rcnn,FP32,comun,A,1,259,1415.8132000011392
mask_rcnn,FP32,comun,A,1,260,1537.2747000001254
mask_rcnn,FP32,comun,A,1,261,1544.2817000002833
mask_rcnn,FP32,comun,A,1,262,1547.577999997884
mask_rcnn,FP32,comun,A,1,263,1537.2941000023275
mask_rcnn,FP32,comun,A,1,264,1556.199700004072
mask_rcnn,FP32,comun,A,1,265,1515.3707999998005
mask_rcnn,FP32,comun,A,1,266,1512.5552999961656
mask_rcnn,FP32,comun,A,1,267,1408.4387999973842
mask_rcnn,FP32,comun,A,1,268,1538.7992999967537
mask_rcnn,FP32,comun,A,1,269,1548.605599993607
mask_rcnn,FP32,comun,A,1,270,1546.8779000002542
mask_rcnn,FP32,comun,A,1,271,1543.5547999950359
mask_rcnn,FP32,comun,A,1,272,1548.0416999998852
mask_rcnn,FP32,comun,A,1,273,1539.699400003883
mask_rcnn,FP32,comun,A,1,274,1550.8230999985244
mask_rcnn,FP32,comun,A,1,275,1551.749899997958
mask_rcnn,FP32,comun,A,1,276,1545.7036000007065
mask_rcnn,FP32,comun,A,1,277,1539.9834000054398
mask_rcnn,FP32,comun,A,1,278,1539.4620000006398
mask_rcnn,FP32,comun,A,1,279,1543.0150000029244
mask_rcnn,FP32,comun,A,1,280,1532.2035999997752
mask_rcnn,FP32,comun,A,1,281,1549.30730000342
mask_rcnn,FP32,comun,A,1,282,1396.3061999966158
mask_rcnn,FP32,comun,A,1,283,1532.800100001623
mask_rcnn,FP32,comun,A,1,284,1531.0925999947358
mask_rcnn,FP32,comun,A,1,285,1535.6758999987505
mask_rcnn,FP32,comun,A,1,286,1555.3106000006665
mask_rcnn,FP32,comun,A,1,287,1534.1010999982245
mask_rcnn,FP32,comun,A,1,288,1509.3367000008584
mask_rcnn,FP32,comun,A,1,289,1539.7133000005851
mask_rcnn,FP32,comun,A,1,290,1533.4244999976363
mask_rcnn,FP32,comun,A,1,291,1537.3376999996253
mask_rcnn,FP32,comun,A,1,292,1543.0083999963244
mask_rcnn,FP32,comun,A,1,293,1537.78940000484
mask_rcnn,FP32,comun,A,1,294,1537.077599998156
mask_rcnn,FP32,comun,A,1,295,1552.3496000023442
mask_rcnn,FP32,comun,A,1,296,1540.2214999994612
mask_rcnn,FP32,comun,A,1,297,1439.4077000033576
mask_rcnn,FP32,comun,A,1,298,1538.3701999962796
mask_rcnn,FP32,comun,A,1,299,1538.5652000040864
mask_rcnn,FP32,comun,A,1,300,1544.5080999998027
mask_rcnn,FP32,comun,A,1,301,1534.2380000001867
mask_rcnn,FP32,comun,A,1,302,1541.355699999258
mask_rcnn,FP32,comun,A,1,303,1552.3271000056411
mask_rcnn,FP32,comun,A,1,304,1538.9341999980388
mask_rcnn,FP32,comun,A,1,305,1534.6573999995599
mask_rcnn,FP32,comun,A,1,306,1538.0873000030988
mask_rcnn,FP32,comun,A,1,307,1400.7792999982485
mask_rcnn,FP32,comun,A,1,308,1546.0295000011683
mask_rcnn,FP32,comun,A,1,309,1548.3631000024616
mask_rcnn,FP32,comun,A,1,310,1483.3030000008876
mask_rcnn,FP32,comun,A,1,311,1409.4590000022436
mask_rcnn,FP32,comun,A,1,312,1548.288500001945
mask_rcnn,FP32,comun,A,1,313,1545.9684999950696
mask_rcnn,FP32,comun,A,1,314,1539.4660999954795
mask_rcnn,FP32,comun,A,1,315,1535.3733000010834
mask_rcnn,FP32,comun,A,1,316,1408.9611000017612
mask_rcnn,FP32,comun,A,1,317,1549.4628000014927
mask_rcnn,FP32,comun,A,1,318,1404.5913000009023
mask_rcnn,FP32,comun,A,1,319,1438.0260999969323
mask_rcnn,FP32,comun,A,1,320,1548.8136999993003
mask_rcnn,FP32,comun,A,1,321,1538.3825000026263
mask_rcnn,FP32,comun,A,1,322,1407.3359000030905
mask_rcnn,FP32,comun,A,1,323,1552.1719000025769
mask_rcnn,FP32,comun,A,1,324,1538.6513999983435
mask_rcnn,FP32,comun,A,1,325,1538.6778000029153
mask_rcnn,FP32,comun,A,1,326,1453.7829999972018
mask_rcnn,FP32,comun,A,1,327,1549.1120999940904
mask_rcnn,FP32,comun,A,1,328,1414.1486000007717
mask_rcnn,FP32,comun,A,1,329,1549.4943000012427
mask_rcnn,FP32,comun,A,1,330,1407.5580999997328
mask_rcnn,FP32,comun,A,1,331,1544.4515000053798
mask_rcnn,FP32,comun,A,1,332,1541.49740000139
mask_rcnn,FP32,comun,A,1,333,1553.2800000000861
mask_rcnn,FP32,comun,A,1,334,1540.100899997924
mask_rcnn,FP32,comun,A,1,335,1565.6795999966562
mask_rcnn,FP32,comun,A,1,336,1407.1610000028159
mask_rcnn,FP32,comun,A,1,337,1540.781000003335
mask_rcnn,FP32,comun,A,1,338,1545.3720000004978
mask_rcnn,FP32,comun,A,1,339,1508.3386000042083
mask_rcnn,FP32,comun,A,1,340,1547.8574999942794
mask_rcnn,FP32,comun,A,1,341,1408.0709999980172
mask_rcnn,FP32,comun,A,1,342,1492.6869000046281
mask_rcnn,FP32,comun,A,1,343,1544.2484000013792
mask_rcnn,FP32,comun,A,1,344,1404.2212000058498
mask_rcnn,FP32,comun,A,1,345,1407.2836999985157
mask_rcnn,FP32,comun,A,1,346,1536.9642000005115
mask_rcnn,FP32,comun,A,1,347,1544.6204999971087
mask_rcnn,FP32,comun,A,1,348,1553.4896000026492
mask_rcnn,FP32,comun,A,1,349,1530.8359999980894
mask_rcnn,FP32,comun,A,1,350,1542.55589999957
mask_rcnn,FP32,comun,A,1,351,1541.7499999966822
mask_rcnn,FP32,comun,A,1,352,1541.7693999988842
mask_rcnn,FP32,comun,A,1,353,1532.8222000025562
mask_rcnn,FP32,comun,A,1,354,1535.246700004791
mask_rcnn,FP32,comun,A,1,355,1551.267499999085
mask_rcnn,FP32,comun,A,1,356,1544.0883999981452
mask_rcnn,FP32,comun,A,1,357,1411.7279999991297
mask_rcnn,FP32,comun,A,1,358,1542.4160000038682
mask_rcnn,FP32,comun,A,1,359,1431.4061000040965
mask_rcnn,FP32,comun,A,1,360,1498.7574999977369
mask_rcnn,FP32,comun,A,1,361,1542.9728000017349
mask_rcnn,FP32,comun,A,1,362,1530.7313999946928
mask_rcnn,FP32,comun,A,1,363,1541.0473000010825
mask_rcnn,FP32,comun,A,1,364,1549.9115000056918
mask_rcnn,FP32,comun,A,1,365,1403.6007000031532
mask_rcnn,FP32,comun,A,1,366,1410.5104000045685
mask_rcnn,FP32,comun,A,1,367,1554.8440999991726
mask_rcnn,FP32,comun,A,1,368,1576.025300004403
mask_rcnn,FP32,comun,A,1,369,1398.6899999945308
mask_rcnn,FP32,comun,A,1,370,1540.5855999997584
mask_rcnn,FP32,comun,A,1,371,1547.7614999981597
mask_rcnn,FP32,comun,A,1,372,1531.3125000029686
mask_rcnn,FP32,comun,A,1,373,1542.236999994202
mask_rcnn,FP32,comun,B,1,0,1558.797499994398
mask_rcnn,FP32,comun,B,1,1,1559.9293999985093
mask_rcnn,FP32,comun,B,1,2,1556.6669999971054
mask_rcnn,FP32,comun,B,1,3,1579.6483000012813
mask_rcnn,FP32,comun,B,1,4,1550.4168999977992
mask_rcnn,FP32,comun,B,1,5,1595.8804999972926
mask_rcnn,FP32,comun,B,1,6,1562.367800004722
mask_rcnn,FP32,comun,B,1,7,1562.270599999465
mask_rcnn,FP32,comun,B,1,8,1550.924399998621
mask_rcnn,FP32,comun,B,1,9,1437.9150000022491
mask_rcnn,FP32,comun,B,1,10,1456.516999998712
mask_rcnn,FP32,comun,B,1,11,1552.645499999926
mask_rcnn,FP32,comun,B,1,12,1602.5429000001168
mask_rcnn,FP32,comun,B,1,13,1558.7578999984544
mask_rcnn,FP32,comun,B,1,14,1515.7930999994278
mask_rcnn,FP32,comun,B,1,15,1555.358999998134
mask_rcnn,FP32,comun,B,1,16,1556.883299999754
mask_rcnn,FP32,comun,B,1,17,1598.7230999962776
mask_rcnn,FP32,comun,B,1,18,1551.759800000582
mask_rcnn,FP32,comun,B,1,19,1546.995299999253
mask_rcnn,FP32,comun,B,1,20,1554.2943999971612
mask_rcnn,FP32,comun,B,1,21,1521.1130999960005
mask_rcnn,FP32,comun,B,1,22,1564.319400000386
mask_rcnn,FP32,comun,B,1,23,1555.318200000329
mask_rcnn,FP32,comun,B,1,24,1575.7453000042005
mask_rcnn,FP32,comun,B,1,25,1431.4183999958914
mask_rcnn,FP32,comun,B,1,26,1562.5096000003396
mask_rcnn,FP32,comun,B,1,27,1556.626600002346
mask_rcnn,FP32,comun,B,1,28,1493.259399998351
mask_rcnn,FP32,comun,B,1,29,1554.4870000012452
mask_rcnn,FP32,comun,B,1,30,1558.6559000003035
mask_rcnn,FP32,comun,B,1,31,1562.575800002378
mask_rcnn,FP32,comun,B,1,32,1563.2037999966997
mask_rcnn,FP32,comun,B,1,33,1560.0129000013112
mask_rcnn,FP32,comun,B,1,34,1413.7981000021682
mask_rcnn,FP32,comun,B,1,35,1554.0618000013637
mask_rcnn,FP32,comun,B,1,36,1577.7020000023185
mask_rcnn,FP32,comun,B,1,37,1433.5495999985142
mask_rcnn,FP32,comun,B,1,38,1562.0452999937697
mask_rcnn,FP32,comun,B,1,39,1540.6310000034864
mask_rcnn,FP32,comun,B,1,40,1555.0874000036856
mask_rcnn,FP32,comun,B,1,41,1564.288100002159
mask_rcnn,FP32,comun,B,1,42,1554.106800002046
mask_rcnn,FP32,comun,B,1,43,1565.4924999980722
mask_rcnn,FP32,comun,B,1,44,1556.063100004394
mask_rcnn,FP32,comun,B,1,45,1529.4769000029191
mask_rcnn,FP32,comun,B,1,46,1577.4208000002545
mask_rcnn,FP32,comun,B,1,47,1432.2342000014032
mask_rcnn,FP32,comun,B,1,48,1595.2650999970501
mask_rcnn,FP32,comun,B,1,49,1424.4172999970033
mask_rcnn,FP32,comun,B,1,50,1580.2413999990677
mask_rcnn,FP32,comun,B,1,51,1516.8010999987018
mask_rcnn,FP32,comun,B,1,52,1524.6838000020944
mask_rcnn,FP32,comun,B,1,53,1596.9206000008853
mask_rcnn,FP32,comun,B,1,54,1553.5103000001982
mask_rcnn,FP32,comun,B,1,55,1554.9352999951225
mask_rcnn,FP32,comun,B,1,56,1555.413400004909
mask_rcnn,FP32,comun,B,1,57,1598.0064000032144
mask_rcnn,FP32,comun,B,1,58,1554.918900001212
mask_rcnn,FP32,comun,B,1,59,1423.9839000001666
mask_rcnn,FP32,comun,B,1,60,1425.4137999960221
mask_rcnn,FP32,comun,B,1,61,1557.306900002004
mask_rcnn,FP32,comun,B,1,62,1444.6016000001691
mask_rcnn,FP32,comun,B,1,63,1570.8110999985365
mask_rcnn,FP32,comun,B,1,64,1579.9860000042827
mask_rcnn,FP32,comun,B,1,65,1561.8667999951867
mask_rcnn,FP32,comun,B,1,66,1558.2703999971272
mask_rcnn,FP32,comun,B,1,67,1552.818300006038
mask_rcnn,FP32,comun,B,1,68,1564.4936000026064
mask_rcnn,FP32,comun,B,1,69,1416.5930000017397
mask_rcnn,FP32,comun,B,1,70,1542.6012000025366
mask_rcnn,FP32,comun,B,1,71,1510.3544000012334
mask_rcnn,FP32,comun,B,1,72,1557.5077999965288
mask_rcnn,FP32,comun,B,1,73,1556.3254000007873
mask_rcnn,FP32,comun,B,1,74,1562.8235999975004
mask_rcnn,FP32,comun,B,1,75,1552.767799999856
mask_rcnn,FP32,comun,B,1,76,1554.5375000001513
mask_rcnn,FP32,comun,B,1,77,1199.6901999955298
mask_rcnn,FP32,comun,B,1,78,1575.360199996794
mask_rcnn,FP32,comun,B,1,79,1564.3740000014077
mask_rcnn,FP32,comun,B,1,80,1444.5302999956766
mask_rcnn,FP32,comun,B,1,81,1566.9679999991786
mask_rcnn,FP32,comun,B,1,82,1561.7448999983026
mask_rcnn,FP32,comun,B,1,83,1561.2143999969703
mask_rcnn,FP32,comun,B,1,84,1567.353099999309
mask_rcnn,FP32,comun,B,1,85,1587.3518000007607
mask_rcnn,FP32,comun,B,1,86,1554.5828999966034
mask_rcnn,FP32,comun,B,1,87,1559.293800004525
mask_rcnn,FP32,comun,B,1,88,1576.507000005222
mask_rcnn,FP32,comun,B,1,89,1546.3760999991791
mask_rcnn,FP32,comun,B,1,90,1500.1061000002665
mask_rcnn,FP32,comun,B,1,91,1559.0690999961225
mask_rcnn,FP32,comun,B,1,92,1570.931100002781
mask_rcnn,FP32,comun,B,1,93,1551.374399998167
mask_rcnn,FP32,comun,B,1,94,1564.5702999972855
mask_rcnn,FP32,comun,B,1,95,1447.4883000002592
mask_rcnn,FP32,comun,B,1,96,1558.3729999998468
mask_rcnn,FP32,comun,B,1,97,1545.311199995922
mask_rcnn,FP32,comun,B,1,98,1487.2051999991527
mask_rcnn,FP32,comun,B,1,99,1555.2291000058176
mask_rcnn,FP32,comun,B,1,100,1430.5996000039158
mask_rcnn,FP32,comun,B,1,101,1566.126899997471
mask_rcnn,FP32,comun,B,1,102,1570.5330000055255
mask_rcnn,FP32,comun,B,1,103,1548.1529000026057
mask_rcnn,FP32,comun,B,1,104,1538.4128000005148
mask_rcnn,FP32,comun,B,1,105,1548.1550000040443
mask_rcnn,FP32,comun,B,1,106,1545.0989000019035
mask_rcnn,FP32,comun,B,1,107,1578.9755000005243
mask_rcnn,FP32,comun,B,1,108,1422.7580000006128
mask_rcnn,FP32,comun,B,1,109,1553.358000004664
mask_rcnn,FP32,comun,B,1,110,1420.3867000032915
mask_rcnn,FP32,comun,B,1,111,1565.589199999522
mask_rcnn,FP32,comun,B,1,112,1555.1402999990387
mask_rcnn,FP32,comun,B,1,113,1424.351099994965
mask_rcnn,FP32,comun,B,1,114,1585.7130000003963
mask_rcnn,FP32,comun,B,1,115,1563.067700000829
mask_rcnn,FP32,comun,B,1,116,1560.273800001596
mask_rcnn,FP32,comun,B,1,117,1580.6639000002178
mask_rcnn,FP32,comun,B,1,118,1575.9236000012606
mask_rcnn,FP32,comun,B,1,119,1553.0601999998908
mask_rcnn,FP32,comun,B,1,120,1561.9134000007762
mask_rcnn,FP32,comun,B,1,121,1558.056800000486
mask_rcnn,FP32,comun,B,1,122,1565.517600000021
mask_rcnn,FP32,comun,B,1,123,1558.4165999971447
mask_rcnn,FP32,comun,B,1,124,1569.4540999975288
mask_rcnn,FP32,comun,B,1,125,1568.7666999947396
mask_rcnn,FP32,comun,B,1,126,1565.1829999987967
mask_rcnn,FP32,comun,B,1,127,1558.4559999988414
mask_rcnn,FP32,comun,B,1,128,1564.702000003308
mask_rcnn,FP32,comun,B,1,129,1557.5318999981391
mask_rcnn,FP32,comun,B,1,130,1560.3480999998283
mask_rcnn,FP32,comun,B,1,131,1562.230499999714
mask_rcnn,FP32,comun,B,1,132,1432.1649999983492
mask_rcnn,FP32,comun,B,1,133,1416.0121999957482
mask_rcnn,FP32,comun,B,1,134,1559.4569000022602
mask_rcnn,FP32,comun,B,1,135,1567.433299998811
mask_rcnn,FP32,comun,B,1,136,1416.1792999948375
mask_rcnn,FP32,comun,B,1,137,1548.7502000032691
mask_rcnn,FP32,comun,B,1,138,1559.9712999974145
mask_rcnn,FP32,comun,B,1,139,1560.667800004012
mask_rcnn,FP32,comun,B,1,140,1564.983600001142
mask_rcnn,FP32,comun,B,1,141,1558.2026000047335
mask_rcnn,FP32,comun,B,1,142,1562.1429000020726
mask_rcnn,FP32,comun,B,1,143,1556.7158999983803
mask_rcnn,FP32,comun,B,1,144,1560.9739999999874
mask_rcnn,FP32,comun,B,1,145,1422.2102999992785
mask_rcnn,FP32,comun,B,1,146,1563.8848000016878
mask_rcnn,FP32,comun,B,1,147,1558.3629999964614
mask_rcnn,FP32,comun,B,1,148,1560.1735999953235
mask_rcnn,FP32,comun,B,1,149,1555.2925000010873
mask_rcnn,FP32,comun,B,1,150,1558.2775000002584
mask_rcnn,FP32,comun,B,1,151,1579.9113999964902
mask_rcnn,FP32,comun,B,1,152,1577.7355000027455
mask_rcnn,FP32,comun,B,1,153,1556.6889000037918
mask_rcnn,FP32,comun,B,1,154,1555.5663999984972
mask_rcnn,FP32,comun,B,1,155,1552.9827999998815
mask_rcnn,FP32,comun,B,1,156,1415.2596999992966
mask_rcnn,FP32,comun,B,1,157,1443.3964999989257
mask_rcnn,FP32,comun,B,1,158,1573.359599999094
mask_rcnn,FP32,comun,B,1,159,1561.8084999950952
mask_rcnn,FP32,comun,B,1,160,1558.9811000027112
mask_rcnn,FP32,comun,B,1,161,1575.1085999945644
mask_rcnn,FP32,comun,B,1,162,1525.8513000007952
mask_rcnn,FP32,comun,B,1,163,1557.8773000015644
mask_rcnn,FP32,comun,B,1,164,1551.1480999994092
mask_rcnn,FP32,comun,B,1,165,1565.305600001011
mask_rcnn,FP32,comun,B,1,166,1553.857999999309
mask_rcnn,FP32,comun,B,1,167,1421.4591999989352
mask_rcnn,FP32,comun,B,1,168,1570.2378999994835
mask_rcnn,FP32,comun,B,1,169,1572.482099996705
mask_rcnn,FP32,comun,B,1,170,1564.523699998972
mask_rcnn,FP32,comun,B,1,171,1420.1157999996212
mask_rcnn,FP32,comun,B,1,172,1433.8993999990635
mask_rcnn,FP32,comun,B,1,173,1422.964299999876
mask_rcnn,FP32,comun,B,1,174,1560.0134000051185
mask_rcnn,FP32,comun,B,1,175,1563.6621000012383
mask_rcnn,FP32,comun,B,1,176,1571.1332999999286
mask_rcnn,FP32,comun,B,1,177,1561.627100003534
mask_rcnn,FP32,comun,B,1,178,1552.2574000060558
mask_rcnn,FP32,comun,B,1,179,1567.407100003038
mask_rcnn,FP32,comun,B,1,180,1569.445999994059
mask_rcnn,FP32,comun,B,1,181,1553.293400000257
mask_rcnn,FP32,comun,B,1,182,1374.7014999971725
mask_rcnn,FP32,comun,B,1,183,1610.9872000015457
mask_rcnn,FP32,comun,B,1,184,1557.7596000002814
mask_rcnn,FP32,comun,B,1,185,1601.1489000011352
mask_rcnn,FP32,comun,B,1,186,1557.1773999981815
mask_rcnn,FP32,comun,B,1,187,1215.2917999992496
mask_rcnn,FP32,comun,B,1,188,1553.218699998979
mask_rcnn,FP32,comun,B,1,189,1521.155499998713
mask_rcnn,FP32,comun,B,1,190,1419.0725999942515
mask_rcnn,FP32,comun,B,1,191,1548.370700002124
mask_rcnn,FP32,comun,B,1,192,1566.7988999994122
mask_rcnn,FP32,comun,B,1,193,1561.3811000002897
mask_rcnn,FP32,comun,B,1,194,1566.569900001923
mask_rcnn,FP32,comun,B,1,195,1562.4595000044792
mask_rcnn,FP32,comun,B,1,196,1424.6993000051589
mask_rcnn,FP32,comun,B,1,197,1409.8044999991544
mask_rcnn,FP32,comun,B,1,198,1443.9042000012705
mask_rcnn,FP32,comun,B,1,199,1564.051199995447
mask_rcnn,FP32,comun,B,1,200,1590.0467000028584
mask_rcnn,FP32,comun,B,1,201,1569.391099998029
mask_rcnn,FP32,comun,B,1,202,1552.9230999964057
mask_rcnn,FP32,comun,B,1,203,1482.1006999991369
mask_rcnn,FP32,comun,B,1,204,1415.8338999986881
mask_rcnn,FP32,comun,B,1,205,1554.6164999977918
mask_rcnn,FP32,comun,B,1,206,1596.9758999999613
mask_rcnn,FP32,comun,B,1,207,1508.1022000013036
mask_rcnn,FP32,comun,B,1,208,1595.3937000012957
mask_rcnn,FP32,comun,B,1,209,1462.8620000003139
mask_rcnn,FP32,comun,B,1,210,1427.6785999973072
mask_rcnn,FP32,comun,B,1,211,1566.037700002198
mask_rcnn,FP32,comun,B,1,212,1555.440500000259
mask_rcnn,FP32,comun,B,1,213,1551.6496999989613
mask_rcnn,FP32,comun,B,1,214,1580.2917999972124
mask_rcnn,FP32,comun,B,1,215,1561.2886999952025
mask_rcnn,FP32,comun,B,1,216,1408.9804999966873
mask_rcnn,FP32,comun,B,1,217,1427.2194000004674
mask_rcnn,FP32,comun,B,1,218,1564.8273000042536
mask_rcnn,FP32,comun,B,1,219,1565.617399995972
mask_rcnn,FP32,comun,B,1,220,1555.666199994448
mask_rcnn,FP32,comun,B,1,221,1556.2311000030604
mask_rcnn,FP32,comun,B,1,222,1421.3998999985051
mask_rcnn,FP32,comun,B,1,223,1551.5417000060552
mask_rcnn,FP32,comun,B,1,224,1560.8407000036095
mask_rcnn,FP32,comun,B,1,225,1424.3682000014815
mask_rcnn,FP32,comun,B,1,226,1572.4986999994144
mask_rcnn,FP32,comun,B,1,227,1561.6300999972736
mask_rcnn,FP32,comun,B,1,228,1417.4223000009079
mask_rcnn,FP32,comun,B,1,229,1559.1051999945194
mask_rcnn,FP32,comun,B,1,230,1248.5836999985622
mask_rcnn,FP32,comun,B,1,231,1206.9100999942748
mask_rcnn,FP32,comun,B,1,232,1569.8450000054436
mask_rcnn,FP32,comun,B,1,233,1538.776900000812
mask_rcnn,FP32,comun,B,1,234,1523.355500001344
mask_rcnn,FP32,comun,B,1,235,1564.2857999991975
mask_rcnn,FP32,comun,B,1,236,1503.0140000017127
mask_rcnn,FP32,comun,B,1,237,1562.3042000006535
mask_rcnn,FP32,comun,B,1,238,1559.817800000019
mask_rcnn,FP32,comun,B,1,239,1562.5688000000082
mask_rcnn,FP32,comun,B,1,240,1574.8632999966503
mask_rcnn,FP32,comun,B,1,241,1515.8620000001974
mask_rcnn,FP32,comun,B,1,242,1593.831300000602
mask_rcnn,FP32,comun,B,1,243,1421.9876999995904
mask_rcnn,FP32,comun,B,1,244,1342.4511999983224
mask_rcnn,FP32,comun,B,1,245,1565.9713000059128
mask_rcnn,FP32,comun,B,1,246,1557.513599997037
mask_rcnn,FP32,comun,B,1,247,1557.6330000039889
mask_rcnn,FP32,comun,B,1,248,1357.7751999982866
mask_rcnn,FP32,comun,B,1,249,1547.0863999944413
mask_rcnn,FP32,comun,B,1,250,1556.6706000026898
mask_rcnn,FP32,comun,B,1,251,1535.585000005085
mask_rcnn,FP32,comun,B,1,252,1569.503300001088
mask_rcnn,FP32,comun,B,1,253,1348.6032000000705
mask_rcnn,FP32,comun,B,1,254,1564.445900003193
mask_rcnn,FP32,comun,B,1,255,1556.7048999946564
mask_rcnn,FP32,comun,B,1,256,1551.9540999957826
mask_rcnn,FP32,comun,B,1,257,1572.5143999952707
mask_rcnn,FP32,comun,B,1,258,1558.9830999961123
mask_rcnn,FP32,comun,B,1,259,1428.5161000007065
mask_rcnn,FP32,comun,B,1,260,1553.8435999987996
mask_rcnn,FP32,comun,B,1,261,1550.4959999962011
mask_rcnn,FP32,comun,B,1,262,1566.7937999969581
mask_rcnn,FP32,comun,B,1,263,1550.5196000012802
mask_rcnn,FP32,comun,B,1,264,1574.8758999980055
mask_rcnn,FP32,comun,B,1,265,1543.5470000011264
mask_rcnn,FP32,comun,B,1,266,1532.0874000026379
mask_rcnn,FP32,comun,B,1,267,1419.0990999995847
mask_rcnn,FP32,comun,B,1,268,1558.526199994958
mask_rcnn,FP32,comun,B,1,269,1556.7526000013459
mask_rcnn,FP32,comun,B,1,270,1555.6865999969887
mask_rcnn,FP32,comun,B,1,271,1555.166800004372
mask_rcnn,FP32,comun,B,1,272,1563.044999995327
mask_rcnn,FP32,comun,B,1,273,1554.7028000000864
mask_rcnn,FP32,comun,B,1,274,1568.9199999978882
mask_rcnn,FP32,comun,B,1,275,1566.7925000016112
mask_rcnn,FP32,comun,B,1,276,1561.0228000005009
mask_rcnn,FP32,comun,B,1,277,1562.7223000046797
mask_rcnn,FP32,comun,B,1,278,1557.9352000058861
mask_rcnn,FP32,comun,B,1,279,1560.1756000032765
mask_rcnn,FP32,comun,B,1,280,1550.46360000415
mask_rcnn,FP32,comun,B,1,281,1568.371000001207
mask_rcnn,FP32,comun,B,1,282,1411.754299995664
mask_rcnn,FP32,comun,B,1,283,1545.6047999978182
mask_rcnn,FP32,comun,B,1,284,1547.874399999273
mask_rcnn,FP32,comun,B,1,285,1551.8542999998317
mask_rcnn,FP32,comun,B,1,286,1574.1140000027372
mask_rcnn,FP32,comun,B,1,287,1547.706899997138
mask_rcnn,FP32,comun,B,1,288,1518.6632000040845
mask_rcnn,FP32,comun,B,1,289,1559.7452000001795
mask_rcnn,FP32,comun,B,1,290,1548.4436999977333
mask_rcnn,FP32,comun,B,1,291,1554.4177000047057
mask_rcnn,FP32,comun,B,1,292,1562.4776999975438
mask_rcnn,FP32,comun,B,1,293,1560.154800004966
mask_rcnn,FP32,comun,B,1,294,1557.5458999956027
mask_rcnn,FP32,comun,B,1,295,1570.614399999613
mask_rcnn,FP32,comun,B,1,296,1551.8910000027972
mask_rcnn,FP32,comun,B,1,297,1459.779900003923
mask_rcnn,FP32,comun,B,1,298,1547.4996999982977
mask_rcnn,FP32,comun,B,1,299,1549.487999996927
mask_rcnn,FP32,comun,B,1,300,1571.7277000003378
mask_rcnn,FP32,comun,B,1,301,1552.0726999966428
mask_rcnn,FP32,comun,B,1,302,1559.1730999949505
mask_rcnn,FP32,comun,B,1,303,1578.5744000022532
mask_rcnn,FP32,comun,B,1,304,1553.0348000029335
mask_rcnn,FP32,comun,B,1,305,1552.5607999952626
mask_rcnn,FP32,comun,B,1,306,1557.0031000024755
mask_rcnn,FP32,comun,B,1,307,1416.518800004269
mask_rcnn,FP32,comun,B,1,308,1556.6452000057325
mask_rcnn,FP32,comun,B,1,309,1579.6358000006876
mask_rcnn,FP32,comun,B,1,310,1491.1562999986927
mask_rcnn,FP32,comun,B,1,311,1423.779700002342
mask_rcnn,FP32,comun,B,1,312,1575.2733999979682
mask_rcnn,FP32,comun,B,1,313,1561.8278000038117
mask_rcnn,FP32,comun,B,1,314,1559.715799994592
mask_rcnn,FP32,comun,B,1,315,1551.8909000020358
mask_rcnn,FP32,comun,B,1,316,1423.2772000032128
mask_rcnn,FP32,comun,B,1,317,1562.2531000044546
mask_rcnn,FP32,comun,B,1,318,1412.732999997388
mask_rcnn,FP32,comun,B,1,319,1453.108700006851
mask_rcnn,FP32,comun,B,1,320,1567.0823999971617
mask_rcnn,FP32,comun,B,1,321,1553.157900001679
mask_rcnn,FP32,comun,B,1,322,1427.2171999982675
mask_rcnn,FP32,comun,B,1,323,1569.0063000001828
mask_rcnn,FP32,comun,B,1,324,1559.1905999972369
mask_rcnn,FP32,comun,B,1,325,1554.2874000020674
mask_rcnn,FP32,comun,B,1,326,1469.9544000031892
mask_rcnn,FP32,comun,B,1,327,1566.7709000044852
mask_rcnn,FP32,comun,B,1,328,1437.1721999996225
mask_rcnn,FP32,comun,B,1,329,1562.1151000013924
mask_rcnn,FP32,comun,B,1,330,1419.1424999953597
mask_rcnn,FP32,comun,B,1,331,1561.3889000014751
mask_rcnn,FP32,comun,B,1,332,1554.3602000034298
mask_rcnn,FP32,comun,B,1,333,1567.4853999953484
mask_rcnn,FP32,comun,B,1,334,1557.4342000036268
mask_rcnn,FP32,comun,B,1,335,1584.467400003632
mask_rcnn,FP32,comun,B,1,336,1422.7326000036555
mask_rcnn,FP32,comun,B,1,337,1550.1992999998038
mask_rcnn,FP32,comun,B,1,338,1569.5600000035483
mask_rcnn,FP32,comun,B,1,339,1527.7631999997539
mask_rcnn,FP32,comun,B,1,340,1563.0298999967636
mask_rcnn,FP32,comun,B,1,341,1417.5513000009232
mask_rcnn,FP32,comun,B,1,342,1504.1247999979532
mask_rcnn,FP32,comun,B,1,343,1552.5994999989052
mask_rcnn,FP32,comun,B,1,344,1412.7373000010266
mask_rcnn,FP32,comun,B,1,345,1418.1873999987147
mask_rcnn,FP32,comun,B,1,346,1552.5065000038012
mask_rcnn,FP32,comun,B,1,347,1557.665200001793
mask_rcnn,FP32,comun,B,1,348,1579.081199997745
mask_rcnn,FP32,comun,B,1,349,1558.3197999949334
mask_rcnn,FP32,comun,B,1,350,1551.9217000037315
mask_rcnn,FP32,comun,B,1,351,1559.0415999977267
mask_rcnn,FP32,comun,B,1,352,1551.6405000016675
mask_rcnn,FP32,comun,B,1,353,1561.2629000024754
mask_rcnn,FP32,comun,B,1,354,1551.8326000019442
mask_rcnn,FP32,comun,B,1,355,1554.2986999935238
mask_rcnn,FP32,comun,B,1,356,1559.6615999966161
mask_rcnn,FP32,comun,B,1,357,1422.9665999955614
mask_rcnn,FP32,comun,B,1,358,1559.5682000057423
mask_rcnn,FP32,comun,B,1,359,1428.7897999965935
mask_rcnn,FP32,comun,B,1,360,1515.454000000318
mask_rcnn,FP32,comun,B,1,361,1562.457899999572
mask_rcnn,FP32,comun,B,1,362,1554.7003999963636
mask_rcnn,FP32,comun,B,1,363,1562.0746000058716
mask_rcnn,FP32,comun,B,1,364,1558.958800000255
mask_rcnn,FP32,comun,B,1,365,1419.3773999941186
mask_rcnn,FP32,comun,B,1,366,1414.8800000039046
mask_rcnn,FP32,comun,B,1,367,1568.3627999969758
mask_rcnn,FP32,comun,B,1,368,1599.5163999978104
mask_rcnn,FP32,comun,B,1,369,1409.6097000001464
mask_rcnn,FP32,comun,B,1,370,1553.2129999992321
mask_rcnn,FP32,comun,B,1,371,1558.542500002659
mask_rcnn,FP32,comun,B,1,372,1546.7401999994763
mask_rcnn,FP32,comun,B,1,373,1560.675300002913
mask_rcnn,FP32,comun,A,2,0,1544.7285999980522
mask_rcnn,FP32,comun,A,2,1,1548.4028999999282
mask_rcnn,FP32,comun,A,2,2,1540.782299998682
mask_rcnn,FP32,comun,A,2,3,1566.458799999964
mask_rcnn,FP32,comun,A,2,4,1535.9158999999636
mask_rcnn,FP32,comun,A,2,5,1573.2222000006004
mask_rcnn,FP32,comun,A,2,6,1544.459899996582
mask_rcnn,FP32,comun,A,2,7,1543.9014000003226
mask_rcnn,FP32,comun,A,2,8,1536.4531000013812
mask_rcnn,FP32,comun,A,2,9,1419.7824999937438
mask_rcnn,FP32,comun,A,2,10,1439.0407999962918
mask_rcnn,FP32,comun,A,2,11,1538.7310000005527
mask_rcnn,FP32,comun,A,2,12,1570.1055999961682
mask_rcnn,FP32,comun,A,2,13,1542.89169999538
mask_rcnn,FP32,comun,A,2,14,1501.5941000019666
mask_rcnn,FP32,comun,A,2,15,1538.652600000205
mask_rcnn,FP32,comun,A,2,16,1542.464199999813
mask_rcnn,FP32,comun,A,2,17,1583.0482999954256
mask_rcnn,FP32,comun,A,2,18,1535.2656999966712
mask_rcnn,FP32,comun,A,2,19,1537.3720999996294
mask_rcnn,FP32,comun,A,2,20,1537.0155999989947
mask_rcnn,FP32,comun,A,2,21,1503.9472999997088
mask_rcnn,FP32,comun,A,2,22,1543.0226000025868
mask_rcnn,FP32,comun,A,2,23,1533.92289999465
mask_rcnn,FP32,comun,A,2,24,1540.8692999990308
mask_rcnn,FP32,comun,A,2,25,1419.99080000096
mask_rcnn,FP32,comun,A,2,26,1539.3764000036754
mask_rcnn,FP32,comun,A,2,27,1539.4006000060472
mask_rcnn,FP32,comun,A,2,28,1480.5905999965034
mask_rcnn,FP32,comun,A,2,29,1535.3719999984605
mask_rcnn,FP32,comun,A,2,30,1542.3757000025944
mask_rcnn,FP32,comun,A,2,31,1545.147700002417
mask_rcnn,FP32,comun,A,2,32,1543.1965999960084
mask_rcnn,FP32,comun,A,2,33,1547.491400000581
mask_rcnn,FP32,comun,A,2,34,1400.645199995779
mask_rcnn,FP32,comun,A,2,35,1539.6964000028674
mask_rcnn,FP32,comun,A,2,36,1560.0606000007247
mask_rcnn,FP32,comun,A,2,37,1418.5389999984181
mask_rcnn,FP32,comun,A,2,38,1543.1538000048022
mask_rcnn,FP32,comun,A,2,39,1524.126600001182
mask_rcnn,FP32,comun,A,2,40,1537.2739999947953
mask_rcnn,FP32,comun,A,2,41,1551.3179999979911
mask_rcnn,FP32,comun,A,2,42,1541.2613000007696
mask_rcnn,FP32,comun,A,2,43,1549.6024999956717
mask_rcnn,FP32,comun,A,2,44,1543.5509000017191
mask_rcnn,FP32,comun,A,2,45,1515.3678999995464
mask_rcnn,FP32,comun,A,2,46,1553.7641000046278
mask_rcnn,FP32,comun,A,2,47,1418.5993999999482
mask_rcnn,FP32,comun,A,2,48,1557.4437999966904
mask_rcnn,FP32,comun,A,2,49,1409.8462000038126
mask_rcnn,FP32,comun,A,2,50,1563.4045999977388
mask_rcnn,FP32,comun,A,2,51,1494.9839999972028
mask_rcnn,FP32,comun,A,2,52,1515.4522000011639
mask_rcnn,FP32,comun,A,2,53,1564.0399999974761
mask_rcnn,FP32,comun,A,2,54,1537.2136000005412
mask_rcnn,FP32,comun,A,2,55,1537.5000999993063
mask_rcnn,FP32,comun,A,2,56,1542.0796999969753
mask_rcnn,FP32,comun,A,2,57,1577.2549999965122
mask_rcnn,FP32,comun,A,2,58,1540.8358999993652
mask_rcnn,FP32,comun,A,2,59,1411.0690999950748
mask_rcnn,FP32,comun,A,2,60,1404.5503000015742
mask_rcnn,FP32,comun,A,2,61,1542.8633999981685
mask_rcnn,FP32,comun,A,2,62,1418.925499994657
mask_rcnn,FP32,comun,A,2,63,1553.3064999981434
mask_rcnn,FP32,comun,A,2,64,1562.8922000032617
mask_rcnn,FP32,comun,A,2,65,1543.4817999994266
mask_rcnn,FP32,comun,A,2,66,1546.4222000009613
mask_rcnn,FP32,comun,A,2,67,1541.635599998699
mask_rcnn,FP32,comun,A,2,68,1550.742800005537
mask_rcnn,FP32,comun,A,2,69,1405.3620000049705
mask_rcnn,FP32,comun,A,2,70,1530.3873000011663
mask_rcnn,FP32,comun,A,2,71,1492.4310999995214
mask_rcnn,FP32,comun,A,2,72,1542.717399999674
mask_rcnn,FP32,comun,A,2,73,1538.0965000003926
mask_rcnn,FP32,comun,A,2,74,1541.7922000051476
mask_rcnn,FP32,comun,A,2,75,1533.3892999988166
mask_rcnn,FP32,comun,A,2,76,1537.2379000036744
mask_rcnn,FP32,comun,A,2,77,1176.9849999982398
mask_rcnn,FP32,comun,A,2,78,1557.1606000012252
mask_rcnn,FP32,comun,A,2,79,1547.1414999992703
mask_rcnn,FP32,comun,A,2,80,1436.6482999976142
mask_rcnn,FP32,comun,A,2,81,1555.3371999994852
mask_rcnn,FP32,comun,A,2,82,1549.5425999979489
mask_rcnn,FP32,comun,A,2,83,1541.1081999991438
mask_rcnn,FP32,comun,A,2,84,1545.6350000022212
mask_rcnn,FP32,comun,A,2,85,1572.6807000028202
mask_rcnn,FP32,comun,A,2,86,1544.4193000002997
mask_rcnn,FP32,comun,A,2,87,1539.3421999979182
mask_rcnn,FP32,comun,A,2,88,1559.2601999960607
mask_rcnn,FP32,comun,A,2,89,1530.486200004816
mask_rcnn,FP32,comun,A,2,90,1488.4033000053023
mask_rcnn,FP32,comun,A,2,91,1538.7397000013152
mask_rcnn,FP32,comun,A,2,92,1554.1761999993469
mask_rcnn,FP32,comun,A,2,93,1533.106199996837
mask_rcnn,FP32,comun,A,2,94,1543.9029999979539
mask_rcnn,FP32,comun,A,2,95,1430.6454999968992
mask_rcnn,FP32,comun,A,2,96,1539.864900005341
mask_rcnn,FP32,comun,A,2,97,1528.128400001151
mask_rcnn,FP32,comun,A,2,98,1466.7161000033957
mask_rcnn,FP32,comun,A,2,99,1541.106900003797
mask_rcnn,FP32,comun,A,2,100,1405.2166999972542
mask_rcnn,FP32,comun,A,2,101,1544.037899999239
mask_rcnn,FP32,comun,A,2,102,1556.2836000026437
mask_rcnn,FP32,comun,A,2,103,1535.7938000015565
mask_rcnn,FP32,comun,A,2,104,1519.7480999995605
mask_rcnn,FP32,comun,A,2,105,1531.4748999953736
mask_rcnn,FP32,comun,A,2,106,1529.2063000015332
mask_rcnn,FP32,comun,A,2,107,1556.96860000171
mask_rcnn,FP32,comun,A,2,108,1405.805300004431
mask_rcnn,FP32,comun,A,2,109,1534.7054000012577
mask_rcnn,FP32,comun,A,2,110,1404.586399999971
mask_rcnn,FP32,comun,A,2,111,1550.4725000064354
mask_rcnn,FP32,comun,A,2,112,1539.2288000002736
mask_rcnn,FP32,comun,A,2,113,1408.1714000058128
mask_rcnn,FP32,comun,A,2,114,1557.5940999988234
mask_rcnn,FP32,comun,A,2,115,1545.1453999994555
mask_rcnn,FP32,comun,A,2,116,1538.787699995737
mask_rcnn,FP32,comun,A,2,117,1565.3191000019433
mask_rcnn,FP32,comun,A,2,118,1554.942700000538
mask_rcnn,FP32,comun,A,2,119,1531.7391999997199
mask_rcnn,FP32,comun,A,2,120,1541.890799999237
mask_rcnn,FP32,comun,A,2,121,1542.7648999975645
mask_rcnn,FP32,comun,A,2,122,1545.1112000009743
mask_rcnn,FP32,comun,A,2,123,1542.7510000008624
mask_rcnn,FP32,comun,A,2,124,1554.1750000047614
mask_rcnn,FP32,comun,A,2,125,1548.3299999978044
mask_rcnn,FP32,comun,A,2,126,1538.5884999996051
mask_rcnn,FP32,comun,A,2,127,1545.1635000063106
mask_rcnn,FP32,comun,A,2,128,1544.5271000062348
mask_rcnn,FP32,comun,A,2,129,1545.2781999993022
mask_rcnn,FP32,comun,A,2,130,1552.4043000041274
mask_rcnn,FP32,comun,A,2,131,1542.5080999993952
mask_rcnn,FP32,comun,A,2,132,1411.2056000012672
mask_rcnn,FP32,comun,A,2,133,1407.8122999999323
mask_rcnn,FP32,comun,A,2,134,1545.9994999982882
mask_rcnn,FP32,comun,A,2,135,1548.580499998934
mask_rcnn,FP32,comun,A,2,136,1396.3622000010218
mask_rcnn,FP32,comun,A,2,137,1537.0371000026353
mask_rcnn,FP32,comun,A,2,138,1551.6777000011643
mask_rcnn,FP32,comun,A,2,139,1559.9735000068904
mask_rcnn,FP32,comun,A,2,140,1546.925700000429
mask_rcnn,FP32,comun,A,2,141,1540.2071999997133
mask_rcnn,FP32,comun,A,2,142,1552.664000002551
mask_rcnn,FP32,comun,A,2,143,1540.0650999945356
mask_rcnn,FP32,comun,A,2,144,1536.1275000032037
mask_rcnn,FP32,comun,A,2,145,1413.2313000009162
mask_rcnn,FP32,comun,A,2,146,1545.6854999938514
mask_rcnn,FP32,comun,A,2,147,1536.754500004463
mask_rcnn,FP32,comun,A,2,148,1549.5303999996395
mask_rcnn,FP32,comun,A,2,149,1540.2186999999685
mask_rcnn,FP32,comun,A,2,150,1542.8086000028998
mask_rcnn,FP32,comun,A,2,151,1550.7110999969882
mask_rcnn,FP32,comun,A,2,152,1562.242399995739
mask_rcnn,FP32,comun,A,2,153,1545.20500000217
mask_rcnn,FP32,comun,A,2,154,1541.76429999643
mask_rcnn,FP32,comun,A,2,155,1543.015600000217
mask_rcnn,FP32,comun,A,2,156,1408.8696999970125
mask_rcnn,FP32,comun,A,2,157,1423.028199998953
mask_rcnn,FP32,comun,A,2,158,1555.5416999995941
mask_rcnn,FP32,comun,A,2,159,1540.5876000004355
mask_rcnn,FP32,comun,A,2,160,1545.0446999966516
mask_rcnn,FP32,comun,A,2,161,1557.7077999987523
mask_rcnn,FP32,comun,A,2,162,1508.4487999993144
mask_rcnn,FP32,comun,A,2,163,1545.5000000001746
mask_rcnn,FP32,comun,A,2,164,1542.031400000269
mask_rcnn,FP32,comun,A,2,165,1546.4556000006269
mask_rcnn,FP32,comun,A,2,166,1540.473999993992
mask_rcnn,FP32,comun,A,2,167,1406.6038000019034
mask_rcnn,FP32,comun,A,2,168,1553.2079999975394
mask_rcnn,FP32,comun,A,2,169,1559.681399994588
mask_rcnn,FP32,comun,A,2,170,1549.6989999955986
mask_rcnn,FP32,comun,A,2,171,1415.5232999983127
mask_rcnn,FP32,comun,A,2,172,1424.4557000056375
mask_rcnn,FP32,comun,A,2,173,1406.9545000020298
mask_rcnn,FP32,comun,A,2,174,1542.4712000021827
mask_rcnn,FP32,comun,A,2,175,1550.1619999995455
mask_rcnn,FP32,comun,A,2,176,1554.0562000023783
mask_rcnn,FP32,comun,A,2,177,1540.0246999997762
mask_rcnn,FP32,comun,A,2,178,1536.363600003824
mask_rcnn,FP32,comun,A,2,179,1540.8345000032568
mask_rcnn,FP32,comun,A,2,180,1554.5089000006556
mask_rcnn,FP32,comun,A,2,181,1543.4458000017912
mask_rcnn,FP32,comun,A,2,182,1367.221000000427
mask_rcnn,FP32,comun,A,2,183,1587.902999999642
mask_rcnn,FP32,comun,A,2,184,1542.3855999979423
mask_rcnn,FP32,comun,A,2,185,1585.452000006626
mask_rcnn,FP32,comun,A,2,186,1541.6207000016584
mask_rcnn,FP32,comun,A,2,187,1188.2260999991558
mask_rcnn,FP32,comun,A,2,188,1543.9179000022705
mask_rcnn,FP32,comun,A,2,189,1502.5208000006387
mask_rcnn,FP32,comun,A,2,190,1408.8451999996323
mask_rcnn,FP32,comun,A,2,191,1536.277400002291
mask_rcnn,FP32,comun,A,2,192,1546.2976999988314
mask_rcnn,FP32,comun,A,2,193,1544.5015000004787
mask_rcnn,FP32,comun,A,2,194,1551.766200005659
mask_rcnn,FP32,comun,A,2,195,1542.2063000005437
mask_rcnn,FP32,comun,A,2,196,1416.8427000040538
mask_rcnn,FP32,comun,A,2,197,1402.5656000012532
mask_rcnn,FP32,comun,A,2,198,1433.4057000014582
mask_rcnn,FP32,comun,A,2,199,1549.6214000013424
mask_rcnn,FP32,comun,A,2,200,1572.471499996027
mask_rcnn,FP32,comun,A,2,201,1548.0669000025955
mask_rcnn,FP32,comun,A,2,202,1533.6383000030764
mask_rcnn,FP32,comun,A,2,203,1467.513900002814
mask_rcnn,FP32,comun,A,2,204,1402.8716999964672
mask_rcnn,FP32,comun,A,2,205,1538.7868999969214
mask_rcnn,FP32,comun,A,2,206,1576.8574999965494
mask_rcnn,FP32,comun,A,2,207,1496.018700003333
mask_rcnn,FP32,comun,A,2,208,1581.6139000016847
mask_rcnn,FP32,comun,A,2,209,1451.4111999960733
mask_rcnn,FP32,comun,A,2,210,1411.2660999962827
mask_rcnn,FP32,comun,A,2,211,1548.037500004284
mask_rcnn,FP32,comun,A,2,212,1536.2419000011869
mask_rcnn,FP32,comun,A,2,213,1536.163699995086
mask_rcnn,FP32,comun,A,2,214,1559.2124999966472
mask_rcnn,FP32,comun,A,2,215,1541.8529999951716
mask_rcnn,FP32,comun,A,2,216,1397.7034999988973
mask_rcnn,FP32,comun,A,2,217,1406.6066999948816
mask_rcnn,FP32,comun,A,2,218,1552.578100003302
mask_rcnn,FP32,comun,A,2,219,1546.8411000038031
mask_rcnn,FP32,comun,A,2,220,1538.119500000903
mask_rcnn,FP32,comun,A,2,221,1536.4578000007896
mask_rcnn,FP32,comun,A,2,222,1415.5745999960345
mask_rcnn,FP32,comun,A,2,223,1535.9965999959968
mask_rcnn,FP32,comun,A,2,224,1544.9132000067038
mask_rcnn,FP32,comun,A,2,225,1415.7501000008779
mask_rcnn,FP32,comun,A,2,226,1553.070200003276
mask_rcnn,FP32,comun,A,2,227,1549.7869000028004
mask_rcnn,FP32,comun,A,2,228,1407.31439999945
mask_rcnn,FP32,comun,A,2,229,1543.306899999152
mask_rcnn,FP32,comun,A,2,230,1235.3364000009606
mask_rcnn,FP32,comun,A,2,231,1191.1820000023
mask_rcnn,FP32,comun,A,2,232,1548.0058999964967
mask_rcnn,FP32,comun,A,2,233,1524.4709999969928
mask_rcnn,FP32,comun,A,2,234,1502.8174000035506
mask_rcnn,FP32,comun,A,2,235,1544.6797000040533
mask_rcnn,FP32,comun,A,2,236,1494.5970999979181
mask_rcnn,FP32,comun,A,2,237,1545.692699997744
mask_rcnn,FP32,comun,A,2,238,1544.4254000030924
mask_rcnn,FP32,comun,A,2,239,1543.459200001962
mask_rcnn,FP32,comun,A,2,240,1553.6900000006426
mask_rcnn,FP32,comun,A,2,241,1502.0767000023625
mask_rcnn,FP32,comun,A,2,242,1573.2027999983984
mask_rcnn,FP32,comun,A,2,243,1410.6987999984995
mask_rcnn,FP32,comun,A,2,244,1322.607699999935
mask_rcnn,FP32,comun,A,2,245,1554.9457000015536
mask_rcnn,FP32,comun,A,2,246,1543.975099993986
mask_rcnn,FP32,comun,A,2,247,1542.4169000034453
mask_rcnn,FP32,comun,A,2,248,1341.8970000057016
mask_rcnn,FP32,comun,A,2,249,1534.0034000037122
mask_rcnn,FP32,comun,A,2,250,1541.6651999985334
mask_rcnn,FP32,comun,A,2,251,1517.7120000007562
mask_rcnn,FP32,comun,A,2,252,1566.9255000029807
mask_rcnn,FP32,comun,A,2,253,1338.2599000033224
mask_rcnn,FP32,comun,A,2,254,1553.3475000047474
mask_rcnn,FP32,comun,A,2,255,1535.411800003203
mask_rcnn,FP32,comun,A,2,256,1537.3936999967555
mask_rcnn,FP32,comun,A,2,257,1551.4734000025783
mask_rcnn,FP32,comun,A,2,258,1545.273099996848
mask_rcnn,FP32,comun,A,2,259,1413.7444000007235
mask_rcnn,FP32,comun,A,2,260,1539.8504000040703
mask_rcnn,FP32,comun,A,2,261,1539.2082000034861
mask_rcnn,FP32,comun,A,2,262,1552.910200000042
mask_rcnn,FP32,comun,A,2,263,1535.3781999947387
mask_rcnn,FP32,comun,A,2,264,1566.438299996662
mask_rcnn,FP32,comun,A,2,265,1519.6604000011575
mask_rcnn,FP32,comun,A,2,266,1512.2220999983256
mask_rcnn,FP32,comun,A,2,267,1404.8918999978923
mask_rcnn,FP32,comun,A,2,268,1543.0857999963337
mask_rcnn,FP32,comun,A,2,269,1543.0358000012347
mask_rcnn,FP32,comun,A,2,270,1543.8916999992216
mask_rcnn,FP32,comun,A,2,271,1544.6569000050658
mask_rcnn,FP32,comun,A,2,272,1554.3050999986008
mask_rcnn,FP32,comun,A,2,273,1539.815300006012
mask_rcnn,FP32,comun,A,2,274,1549.6576000005007
mask_rcnn,FP32,comun,A,2,275,1549.8800999994273
mask_rcnn,FP32,comun,A,2,276,1543.1734000012511
mask_rcnn,FP32,comun,A,2,277,1544.8863000056008
mask_rcnn,FP32,comun,A,2,278,1538.4650999985752
mask_rcnn,FP32,comun,A,2,279,1541.2884000033955
mask_rcnn,FP32,comun,A,2,280,1536.285999995016
mask_rcnn,FP32,comun,A,2,281,1549.2296000011265
mask_rcnn,FP32,comun,A,2,282,1399.6280999999726
mask_rcnn,FP32,comun,A,2,283,1532.7455000006012
mask_rcnn,FP32,comun,A,2,284,1529.1249000001699
mask_rcnn,FP32,comun,A,2,285,1533.841600001324
mask_rcnn,FP32,comun,A,2,286,1558.895100002701
mask_rcnn,FP32,comun,A,2,287,1535.890200000722
mask_rcnn,FP32,comun,A,2,288,1506.8629999950645
mask_rcnn,FP32,comun,A,2,289,1540.3025999985402
mask_rcnn,FP32,comun,A,2,290,1536.2893999990774
mask_rcnn,FP32,comun,A,2,291,1537.36100000242
mask_rcnn,FP32,comun,A,2,292,1545.8078000010573
mask_rcnn,FP32,comun,A,2,293,1544.983100000536
mask_rcnn,FP32,comun,A,2,294,1537.3137999995379
mask_rcnn,FP32,comun,A,2,295,1556.5560000031837
mask_rcnn,FP32,comun,A,2,296,1539.5438999985345
mask_rcnn,FP32,comun,A,2,297,1439.6699999997509
mask_rcnn,FP32,comun,A,2,298,1535.6030000039027
mask_rcnn,FP32,comun,A,2,299,1539.2352999988361
mask_rcnn,FP32,comun,A,2,300,1549.3112999974983
mask_rcnn,FP32,comun,A,2,301,1533.0590000012307
mask_rcnn,FP32,comun,A,2,302,1541.1032999982126
mask_rcnn,FP32,comun,A,2,303,1545.8925999992061
mask_rcnn,FP32,comun,A,2,304,1536.172299995087
mask_rcnn,FP32,comun,A,2,305,1536.7865000007441
mask_rcnn,FP32,comun,A,2,306,1540.6603000010364
mask_rcnn,FP32,comun,A,2,307,1403.0209999982617
mask_rcnn,FP32,comun,A,2,308,1536.8239000017638
mask_rcnn,FP32,comun,A,2,309,1549.9546999999438
mask_rcnn,FP32,comun,A,2,310,1481.437399997958
mask_rcnn,FP32,comun,A,2,311,1409.9609999975655
mask_rcnn,FP32,comun,A,2,312,1552.779699995881
mask_rcnn,FP32,comun,A,2,313,1544.3042000042624
mask_rcnn,FP32,comun,A,2,314,1543.1325000026845
mask_rcnn,FP32,comun,A,2,315,1534.2302999997628
mask_rcnn,FP32,comun,A,2,316,1412.0978999999352
mask_rcnn,FP32,comun,A,2,317,1548.9529999977094
mask_rcnn,FP32,comun,A,2,318,1403.4792000020389
mask_rcnn,FP32,comun,A,2,319,1451.7229000048246
mask_rcnn,FP32,comun,A,2,320,1546.7298000003211
mask_rcnn,FP32,comun,A,2,321,1540.089900001476
mask_rcnn,FP32,comun,A,2,322,1408.739800004696
mask_rcnn,FP32,comun,A,2,323,1551.757200002612
mask_rcnn,FP32,comun,A,2,324,1538.078300000052
mask_rcnn,FP32,comun,A,2,325,1541.7084000000614
mask_rcnn,FP32,comun,A,2,326,1450.9954000022844
mask_rcnn,FP32,comun,A,2,327,1550.4633000018657
mask_rcnn,FP32,comun,A,2,328,1416.0645000010845
mask_rcnn,FP32,comun,A,2,329,1548.5542000023997
mask_rcnn,FP32,comun,A,2,330,1408.1254999982775
mask_rcnn,FP32,comun,A,2,331,1543.437600004836
mask_rcnn,FP32,comun,A,2,332,1538.2831000024453
mask_rcnn,FP32,comun,A,2,333,1552.4212000018451
mask_rcnn,FP32,comun,A,2,334,1545.2251000024262
mask_rcnn,FP32,comun,A,2,335,1573.0419000028633
mask_rcnn,FP32,comun,A,2,336,1405.0175000011222
mask_rcnn,FP32,comun,A,2,337,1536.3448999996763
mask_rcnn,FP32,comun,A,2,338,1547.219000000041
mask_rcnn,FP32,comun,A,2,339,1507.0567000002484
mask_rcnn,FP32,comun,A,2,340,1552.8064999962226
mask_rcnn,FP32,comun,A,2,341,1407.396599999629
mask_rcnn,FP32,comun,A,2,342,1492.8396999966935
mask_rcnn,FP32,comun,A,2,343,1541.7621999949915
mask_rcnn,FP32,comun,A,2,344,1401.3076999981422
mask_rcnn,FP32,comun,A,2,345,1406.6313999937847
mask_rcnn,FP32,comun,A,2,346,1536.6014000028372
mask_rcnn,FP32,comun,A,2,347,1545.8199999993667
mask_rcnn,FP32,comun,A,2,348,1555.102699996496
mask_rcnn,FP32,comun,A,2,349,1531.843700002355
mask_rcnn,FP32,comun,A,2,350,1538.3165999955963
mask_rcnn,FP32,comun,A,2,351,1545.6095000045025
mask_rcnn,FP32,comun,A,2,352,1539.6772999956738
mask_rcnn,FP32,comun,A,2,353,1537.095899999258
mask_rcnn,FP32,comun,A,2,354,1533.596999994188
mask_rcnn,FP32,comun,A,2,355,1545.68940000172
mask_rcnn,FP32,comun,A,2,356,1551.4140000013867
mask_rcnn,FP32,comun,A,2,357,1411.6063000037684
mask_rcnn,FP32,comun,A,2,358,1543.287300002703
mask_rcnn,FP32,comun,A,2,359,1420.3148000015062
mask_rcnn,FP32,comun,A,2,360,1497.6098999977694
mask_rcnn,FP32,comun,A,2,361,1545.5136000018683
mask_rcnn,FP32,comun,A,2,362,1533.0554000029224
mask_rcnn,FP32,comun,A,2,363,1545.1601999957347
mask_rcnn,FP32,comun,A,2,364,1542.4258999992162
mask_rcnn,FP32,comun,A,2,365,1402.65989999898
mask_rcnn,FP32,comun,A,2,366,1406.7855999965104
mask_rcnn,FP32,comun,A,2,367,1550.6008000011207
mask_rcnn,FP32,comun,A,2,368,1571.9408000004478
mask_rcnn,FP32,comun,A,2,369,1399.5599000045331
mask_rcnn,FP32,comun,A,2,370,1539.7286000006716
mask_rcnn,FP32,comun,A,2,371,1541.2379999979748
mask_rcnn,FP32,comun,A,2,372,1531.7095000064
mask_rcnn,FP32,comun,A,2,373,1548.3433000044897
mask_rcnn,FP32,comun,B,2,0,1560.2173000006587
mask_rcnn,FP32,comun,B,2,1,1562.6389999961248
mask_rcnn,FP32,comun,B,2,2,1556.3002999988385
mask_rcnn,FP32,comun,B,2,3,1580.4462999949465
mask_rcnn,FP32,comun,B,2,4,1550.8566999997129
mask_rcnn,FP32,comun,B,2,5,1602.5213000029908
mask_rcnn,FP32,comun,B,2,6,1565.1911000022665
mask_rcnn,FP32,comun,B,2,7,1568.5768999974243
mask_rcnn,FP32,comun,B,2,8,1548.0088000040269
mask_rcnn,FP32,comun,B,2,9,1434.4313999972655
mask_rcnn,FP32,comun,B,2,10,1455.1751999970293
mask_rcnn,FP32,comun,B,2,11,1553.5505000007106
mask_rcnn,FP32,comun,B,2,12,1608.3626999970875
mask_rcnn,FP32,comun,B,2,13,1562.250299997686
mask_rcnn,FP32,comun,B,2,14,1521.0812000004807
mask_rcnn,FP32,comun,B,2,15,1554.9823000037577
mask_rcnn,FP32,comun,B,2,16,1556.8016999968677
mask_rcnn,FP32,comun,B,2,17,1597.142900005565
mask_rcnn,FP32,comun,B,2,18,1552.3610999953235
mask_rcnn,FP32,comun,B,2,19,1552.367399999639
mask_rcnn,FP32,comun,B,2,20,1556.944799995108
mask_rcnn,FP32,comun,B,2,21,1520.564500002365
mask_rcnn,FP32,comun,B,2,22,1569.132399999944
mask_rcnn,FP32,comun,B,2,23,1556.4042999976664
mask_rcnn,FP32,comun,B,2,24,1572.7345000050263
mask_rcnn,FP32,comun,B,2,25,1442.5979999941774
mask_rcnn,FP32,comun,B,2,26,1554.2780000032508
mask_rcnn,FP32,comun,B,2,27,1551.2687000009464
mask_rcnn,FP32,comun,B,2,28,1496.8086999942898
mask_rcnn,FP32,comun,B,2,29,1549.272000003839
mask_rcnn,FP32,comun,B,2,30,1558.8733999975375
mask_rcnn,FP32,comun,B,2,31,1560.8419999989565
mask_rcnn,FP32,comun,B,2,32,1557.544000002963
mask_rcnn,FP32,comun,B,2,33,1553.9405999952578
mask_rcnn,FP32,comun,B,2,34,1415.4973999975482
mask_rcnn,FP32,comun,B,2,35,1558.4533000001102
mask_rcnn,FP32,comun,B,2,36,1582.608099997742
mask_rcnn,FP32,comun,B,2,37,1441.3787000012235
mask_rcnn,FP32,comun,B,2,38,1564.6059999999125
mask_rcnn,FP32,comun,B,2,39,1537.9184999983408
mask_rcnn,FP32,comun,B,2,40,1558.653800006141
mask_rcnn,FP32,comun,B,2,41,1566.3176999951247
mask_rcnn,FP32,comun,B,2,42,1558.7707000013324
mask_rcnn,FP32,comun,B,2,43,1568.8473999980488
mask_rcnn,FP32,comun,B,2,44,1553.2725999946706
mask_rcnn,FP32,comun,B,2,45,1526.9582999972044
mask_rcnn,FP32,comun,B,2,46,1570.883699998376
mask_rcnn,FP32,comun,B,2,47,1436.066700000083
mask_rcnn,FP32,comun,B,2,48,1583.7346999978763
mask_rcnn,FP32,comun,B,2,49,1421.4244000031613
mask_rcnn,FP32,comun,B,2,50,1579.2539000030956
mask_rcnn,FP32,comun,B,2,51,1511.2896999999066
mask_rcnn,FP32,comun,B,2,52,1526.1337000047206
mask_rcnn,FP32,comun,B,2,53,1596.0574999990058
mask_rcnn,FP32,comun,B,2,54,1552.5628999967012
mask_rcnn,FP32,comun,B,2,55,1555.0700999956462
mask_rcnn,FP32,comun,B,2,56,1564.7412999969674
mask_rcnn,FP32,comun,B,2,57,1603.5119000007398
mask_rcnn,FP32,comun,B,2,58,1563.8785999981337
mask_rcnn,FP32,comun,B,2,59,1422.556400000758
mask_rcnn,FP32,comun,B,2,60,1428.4449999977369
mask_rcnn,FP32,comun,B,2,61,1558.3580000020447
mask_rcnn,FP32,comun,B,2,62,1434.7663000007742
mask_rcnn,FP32,comun,B,2,63,1577.1424999984447
mask_rcnn,FP32,comun,B,2,64,1587.407399994845
mask_rcnn,FP32,comun,B,2,65,1559.9431000009645
mask_rcnn,FP32,comun,B,2,66,1562.704699994356
mask_rcnn,FP32,comun,B,2,67,1552.0270000051823
mask_rcnn,FP32,comun,B,2,68,1564.135599997826
mask_rcnn,FP32,comun,B,2,69,1419.2235000009532
mask_rcnn,FP32,comun,B,2,70,1545.1792999956524
mask_rcnn,FP32,comun,B,2,71,1514.8463000004995
mask_rcnn,FP32,comun,B,2,72,1558.7850000010803
mask_rcnn,FP32,comun,B,2,73,1553.8863000037964
mask_rcnn,FP32,comun,B,2,74,1557.1198999969056
mask_rcnn,FP32,comun,B,2,75,1548.854399996344
mask_rcnn,FP32,comun,B,2,76,1557.9408000048716
mask_rcnn,FP32,comun,B,2,77,1204.8364000002039
mask_rcnn,FP32,comun,B,2,78,1571.277499999269
mask_rcnn,FP32,comun,B,2,79,1565.9801000001607
mask_rcnn,FP32,comun,B,2,80,1450.8714999974472
mask_rcnn,FP32,comun,B,2,81,1566.9015000021318
mask_rcnn,FP32,comun,B,2,82,1563.645299997006
mask_rcnn,FP32,comun,B,2,83,1556.0631999978796
mask_rcnn,FP32,comun,B,2,84,1567.2638000032748
mask_rcnn,FP32,comun,B,2,85,1588.043199997628
mask_rcnn,FP32,comun,B,2,86,1552.866099998937
mask_rcnn,FP32,comun,B,2,87,1555.3422000011778
mask_rcnn,FP32,comun,B,2,88,1576.1748000004445
mask_rcnn,FP32,comun,B,2,89,1549.454699998023
mask_rcnn,FP32,comun,B,2,90,1503.1146999972407
mask_rcnn,FP32,comun,B,2,91,1562.391999999818
mask_rcnn,FP32,comun,B,2,92,1568.9592999988236
mask_rcnn,FP32,comun,B,2,93,1548.9151000001584
mask_rcnn,FP32,comun,B,2,94,1560.9865000005811
mask_rcnn,FP32,comun,B,2,95,1445.6359000032535
mask_rcnn,FP32,comun,B,2,96,1556.8385000005946
mask_rcnn,FP32,comun,B,2,97,1550.6653999982518
mask_rcnn,FP32,comun,B,2,98,1489.298399996187
mask_rcnn,FP32,comun,B,2,99,1554.9969999992754
mask_rcnn,FP32,comun,B,2,100,1418.6312000019825
mask_rcnn,FP32,comun,B,2,101,1558.6043000002974
mask_rcnn,FP32,comun,B,2,102,1567.1296000000439
mask_rcnn,FP32,comun,B,2,103,1549.0769000025466
mask_rcnn,FP32,comun,B,2,104,1538.1160999968415
mask_rcnn,FP32,comun,B,2,105,1548.6928000027547
mask_rcnn,FP32,comun,B,2,106,1545.6138999943505
mask_rcnn,FP32,comun,B,2,107,1578.265799995279
mask_rcnn,FP32,comun,B,2,108,1416.5290000019013
mask_rcnn,FP32,comun,B,2,109,1554.8384000067017
mask_rcnn,FP32,comun,B,2,110,1419.9489000020549
mask_rcnn,FP32,comun,B,2,111,1566.6889999993145
mask_rcnn,FP32,comun,B,2,112,1555.4126999995788
mask_rcnn,FP32,comun,B,2,113,1419.0091999989818
mask_rcnn,FP32,comun,B,2,114,1580.67889999802
mask_rcnn,FP32,comun,B,2,115,1562.5318999955198
mask_rcnn,FP32,comun,B,2,116,1558.1904999999097
mask_rcnn,FP32,comun,B,2,117,1577.487000002293
mask_rcnn,FP32,comun,B,2,118,1579.056299997319
mask_rcnn,FP32,comun,B,2,119,1548.4972999984166
mask_rcnn,FP32,comun,B,2,120,1563.7593999999808
mask_rcnn,FP32,comun,B,2,121,1556.6067999970983
mask_rcnn,FP32,comun,B,2,122,1557.9222000014852
mask_rcnn,FP32,comun,B,2,123,1556.0208999959286
mask_rcnn,FP32,comun,B,2,124,1574.635799996031
mask_rcnn,FP32,comun,B,2,125,1573.4798999983468
mask_rcnn,FP32,comun,B,2,126,1557.2152999957325
mask_rcnn,FP32,comun,B,2,127,1557.1807000014815
mask_rcnn,FP32,comun,B,2,128,1563.5366999995313
mask_rcnn,FP32,comun,B,2,129,1560.5113999990863
mask_rcnn,FP32,comun,B,2,130,1556.1607999989064
mask_rcnn,FP32,comun,B,2,131,1559.4569999957457
mask_rcnn,FP32,comun,B,2,132,1434.7392000054242
mask_rcnn,FP32,comun,B,2,133,1414.1062000053353
mask_rcnn,FP32,comun,B,2,134,1558.878800002276
mask_rcnn,FP32,comun,B,2,135,1564.855600001465
mask_rcnn,FP32,comun,B,2,136,1412.5585999936447
mask_rcnn,FP32,comun,B,2,137,1550.4081999970367
mask_rcnn,FP32,comun,B,2,138,1564.4992000015918
mask_rcnn,FP32,comun,B,2,139,1566.653200003202
mask_rcnn,FP32,comun,B,2,140,1571.374899998773
mask_rcnn,FP32,comun,B,2,141,1554.6574999971199
mask_rcnn,FP32,comun,B,2,142,1559.0956999949412
mask_rcnn,FP32,comun,B,2,143,1555.3801999994903
mask_rcnn,FP32,comun,B,2,144,1557.4527999997372
mask_rcnn,FP32,comun,B,2,145,1423.7977999946452
mask_rcnn,FP32,comun,B,2,146,1557.4870999989798
mask_rcnn,FP32,comun,B,2,147,1556.308799998078
mask_rcnn,FP32,comun,B,2,148,1559.0519000033964
mask_rcnn,FP32,comun,B,2,149,1555.5815999978222
mask_rcnn,FP32,comun,B,2,150,1561.8755999967107
mask_rcnn,FP32,comun,B,2,151,1589.7628000020632
mask_rcnn,FP32,comun,B,2,152,1577.410999998392
mask_rcnn,FP32,comun,B,2,153,1569.5117000068421
mask_rcnn,FP32,comun,B,2,154,1556.5946999995504
mask_rcnn,FP32,comun,B,2,155,1552.324399999634
mask_rcnn,FP32,comun,B,2,156,1421.582800001488
mask_rcnn,FP32,comun,B,2,157,1440.1559999969322
mask_rcnn,FP32,comun,B,2,158,1574.048499998753
mask_rcnn,FP32,comun,B,2,159,1565.579499998421
mask_rcnn,FP32,comun,B,2,160,1556.4849999936996
mask_rcnn,FP32,comun,B,2,161,1568.6476999981096
mask_rcnn,FP32,comun,B,2,162,1526.7934000003152
mask_rcnn,FP32,comun,B,2,163,1555.5507999961264
mask_rcnn,FP32,comun,B,2,164,1556.5389999974286
mask_rcnn,FP32,comun,B,2,165,1564.53650000185
mask_rcnn,FP32,comun,B,2,166,1558.3709999991697
mask_rcnn,FP32,comun,B,2,167,1415.85810000106
mask_rcnn,FP32,comun,B,2,168,1567.0639999952982
mask_rcnn,FP32,comun,B,2,169,1571.2502999958815
mask_rcnn,FP32,comun,B,2,170,1561.6794000015943
mask_rcnn,FP32,comun,B,2,171,1424.2182999951183
mask_rcnn,FP32,comun,B,2,172,1428.5165000037523
mask_rcnn,FP32,comun,B,2,173,1418.8036999985343
mask_rcnn,FP32,comun,B,2,174,1558.1749999983003
mask_rcnn,FP32,comun,B,2,175,1563.8191000034567
mask_rcnn,FP32,comun,B,2,176,1567.2856000019237
mask_rcnn,FP32,comun,B,2,177,1558.2663000022876
mask_rcnn,FP32,comun,B,2,178,1558.2491000022856
mask_rcnn,FP32,comun,B,2,179,1563.347099996463
mask_rcnn,FP32,comun,B,2,180,1574.2198999942048
mask_rcnn,FP32,comun,B,2,181,1553.9972000042326
mask_rcnn,FP32,comun,B,2,182,1380.1011000032304
mask_rcnn,FP32,comun,B,2,183,1612.0770999987144
mask_rcnn,FP32,comun,B,2,184,1559.5605999988038
mask_rcnn,FP32,comun,B,2,185,1593.0961999983992
mask_rcnn,FP32,comun,B,2,186,1556.4387000049464
mask_rcnn,FP32,comun,B,2,187,1212.3543999987305
mask_rcnn,FP32,comun,B,2,188,1553.1899000052363
mask_rcnn,FP32,comun,B,2,189,1521.3748999958625
mask_rcnn,FP32,comun,B,2,190,1419.948700000532
mask_rcnn,FP32,comun,B,2,191,1547.8609999991022
mask_rcnn,FP32,comun,B,2,192,1576.8161000014516
mask_rcnn,FP32,comun,B,2,193,1567.5266000034753
mask_rcnn,FP32,comun,B,2,194,1565.1488000003155
mask_rcnn,FP32,comun,B,2,195,1562.2439999933704
mask_rcnn,FP32,comun,B,2,196,1425.9101999996346
mask_rcnn,FP32,comun,B,2,197,1412.0098999992479
mask_rcnn,FP32,comun,B,2,198,1444.8893999942811
mask_rcnn,FP32,comun,B,2,199,1566.2300999974832
mask_rcnn,FP32,comun,B,2,200,1584.0700999979163
mask_rcnn,FP32,comun,B,2,201,1565.9171000006609
mask_rcnn,FP32,comun,B,2,202,1548.7674000032712
mask_rcnn,FP32,comun,B,2,203,1484.8319000011543
mask_rcnn,FP32,comun,B,2,204,1421.7999999964377
mask_rcnn,FP32,comun,B,2,205,1562.9750000007334
mask_rcnn,FP32,comun,B,2,206,1596.891000001051
mask_rcnn,FP32,comun,B,2,207,1511.2367999972776
mask_rcnn,FP32,comun,B,2,208,1601.7264000038267
mask_rcnn,FP32,comun,B,2,209,1464.2404999976861
mask_rcnn,FP32,comun,B,2,210,1426.5598999991198
mask_rcnn,FP32,comun,B,2,211,1561.6092999989633
mask_rcnn,FP32,comun,B,2,212,1547.7495000013732
mask_rcnn,FP32,comun,B,2,213,1560.0242000000435
mask_rcnn,FP32,comun,B,2,214,1578.1169999972917
mask_rcnn,FP32,comun,B,2,215,1559.405500003777
mask_rcnn,FP32,comun,B,2,216,1414.238800003659
mask_rcnn,FP32,comun,B,2,217,1431.5592999992077
mask_rcnn,FP32,comun,B,2,218,1564.008900000772
mask_rcnn,FP32,comun,B,2,219,1564.6905000030529
mask_rcnn,FP32,comun,B,2,220,1557.2344999964116
mask_rcnn,FP32,comun,B,2,221,1557.4749000006705
mask_rcnn,FP32,comun,B,2,222,1427.351099999214
mask_rcnn,FP32,comun,B,2,223,1551.3662000012118
mask_rcnn,FP32,comun,B,2,224,1559.3384000021615
mask_rcnn,FP32,comun,B,2,225,1423.058200001833
mask_rcnn,FP32,comun,B,2,226,1575.0308999995468
mask_rcnn,FP32,comun,B,2,227,1563.1772999986424
mask_rcnn,FP32,comun,B,2,228,1415.8093000005465
mask_rcnn,FP32,comun,B,2,229,1555.4132999968715
mask_rcnn,FP32,comun,B,2,230,1247.9028000016115
mask_rcnn,FP32,comun,B,2,231,1207.7089000013075
mask_rcnn,FP32,comun,B,2,232,1567.8943999955663
mask_rcnn,FP32,comun,B,2,233,1540.5102000004263
mask_rcnn,FP32,comun,B,2,234,1518.7569000045187
mask_rcnn,FP32,comun,B,2,235,1561.056099999405
mask_rcnn,FP32,comun,B,2,236,1504.2404000050738
mask_rcnn,FP32,comun,B,2,237,1562.6898999980767
mask_rcnn,FP32,comun,B,2,238,1561.7595999938203
mask_rcnn,FP32,comun,B,2,239,1556.3480000055279
mask_rcnn,FP32,comun,B,2,240,1578.298899999936
mask_rcnn,FP32,comun,B,2,241,1518.5136999934912
mask_rcnn,FP32,comun,B,2,242,1596.9523999956436
mask_rcnn,FP32,comun,B,2,243,1428.0599999983679
mask_rcnn,FP32,comun,B,2,244,1343.3533999996143
mask_rcnn,FP32,comun,B,2,245,1568.7160000015865
mask_rcnn,FP32,comun,B,2,246,1556.4475999999559
mask_rcnn,FP32,comun,B,2,247,1555.674800001725
mask_rcnn,FP32,comun,B,2,248,1354.6963000044343
mask_rcnn,FP32,comun,B,2,249,1549.5410000003176
mask_rcnn,FP32,comun,B,2,250,1560.1951999997254
mask_rcnn,FP32,comun,B,2,251,1533.2866000026115
mask_rcnn,FP32,comun,B,2,252,1573.1146999969496
mask_rcnn,FP32,comun,B,2,253,1350.1952000005986
mask_rcnn,FP32,comun,B,2,254,1558.9127999992343
mask_rcnn,FP32,comun,B,2,255,1551.9435000023805
mask_rcnn,FP32,comun,B,2,256,1551.3805000009597
mask_rcnn,FP32,comun,B,2,257,1572.2066999951494
mask_rcnn,FP32,comun,B,2,258,1558.5879999998724
mask_rcnn,FP32,comun,B,2,259,1435.5503000042518
mask_rcnn,FP32,comun,B,2,260,1554.1697000007844
mask_rcnn,FP32,comun,B,2,261,1553.7773000032757
mask_rcnn,FP32,comun,B,2,262,1572.7117999995244
mask_rcnn,FP32,comun,B,2,263,1551.9809999968857
mask_rcnn,FP32,comun,B,2,264,1581.564599997364
mask_rcnn,FP32,comun,B,2,265,1540.289099997608
mask_rcnn,FP32,comun,B,2,266,1532.2458000009647
mask_rcnn,FP32,comun,B,2,267,1415.0296000007074
mask_rcnn,FP32,comun,B,2,268,1552.3455000002286
mask_rcnn,FP32,comun,B,2,269,1555.4152999975486
mask_rcnn,FP32,comun,B,2,270,1559.3624000030104
mask_rcnn,FP32,comun,B,2,271,1554.6316999971168
mask_rcnn,FP32,comun,B,2,272,1561.627299997781
mask_rcnn,FP32,comun,B,2,273,1554.1062999982387
mask_rcnn,FP32,comun,B,2,274,1562.4887000012677
mask_rcnn,FP32,comun,B,2,275,1572.172000000137
mask_rcnn,FP32,comun,B,2,276,1560.5062000031467
mask_rcnn,FP32,comun,B,2,277,1564.9579999953858
mask_rcnn,FP32,comun,B,2,278,1555.1128999941284
mask_rcnn,FP32,comun,B,2,279,1554.797700002382
mask_rcnn,FP32,comun,B,2,280,1551.1793999976362
mask_rcnn,FP32,comun,B,2,281,1567.2225000016624
mask_rcnn,FP32,comun,B,2,282,1415.2612999969278
mask_rcnn,FP32,comun,B,2,283,1548.509100000956
mask_rcnn,FP32,comun,B,2,284,1546.946399997978
mask_rcnn,FP32,comun,B,2,285,1548.4092999977292
mask_rcnn,FP32,comun,B,2,286,1569.5605000000796
mask_rcnn,FP32,comun,B,2,287,1552.662900001451
mask_rcnn,FP32,comun,B,2,288,1520.6199000022025
mask_rcnn,FP32,comun,B,2,289,1559.5705000014277
mask_rcnn,FP32,comun,B,2,290,1551.3026999979047
mask_rcnn,FP32,comun,B,2,291,1555.8951999992132
mask_rcnn,FP32,comun,B,2,292,1563.0367000048864
mask_rcnn,FP32,comun,B,2,293,1560.1467000014964
mask_rcnn,FP32,comun,B,2,294,1554.4497999944724
mask_rcnn,FP32,comun,B,2,295,1571.1382000008598
mask_rcnn,FP32,comun,B,2,296,1553.9082999966922
mask_rcnn,FP32,comun,B,2,297,1452.5066999995033
mask_rcnn,FP32,comun,B,2,298,1549.5320000045467
mask_rcnn,FP32,comun,B,2,299,1553.3133999997517
mask_rcnn,FP32,comun,B,2,300,1564.7527000037371
mask_rcnn,FP32,comun,B,2,301,1546.5028999969945
mask_rcnn,FP32,comun,B,2,302,1558.4980999992695
mask_rcnn,FP32,comun,B,2,303,1590.9288999973796
mask_rcnn,FP32,comun,B,2,304,1553.6087000000407
mask_rcnn,FP32,comun,B,2,305,1550.7942000040202
mask_rcnn,FP32,comun,B,2,306,1554.9949999985984
mask_rcnn,FP32,comun,B,2,307,1415.9300999963307
mask_rcnn,FP32,comun,B,2,308,1553.4699999989243
mask_rcnn,FP32,comun,B,2,309,1578.8794999971287
mask_rcnn,FP32,comun,B,2,310,1489.4038999991608
mask_rcnn,FP32,comun,B,2,311,1418.4179000003496
mask_rcnn,FP32,comun,B,2,312,1568.999300005089
mask_rcnn,FP32,comun,B,2,313,1557.1875000023283
mask_rcnn,FP32,comun,B,2,314,1557.9049000007217
mask_rcnn,FP32,comun,B,2,315,1553.698000003351
mask_rcnn,FP32,comun,B,2,316,1427.5051000004169
mask_rcnn,FP32,comun,B,2,317,1566.4484000008088
mask_rcnn,FP32,comun,B,2,318,1417.5966999973753
mask_rcnn,FP32,comun,B,2,319,1454.0068999995128
mask_rcnn,FP32,comun,B,2,320,1561.807800004317
mask_rcnn,FP32,comun,B,2,321,1551.3260000006994
mask_rcnn,FP32,comun,B,2,322,1417.4690999934683
mask_rcnn,FP32,comun,B,2,323,1563.7585999938892
mask_rcnn,FP32,comun,B,2,324,1551.4581000024918
mask_rcnn,FP32,comun,B,2,325,1552.2941999952309
mask_rcnn,FP32,comun,B,2,326,1468.285900002229
mask_rcnn,FP32,comun,B,2,327,1566.6791000039666
mask_rcnn,FP32,comun,B,2,328,1429.5517999998992
mask_rcnn,FP32,comun,B,2,329,1565.415099998063
mask_rcnn,FP32,comun,B,2,330,1421.93760000373
mask_rcnn,FP32,comun,B,2,331,1562.8043999968213
mask_rcnn,FP32,comun,B,2,332,1553.6894999968354
mask_rcnn,FP32,comun,B,2,333,1573.648300000059
mask_rcnn,FP32,comun,B,2,334,1561.4283999966574
mask_rcnn,FP32,comun,B,2,335,1584.3843999973615
mask_rcnn,FP32,comun,B,2,336,1416.4012000037474
mask_rcnn,FP32,comun,B,2,337,1551.4851999978418
mask_rcnn,FP32,comun,B,2,338,1566.5250000020023
mask_rcnn,FP32,comun,B,2,339,1538.7255000023288
mask_rcnn,FP32,comun,B,2,340,1565.0995000032708
mask_rcnn,FP32,comun,B,2,341,1417.8940999991028
mask_rcnn,FP32,comun,B,2,342,1502.7005000010831
mask_rcnn,FP32,comun,B,2,343,1552.7434000032372
mask_rcnn,FP32,comun,B,2,344,1415.812699997332
mask_rcnn,FP32,comun,B,2,345,1421.2090000000899
mask_rcnn,FP32,comun,B,2,346,1557.0760999980848
mask_rcnn,FP32,comun,B,2,347,1563.5764000035124
mask_rcnn,FP32,comun,B,2,348,1574.715599999763
mask_rcnn,FP32,comun,B,2,349,1550.6858000007924
mask_rcnn,FP32,comun,B,2,350,1553.4192999984953
mask_rcnn,FP32,comun,B,2,351,1569.388899995829
mask_rcnn,FP32,comun,B,2,352,1556.0203999993973
mask_rcnn,FP32,comun,B,2,353,1553.6217999979272
mask_rcnn,FP32,comun,B,2,354,1550.3422999972827
mask_rcnn,FP32,comun,B,2,355,1551.4805000057095
mask_rcnn,FP32,comun,B,2,356,1557.890199997928
mask_rcnn,FP32,comun,B,2,357,1431.9965000031516
mask_rcnn,FP32,comun,B,2,358,1561.0163000019384
mask_rcnn,FP32,comun,B,2,359,1430.5288000032306
mask_rcnn,FP32,comun,B,2,360,1515.80589999503
mask_rcnn,FP32,comun,B,2,361,1558.4208000000217
mask_rcnn,FP32,comun,B,2,362,1549.0233000018634
mask_rcnn,FP32,comun,B,2,363,1558.1597999989754
mask_rcnn,FP32,comun,B,2,364,1565.041800000472
mask_rcnn,FP32,comun,B,2,365,1418.577299999015
mask_rcnn,FP32,comun,B,2,366,1413.6705999990227
mask_rcnn,FP32,comun,B,2,367,1564.833999997063
mask_rcnn,FP32,comun,B,2,368,1599.6346999963862
mask_rcnn,FP32,comun,B,2,369,1410.2513999969233
mask_rcnn,FP32,comun,B,2,370,1554.587700004049
mask_rcnn,FP32,comun,B,2,371,1565.0011999969138
mask_rcnn,FP32,comun,B,2,372,1551.2570999999298
mask_rcnn,FP32,comun,B,2,373,1561.2407000007806
mask_rcnn,FP32,operativo,A,0,0,1540.5327999978908
mask_rcnn,FP32,operativo,A,0,1,1544.8038000031374
mask_rcnn,FP32,operativo,A,0,2,1539.810000002035
mask_rcnn,FP32,operativo,A,0,3,1562.4602000025334
mask_rcnn,FP32,operativo,A,0,4,1535.0674999936018
mask_rcnn,FP32,operativo,A,0,5,1553.4506000039983
mask_rcnn,FP32,operativo,A,0,6,1543.0930000002263
mask_rcnn,FP32,operativo,A,0,7,1544.9533999999403
mask_rcnn,FP32,operativo,A,0,8,1537.5906999979634
mask_rcnn,FP32,operativo,A,0,9,1411.7603999984567
mask_rcnn,FP32,operativo,A,0,10,1440.1771999982884
mask_rcnn,FP32,operativo,A,0,11,1538.5860000023968
mask_rcnn,FP32,operativo,A,0,12,1568.4197999944445
mask_rcnn,FP32,operativo,A,0,13,1544.206899998244
mask_rcnn,FP32,operativo,A,0,14,1500.965899998846
mask_rcnn,FP32,operativo,A,0,15,1534.9270000006072
mask_rcnn,FP32,operativo,A,0,16,1540.9020000006421
mask_rcnn,FP32,operativo,A,0,17,1571.1780999990879
mask_rcnn,FP32,operativo,A,0,18,1534.8394999964512
mask_rcnn,FP32,operativo,A,0,19,1534.2109000048367
mask_rcnn,FP32,operativo,A,0,20,1536.5906000006362
mask_rcnn,FP32,operativo,A,0,21,1506.976199998462
mask_rcnn,FP32,operativo,A,0,22,1545.8414000022458
mask_rcnn,FP32,operativo,A,0,23,1540.8468000023277
mask_rcnn,FP32,operativo,A,0,24,1535.4879000005894
mask_rcnn,FP32,operativo,A,0,25,1412.6462999993237
mask_rcnn,FP32,operativo,A,0,26,1542.5610999955097
mask_rcnn,FP32,operativo,A,0,27,1537.3600000020815
mask_rcnn,FP32,operativo,A,0,28,1480.7116000010865
mask_rcnn,FP32,operativo,A,0,29,1539.6464000004926
mask_rcnn,FP32,operativo,A,0,30,1535.8823999995366
mask_rcnn,FP32,operativo,A,0,31,1538.2854999988922
mask_rcnn,FP32,operativo,A,0,32,1543.1382000024314
mask_rcnn,FP32,operativo,A,0,33,1546.8332000018563
mask_rcnn,FP32,operativo,A,0,34,1406.481400001212
mask_rcnn,FP32,operativo,A,0,35,1542.395900003612
mask_rcnn,FP32,operativo,A,0,36,1551.6337000008207
mask_rcnn,FP32,operativo,A,0,37,1415.2887999953236
mask_rcnn,FP32,operativo,A,0,38,1544.4592000058037
mask_rcnn,FP32,operativo,A,0,39,1573.7922999978764
mask_rcnn,FP32,operativo,A,0,40,1540.408100001514
mask_rcnn,FP32,operativo,A,0,41,1557.0112999994308
mask_rcnn,FP32,operativo,A,0,42,1541.146600000502
mask_rcnn,FP32,operativo,A,0,43,1552.5743000034709
mask_rcnn,FP32,operativo,A,0,44,1543.354100002034
mask_rcnn,FP32,operativo,A,0,45,1521.2293000004138
mask_rcnn,FP32,operativo,A,0,46,1560.6789000012213
mask_rcnn,FP32,operativo,A,0,47,1413.8821000015014
mask_rcnn,FP32,operativo,A,0,48,1546.9596999973874
mask_rcnn,FP32,operativo,A,0,49,1406.2668999977177
mask_rcnn,FP32,operativo,A,0,50,1566.6873999944073
mask_rcnn,FP32,operativo,A,0,51,1496.1447000023327
mask_rcnn,FP32,operativo,A,0,52,1515.5216999992263
mask_rcnn,FP32,operativo,A,0,53,1558.3987999998499
mask_rcnn,FP32,operativo,A,0,54,1537.8189000039129
mask_rcnn,FP32,operativo,A,0,55,1538.118399999803
mask_rcnn,FP32,operativo,A,0,56,1544.5293000011588
mask_rcnn,FP32,operativo,A,0,57,1555.0029000005452
mask_rcnn,FP32,operativo,A,0,58,1535.6593999968027
mask_rcnn,FP32,operativo,A,0,59,1404.634200000146
mask_rcnn,FP32,operativo,A,0,60,1404.2296999978134
mask_rcnn,FP32,operativo,A,0,61,1549.8713999986649
mask_rcnn,FP32,operativo,A,0,62,1422.1546999979182
mask_rcnn,FP32,operativo,A,0,63,1558.6212999987765
mask_rcnn,FP32,operativo,A,0,64,1556.5522000033525
mask_rcnn,FP32,operativo,A,0,65,1541.0889999984647
mask_rcnn,FP32,operativo,A,0,66,1545.1112999944598
mask_rcnn,FP32,operativo,A,0,67,1536.29660000297
mask_rcnn,FP32,operativo,A,0,68,1544.456600000558
mask_rcnn,FP32,operativo,A,0,69,1402.4669999998878
mask_rcnn,FP32,operativo,A,0,70,1533.4212000016123
mask_rcnn,FP32,operativo,A,0,71,1492.2359000047436
mask_rcnn,FP32,operativo,A,0,72,1545.979400005308
mask_rcnn,FP32,operativo,A,0,73,1536.778100002266
mask_rcnn,FP32,operativo,A,0,74,1542.5125999972806
mask_rcnn,FP32,operativo,A,0,75,1533.6508999971556
mask_rcnn,FP32,operativo,A,0,76,1538.3492999972077
mask_rcnn,FP32,operativo,A,0,77,1178.2339999990654
mask_rcnn,FP32,operativo,A,0,78,1560.5549999963841
mask_rcnn,FP32,operativo,A,0,79,1552.671299999929
mask_rcnn,FP32,operativo,A,0,80,1428.1157000004896
mask_rcnn,FP32,operativo,A,0,81,1546.1120999971172
mask_rcnn,FP32,operativo,A,0,82,1543.3989000011934
mask_rcnn,FP32,operativo,A,0,83,1545.3951000017696
mask_rcnn,FP32,operativo,A,0,84,1550.2951000016765
mask_rcnn,FP32,operativo,A,0,85,1572.076399999787
mask_rcnn,FP32,operativo,A,0,86,1537.9252999991877
mask_rcnn,FP32,operativo,A,0,87,1542.257499997504
mask_rcnn,FP32,operativo,A,0,88,1553.8499000031152
mask_rcnn,FP32,operativo,A,0,89,1535.6402000033995
mask_rcnn,FP32,operativo,A,0,90,1487.7835000006598
mask_rcnn,FP32,operativo,A,0,91,1539.129500000854
mask_rcnn,FP32,operativo,A,0,92,1550.019300004351
mask_rcnn,FP32,operativo,A,0,93,1538.0098000023281
mask_rcnn,FP32,operativo,A,0,94,1544.0391000011005
mask_rcnn,FP32,operativo,A,0,95,1428.2845000052475
mask_rcnn,FP32,operativo,A,0,96,1542.615600003046
mask_rcnn,FP32,operativo,A,0,97,1528.5823000012897
mask_rcnn,FP32,operativo,A,0,98,1466.5451000037137
mask_rcnn,FP32,operativo,A,0,99,1541.4008000007016
mask_rcnn,FP32,operativo,A,0,100,1400.4760000025271
mask_rcnn,FP32,operativo,A,0,101,1546.5640999973402
mask_rcnn,FP32,operativo,A,0,102,1550.879399997939
mask_rcnn,FP32,operativo,A,0,103,1537.3554999969201
mask_rcnn,FP32,operativo,A,0,104,1521.209500002442
mask_rcnn,FP32,operativo,A,0,105,1537.0702000000165
mask_rcnn,FP32,operativo,A,0,106,1528.829199996835
mask_rcnn,FP32,operativo,A,0,107,1558.8327000004938
mask_rcnn,FP32,operativo,A,0,108,1404.4830999991973
mask_rcnn,FP32,operativo,A,0,109,1538.4312999958638
mask_rcnn,FP32,operativo,A,0,110,1413.1055000034394
mask_rcnn,FP32,operativo,A,0,111,1548.3457000009366
mask_rcnn,FP32,operativo,A,0,112,1546.4590000046883
mask_rcnn,FP32,operativo,A,0,113,1400.7972000035807
mask_rcnn,FP32,operativo,A,0,114,1560.749800002668
mask_rcnn,FP32,operativo,A,0,115,1547.0906999980798
mask_rcnn,FP32,operativo,A,0,116,1536.9846999965375
mask_rcnn,FP32,operativo,A,0,117,1560.4932999995071
mask_rcnn,FP32,operativo,A,0,118,1560.5165000015404
mask_rcnn,FP32,operativo,A,0,119,1533.5380999968038
mask_rcnn,FP32,operativo,A,0,120,1546.4234000028227
mask_rcnn,FP32,operativo,A,0,121,1546.336200000951
mask_rcnn,FP32,operativo,A,0,122,1544.6216000054847
mask_rcnn,FP32,operativo,A,0,123,1541.0578000009991
mask_rcnn,FP32,operativo,A,0,124,1556.7730000038864
mask_rcnn,FP32,operativo,A,0,125,1552.5341000029584
mask_rcnn,FP32,operativo,A,0,126,1545.676599998842
mask_rcnn,FP32,operativo,A,0,127,1547.8473999974085
mask_rcnn,FP32,operativo,A,0,128,1546.9779999984894
mask_rcnn,FP32,operativo,A,0,129,1547.0237999979872
mask_rcnn,FP32,operativo,A,0,130,1538.0189999996219
mask_rcnn,FP32,operativo,A,0,131,1541.4119999986724
mask_rcnn,FP32,operativo,A,0,132,1412.6356999986456
mask_rcnn,FP32,operativo,A,0,133,1405.4109999997308
mask_rcnn,FP32,operativo,A,0,134,1544.5248000032734
mask_rcnn,FP32,operativo,A,0,135,1553.868999995757
mask_rcnn,FP32,operativo,A,0,136,1403.2084999998915
mask_rcnn,FP32,operativo,A,0,137,1533.2749000008334
mask_rcnn,FP32,operativo,A,0,138,1548.5119000004488
mask_rcnn,FP32,operativo,A,0,139,1555.5703999998514
mask_rcnn,FP32,operativo,A,0,140,1549.4249999974272
mask_rcnn,FP32,operativo,A,0,141,1539.8535999993328
mask_rcnn,FP32,operativo,A,0,142,1546.3578999988385
mask_rcnn,FP32,operativo,A,0,143,1536.5056000009645
mask_rcnn,FP32,operativo,A,0,144,1526.9995999988168
mask_rcnn,FP32,operativo,A,0,145,1415.3432000020985
mask_rcnn,FP32,operativo,A,0,146,1542.7800999968895
mask_rcnn,FP32,operativo,A,0,147,1542.0022000034805
mask_rcnn,FP32,operativo,A,0,148,1552.6805999979842
mask_rcnn,FP32,operativo,A,0,149,1542.5323999952525
mask_rcnn,FP32,operativo,A,0,150,1541.9975000040722
mask_rcnn,FP32,operativo,A,0,151,1547.0207999969716
mask_rcnn,FP32,operativo,A,0,152,1557.7076000045054
mask_rcnn,FP32,operativo,A,0,153,1549.2714000065462
mask_rcnn,FP32,operativo,A,0,154,1539.7089999969467
mask_rcnn,FP32,operativo,A,0,155,1540.9618000048795
mask_rcnn,FP32,operativo,A,0,156,1406.7839999988792
mask_rcnn,FP32,operativo,A,0,157,1418.5887999992701
mask_rcnn,FP32,operativo,A,0,158,1549.8420000003534
mask_rcnn,FP32,operativo,A,0,159,1542.010000004666
mask_rcnn,FP32,operativo,A,0,160,1543.6336999991909
mask_rcnn,FP32,operativo,A,0,161,1550.3390000012587
mask_rcnn,FP32,operativo,A,0,162,1505.695599997125
mask_rcnn,FP32,operativo,A,0,163,1544.109300004493
mask_rcnn,FP32,operativo,A,0,164,1542.9144000008819
mask_rcnn,FP32,operativo,A,0,165,1546.3433999975678
mask_rcnn,FP32,operativo,A,0,166,1535.0553000025684
mask_rcnn,FP32,operativo,A,0,167,1403.033199996571
mask_rcnn,FP32,operativo,A,0,168,1551.5176999979303
mask_rcnn,FP32,operativo,A,0,169,1553.8726000013412
mask_rcnn,FP32,operativo,A,0,170,1548.9749999978812
mask_rcnn,FP32,operativo,A,0,171,1409.3613000004552
mask_rcnn,FP32,operativo,A,0,172,1414.6491000064998
mask_rcnn,FP32,operativo,A,0,173,1411.607299996831
mask_rcnn,FP32,operativo,A,0,174,1549.4952999943052
mask_rcnn,FP32,operativo,A,0,175,1551.6229000058956
mask_rcnn,FP32,operativo,A,0,176,1555.228499993973
mask_rcnn,FP32,operativo,A,0,177,1545.979599999555
mask_rcnn,FP32,operativo,A,0,178,1535.962499998277
mask_rcnn,FP32,operativo,A,0,179,1543.5022000019671
mask_rcnn,FP32,operativo,A,0,180,1542.2730999998748
mask_rcnn,FP32,operativo,A,0,181,1538.5511999993469
mask_rcnn,FP32,operativo,A,0,182,1357.6249000034295
mask_rcnn,FP32,operativo,A,0,183,1587.527699994098
mask_rcnn,FP32,operativo,A,0,184,1542.5471999988076
mask_rcnn,FP32,operativo,A,0,185,1551.0745999999926
mask_rcnn,FP32,operativo,A,0,186,1540.3447000062442
mask_rcnn,FP32,operativo,A,0,187,1197.4199000032968
mask_rcnn,FP32,operativo,A,0,188,1542.872099998931
mask_rcnn,FP32,operativo,A,0,189,1506.0336000024108
mask_rcnn,FP32,operativo,A,0,190,1412.2151999981725
mask_rcnn,FP32,operativo,A,0,191,1537.1408999999403
mask_rcnn,FP32,operativo,A,0,192,1543.0396999945515
mask_rcnn,FP32,operativo,A,0,193,1550.5097000059322
mask_rcnn,FP32,operativo,A,0,194,1540.8953000005567
mask_rcnn,FP32,operativo,A,0,195,1550.1519999961602
mask_rcnn,FP32,operativo,A,0,196,1414.9858000018867
mask_rcnn,FP32,operativo,A,0,197,1401.4876000001095
mask_rcnn,FP32,operativo,A,0,198,1430.5555999962962
mask_rcnn,FP32,operativo,A,0,199,1543.4941999992589
mask_rcnn,FP32,operativo,A,0,200,1567.5979000006919
mask_rcnn,FP32,operativo,A,0,201,1541.6310000000522
mask_rcnn,FP32,operativo,A,0,202,1535.9277999959886
mask_rcnn,FP32,operativo,A,0,203,1463.457500001823
mask_rcnn,FP32,operativo,A,0,204,1405.328399996506
mask_rcnn,FP32,operativo,A,0,205,1539.1531999994186
mask_rcnn,FP32,operativo,A,0,206,1551.6767000008258
mask_rcnn,FP32,operativo,A,0,207,1501.8416000020807
mask_rcnn,FP32,operativo,A,0,208,1552.3506000026828
mask_rcnn,FP32,operativo,A,0,209,1445.0362999996287
mask_rcnn,FP32,operativo,A,0,210,1407.4981000012485
mask_rcnn,FP32,operativo,A,0,211,1548.5461999996915
mask_rcnn,FP32,operativo,A,0,212,1534.3348999958835
mask_rcnn,FP32,operativo,A,0,213,1536.8003999974462
mask_rcnn,FP32,operativo,A,0,214,1558.6973000026774
mask_rcnn,FP32,operativo,A,0,215,1545.5081000036444
mask_rcnn,FP32,operativo,A,0,216,1399.274499999592
mask_rcnn,FP32,operativo,A,0,217,1403.2096000009915
mask_rcnn,FP32,operativo,A,0,218,1557.6146999956109
mask_rcnn,FP32,operativo,A,0,219,1546.5714999954798
mask_rcnn,FP32,operativo,A,0,220,1541.5824000010616
mask_rcnn,FP32,operativo,A,0,221,1539.2076999996789
mask_rcnn,FP32,operativo,A,0,222,1414.1557999973884
mask_rcnn,FP32,operativo,A,0,223,1534.8984000011114
mask_rcnn,FP32,operativo,A,0,224,1537.2101000029943
mask_rcnn,FP32,operativo,A,0,225,1413.261000001512
mask_rcnn,FP32,operativo,A,0,226,1552.2262000013143
mask_rcnn,FP32,operativo,A,0,227,1542.5679000036325
mask_rcnn,FP32,operativo,A,0,228,1406.2088999999105
mask_rcnn,FP32,operativo,A,0,229,1539.5619000046281
mask_rcnn,FP32,operativo,A,0,230,1237.396099997568
mask_rcnn,FP32,operativo,A,0,231,1194.054600004165
mask_rcnn,FP32,operativo,A,0,232,1551.0481000019354
mask_rcnn,FP32,operativo,A,0,233,1525.6350000054226
mask_rcnn,FP32,operativo,A,0,234,1507.774799996696
mask_rcnn,FP32,operativo,A,0,235,1544.849300000351
mask_rcnn,FP32,operativo,A,0,236,1492.7431000032811
mask_rcnn,FP32,operativo,A,0,237,1551.7619000020204
mask_rcnn,FP32,operativo,A,0,238,1543.305800005328
mask_rcnn,FP32,operativo,A,0,239,1540.4336999999941
mask_rcnn,FP32,operativo,A,0,240,1546.6502999988734
mask_rcnn,FP32,operativo,A,0,241,1498.912900002324
mask_rcnn,FP32,operativo,A,0,242,1559.2178000006243
mask_rcnn,FP32,operativo,A,0,243,1404.917200001364
mask_rcnn,FP32,operativo,A,0,244,1323.4287000013865
mask_rcnn,FP32,operativo,A,0,245,1552.5056999977096
mask_rcnn,FP32,operativo,A,0,246,1546.4311999967322
mask_rcnn,FP32,operativo,A,0,247,1546.339699998498
mask_rcnn,FP32,operativo,A,0,248,1345.409000001382
mask_rcnn,FP32,operativo,A,0,249,1535.9566999977687
mask_rcnn,FP32,operativo,A,0,250,1546.6684000057285
mask_rcnn,FP32,operativo,A,0,251,1525.3086000011535
mask_rcnn,FP32,operativo,A,0,252,1559.0968999968027
mask_rcnn,FP32,operativo,A,0,253,1337.1024999942165
mask_rcnn,FP32,operativo,A,0,254,1551.790900004562
mask_rcnn,FP32,operativo,A,0,255,1542.2309999994468
mask_rcnn,FP32,operativo,A,0,256,1545.1665000000503
mask_rcnn,FP32,operativo,A,0,257,1556.5697999991244
mask_rcnn,FP32,operativo,A,0,258,1549.5819999996456
mask_rcnn,FP32,operativo,A,0,259,1413.718700001482
mask_rcnn,FP32,operativo,A,0,260,1546.424100000877
mask_rcnn,FP32,operativo,A,0,261,1541.7793999949936
mask_rcnn,FP32,operativo,A,0,262,1548.3377999989898
mask_rcnn,FP32,operativo,A,0,263,1535.7254999980796
mask_rcnn,FP32,operativo,A,0,264,1558.0148000008194
mask_rcnn,FP32,operativo,A,0,265,1513.080099997751
mask_rcnn,FP32,operativo,A,0,266,1517.3799000040162
mask_rcnn,FP32,operativo,A,0,267,1405.6818000026396
mask_rcnn,FP32,operativo,A,0,268,1539.4998000047053
mask_rcnn,FP32,operativo,A,0,269,1544.3907999942894
mask_rcnn,FP32,operativo,A,0,270,1545.041899997159
mask_rcnn,FP32,operativo,A,0,271,1546.507400002156
mask_rcnn,FP32,operativo,A,0,272,1551.0577999957604
mask_rcnn,FP32,operativo,A,0,273,1537.3160000017378
mask_rcnn,FP32,operativo,A,0,274,1553.4591999967233
mask_rcnn,FP32,operativo,A,0,275,1551.3504000045941
mask_rcnn,FP32,operativo,A,0,276,1543.2016999984626
mask_rcnn,FP32,operativo,A,0,277,1545.8429000063916
mask_rcnn,FP32,operativo,A,0,278,1541.772199998377
mask_rcnn,FP32,operativo,A,0,279,1540.3791999997338
mask_rcnn,FP32,operativo,A,0,280,1537.284500001988
mask_rcnn,FP32,operativo,A,0,281,1552.5531999956002
mask_rcnn,FP32,operativo,A,0,282,1395.0156999999308
mask_rcnn,FP32,operativo,A,0,283,1532.7581999954418
mask_rcnn,FP32,operativo,A,0,284,1531.6520999986096
mask_rcnn,FP32,operativo,A,0,285,1532.188999997743
mask_rcnn,FP32,operativo,A,0,286,1554.1868999935105
mask_rcnn,FP32,operativo,A,0,287,1535.4636999982176
mask_rcnn,FP32,operativo,A,0,288,1509.7349999996368
mask_rcnn,FP32,operativo,A,0,289,1540.5338999989908
mask_rcnn,FP32,operativo,A,0,290,1535.6497999964631
mask_rcnn,FP32,operativo,A,0,291,1539.2448999991757
mask_rcnn,FP32,operativo,A,0,292,1544.9130999986664
mask_rcnn,FP32,operativo,A,0,293,1541.2588999970467
mask_rcnn,FP32,operativo,A,0,294,1536.4857000022312
mask_rcnn,FP32,operativo,A,0,295,1552.8887000036775
mask_rcnn,FP32,operativo,A,0,296,1533.0706999957329
mask_rcnn,FP32,operativo,A,0,297,1436.2000999972224
mask_rcnn,FP32,operativo,A,0,298,1534.9092000033124
mask_rcnn,FP32,operativo,A,0,299,1537.7216999986558
mask_rcnn,FP32,operativo,A,0,300,1556.8379999967874
mask_rcnn,FP32,operativo,A,0,301,1537.913699998171
mask_rcnn,FP32,operativo,A,0,302,1546.5857999952277
mask_rcnn,FP32,operativo,A,0,303,1550.3633999978774
mask_rcnn,FP32,operativo,A,0,304,1542.8874999997788
mask_rcnn,FP32,operativo,A,0,305,1542.5663999994867
mask_rcnn,FP32,operativo,A,0,306,1545.6707999983337
mask_rcnn,FP32,operativo,A,0,307,1410.2101999960723
mask_rcnn,FP32,operativo,A,0,308,1543.8957000005757
mask_rcnn,FP32,operativo,A,0,309,1549.9418000035803
mask_rcnn,FP32,operativo,A,0,310,1480.4143000001204
mask_rcnn,FP32,operativo,A,0,311,1408.61859999859
mask_rcnn,FP32,operativo,A,0,312,1551.2615999978152
mask_rcnn,FP32,operativo,A,0,313,1546.7022000011639
mask_rcnn,FP32,operativo,A,0,314,1549.7166999994079
mask_rcnn,FP32,operativo,A,0,315,1540.4551000028732
mask_rcnn,FP32,operativo,A,0,316,1415.6431000010343
mask_rcnn,FP32,operativo,A,0,317,1550.7952999978443
mask_rcnn,FP32,operativo,A,0,318,1403.0828999966616
mask_rcnn,FP32,operativo,A,0,319,1440.6405999980052
mask_rcnn,FP32,operativo,A,0,320,1544.498499999463
mask_rcnn,FP32,operativo,A,0,321,1539.165399997728
mask_rcnn,FP32,operativo,A,0,322,1413.7106000052881
mask_rcnn,FP32,operativo,A,0,323,1541.2417000043206
mask_rcnn,FP32,operativo,A,0,324,1534.1375999996671
mask_rcnn,FP32,operativo,A,0,325,1537.7659000005224
mask_rcnn,FP32,operativo,A,0,326,1445.4145000054268
mask_rcnn,FP32,operativo,A,0,327,1556.0038999974495
mask_rcnn,FP32,operativo,A,0,328,1413.8015000062296
mask_rcnn,FP32,operativo,A,0,329,1547.8380999993533
mask_rcnn,FP32,operativo,A,0,330,1412.3884000000544
mask_rcnn,FP32,operativo,A,0,331,1540.6472999966354
mask_rcnn,FP32,operativo,A,0,332,1539.3154000048526
mask_rcnn,FP32,operativo,A,0,333,1552.8229999981704
mask_rcnn,FP32,operativo,A,0,334,1545.816999998351
mask_rcnn,FP32,operativo,A,0,335,1549.1773000030662
mask_rcnn,FP32,operativo,A,0,336,1410.718300001463
mask_rcnn,FP32,operativo,A,0,337,1533.817799994722
mask_rcnn,FP32,operativo,A,0,338,1543.4524000011152
mask_rcnn,FP32,operativo,A,0,339,1511.0884999958216
mask_rcnn,FP32,operativo,A,0,340,1556.0602999976254
mask_rcnn,FP32,operativo,A,0,341,1405.2149999988615
mask_rcnn,FP32,operativo,A,0,342,1492.428800003836
mask_rcnn,FP32,operativo,A,0,343,1539.0857000020333
mask_rcnn,FP32,operativo,A,0,344,1401.7475999935414
mask_rcnn,FP32,operativo,A,0,345,1406.3950999989174
mask_rcnn,FP32,operativo,A,0,346,1537.2854999950505
mask_rcnn,FP32,operativo,A,0,347,1543.4797999987495
mask_rcnn,FP32,operativo,A,0,348,1557.8071999989334
mask_rcnn,FP32,operativo,A,0,349,1535.0402999974904
mask_rcnn,FP32,operativo,A,0,350,1534.0301000032923
mask_rcnn,FP32,operativo,A,0,351,1542.2774999969988
mask_rcnn,FP32,operativo,A,0,352,1538.5910000040894
mask_rcnn,FP32,operativo,A,0,353,1536.043599997356
mask_rcnn,FP32,operativo,A,0,354,1533.5847000023932
mask_rcnn,FP32,operativo,A,0,355,1547.4442999984603
mask_rcnn,FP32,operativo,A,0,356,1549.9799000026542
mask_rcnn,FP32,operativo,A,0,357,1412.9024999929243
mask_rcnn,FP32,operativo,A,0,358,1544.6694000056596
mask_rcnn,FP32,operativo,A,0,359,1414.5048999998835
mask_rcnn,FP32,operativo,A,0,360,1498.6848999978974
mask_rcnn,FP32,operativo,A,0,361,1543.4769000057713
mask_rcnn,FP32,operativo,A,0,362,1531.9415000049048
mask_rcnn,FP32,operativo,A,0,363,1541.913700006262
mask_rcnn,FP32,operativo,A,0,364,1541.6536000047927
mask_rcnn,FP32,operativo,A,0,365,1401.9985999984783
mask_rcnn,FP32,operativo,A,0,366,1405.5477000001702
mask_rcnn,FP32,operativo,A,0,367,1547.0986000000266
mask_rcnn,FP32,operativo,A,0,368,1574.5218000010937
mask_rcnn,FP32,operativo,A,0,369,1397.7490999968722
mask_rcnn,FP32,operativo,A,0,370,1539.294800000789
mask_rcnn,FP32,operativo,A,0,371,1548.7911000018357
mask_rcnn,FP32,operativo,A,0,372,1530.5566000024555
mask_rcnn,FP32,operativo,A,0,373,1545.2423000024282
mask_rcnn,FP32,operativo,B,0,0,1557.5845999992453
mask_rcnn,FP32,operativo,B,0,1,1561.2471999993431
mask_rcnn,FP32,operativo,B,0,2,1556.476500001736
mask_rcnn,FP32,operativo,B,0,3,1578.7498999998206
mask_rcnn,FP32,operativo,B,0,4,1552.2816000011517
mask_rcnn,FP32,operativo,B,0,5,1579.1962000002968
mask_rcnn,FP32,operativo,B,0,6,1559.931099996902
mask_rcnn,FP32,operativo,B,0,7,1560.0708999991184
mask_rcnn,FP32,operativo,B,0,8,1546.4345000000321
mask_rcnn,FP32,operativo,B,0,9,1430.403300000762
mask_rcnn,FP32,operativo,B,0,10,1457.7860999997938
mask_rcnn,FP32,operativo,B,0,11,1552.1847999989404
mask_rcnn,FP32,operativo,B,0,12,1589.5559999989928
mask_rcnn,FP32,operativo,B,0,13,1562.0885000025737
mask_rcnn,FP32,operativo,B,0,14,1523.279899993213
mask_rcnn,FP32,operativo,B,0,15,1551.0078000006615
mask_rcnn,FP32,operativo,B,0,16,1556.9227000014507
mask_rcnn,FP32,operativo,B,0,17,1593.8549999991665
mask_rcnn,FP32,operativo,B,0,18,1550.1325999939581
mask_rcnn,FP32,operativo,B,0,19,1550.3007999941474
mask_rcnn,FP32,operativo,B,0,20,1554.168300004676
mask_rcnn,FP32,operativo,B,0,21,1524.1960999992443
mask_rcnn,FP32,operativo,B,0,22,1566.3445000027423
mask_rcnn,FP32,operativo,B,0,23,1553.8422000026912
mask_rcnn,FP32,operativo,B,0,24,1573.5743999975966
mask_rcnn,FP32,operativo,B,0,25,1426.8955000006827
mask_rcnn,FP32,operativo,B,0,26,1554.3981000009808
mask_rcnn,FP32,operativo,B,0,27,1553.8981000063359
mask_rcnn,FP32,operativo,B,0,28,1496.5313999928185
mask_rcnn,FP32,operativo,B,0,29,1556.4687000005506
mask_rcnn,FP32,operativo,B,0,30,1557.1028999984264
mask_rcnn,FP32,operativo,B,0,31,1557.1306999991066
mask_rcnn,FP32,operativo,B,0,32,1563.1499999944936
mask_rcnn,FP32,operativo,B,0,33,1554.5625000013388
mask_rcnn,FP32,operativo,B,0,34,1412.836999996216
mask_rcnn,FP32,operativo,B,0,35,1554.121799999848
mask_rcnn,FP32,operativo,B,0,36,1568.0033000026015
mask_rcnn,FP32,operativo,B,0,37,1425.798099997337
mask_rcnn,FP32,operativo,B,0,38,1563.3245999997598
mask_rcnn,FP32,operativo,B,0,39,1539.829400004237
mask_rcnn,FP32,operativo,B,0,40,1554.958100001386
mask_rcnn,FP32,operativo,B,0,41,1565.6144000022323
mask_rcnn,FP32,operativo,B,0,42,1555.0278999944567
mask_rcnn,FP32,operativo,B,0,43,1566.0762999978033
mask_rcnn,FP32,operativo,B,0,44,1551.2874000050942
mask_rcnn,FP32,operativo,B,0,45,1525.9162000002107
mask_rcnn,FP32,operativo,B,0,46,1569.3471000049612
mask_rcnn,FP32,operativo,B,0,47,1427.00839999452
mask_rcnn,FP32,operativo,B,0,48,1566.032399998221
mask_rcnn,FP32,operativo,B,0,49,1420.9483999948134
mask_rcnn,FP32,operativo,B,0,50,1584.7754999995232
mask_rcnn,FP32,operativo,B,0,51,1512.137799996708
mask_rcnn,FP32,operativo,B,0,52,1521.322999993572
mask_rcnn,FP32,operativo,B,0,53,1578.679700003704
mask_rcnn,FP32,operativo,B,0,54,1552.1484999990207
mask_rcnn,FP32,operativo,B,0,55,1552.0929999984219
mask_rcnn,FP32,operativo,B,0,56,1563.9583000011044
mask_rcnn,FP32,operativo,B,0,57,1585.467900004005
mask_rcnn,FP32,operativo,B,0,58,1550.9517999962554
mask_rcnn,FP32,operativo,B,0,59,1415.4172999988077
mask_rcnn,FP32,operativo,B,0,60,1418.0735000045388
mask_rcnn,FP32,operativo,B,0,61,1569.692600001872
mask_rcnn,FP32,operativo,B,0,62,1434.5847000004142
mask_rcnn,FP32,operativo,B,0,63,1569.94819999818
mask_rcnn,FP32,operativo,B,0,64,1583.7554000027012
mask_rcnn,FP32,operativo,B,0,65,1570.9848000042257
mask_rcnn,FP32,operativo,B,0,66,1562.233799995738
mask_rcnn,FP32,operativo,B,0,67,1550.9550999995554
mask_rcnn,FP32,operativo,B,0,68,1567.4479999943287
mask_rcnn,FP32,operativo,B,0,69,1422.2779999981867
mask_rcnn,FP32,operativo,B,0,70,1542.4156000008225
mask_rcnn,FP32,operativo,B,0,71,1508.994800002256
mask_rcnn,FP32,operativo,B,0,72,1559.3184000026667
mask_rcnn,FP32,operativo,B,0,73,1551.5392999950564
mask_rcnn,FP32,operativo,B,0,74,1555.4105999981402
mask_rcnn,FP32,operativo,B,0,75,1547.3502000022563
mask_rcnn,FP32,operativo,B,0,76,1555.3044999978738
mask_rcnn,FP32,operativo,B,0,77,1199.1227000034996
mask_rcnn,FP32,operativo,B,0,78,1576.1256999976467
mask_rcnn,FP32,operativo,B,0,79,1566.2193000025582
mask_rcnn,FP32,operativo,B,0,80,1445.1517000052263
mask_rcnn,FP32,operativo,B,0,81,1558.7636999989627
mask_rcnn,FP32,operativo,B,0,82,1565.3000999955111
mask_rcnn,FP32,operativo,B,0,83,1561.9520000036573
mask_rcnn,FP32,operativo,B,0,84,1565.6978999977582
mask_rcnn,FP32,operativo,B,0,85,1582.3869000014383
mask_rcnn,FP32,operativo,B,0,86,1554.1198999999324
mask_rcnn,FP32,operativo,B,0,87,1553.3534000060172
mask_rcnn,FP32,operativo,B,0,88,1580.5416000002879
mask_rcnn,FP32,operativo,B,0,89,1545.943700002681
mask_rcnn,FP32,operativo,B,0,90,1497.8535999980522
mask_rcnn,FP32,operativo,B,0,91,1558.2064999980503
mask_rcnn,FP32,operativo,B,0,92,1570.5022000038298
mask_rcnn,FP32,operativo,B,0,93,1551.785399999062
mask_rcnn,FP32,operativo,B,0,94,1559.1896999976598
mask_rcnn,FP32,operativo,B,0,95,1448.231599999417
mask_rcnn,FP32,operativo,B,0,96,1557.2965999963344
mask_rcnn,FP32,operativo,B,0,97,1549.9423000001116
mask_rcnn,FP32,operativo,B,0,98,1484.4796999968821
mask_rcnn,FP32,operativo,B,0,99,1554.3690999984392
mask_rcnn,FP32,operativo,B,0,100,1416.5664999964065
mask_rcnn,FP32,operativo,B,0,101,1558.6026000019046
mask_rcnn,FP32,operativo,B,0,102,1568.710400002601
mask_rcnn,FP32,operativo,B,0,103,1547.8595000022324
mask_rcnn,FP32,operativo,B,0,104,1538.7989000009838
mask_rcnn,FP32,operativo,B,0,105,1550.9543000007397
mask_rcnn,FP32,operativo,B,0,106,1547.3311000023386
mask_rcnn,FP32,operativo,B,0,107,1586.0461999982363
mask_rcnn,FP32,operativo,B,0,108,1415.532200000598
mask_rcnn,FP32,operativo,B,0,109,1554.4901000030222
mask_rcnn,FP32,operativo,B,0,110,1419.9842999951215
mask_rcnn,FP32,operativo,B,0,111,1564.4324999957462
mask_rcnn,FP32,operativo,B,0,112,1555.1397999952314
mask_rcnn,FP32,operativo,B,0,113,1415.52049999882
mask_rcnn,FP32,operativo,B,0,114,1576.0326000017812
mask_rcnn,FP32,operativo,B,0,115,1559.801299998071
mask_rcnn,FP32,operativo,B,0,116,1555.3080000026966
mask_rcnn,FP32,operativo,B,0,117,1576.0337000028812
mask_rcnn,FP32,operativo,B,0,118,1573.5507999997935
mask_rcnn,FP32,operativo,B,0,119,1552.262299999711
mask_rcnn,FP32,operativo,B,0,120,1560.6639000034193
mask_rcnn,FP32,operativo,B,0,121,1559.3566999959876
mask_rcnn,FP32,operativo,B,0,122,1558.7713999993866
mask_rcnn,FP32,operativo,B,0,123,1556.7238000003272
mask_rcnn,FP32,operativo,B,0,124,1568.607000001066
mask_rcnn,FP32,operativo,B,0,125,1567.2469999990426
mask_rcnn,FP32,operativo,B,0,126,1568.3865999963018
mask_rcnn,FP32,operativo,B,0,127,1558.755599995493
mask_rcnn,FP32,operativo,B,0,128,1559.8667000012938
mask_rcnn,FP32,operativo,B,0,129,1560.090200000559
mask_rcnn,FP32,operativo,B,0,130,1557.7257000040845
mask_rcnn,FP32,operativo,B,0,131,1560.361899995769
mask_rcnn,FP32,operativo,B,0,132,1427.576100002625
mask_rcnn,FP32,operativo,B,0,133,1416.2234000032186
mask_rcnn,FP32,operativo,B,0,134,1558.5756000000401
mask_rcnn,FP32,operativo,B,0,135,1565.78399999853
mask_rcnn,FP32,operativo,B,0,136,1417.007800002466
mask_rcnn,FP32,operativo,B,0,137,1543.0463000011514
mask_rcnn,FP32,operativo,B,0,138,1562.0876999964821
mask_rcnn,FP32,operativo,B,0,139,1567.3722999999882
mask_rcnn,FP32,operativo,B,0,140,1567.33499999973
mask_rcnn,FP32,operativo,B,0,141,1554.4550999984494
mask_rcnn,FP32,operativo,B,0,142,1564.8233000028995
mask_rcnn,FP32,operativo,B,0,143,1550.7464999973308
mask_rcnn,FP32,operativo,B,0,144,1556.1292999991565
mask_rcnn,FP32,operativo,B,0,145,1426.523800000723
mask_rcnn,FP32,operativo,B,0,146,1559.8891000045114
mask_rcnn,FP32,operativo,B,0,147,1560.0515999976778
mask_rcnn,FP32,operativo,B,0,148,1563.5178000011365
mask_rcnn,FP32,operativo,B,0,149,1558.7831000011647
mask_rcnn,FP32,operativo,B,0,150,1566.6548000008333
mask_rcnn,FP32,operativo,B,0,151,1568.1205999935628
mask_rcnn,FP32,operativo,B,0,152,1576.3200000001234
mask_rcnn,FP32,operativo,B,0,153,1561.5766999981133
mask_rcnn,FP32,operativo,B,0,154,1552.71139999968
mask_rcnn,FP32,operativo,B,0,155,1553.8192000021809
mask_rcnn,FP32,operativo,B,0,156,1418.4524999946007
mask_rcnn,FP32,operativo,B,0,157,1435.1038000022527
mask_rcnn,FP32,operativo,B,0,158,1568.5369999991963
mask_rcnn,FP32,operativo,B,0,159,1566.5698000011616
mask_rcnn,FP32,operativo,B,0,160,1556.1084000000847
mask_rcnn,FP32,operativo,B,0,161,1569.0686000016285
mask_rcnn,FP32,operativo,B,0,162,1524.2633999951067
mask_rcnn,FP32,operativo,B,0,163,1556.4155000029132
mask_rcnn,FP32,operativo,B,0,164,1552.167100002407
mask_rcnn,FP32,operativo,B,0,165,1564.893499999016
mask_rcnn,FP32,operativo,B,0,166,1553.2474999999977
mask_rcnn,FP32,operativo,B,0,167,1420.9027999968384
mask_rcnn,FP32,operativo,B,0,168,1564.4041999985348
mask_rcnn,FP32,operativo,B,0,169,1567.0832999967388
mask_rcnn,FP32,operativo,B,0,170,1564.7586999984924
mask_rcnn,FP32,operativo,B,0,171,1420.561999999336
mask_rcnn,FP32,operativo,B,0,172,1435.0095999980113
mask_rcnn,FP32,operativo,B,0,173,1423.1203000017558
mask_rcnn,FP32,operativo,B,0,174,1559.3155000024126
mask_rcnn,FP32,operativo,B,0,175,1566.983299999265
mask_rcnn,FP32,operativo,B,0,176,1573.3528999990085
mask_rcnn,FP32,operativo,B,0,177,1561.9073000052595
mask_rcnn,FP32,operativo,B,0,178,1553.615600001649
mask_rcnn,FP32,operativo,B,0,179,1563.7072999961674
mask_rcnn,FP32,operativo,B,0,180,1563.8026000015088
mask_rcnn,FP32,operativo,B,0,181,1558.3723000017926
mask_rcnn,FP32,operativo,B,0,182,1376.010200001474
mask_rcnn,FP32,operativo,B,0,183,1610.473799999454
mask_rcnn,FP32,operativo,B,0,184,1558.9096000039717
mask_rcnn,FP32,operativo,B,0,185,1581.1793000029866
mask_rcnn,FP32,operativo,B,0,186,1560.7788999986951
mask_rcnn,FP32,operativo,B,0,187,1214.0174000014667
mask_rcnn,FP32,operativo,B,0,188,1556.8020999999135
mask_rcnn,FP32,operativo,B,0,189,1526.277900004061
mask_rcnn,FP32,operativo,B,0,190,1420.0471000003745
mask_rcnn,FP32,operativo,B,0,191,1552.0864999998594
mask_rcnn,FP32,operativo,B,0,192,1558.9550000004238
mask_rcnn,FP32,operativo,B,0,193,1557.584999995015
mask_rcnn,FP32,operativo,B,0,194,1555.7245000018156
mask_rcnn,FP32,operativo,B,0,195,1569.956800005457
mask_rcnn,FP32,operativo,B,0,196,1422.1805999986827
mask_rcnn,FP32,operativo,B,0,197,1412.8129000018816
mask_rcnn,FP32,operativo,B,0,198,1439.6768000005977
mask_rcnn,FP32,operativo,B,0,199,1563.821800002188
mask_rcnn,FP32,operativo,B,0,200,1589.103400001477
mask_rcnn,FP32,operativo,B,0,201,1565.8604000054765
mask_rcnn,FP32,operativo,B,0,202,1554.0812999970512
mask_rcnn,FP32,operativo,B,0,203,1474.4319999954314
mask_rcnn,FP32,operativo,B,0,204,1414.8300000015297
mask_rcnn,FP32,operativo,B,0,205,1558.8762000043062
mask_rcnn,FP32,operativo,B,0,206,1570.7236000016565
mask_rcnn,FP32,operativo,B,0,207,1506.5585999982432
mask_rcnn,FP32,operativo,B,0,208,1570.2003000042168
mask_rcnn,FP32,operativo,B,0,209,1461.149700000533
mask_rcnn,FP32,operativo,B,0,210,1423.85110000032
mask_rcnn,FP32,operativo,B,0,211,1560.8132999986992
mask_rcnn,FP32,operativo,B,0,212,1551.6322999974363
mask_rcnn,FP32,operativo,B,0,213,1553.3345000003465
mask_rcnn,FP32,operativo,B,0,214,1585.5441000021528
mask_rcnn,FP32,operativo,B,0,215,1559.4455000027665
mask_rcnn,FP32,operativo,B,0,216,1414.4546000025002
mask_rcnn,FP32,operativo,B,0,217,1418.5628999985056
mask_rcnn,FP32,operativo,B,0,218,1564.5702999972855
mask_rcnn,FP32,operativo,B,0,219,1563.6492999983602
mask_rcnn,FP32,operativo,B,0,220,1557.887100003427
mask_rcnn,FP32,operativo,B,0,221,1553.4857000020565
mask_rcnn,FP32,operativo,B,0,222,1425.183500003186
mask_rcnn,FP32,operativo,B,0,223,1551.5784999952302
mask_rcnn,FP32,operativo,B,0,224,1553.6636000033468
mask_rcnn,FP32,operativo,B,0,225,1424.308600006043
mask_rcnn,FP32,operativo,B,0,226,1569.4723000051454
mask_rcnn,FP32,operativo,B,0,227,1563.7034000028507
mask_rcnn,FP32,operativo,B,0,228,1418.5743999987608
mask_rcnn,FP32,operativo,B,0,229,1557.0240000015474
mask_rcnn,FP32,operativo,B,0,230,1247.7146000019275
mask_rcnn,FP32,operativo,B,0,231,1212.728899998183
mask_rcnn,FP32,operativo,B,0,232,1561.2645000001066
mask_rcnn,FP32,operativo,B,0,233,1536.705600003188
mask_rcnn,FP32,operativo,B,0,234,1521.4887000038289
mask_rcnn,FP32,operativo,B,0,235,1563.848899997538
mask_rcnn,FP32,operativo,B,0,236,1502.5128999986919
mask_rcnn,FP32,operativo,B,0,237,1561.0845999981393
mask_rcnn,FP32,operativo,B,0,238,1558.8327999939793
mask_rcnn,FP32,operativo,B,0,239,1559.6025999984704
mask_rcnn,FP32,operativo,B,0,240,1568.9762999973027
mask_rcnn,FP32,operativo,B,0,241,1509.779999993043
mask_rcnn,FP32,operativo,B,0,242,1574.9481999955606
mask_rcnn,FP32,operativo,B,0,243,1432.2338999991189
mask_rcnn,FP32,operativo,B,0,244,1347.1128000019235
mask_rcnn,FP32,operativo,B,0,245,1567.5522000019555
mask_rcnn,FP32,operativo,B,0,246,1557.6808000041638
mask_rcnn,FP32,operativo,B,0,247,1560.357300004398
mask_rcnn,FP32,operativo,B,0,248,1352.5826999975834
mask_rcnn,FP32,operativo,B,0,249,1549.5163000014145
mask_rcnn,FP32,operativo,B,0,250,1555.7073000018136
mask_rcnn,FP32,operativo,B,0,251,1533.2232000000658
mask_rcnn,FP32,operativo,B,0,252,1569.493599999987
mask_rcnn,FP32,operativo,B,0,253,1351.0590000005323
mask_rcnn,FP32,operativo,B,0,254,1561.3295000002836
mask_rcnn,FP32,operativo,B,0,255,1560.24929999694
mask_rcnn,FP32,operativo,B,0,256,1548.3237999942503
mask_rcnn,FP32,operativo,B,0,257,1572.3206999973627
mask_rcnn,FP32,operativo,B,0,258,1559.9909000011394
mask_rcnn,FP32,operativo,B,0,259,1422.6613999999245
mask_rcnn,FP32,operativo,B,0,260,1553.2295999946655
mask_rcnn,FP32,operativo,B,0,261,1550.7113999992725
mask_rcnn,FP32,operativo,B,0,262,1570.0804000007338
mask_rcnn,FP32,operativo,B,0,263,1555.8788000053028
mask_rcnn,FP32,operativo,B,0,264,1573.5189999977592
mask_rcnn,FP32,operativo,B,0,265,1532.1762000021408
mask_rcnn,FP32,operativo,B,0,266,1530.8079999958863
mask_rcnn,FP32,operativo,B,0,267,1419.7543999980553
mask_rcnn,FP32,operativo,B,0,268,1557.6454999973066
mask_rcnn,FP32,operativo,B,0,269,1557.8992999944603
mask_rcnn,FP32,operativo,B,0,270,1558.9786000055028
mask_rcnn,FP32,operativo,B,0,271,1560.4529999982333
mask_rcnn,FP32,operativo,B,0,272,1571.8249999990803
mask_rcnn,FP32,operativo,B,0,273,1555.0249999942025
mask_rcnn,FP32,operativo,B,0,274,1564.9505999972462
mask_rcnn,FP32,operativo,B,0,275,1565.1868999993894
mask_rcnn,FP32,operativo,B,0,276,1560.3406000009272
mask_rcnn,FP32,operativo,B,0,277,1558.2766000006814
mask_rcnn,FP32,operativo,B,0,278,1555.3480000016862
mask_rcnn,FP32,operativo,B,0,279,1556.7340000052354
mask_rcnn,FP32,operativo,B,0,280,1549.7849000021233
mask_rcnn,FP32,operativo,B,0,281,1569.4504999992205
mask_rcnn,FP32,operativo,B,0,282,1409.8621000011917
mask_rcnn,FP32,operativo,B,0,283,1548.583999996481
mask_rcnn,FP32,operativo,B,0,284,1551.5251999968314
mask_rcnn,FP32,operativo,B,0,285,1550.9432000035304
mask_rcnn,FP32,operativo,B,0,286,1565.9092999994755
mask_rcnn,FP32,operativo,B,0,287,1547.566299996106
mask_rcnn,FP32,operativo,B,0,288,1517.3044999974081
mask_rcnn,FP32,operativo,B,0,289,1557.3421999943093
mask_rcnn,FP32,operativo,B,0,290,1552.71250000078
mask_rcnn,FP32,operativo,B,0,291,1554.529699998966
mask_rcnn,FP32,operativo,B,0,292,1562.2053999977652
mask_rcnn,FP32,operativo,B,0,293,1552.733900003659
mask_rcnn,FP32,operativo,B,0,294,1558.4058000022196
mask_rcnn,FP32,operativo,B,0,295,1564.5403000016813
mask_rcnn,FP32,operativo,B,0,296,1559.418500000902
mask_rcnn,FP32,operativo,B,0,297,1459.409199997026
mask_rcnn,FP32,operativo,B,0,298,1549.3893000020762
mask_rcnn,FP32,operativo,B,0,299,1550.8402999985265
mask_rcnn,FP32,operativo,B,0,300,1564.5522000049823
mask_rcnn,FP32,operativo,B,0,301,1550.5481000000145
mask_rcnn,FP32,operativo,B,0,302,1558.8759999955073
mask_rcnn,FP32,operativo,B,0,303,1584.7875000035856
mask_rcnn,FP32,operativo,B,0,304,1551.4829999956419
mask_rcnn,FP32,operativo,B,0,305,1553.5444999986794
mask_rcnn,FP32,operativo,B,0,306,1552.5340999956825
mask_rcnn,FP32,operativo,B,0,307,1415.9221000008984
mask_rcnn,FP32,operativo,B,0,308,1552.9208000007202
mask_rcnn,FP32,operativo,B,0,309,1582.5929999991786
mask_rcnn,FP32,operativo,B,0,310,1487.0586000033654
mask_rcnn,FP32,operativo,B,0,311,1419.2336999985855
mask_rcnn,FP32,operativo,B,0,312,1559.7101000021212
mask_rcnn,FP32,operativo,B,0,313,1565.893999999389
mask_rcnn,FP32,operativo,B,0,314,1559.6558000033838
mask_rcnn,FP32,operativo,B,0,315,1552.0633999985876
mask_rcnn,FP32,operativo,B,0,316,1419.8754000026383
mask_rcnn,FP32,operativo,B,0,317,1558.4463999985019
mask_rcnn,FP32,operativo,B,0,318,1411.529500001052
mask_rcnn,FP32,operativo,B,0,319,1455.6168999988586
mask_rcnn,FP32,operativo,B,0,320,1561.9970000043395
mask_rcnn,FP32,operativo,B,0,321,1553.6209999991115
mask_rcnn,FP32,operativo,B,0,322,1420.1365000044461
mask_rcnn,FP32,operativo,B,0,323,1555.9523000047193
mask_rcnn,FP32,operativo,B,0,324,1555.0968999959878
mask_rcnn,FP32,operativo,B,0,325,1553.827599993383
mask_rcnn,FP32,operativo,B,0,326,1466.240599998855
mask_rcnn,FP32,operativo,B,0,327,1569.5465999961016
mask_rcnn,FP32,operativo,B,0,328,1427.627199998824
mask_rcnn,FP32,operativo,B,0,329,1561.5147999997134
mask_rcnn,FP32,operativo,B,0,330,1419.7623000000021
mask_rcnn,FP32,operativo,B,0,331,1559.5602999965195
mask_rcnn,FP32,operativo,B,0,332,1554.6103999949992
mask_rcnn,FP32,operativo,B,0,333,1560.1380000007339
mask_rcnn,FP32,operativo,B,0,334,1568.5242000035942
mask_rcnn,FP32,operativo,B,0,335,1572.1312999958172
mask_rcnn,FP32,operativo,B,0,336,1416.5816999957315
mask_rcnn,FP32,operativo,B,0,337,1552.19439999928
mask_rcnn,FP32,operativo,B,0,338,1558.7379000062356
mask_rcnn,FP32,operativo,B,0,339,1528.39149999636
mask_rcnn,FP32,operativo,B,0,340,1565.7484999974258
mask_rcnn,FP32,operativo,B,0,341,1421.2095999973826
mask_rcnn,FP32,operativo,B,0,342,1502.7984999978798
mask_rcnn,FP32,operativo,B,0,343,1548.5757999995258
mask_rcnn,FP32,operativo,B,0,344,1418.489600000612
mask_rcnn,FP32,operativo,B,0,345,1419.6349999983795
mask_rcnn,FP32,operativo,B,0,346,1554.2091000024811
mask_rcnn,FP32,operativo,B,0,347,1554.5562999977847
mask_rcnn,FP32,operativo,B,0,348,1571.1436999990838
mask_rcnn,FP32,operativo,B,0,349,1553.0560999977752
mask_rcnn,FP32,operativo,B,0,350,1551.436299996567
mask_rcnn,FP32,operativo,B,0,351,1560.4562000007718
mask_rcnn,FP32,operativo,B,0,352,1548.983100001351
mask_rcnn,FP32,operativo,B,0,353,1553.8185000041267
mask_rcnn,FP32,operativo,B,0,354,1553.829800002859
mask_rcnn,FP32,operativo,B,0,355,1552.7962000051048
mask_rcnn,FP32,operativo,B,0,356,1562.5657999989926
mask_rcnn,FP32,operativo,B,0,357,1423.3452999978908
mask_rcnn,FP32,operativo,B,0,358,1562.944699995569
mask_rcnn,FP32,operativo,B,0,359,1425.595599997905
mask_rcnn,FP32,operativo,B,0,360,1510.2815000063856
mask_rcnn,FP32,operativo,B,0,361,1559.4000999990385
mask_rcnn,FP32,operativo,B,0,362,1546.9119000044884
mask_rcnn,FP32,operativo,B,0,363,1556.5846000026795
mask_rcnn,FP32,operativo,B,0,364,1561.9780999986688
mask_rcnn,FP32,operativo,B,0,365,1419.5665000006557
mask_rcnn,FP32,operativo,B,0,366,1416.7445999992196
mask_rcnn,FP32,operativo,B,0,367,1568.982299999334
mask_rcnn,FP32,operativo,B,0,368,1608.6107000010088
mask_rcnn,FP32,operativo,B,0,369,1420.4054000001634
mask_rcnn,FP32,operativo,B,0,370,1554.1407999990042
mask_rcnn,FP32,operativo,B,0,371,1566.7022000052384
mask_rcnn,FP32,operativo,B,0,372,1545.5481999961194
mask_rcnn,FP32,operativo,B,0,373,1559.9613999947906
mask_rcnn,FP32,operativo,A,1,0,1541.4708999960567
mask_rcnn,FP32,operativo,A,1,1,1543.2685000050697
mask_rcnn,FP32,operativo,A,1,2,1539.353600004688
mask_rcnn,FP32,operativo,A,1,3,1563.8057999967714
mask_rcnn,FP32,operativo,A,1,4,1535.1260000024922
mask_rcnn,FP32,operativo,A,1,5,1560.9881000054884
mask_rcnn,FP32,operativo,A,1,6,1550.0714999943739
mask_rcnn,FP32,operativo,A,1,7,1551.348400003917
mask_rcnn,FP32,operativo,A,1,8,1536.8521999989753
mask_rcnn,FP32,operativo,A,1,9,1418.3669999983977
mask_rcnn,FP32,operativo,A,1,10,1438.6190000004717
mask_rcnn,FP32,operativo,A,1,11,1533.5492000012891
mask_rcnn,FP32,operativo,A,1,12,1567.988199996762
mask_rcnn,FP32,operativo,A,1,13,1543.777200000477
mask_rcnn,FP32,operativo,A,1,14,1504.0064999993774
mask_rcnn,FP32,operativo,A,1,15,1536.5268999958062
mask_rcnn,FP32,operativo,A,1,16,1539.8862000001827
mask_rcnn,FP32,operativo,A,1,17,1569.9526000025799
mask_rcnn,FP32,operativo,A,1,18,1540.2900999979465
mask_rcnn,FP32,operativo,A,1,19,1533.7052999966545
mask_rcnn,FP32,operativo,A,1,20,1543.5657999987598
mask_rcnn,FP32,operativo,A,1,21,1508.1017999982578
mask_rcnn,FP32,operativo,A,1,22,1550.4905999987386
mask_rcnn,FP32,operativo,A,1,23,1533.0927000031807
mask_rcnn,FP32,operativo,A,1,24,1537.620999995852
mask_rcnn,FP32,operativo,A,1,25,1408.7327000015648
mask_rcnn,FP32,operativo,A,1,26,1538.640699996904
mask_rcnn,FP32,operativo,A,1,27,1535.6555999969714
mask_rcnn,FP32,operativo,A,1,28,1485.0390999999945
mask_rcnn,FP32,operativo,A,1,29,1534.2111999998451
mask_rcnn,FP32,operativo,A,1,30,1536.1772000032943
mask_rcnn,FP32,operativo,A,1,31,1538.290099997539
mask_rcnn,FP32,operativo,A,1,32,1546.3758000041707
mask_rcnn,FP32,operativo,A,1,33,1545.0774999990244
mask_rcnn,FP32,operativo,A,1,34,1406.0743000009097
mask_rcnn,FP32,operativo,A,1,35,1540.801900002407
mask_rcnn,FP32,operativo,A,1,36,1549.27619999944
mask_rcnn,FP32,operativo,A,1,37,1412.2876999972505
mask_rcnn,FP32,operativo,A,1,38,1543.4513000000152
mask_rcnn,FP32,operativo,A,1,39,1526.5476999993552
mask_rcnn,FP32,operativo,A,1,40,1535.2192999998806
mask_rcnn,FP32,operativo,A,1,41,1550.3260999976192
mask_rcnn,FP32,operativo,A,1,42,1539.754700002959
mask_rcnn,FP32,operativo,A,1,43,1546.2384999991627
mask_rcnn,FP32,operativo,A,1,44,1544.806099998823
mask_rcnn,FP32,operativo,A,1,45,1510.3619000001345
mask_rcnn,FP32,operativo,A,1,46,1551.0673999961
mask_rcnn,FP32,operativo,A,1,47,1416.3344000044162
mask_rcnn,FP32,operativo,A,1,48,1547.984600001655
mask_rcnn,FP32,operativo,A,1,49,1407.4058999976842
mask_rcnn,FP32,operativo,A,1,50,1563.6195999977645
mask_rcnn,FP32,operativo,A,1,51,1499.6780000001309
mask_rcnn,FP32,operativo,A,1,52,1513.1824000054621
mask_rcnn,FP32,operativo,A,1,53,1560.937299997022
mask_rcnn,FP32,operativo,A,1,54,1535.4156999965198
mask_rcnn,FP32,operativo,A,1,55,1541.124099996523
mask_rcnn,FP32,operativo,A,1,56,1543.0306999987806
mask_rcnn,FP32,operativo,A,1,57,1552.756999997655
mask_rcnn,FP32,operativo,A,1,58,1541.338299997733
mask_rcnn,FP32,operativo,A,1,59,1406.0450999968452
mask_rcnn,FP32,operativo,A,1,60,1408.715099998517
mask_rcnn,FP32,operativo,A,1,61,1539.9325000034878
mask_rcnn,FP32,operativo,A,1,62,1417.825600001379
mask_rcnn,FP32,operativo,A,1,63,1556.5925000046263
mask_rcnn,FP32,operativo,A,1,64,1565.2621000044746
mask_rcnn,FP32,operativo,A,1,65,1543.1575999973575
mask_rcnn,FP32,operativo,A,1,66,1547.6109000010183
mask_rcnn,FP32,operativo,A,1,67,1534.4040999989375
mask_rcnn,FP32,operativo,A,1,68,1546.3589999999385
mask_rcnn,FP32,operativo,A,1,69,1402.954499993939
mask_rcnn,FP32,operativo,A,1,70,1526.2072999976226
mask_rcnn,FP32,operativo,A,1,71,1493.2850999975926
mask_rcnn,FP32,operativo,A,1,72,1543.1803000028594
mask_rcnn,FP32,operativo,A,1,73,1544.5944999955827
mask_rcnn,FP32,operativo,A,1,74,1541.6933000014978
mask_rcnn,FP32,operativo,A,1,75,1540.4754999981378
mask_rcnn,FP32,operativo,A,1,76,1536.3947000005282
mask_rcnn,FP32,operativo,A,1,77,1183.8404000009177
mask_rcnn,FP32,operativo,A,1,78,1562.4347999983002
mask_rcnn,FP32,operativo,A,1,79,1546.4076999996905
mask_rcnn,FP32,operativo,A,1,80,1443.48650000029
mask_rcnn,FP32,operativo,A,1,81,1543.1755999961752
mask_rcnn,FP32,operativo,A,1,82,1538.7254000015673
mask_rcnn,FP32,operativo,A,1,83,1540.1534000047832
mask_rcnn,FP32,operativo,A,1,84,1551.4811000030022
mask_rcnn,FP32,operativo,A,1,85,1572.2517000031075
mask_rcnn,FP32,operativo,A,1,86,1538.7170000030892
mask_rcnn,FP32,operativo,A,1,87,1543.5476999991806
mask_rcnn,FP32,operativo,A,1,88,1570.6121000039275
mask_rcnn,FP32,operativo,A,1,89,1532.8598999985843
mask_rcnn,FP32,operativo,A,1,90,1485.0633000023663
mask_rcnn,FP32,operativo,A,1,91,1539.755999998306
mask_rcnn,FP32,operativo,A,1,92,1549.931599998672
mask_rcnn,FP32,operativo,A,1,93,1533.6081000059494
mask_rcnn,FP32,operativo,A,1,94,1543.8372999997227
mask_rcnn,FP32,operativo,A,1,95,1431.6232999990461
mask_rcnn,FP32,operativo,A,1,96,1538.4541000021272
mask_rcnn,FP32,operativo,A,1,97,1529.39619999961
mask_rcnn,FP32,operativo,A,1,98,1470.7830000043032
mask_rcnn,FP32,operativo,A,1,99,1537.9715000017313
mask_rcnn,FP32,operativo,A,1,100,1400.9703999981866
mask_rcnn,FP32,operativo,A,1,101,1544.4802999991225
mask_rcnn,FP32,operativo,A,1,102,1555.4878000039025
mask_rcnn,FP32,operativo,A,1,103,1540.2031999983592
mask_rcnn,FP32,operativo,A,1,104,1526.0915999970166
mask_rcnn,FP32,operativo,A,1,105,1535.6020999970497
mask_rcnn,FP32,operativo,A,1,106,1530.8270000023185
mask_rcnn,FP32,operativo,A,1,107,1558.51960000291
mask_rcnn,FP32,operativo,A,1,108,1403.1827000071644
mask_rcnn,FP32,operativo,A,1,109,1537.6822000034736
mask_rcnn,FP32,operativo,A,1,110,1403.5778000034043
mask_rcnn,FP32,operativo,A,1,111,1549.062899997807
mask_rcnn,FP32,operativo,A,1,112,1542.730200002552
mask_rcnn,FP32,operativo,A,1,113,1402.2958999994444
mask_rcnn,FP32,operativo,A,1,114,1555.891399999382
mask_rcnn,FP32,operativo,A,1,115,1551.0387000031187
mask_rcnn,FP32,operativo,A,1,116,1542.918599996483
mask_rcnn,FP32,operativo,A,1,117,1562.0074999969802
mask_rcnn,FP32,operativo,A,1,118,1564.3233000009786
mask_rcnn,FP32,operativo,A,1,119,1535.1334000006318
mask_rcnn,FP32,operativo,A,1,120,1547.5614000024507
mask_rcnn,FP32,operativo,A,1,121,1543.6155999996117
mask_rcnn,FP32,operativo,A,1,122,1549.8174000022118
mask_rcnn,FP32,operativo,A,1,123,1541.8060000010883
mask_rcnn,FP32,operativo,A,1,124,1552.4435000043013
mask_rcnn,FP32,operativo,A,1,125,1548.5249999983353
mask_rcnn,FP32,operativo,A,1,126,1543.4324000016204
mask_rcnn,FP32,operativo,A,1,127,1543.3236000026227
mask_rcnn,FP32,operativo,A,1,128,1545.3171000044676
mask_rcnn,FP32,operativo,A,1,129,1544.7586999944178
mask_rcnn,FP32,operativo,A,1,130,1543.8069000010728
mask_rcnn,FP32,operativo,A,1,131,1543.5195999962161
mask_rcnn,FP32,operativo,A,1,132,1408.886999997776
mask_rcnn,FP32,operativo,A,1,133,1403.2867999994778
mask_rcnn,FP32,operativo,A,1,134,1549.3025999967358
mask_rcnn,FP32,operativo,A,1,135,1549.6465999967768
mask_rcnn,FP32,operativo,A,1,136,1397.6533000022755
mask_rcnn,FP32,operativo,A,1,137,1531.5245000019786
mask_rcnn,FP32,operativo,A,1,138,1546.219399999245
mask_rcnn,FP32,operativo,A,1,139,1556.0981999951764
mask_rcnn,FP32,operativo,A,1,140,1544.6278000017628
mask_rcnn,FP32,operativo,A,1,141,1539.6612000040477
mask_rcnn,FP32,operativo,A,1,142,1550.4014999969513
mask_rcnn,FP32,operativo,A,1,143,1543.0044000022463
mask_rcnn,FP32,operativo,A,1,144,1537.806800006365
mask_rcnn,FP32,operativo,A,1,145,1407.4089999994612
mask_rcnn,FP32,operativo,A,1,146,1546.7079000009107
mask_rcnn,FP32,operativo,A,1,147,1538.9628000048106
mask_rcnn,FP32,operativo,A,1,148,1544.247899997572
mask_rcnn,FP32,operativo,A,1,149,1539.0065000028699
mask_rcnn,FP32,operativo,A,1,150,1543.5214000026463
mask_rcnn,FP32,operativo,A,1,151,1558.9543000023696
mask_rcnn,FP32,operativo,A,1,152,1557.7435000013793
mask_rcnn,FP32,operativo,A,1,153,1544.5867999951588
mask_rcnn,FP32,operativo,A,1,154,1541.3092999951914
mask_rcnn,FP32,operativo,A,1,155,1540.5219000022043
mask_rcnn,FP32,operativo,A,1,156,1411.1129000011715
mask_rcnn,FP32,operativo,A,1,157,1428.7048000041978
mask_rcnn,FP32,operativo,A,1,158,1553.7483000007342
mask_rcnn,FP32,operativo,A,1,159,1542.5632999977097
mask_rcnn,FP32,operativo,A,1,160,1539.8352999982308
mask_rcnn,FP32,operativo,A,1,161,1552.1172000007937
mask_rcnn,FP32,operativo,A,1,162,1505.2138999963063
mask_rcnn,FP32,operativo,A,1,163,1540.3124000004027
mask_rcnn,FP32,operativo,A,1,164,1543.6838999958127
mask_rcnn,FP32,operativo,A,1,165,1548.4317000009469
mask_rcnn,FP32,operativo,A,1,166,1536.1686999967787
mask_rcnn,FP32,operativo,A,1,167,1403.7107999974978
mask_rcnn,FP32,operativo,A,1,168,1548.1750999970245
mask_rcnn,FP32,operativo,A,1,169,1551.5317999961553
mask_rcnn,FP32,operativo,A,1,170,1554.05260000407
mask_rcnn,FP32,operativo,A,1,171,1408.2324000046356
mask_rcnn,FP32,operativo,A,1,172,1417.3060999964946
mask_rcnn,FP32,operativo,A,1,173,1406.8691000065883
mask_rcnn,FP32,operativo,A,1,174,1543.8157999960822
mask_rcnn,FP32,operativo,A,1,175,1551.1987999998382
mask_rcnn,FP32,operativo,A,1,176,1561.992499999178
mask_rcnn,FP32,operativo,A,1,177,1546.8698000040604
mask_rcnn,FP32,operativo,A,1,178,1541.6856999945594
mask_rcnn,FP32,operativo,A,1,179,1545.0550999958068
mask_rcnn,FP32,operativo,A,1,180,1544.5646999942255
mask_rcnn,FP32,operativo,A,1,181,1541.1658000011812
mask_rcnn,FP32,operativo,A,1,182,1360.0609999994049
mask_rcnn,FP32,operativo,A,1,183,1580.5147000064608
mask_rcnn,FP32,operativo,A,1,184,1540.1677999980166
mask_rcnn,FP32,operativo,A,1,185,1554.764200001955
mask_rcnn,FP32,operativo,A,1,186,1542.0334000009461
mask_rcnn,FP32,operativo,A,1,187,1189.5111999983783
mask_rcnn,FP32,operativo,A,1,188,1539.4116999959806
mask_rcnn,FP32,operativo,A,1,189,1507.940299998154
mask_rcnn,FP32,operativo,A,1,190,1411.4320000007865
mask_rcnn,FP32,operativo,A,1,191,1537.5755999993999
mask_rcnn,FP32,operativo,A,1,192,1542.327800001658
mask_rcnn,FP32,operativo,A,1,193,1548.2208000030369
mask_rcnn,FP32,operativo,A,1,194,1542.810400002054
mask_rcnn,FP32,operativo,A,1,195,1540.008799995121
mask_rcnn,FP32,operativo,A,1,196,1409.0856000038912
mask_rcnn,FP32,operativo,A,1,197,1404.0600000007544
mask_rcnn,FP32,operativo,A,1,198,1429.8955999984173
mask_rcnn,FP32,operativo,A,1,199,1547.3970000020927
mask_rcnn,FP32,operativo,A,1,200,1571.1226999992505
mask_rcnn,FP32,operativo,A,1,201,1541.189999996277
mask_rcnn,FP32,operativo,A,1,202,1536.1733000027016
mask_rcnn,FP32,operativo,A,1,203,1457.799600000726
mask_rcnn,FP32,operativo,A,1,204,1401.914099995338
mask_rcnn,FP32,operativo,A,1,205,1539.907200000016
mask_rcnn,FP32,operativo,A,1,206,1555.0287999940338
mask_rcnn,FP32,operativo,A,1,207,1494.2745000007562
mask_rcnn,FP32,operativo,A,1,208,1550.120899999456
mask_rcnn,FP32,operativo,A,1,209,1441.5273999984493
mask_rcnn,FP32,operativo,A,1,210,1408.997200000158
mask_rcnn,FP32,operativo,A,1,211,1544.8856000002706
mask_rcnn,FP32,operativo,A,1,212,1539.7934000066016
mask_rcnn,FP32,operativo,A,1,213,1537.7089999965392
mask_rcnn,FP32,operativo,A,1,214,1555.3697999930591
mask_rcnn,FP32,operativo,A,1,215,1546.8970000001718
mask_rcnn,FP32,operativo,A,1,216,1403.4920999984024
mask_rcnn,FP32,operativo,A,1,217,1402.8126999983215
mask_rcnn,FP32,operativo,A,1,218,1549.9691000004532
mask_rcnn,FP32,operativo,A,1,219,1549.0778000021237
mask_rcnn,FP32,operativo,A,1,220,1537.2415999954683
mask_rcnn,FP32,operativo,A,1,221,1535.869500003173
mask_rcnn,FP32,operativo,A,1,222,1414.1492000053404
mask_rcnn,FP32,operativo,A,1,223,1533.890099999553
mask_rcnn,FP32,operativo,A,1,224,1538.308800001687
mask_rcnn,FP32,operativo,A,1,225,1410.7714999991003
mask_rcnn,FP32,operativo,A,1,226,1557.6498999944306
mask_rcnn,FP32,operativo,A,1,227,1542.745400001877
mask_rcnn,FP32,operativo,A,1,228,1407.1265000020503
mask_rcnn,FP32,operativo,A,1,229,1541.4370999933453
mask_rcnn,FP32,operativo,A,1,230,1236.8792000052053
mask_rcnn,FP32,operativo,A,1,231,1197.6244999968912
mask_rcnn,FP32,operativo,A,1,232,1550.7615999958944
mask_rcnn,FP32,operativo,A,1,233,1521.2301999999909
mask_rcnn,FP32,operativo,A,1,234,1506.3344000009238
mask_rcnn,FP32,operativo,A,1,235,1543.1083000003127
mask_rcnn,FP32,operativo,A,1,236,1492.1762000012677
mask_rcnn,FP32,operativo,A,1,237,1546.431599999778
mask_rcnn,FP32,operativo,A,1,238,1546.564500000386
mask_rcnn,FP32,operativo,A,1,239,1538.9352999991388
mask_rcnn,FP32,operativo,A,1,240,1550.3121000001556
mask_rcnn,FP32,operativo,A,1,241,1494.332200003555
mask_rcnn,FP32,operativo,A,1,242,1558.0396999939694
mask_rcnn,FP32,operativo,A,1,243,1408.3461000045645
mask_rcnn,FP32,operativo,A,1,244,1325.1625999982934
mask_rcnn,FP32,operativo,A,1,245,1553.9004000020213
mask_rcnn,FP32,operativo,A,1,246,1544.8854000060237
mask_rcnn,FP32,operativo,A,1,247,1541.382799994608
mask_rcnn,FP32,operativo,A,1,248,1338.6209000018425
mask_rcnn,FP32,operativo,A,1,249,1532.3830999986967
mask_rcnn,FP32,operativo,A,1,250,1539.0588000009302
mask_rcnn,FP32,operativo,A,1,251,1512.938400002895
mask_rcnn,FP32,operativo,A,1,252,1552.49609999737
mask_rcnn,FP32,operativo,A,1,253,1332.3285000005853
mask_rcnn,FP32,operativo,A,1,254,1552.085100003751
mask_rcnn,FP32,operativo,A,1,255,1544.5382000034442
mask_rcnn,FP32,operativo,A,1,256,1540.562599999248
mask_rcnn,FP32,operativo,A,1,257,1559.1710999942734
mask_rcnn,FP32,operativo,A,1,258,1546.514900001057
mask_rcnn,FP32,operativo,A,1,259,1410.555700000259
mask_rcnn,FP32,operativo,A,1,260,1538.845199997013
mask_rcnn,FP32,operativo,A,1,261,1537.5917999990634
mask_rcnn,FP32,operativo,A,1,262,1548.5508000056143
mask_rcnn,FP32,operativo,A,1,263,1533.1468000003952
mask_rcnn,FP32,operativo,A,1,264,1555.5626999994274
mask_rcnn,FP32,operativo,A,1,265,1512.692500000412
mask_rcnn,FP32,operativo,A,1,266,1512.58560000133
mask_rcnn,FP32,operativo,A,1,267,1403.1979999999749
mask_rcnn,FP32,operativo,A,1,268,1538.7093999961508
mask_rcnn,FP32,operativo,A,1,269,1542.3871000020881
mask_rcnn,FP32,operativo,A,1,270,1544.710499998473
mask_rcnn,FP32,operativo,A,1,271,1542.2564999971655
mask_rcnn,FP32,operativo,A,1,272,1555.7587000002968
mask_rcnn,FP32,operativo,A,1,273,1539.1956999956165
mask_rcnn,FP32,operativo,A,1,274,1552.3141000012401
mask_rcnn,FP32,operativo,A,1,275,1550.427900001523
mask_rcnn,FP32,operativo,A,1,276,1542.0952000058605
mask_rcnn,FP32,operativo,A,1,277,1541.019199998118
mask_rcnn,FP32,operativo,A,1,278,1540.872199999285
mask_rcnn,FP32,operativo,A,1,279,1540.5228000017814
mask_rcnn,FP32,operativo,A,1,280,1532.7983999959542
mask_rcnn,FP32,operativo,A,1,281,1549.2105999946943
mask_rcnn,FP32,operativo,A,1,282,1397.2283999974024
mask_rcnn,FP32,operativo,A,1,283,1529.8884000003454
mask_rcnn,FP32,operativo,A,1,284,1531.0710999983712
mask_rcnn,FP32,operativo,A,1,285,1531.100599997444
mask_rcnn,FP32,operativo,A,1,286,1551.7129999934696
mask_rcnn,FP32,operativo,A,1,287,1531.9120999993174
mask_rcnn,FP32,operativo,A,1,288,1506.0057000009692
mask_rcnn,FP32,operativo,A,1,289,1538.2817999998224
mask_rcnn,FP32,operativo,A,1,290,1535.2805999937118
mask_rcnn,FP32,operativo,A,1,291,1536.4553000035812
mask_rcnn,FP32,operativo,A,1,292,1542.0071000044118
mask_rcnn,FP32,operativo,A,1,293,1540.5448000019533
mask_rcnn,FP32,operativo,A,1,294,1535.56540000136
mask_rcnn,FP32,operativo,A,1,295,1553.5511999987648
mask_rcnn,FP32,operativo,A,1,296,1535.0824999986799
mask_rcnn,FP32,operativo,A,1,297,1439.108299993677
mask_rcnn,FP32,operativo,A,1,298,1533.2244000019273
mask_rcnn,FP32,operativo,A,1,299,1533.6324999952922
mask_rcnn,FP32,operativo,A,1,300,1545.157599997765
mask_rcnn,FP32,operativo,A,1,301,1534.6056999987923
mask_rcnn,FP32,operativo,A,1,302,1541.8611999994027
mask_rcnn,FP32,operativo,A,1,303,1546.051700002863
mask_rcnn,FP32,operativo,A,1,304,1535.764400003245
mask_rcnn,FP32,operativo,A,1,305,1536.8673999983002
mask_rcnn,FP32,operativo,A,1,306,1537.8080000009504
mask_rcnn,FP32,operativo,A,1,307,1400.671199997305
mask_rcnn,FP32,operativo,A,1,308,1535.3423999986262
mask_rcnn,FP32,operativo,A,1,309,1553.5359999994398
mask_rcnn,FP32,operativo,A,1,310,1479.6074999976554
mask_rcnn,FP32,operativo,A,1,311,1406.0819000005722
mask_rcnn,FP32,operativo,A,1,312,1546.9668000005186
mask_rcnn,FP32,operativo,A,1,313,1543.9485000024433
mask_rcnn,FP32,operativo,A,1,314,1539.5943000039551
mask_rcnn,FP32,operativo,A,1,315,1536.4047000039136
mask_rcnn,FP32,operativo,A,1,316,1412.2244000027422
mask_rcnn,FP32,operativo,A,1,317,1540.4261000003316
mask_rcnn,FP32,operativo,A,1,318,1400.3102999995463
mask_rcnn,FP32,operativo,A,1,319,1435.0299999932759
mask_rcnn,FP32,operativo,A,1,320,1547.8538000024855
mask_rcnn,FP32,operativo,A,1,321,1533.4167000037269
mask_rcnn,FP32,operativo,A,1,322,1406.5621000045212
mask_rcnn,FP32,operativo,A,1,323,1548.041899994132
mask_rcnn,FP32,operativo,A,1,324,1543.3701000001747
mask_rcnn,FP32,operativo,A,1,325,1538.9678999999887
mask_rcnn,FP32,operativo,A,1,326,1454.0942999956314
mask_rcnn,FP32,operativo,A,1,327,1555.9807000026922
mask_rcnn,FP32,operativo,A,1,328,1413.3090999966953
mask_rcnn,FP32,operativo,A,1,329,1544.8734000019613
mask_rcnn,FP32,operativo,A,1,330,1410.5058999994071
mask_rcnn,FP32,operativo,A,1,331,1544.0818999995827
mask_rcnn,FP32,operativo,A,1,332,1537.8425999952015
mask_rcnn,FP32,operativo,A,1,333,1546.78640000202
mask_rcnn,FP32,operativo,A,1,334,1542.7243999947677
mask_rcnn,FP32,operativo,A,1,335,1541.9760000004317
mask_rcnn,FP32,operativo,A,1,336,1406.3382999956957
mask_rcnn,FP32,operativo,A,1,337,1539.301799995883
mask_rcnn,FP32,operativo,A,1,338,1542.3942999987048
mask_rcnn,FP32,operativo,A,1,339,1510.784699996293
mask_rcnn,FP32,operativo,A,1,340,1544.770200001949
mask_rcnn,FP32,operativo,A,1,341,1408.2071000011638
mask_rcnn,FP32,operativo,A,1,342,1488.8598999968963
mask_rcnn,FP32,operativo,A,1,343,1541.607599996496
mask_rcnn,FP32,operativo,A,1,344,1405.0852000000305
mask_rcnn,FP32,operativo,A,1,345,1407.2034000055282
mask_rcnn,FP32,operativo,A,1,346,1538.5507000028156
mask_rcnn,FP32,operativo,A,1,347,1543.973100000585
mask_rcnn,FP32,operativo,A,1,348,1554.4808999984525
mask_rcnn,FP32,operativo,A,1,349,1531.5320999943651
mask_rcnn,FP32,operativo,A,1,350,1534.1667999964557
mask_rcnn,FP32,operativo,A,1,351,1540.3841999941505
mask_rcnn,FP32,operativo,A,1,352,1536.6417999975965
mask_rcnn,FP32,operativo,A,1,353,1538.109799999802
mask_rcnn,FP32,operativo,A,1,354,1534.6222000007401
mask_rcnn,FP32,operativo,A,1,355,1547.1213000055286
mask_rcnn,FP32,operativo,A,1,356,1542.2934999951394
mask_rcnn,FP32,operativo,A,1,357,1408.7109000029159
mask_rcnn,FP32,operativo,A,1,358,1545.1135000039358
mask_rcnn,FP32,operativo,A,1,359,1418.6616000006325
mask_rcnn,FP32,operativo,A,1,360,1498.2162000014796
mask_rcnn,FP32,operativo,A,1,361,1544.7529000011855
mask_rcnn,FP32,operativo,A,1,362,1530.5106000014348
mask_rcnn,FP32,operativo,A,1,363,1541.6208999959053
mask_rcnn,FP32,operativo,A,1,364,1545.9077999985311
mask_rcnn,FP32,operativo,A,1,365,1409.2477000012877
mask_rcnn,FP32,operativo,A,1,366,1406.0297999967588
mask_rcnn,FP32,operativo,A,1,367,1545.1017999948817
mask_rcnn,FP32,operativo,A,1,368,1577.2197999976925
mask_rcnn,FP32,operativo,A,1,369,1400.4117000004044
mask_rcnn,FP32,operativo,A,1,370,1542.5458000026993
mask_rcnn,FP32,operativo,A,1,371,1543.2863000023644
mask_rcnn,FP32,operativo,A,1,372,1534.2663999981596
mask_rcnn,FP32,operativo,A,1,373,1539.7279000026174
mask_rcnn,FP32,operativo,B,1,0,1560.6945999970776
mask_rcnn,FP32,operativo,B,1,1,1556.4305000007153
mask_rcnn,FP32,operativo,B,1,2,1554.8957999999402
mask_rcnn,FP32,operativo,B,1,3,1582.8316000042832
mask_rcnn,FP32,operativo,B,1,4,1553.1259999988833
mask_rcnn,FP32,operativo,B,1,5,1596.8693000031635
mask_rcnn,FP32,operativo,B,1,6,1565.2482000004966
mask_rcnn,FP32,operativo,B,1,7,1564.250900002662
mask_rcnn,FP32,operativo,B,1,8,1549.6601999984705
mask_rcnn,FP32,operativo,B,1,9,1428.1236000024364
mask_rcnn,FP32,operativo,B,1,10,1455.5842000045232
mask_rcnn,FP32,operativo,B,1,11,1555.5454999994254
mask_rcnn,FP32,operativo,B,1,12,1589.6337000012863
mask_rcnn,FP32,operativo,B,1,13,1559.1885000030743
mask_rcnn,FP32,operativo,B,1,14,1518.1358000045293
mask_rcnn,FP32,operativo,B,1,15,1552.995700003521
mask_rcnn,FP32,operativo,B,1,16,1559.5259999972768
mask_rcnn,FP32,operativo,B,1,17,1591.6131999983918
mask_rcnn,FP32,operativo,B,1,18,1549.282799998764
mask_rcnn,FP32,operativo,B,1,19,1549.5620000001509
mask_rcnn,FP32,operativo,B,1,20,1556.440599997586
mask_rcnn,FP32,operativo,B,1,21,1523.836599997594
mask_rcnn,FP32,operativo,B,1,22,1559.6184999958496
mask_rcnn,FP32,operativo,B,1,23,1555.4143999979715
mask_rcnn,FP32,operativo,B,1,24,1573.2255999973859
mask_rcnn,FP32,operativo,B,1,25,1424.6671000000788
mask_rcnn,FP32,operativo,B,1,26,1552.751499999431
mask_rcnn,FP32,operativo,B,1,27,1551.9074999974691
mask_rcnn,FP32,operativo,B,1,28,1498.4246999956667
mask_rcnn,FP32,operativo,B,1,29,1550.4976000011084
mask_rcnn,FP32,operativo,B,1,30,1552.7889000004507
mask_rcnn,FP32,operativo,B,1,31,1558.2333999991533
mask_rcnn,FP32,operativo,B,1,32,1567.4582999999984
mask_rcnn,FP32,operativo,B,1,33,1555.0730000031763
mask_rcnn,FP32,operativo,B,1,34,1416.2706999995862
mask_rcnn,FP32,operativo,B,1,35,1554.0076999968733
mask_rcnn,FP32,operativo,B,1,36,1572.884899993369
mask_rcnn,FP32,operativo,B,1,37,1429.6466000014334
mask_rcnn,FP32,operativo,B,1,38,1562.70979999681
mask_rcnn,FP32,operativo,B,1,39,1544.035699997039
mask_rcnn,FP32,operativo,B,1,40,1557.9883999962476
mask_rcnn,FP32,operativo,B,1,41,1566.6583999991417
mask_rcnn,FP32,operativo,B,1,42,1561.252700004843
mask_rcnn,FP32,operativo,B,1,43,1564.096399997652
mask_rcnn,FP32,operativo,B,1,44,1553.6222999944584
mask_rcnn,FP32,operativo,B,1,45,1527.6261999970302
mask_rcnn,FP32,operativo,B,1,46,1575.4100999984075
mask_rcnn,FP32,operativo,B,1,47,1427.9811000014888
mask_rcnn,FP32,operativo,B,1,48,1568.902999999409
mask_rcnn,FP32,operativo,B,1,49,1423.1422999946517
mask_rcnn,FP32,operativo,B,1,50,1581.5215999973589
mask_rcnn,FP32,operativo,B,1,51,1515.269299998181
mask_rcnn,FP32,operativo,B,1,52,1525.6757999959518
mask_rcnn,FP32,operativo,B,1,53,1576.4902000009897
mask_rcnn,FP32,operativo,B,1,54,1550.8463000005577
mask_rcnn,FP32,operativo,B,1,55,1551.745299999311
mask_rcnn,FP32,operativo,B,1,56,1557.7600999968126
mask_rcnn,FP32,operativo,B,1,57,1588.4526000008918
mask_rcnn,FP32,operativo,B,1,58,1553.4580999956233
mask_rcnn,FP32,operativo,B,1,59,1418.3357000001706
mask_rcnn,FP32,operativo,B,1,60,1423.3772000006866
mask_rcnn,FP32,operativo,B,1,61,1556.842099998903
mask_rcnn,FP32,operativo,B,1,62,1433.9949999994133
mask_rcnn,FP32,operativo,B,1,63,1571.3937999971677
mask_rcnn,FP32,operativo,B,1,64,1574.2362000019057
mask_rcnn,FP32,operativo,B,1,65,1561.4218000046094
mask_rcnn,FP32,operativo,B,1,66,1557.7036999966367
mask_rcnn,FP32,operativo,B,1,67,1548.597700006212
mask_rcnn,FP32,operativo,B,1,68,1561.844599993492
mask_rcnn,FP32,operativo,B,1,69,1417.0309000037378
mask_rcnn,FP32,operativo,B,1,70,1543.618499999866
mask_rcnn,FP32,operativo,B,1,71,1508.5770999939996
mask_rcnn,FP32,operativo,B,1,72,1557.021700005862
mask_rcnn,FP32,operativo,B,1,73,1554.192100004002
mask_rcnn,FP32,operativo,B,1,74,1563.5149000008823
mask_rcnn,FP32,operativo,B,1,75,1550.1710000025923
mask_rcnn,FP32,operativo,B,1,76,1550.394400001096
mask_rcnn,FP32,operativo,B,1,77,1201.5420999960043
mask_rcnn,FP32,operativo,B,1,78,1571.9390000012936
mask_rcnn,FP32,operativo,B,1,79,1565.4629999989993
mask_rcnn,FP32,operativo,B,1,80,1442.160699996748
mask_rcnn,FP32,operativo,B,1,81,1558.2291999962763
mask_rcnn,FP32,operativo,B,1,82,1559.2706999959773
mask_rcnn,FP32,operativo,B,1,83,1557.708599997568
mask_rcnn,FP32,operativo,B,1,84,1566.5028000003076
mask_rcnn,FP32,operativo,B,1,85,1585.5864000041038
mask_rcnn,FP32,operativo,B,1,86,1553.6141000047792
mask_rcnn,FP32,operativo,B,1,87,1554.3872999987798
mask_rcnn,FP32,operativo,B,1,88,1576.9223000024795
mask_rcnn,FP32,operativo,B,1,89,1548.9780999996583
mask_rcnn,FP32,operativo,B,1,90,1502.5605999981053
mask_rcnn,FP32,operativo,B,1,91,1557.4590000032913
mask_rcnn,FP32,operativo,B,1,92,1579.5111999977962
mask_rcnn,FP32,operativo,B,1,93,1553.1584999989718
mask_rcnn,FP32,operativo,B,1,94,1560.5408999981591
mask_rcnn,FP32,operativo,B,1,95,1446.614500004216
mask_rcnn,FP32,operativo,B,1,96,1554.6137999990606
mask_rcnn,FP32,operativo,B,1,97,1543.59320000367
mask_rcnn,FP32,operativo,B,1,98,1478.6194999978761
mask_rcnn,FP32,operativo,B,1,99,1552.248200001486
mask_rcnn,FP32,operativo,B,1,100,1430.604899993341
mask_rcnn,FP32,operativo,B,1,101,1573.3389999950305
mask_rcnn,FP32,operativo,B,1,102,1586.2781000032555
mask_rcnn,FP32,operativo,B,1,103,1552.6925000012852
mask_rcnn,FP32,operativo,B,1,104,1542.4031000002287
mask_rcnn,FP32,operativo,B,1,105,1552.367399999639
mask_rcnn,FP32,operativo,B,1,106,1547.99759999878
mask_rcnn,FP32,operativo,B,1,107,1575.631700005033
mask_rcnn,FP32,operativo,B,1,108,1418.215700003202
mask_rcnn,FP32,operativo,B,1,109,1554.8746999993455
mask_rcnn,FP32,operativo,B,1,110,1424.757499997213
mask_rcnn,FP32,operativo,B,1,111,1564.4060999984504
mask_rcnn,FP32,operativo,B,1,112,1555.7135999988532
mask_rcnn,FP32,operativo,B,1,113,1417.812600004254
mask_rcnn,FP32,operativo,B,1,114,1585.3486999985762
mask_rcnn,FP32,operativo,B,1,115,1566.2503000057768
mask_rcnn,FP32,operativo,B,1,116,1556.78700000135
mask_rcnn,FP32,operativo,B,1,117,1575.1511999987997
mask_rcnn,FP32,operativo,B,1,118,1571.015300003637
mask_rcnn,FP32,operativo,B,1,119,1550.8626000009826
mask_rcnn,FP32,operativo,B,1,120,1559.1209000049275
mask_rcnn,FP32,operativo,B,1,121,1557.4298999999883
mask_rcnn,FP32,operativo,B,1,122,1559.8040999975638
mask_rcnn,FP32,operativo,B,1,123,1557.2893000062322
mask_rcnn,FP32,operativo,B,1,124,1569.7399999990012
mask_rcnn,FP32,operativo,B,1,125,1571.9929000042612
mask_rcnn,FP32,operativo,B,1,126,1557.09200000274
mask_rcnn,FP32,operativo,B,1,127,1554.0436999945086
mask_rcnn,FP32,operativo,B,1,128,1563.9626999982283
mask_rcnn,FP32,operativo,B,1,129,1559.8323999947752
mask_rcnn,FP32,operativo,B,1,130,1562.159300003259
mask_rcnn,FP32,operativo,B,1,131,1559.1688999993494
mask_rcnn,FP32,operativo,B,1,132,1426.4259000046877
mask_rcnn,FP32,operativo,B,1,133,1419.3479000023217
mask_rcnn,FP32,operativo,B,1,134,1563.232100001187
mask_rcnn,FP32,operativo,B,1,135,1565.4825000019628
mask_rcnn,FP32,operativo,B,1,136,1415.5490000048303
mask_rcnn,FP32,operativo,B,1,137,1542.8051999988384
mask_rcnn,FP32,operativo,B,1,138,1561.1183000000892
mask_rcnn,FP32,operativo,B,1,139,1561.7035999966902
mask_rcnn,FP32,operativo,B,1,140,1565.236399997957
mask_rcnn,FP32,operativo,B,1,141,1557.4621999985538
mask_rcnn,FP32,operativo,B,1,142,1563.713400006236
mask_rcnn,FP32,operativo,B,1,143,1556.5910000004806
mask_rcnn,FP32,operativo,B,1,144,1544.9447999999393
mask_rcnn,FP32,operativo,B,1,145,1420.117300003767
mask_rcnn,FP32,operativo,B,1,146,1559.627199996612
mask_rcnn,FP32,operativo,B,1,147,1553.7926999968477
mask_rcnn,FP32,operativo,B,1,148,1559.920100000454
mask_rcnn,FP32,operativo,B,1,149,1557.7446999959648
mask_rcnn,FP32,operativo,B,1,150,1558.2721999962814
mask_rcnn,FP32,operativo,B,1,151,1570.8548000038718
mask_rcnn,FP32,operativo,B,1,152,1576.7064000028768
mask_rcnn,FP32,operativo,B,1,153,1558.0559000009089
mask_rcnn,FP32,operativo,B,1,154,1551.5233000041917
mask_rcnn,FP32,operativo,B,1,155,1556.944600000861
mask_rcnn,FP32,operativo,B,1,156,1419.489899999462
mask_rcnn,FP32,operativo,B,1,157,1438.174799994158
mask_rcnn,FP32,operativo,B,1,158,1567.8186000004644
mask_rcnn,FP32,operativo,B,1,159,1566.6526999993948
mask_rcnn,FP32,operativo,B,1,160,1554.5583999992232
mask_rcnn,FP32,operativo,B,1,161,1570.4224000000977
mask_rcnn,FP32,operativo,B,1,162,1527.6267000008374
mask_rcnn,FP32,operativo,B,1,163,1555.4120000015246
mask_rcnn,FP32,operativo,B,1,164,1554.3748999989475
mask_rcnn,FP32,operativo,B,1,165,1562.7492999992683
mask_rcnn,FP32,operativo,B,1,166,1555.8314000008977
mask_rcnn,FP32,operativo,B,1,167,1417.4757000000682
mask_rcnn,FP32,operativo,B,1,168,1566.5492000043741
mask_rcnn,FP32,operativo,B,1,169,1572.326299996348
mask_rcnn,FP32,operativo,B,1,170,1563.408599999093
mask_rcnn,FP32,operativo,B,1,171,1421.1780999976327
mask_rcnn,FP32,operativo,B,1,172,1432.5997000050847
mask_rcnn,FP32,operativo,B,1,173,1421.813300003123
mask_rcnn,FP32,operativo,B,1,174,1559.540400005062
mask_rcnn,FP32,operativo,B,1,175,1564.409099999466
mask_rcnn,FP32,operativo,B,1,176,1569.6920999980648
mask_rcnn,FP32,operativo,B,1,177,1557.2878000020864
mask_rcnn,FP32,operativo,B,1,178,1553.1827000013436
mask_rcnn,FP32,operativo,B,1,179,1563.8134000037098
mask_rcnn,FP32,operativo,B,1,180,1559.9450999943656
mask_rcnn,FP32,operativo,B,1,181,1555.254099999729
mask_rcnn,FP32,operativo,B,1,182,1373.3961999969324
mask_rcnn,FP32,operativo,B,1,183,1618.0202000032295
mask_rcnn,FP32,operativo,B,1,184,1558.0562999966787
mask_rcnn,FP32,operativo,B,1,185,1583.3605000007083
mask_rcnn,FP32,operativo,B,1,186,1558.8999000028707
mask_rcnn,FP32,operativo,B,1,187,1214.1078999993624
mask_rcnn,FP32,operativo,B,1,188,1557.1679999993648
mask_rcnn,FP32,operativo,B,1,189,1526.2744999999995
mask_rcnn,FP32,operativo,B,1,190,1418.5442000016337
mask_rcnn,FP32,operativo,B,1,191,1549.826700000267
mask_rcnn,FP32,operativo,B,1,192,1559.5189000014216
mask_rcnn,FP32,operativo,B,1,193,1555.9540999965975
mask_rcnn,FP32,operativo,B,1,194,1561.119999998482
mask_rcnn,FP32,operativo,B,1,195,1557.5941999995848
mask_rcnn,FP32,operativo,B,1,196,1431.7561999996542
mask_rcnn,FP32,operativo,B,1,197,1412.362299997767
mask_rcnn,FP32,operativo,B,1,198,1442.8521000008914
mask_rcnn,FP32,operativo,B,1,199,1567.8600000028382
mask_rcnn,FP32,operativo,B,1,200,1592.3744000028819
mask_rcnn,FP32,operativo,B,1,201,1561.2387000001036
mask_rcnn,FP32,operativo,B,1,202,1553.9229000060004
mask_rcnn,FP32,operativo,B,1,203,1478.5650999983773
mask_rcnn,FP32,operativo,B,1,204,1414.69959999813
mask_rcnn,FP32,operativo,B,1,205,1553.9411999998265
mask_rcnn,FP32,operativo,B,1,206,1572.6998999962234
mask_rcnn,FP32,operativo,B,1,207,1505.9707999971579
mask_rcnn,FP32,operativo,B,1,208,1569.9940999984392
mask_rcnn,FP32,operativo,B,1,209,1462.3210999998264
mask_rcnn,FP32,operativo,B,1,210,1427.8748000069754
mask_rcnn,FP32,operativo,B,1,211,1564.477399995667
mask_rcnn,FP32,operativo,B,1,212,1554.2239999995218
mask_rcnn,FP32,operativo,B,1,213,1553.9807999957702
mask_rcnn,FP32,operativo,B,1,214,1580.9729999964475
mask_rcnn,FP32,operativo,B,1,215,1556.9031999984873
mask_rcnn,FP32,operativo,B,1,216,1412.0641999979853
mask_rcnn,FP32,operativo,B,1,217,1415.9997000024305
mask_rcnn,FP32,operativo,B,1,218,1563.4812999996939
mask_rcnn,FP32,operativo,B,1,219,1563.0012999972678
mask_rcnn,FP32,operativo,B,1,220,1556.012400003965
mask_rcnn,FP32,operativo,B,1,221,1554.6801000018604
mask_rcnn,FP32,operativo,B,1,222,1424.311700000544
mask_rcnn,FP32,operativo,B,1,223,1550.2348999943933
mask_rcnn,FP32,operativo,B,1,224,1558.0193999994663
mask_rcnn,FP32,operativo,B,1,225,1429.7555000011926
mask_rcnn,FP32,operativo,B,1,226,1575.309699997888
mask_rcnn,FP32,operativo,B,1,227,1563.0672999977833
mask_rcnn,FP32,operativo,B,1,228,1419.0739999976358
mask_rcnn,FP32,operativo,B,1,229,1555.4664000010234
mask_rcnn,FP32,operativo,B,1,230,1245.302300005278
mask_rcnn,FP32,operativo,B,1,231,1212.9773999986355
mask_rcnn,FP32,operativo,B,1,232,1559.6233000032953
mask_rcnn,FP32,operativo,B,1,233,1535.3909999976167
mask_rcnn,FP32,operativo,B,1,234,1520.344299999124
mask_rcnn,FP32,operativo,B,1,235,1558.7868000002345
mask_rcnn,FP32,operativo,B,1,236,1503.7211000017123
mask_rcnn,FP32,operativo,B,1,237,1566.14830000035
mask_rcnn,FP32,operativo,B,1,238,1562.9326999987825
mask_rcnn,FP32,operativo,B,1,239,1558.8084000046365
mask_rcnn,FP32,operativo,B,1,240,1565.93850000354
mask_rcnn,FP32,operativo,B,1,241,1508.3174999963376
mask_rcnn,FP32,operativo,B,1,242,1576.8444999994244
mask_rcnn,FP32,operativo,B,1,243,1424.4433999992907
mask_rcnn,FP32,operativo,B,1,244,1340.4828000057023
mask_rcnn,FP32,operativo,B,1,245,1567.1799999981886
mask_rcnn,FP32,operativo,B,1,246,1557.5224999993225
mask_rcnn,FP32,operativo,B,1,247,1557.3759000035352
mask_rcnn,FP32,operativo,B,1,248,1354.4356999991578
mask_rcnn,FP32,operativo,B,1,249,1549.1037000028882
mask_rcnn,FP32,operativo,B,1,250,1555.4408000025433
mask_rcnn,FP32,operativo,B,1,251,1531.6181999951368
mask_rcnn,FP32,operativo,B,1,252,1570.7557999994606
mask_rcnn,FP32,operativo,B,1,253,1346.8611999996938
mask_rcnn,FP32,operativo,B,1,254,1560.5401000066195
mask_rcnn,FP32,operativo,B,1,255,1551.623200000904
mask_rcnn,FP32,operativo,B,1,256,1547.733799998241
mask_rcnn,FP32,operativo,B,1,257,1567.0019000026514
mask_rcnn,FP32,operativo,B,1,258,1558.4132000003592
mask_rcnn,FP32,operativo,B,1,259,1422.8493999980856
mask_rcnn,FP32,operativo,B,1,260,1554.1795999961323
mask_rcnn,FP32,operativo,B,1,261,1550.1476999997976
mask_rcnn,FP32,operativo,B,1,262,1560.596400006034
mask_rcnn,FP32,operativo,B,1,263,1548.1082999976934
mask_rcnn,FP32,operativo,B,1,264,1576.961200000369
mask_rcnn,FP32,operativo,B,1,265,1527.4272000024212
mask_rcnn,FP32,operativo,B,1,266,1532.5432999961777
mask_rcnn,FP32,operativo,B,1,267,1419.424200001231
mask_rcnn,FP32,operativo,B,1,268,1555.600499996217
mask_rcnn,FP32,operativo,B,1,269,1554.8370999968029
mask_rcnn,FP32,operativo,B,1,270,1562.899099997594
mask_rcnn,FP32,operativo,B,1,271,1554.9668000021484
mask_rcnn,FP32,operativo,B,1,272,1567.3286000019289
mask_rcnn,FP32,operativo,B,1,273,1552.2166999944602
mask_rcnn,FP32,operativo,B,1,274,1562.602500001958
mask_rcnn,FP32,operativo,B,1,275,1567.6793000020552
mask_rcnn,FP32,operativo,B,1,276,1558.57819999801
mask_rcnn,FP32,operativo,B,1,277,1559.1459999996005
mask_rcnn,FP32,operativo,B,1,278,1554.0218999958597
mask_rcnn,FP32,operativo,B,1,279,1563.3312000063597
mask_rcnn,FP32,operativo,B,1,280,1555.5934000003617
mask_rcnn,FP32,operativo,B,1,281,1568.3011000000988
mask_rcnn,FP32,operativo,B,1,282,1410.5232000001706
mask_rcnn,FP32,operativo,B,1,283,1551.43169999792
mask_rcnn,FP32,operativo,B,1,284,1547.9367000007187
mask_rcnn,FP32,operativo,B,1,285,1554.1680000023916
mask_rcnn,FP32,operativo,B,1,286,1563.6922999983653
mask_rcnn,FP32,operativo,B,1,287,1546.7118000015034
mask_rcnn,FP32,operativo,B,1,288,1517.6481999951648
mask_rcnn,FP32,operativo,B,1,289,1556.622400006745
mask_rcnn,FP32,operativo,B,1,290,1549.4041999991168
mask_rcnn,FP32,operativo,B,1,291,1552.9279999973369
mask_rcnn,FP32,operativo,B,1,292,1561.6187000050559
mask_rcnn,FP32,operativo,B,1,293,1558.6650000041118
mask_rcnn,FP32,operativo,B,1,294,1556.911299994681
mask_rcnn,FP32,operativo,B,1,295,1568.010500006494
mask_rcnn,FP32,operativo,B,1,296,1553.412399996887
mask_rcnn,FP32,operativo,B,1,297,1464.075399999274
mask_rcnn,FP32,operativo,B,1,298,1551.7169999948237
mask_rcnn,FP32,operativo,B,1,299,1552.3050999981933
mask_rcnn,FP32,operativo,B,1,300,1559.4884000020102
mask_rcnn,FP32,operativo,B,1,301,1551.7934999952558
mask_rcnn,FP32,operativo,B,1,302,1559.5638999948278
mask_rcnn,FP32,operativo,B,1,303,1577.7445999992779
mask_rcnn,FP32,operativo,B,1,304,1555.1120000018273
mask_rcnn,FP32,operativo,B,1,305,1552.8495999969891
mask_rcnn,FP32,operativo,B,1,306,1554.9220999964746
mask_rcnn,FP32,operativo,B,1,307,1417.3282999981893
mask_rcnn,FP32,operativo,B,1,308,1553.3101999972132
mask_rcnn,FP32,operativo,B,1,309,1579.888199994457
mask_rcnn,FP32,operativo,B,1,310,1489.0048000015668
mask_rcnn,FP32,operativo,B,1,311,1420.7788000057917
mask_rcnn,FP32,operativo,B,1,312,1564.6113000038895
mask_rcnn,FP32,operativo,B,1,313,1560.6164000055287
mask_rcnn,FP32,operativo,B,1,314,1556.5644000016619
mask_rcnn,FP32,operativo,B,1,315,1549.3771999972523
mask_rcnn,FP32,operativo,B,1,316,1420.4328999985592
mask_rcnn,FP32,operativo,B,1,317,1560.4001000028802
mask_rcnn,FP32,operativo,B,1,318,1411.8468000015127
mask_rcnn,FP32,operativo,B,1,319,1451.4946000053897
mask_rcnn,FP32,operativo,B,1,320,1560.5354999934207
mask_rcnn,FP32,operativo,B,1,321,1554.4364000015776
mask_rcnn,FP32,operativo,B,1,322,1425.2617999954964
mask_rcnn,FP32,operativo,B,1,323,1561.2726000035764
mask_rcnn,FP32,operativo,B,1,324,1555.4313000029651
mask_rcnn,FP32,operativo,B,1,325,1555.0505999999586
mask_rcnn,FP32,operativo,B,1,326,1466.4193999997224
mask_rcnn,FP32,operativo,B,1,327,1566.711999999825
mask_rcnn,FP32,operativo,B,1,328,1426.6833000001498
mask_rcnn,FP32,operativo,B,1,329,1564.9381000039284
mask_rcnn,FP32,operativo,B,1,330,1419.4948000003933
mask_rcnn,FP32,operativo,B,1,331,1559.3584999951418
mask_rcnn,FP32,operativo,B,1,332,1556.0478999977931
mask_rcnn,FP32,operativo,B,1,333,1562.9478999981075
mask_rcnn,FP32,operativo,B,1,334,1558.5264999972424
mask_rcnn,FP32,operativo,B,1,335,1573.3892999996897
mask_rcnn,FP32,operativo,B,1,336,1420.9639999971841
mask_rcnn,FP32,operativo,B,1,337,1554.4458000003942
mask_rcnn,FP32,operativo,B,1,338,1559.3313999997918
mask_rcnn,FP32,operativo,B,1,339,1527.647100003378
mask_rcnn,FP32,operativo,B,1,340,1560.3514999966137
mask_rcnn,FP32,operativo,B,1,341,1417.4811000048066
mask_rcnn,FP32,operativo,B,1,342,1502.3616000034963
mask_rcnn,FP32,operativo,B,1,343,1549.3293999970774
mask_rcnn,FP32,operativo,B,1,344,1415.4498999996576
mask_rcnn,FP32,operativo,B,1,345,1418.954799999483
mask_rcnn,FP32,operativo,B,1,346,1551.76709999796
mask_rcnn,FP32,operativo,B,1,347,1553.6986000006436
mask_rcnn,FP32,operativo,B,1,348,1581.5409999995609
mask_rcnn,FP32,operativo,B,1,349,1553.4388000014587
mask_rcnn,FP32,operativo,B,1,350,1554.3172999969102
mask_rcnn,FP32,operativo,B,1,351,1560.6761000017286
mask_rcnn,FP32,operativo,B,1,352,1550.3874999994878
mask_rcnn,FP32,operativo,B,1,353,1557.7934000029927
mask_rcnn,FP32,operativo,B,1,354,1551.0280000016792
mask_rcnn,FP32,operativo,B,1,355,1559.5925000015995
mask_rcnn,FP32,operativo,B,1,356,1563.0295000009937
mask_rcnn,FP32,operativo,B,1,357,1420.136900000216
mask_rcnn,FP32,operativo,B,1,358,1561.8677000020398
mask_rcnn,FP32,operativo,B,1,359,1423.7166000020807
mask_rcnn,FP32,operativo,B,1,360,1510.5958999993163
mask_rcnn,FP32,operativo,B,1,361,1560.7741999992868
mask_rcnn,FP32,operativo,B,1,362,1552.5072999953409
mask_rcnn,FP32,operativo,B,1,363,1558.2799999974668
mask_rcnn,FP32,operativo,B,1,364,1563.813200002187
mask_rcnn,FP32,operativo,B,1,365,1421.340799999598
mask_rcnn,FP32,operativo,B,1,366,1418.439599998237
mask_rcnn,FP32,operativo,B,1,367,1566.1509999990813
mask_rcnn,FP32,operativo,B,1,368,1598.4981000001426
mask_rcnn,FP32,operativo,B,1,369,1413.6359999974957
mask_rcnn,FP32,operativo,B,1,370,1551.8660000016098
mask_rcnn,FP32,operativo,B,1,371,1564.1849000021466
mask_rcnn,FP32,operativo,B,1,372,1550.4983000064385
mask_rcnn,FP32,operativo,B,1,373,1557.6561999987462
mask_rcnn,FP32,operativo,A,2,0,1542.98320000089
mask_rcnn,FP32,operativo,A,2,1,1545.4069000043091
mask_rcnn,FP32,operativo,A,2,2,1540.932399999292
mask_rcnn,FP32,operativo,A,2,3,1566.240399995877
mask_rcnn,FP32,operativo,A,2,4,1534.204099996714
mask_rcnn,FP32,operativo,A,2,5,1553.8433999972767
mask_rcnn,FP32,operativo,A,2,6,1548.7897999992128
mask_rcnn,FP32,operativo,A,2,7,1551.586399997177
mask_rcnn,FP32,operativo,A,2,8,1535.3700000050594
mask_rcnn,FP32,operativo,A,2,9,1413.2543000014266
mask_rcnn,FP32,operativo,A,2,10,1436.695000003965
mask_rcnn,FP32,operativo,A,2,11,1534.3867000046885
mask_rcnn,FP32,operativo,A,2,12,1571.503399994981
mask_rcnn,FP32,operativo,A,2,13,1552.1360999991884
mask_rcnn,FP32,operativo,A,2,14,1500.4794999986188
mask_rcnn,FP32,operativo,A,2,15,1537.1061999976519
mask_rcnn,FP32,operativo,A,2,16,1542.6361999998335
mask_rcnn,FP32,operativo,A,2,17,1576.9045999986702
mask_rcnn,FP32,operativo,A,2,18,1538.061999999627
mask_rcnn,FP32,operativo,A,2,19,1536.2498999966192
mask_rcnn,FP32,operativo,A,2,20,1538.2505000015954
mask_rcnn,FP32,operativo,A,2,21,1510.2885000014794
mask_rcnn,FP32,operativo,A,2,22,1542.5966999973753
mask_rcnn,FP32,operativo,A,2,23,1542.7389999968
mask_rcnn,FP32,operativo,A,2,24,1543.3429000040633
mask_rcnn,FP32,operativo,A,2,25,1410.8878999977605
mask_rcnn,FP32,operativo,A,2,26,1540.1662000003853
mask_rcnn,FP32,operativo,A,2,27,1538.5647000002791
mask_rcnn,FP32,operativo,A,2,28,1482.706299997517
mask_rcnn,FP32,operativo,A,2,29,1540.2688999965903
mask_rcnn,FP32,operativo,A,2,30,1539.4301999986055
mask_rcnn,FP32,operativo,A,2,31,1543.5447999989265
mask_rcnn,FP32,operativo,A,2,32,1547.799500003748
mask_rcnn,FP32,operativo,A,2,33,1541.5061000021524
mask_rcnn,FP32,operativo,A,2,34,1400.929700001143
mask_rcnn,FP32,operativo,A,2,35,1544.8351000013645
mask_rcnn,FP32,operativo,A,2,36,1549.7921999995015
mask_rcnn,FP32,operativo,A,2,37,1410.187200002838
mask_rcnn,FP32,operativo,A,2,38,1540.3933999987203
mask_rcnn,FP32,operativo,A,2,39,1522.7250999960233
mask_rcnn,FP32,operativo,A,2,40,1535.2494000035222
mask_rcnn,FP32,operativo,A,2,41,1549.6380000040517
mask_rcnn,FP32,operativo,A,2,42,1540.9569000039482
mask_rcnn,FP32,operativo,A,2,43,1557.1463000014774
mask_rcnn,FP32,operativo,A,2,44,1542.2288000045228
mask_rcnn,FP32,operativo,A,2,45,1509.0252999943914
mask_rcnn,FP32,operativo,A,2,46,1555.891200005135
mask_rcnn,FP32,operativo,A,2,47,1415.274999999383
mask_rcnn,FP32,operativo,A,2,48,1549.4327999986126
mask_rcnn,FP32,operativo,A,2,49,1404.3917000017245
mask_rcnn,FP32,operativo,A,2,50,1564.795199999935
mask_rcnn,FP32,operativo,A,2,51,1493.904200004181
mask_rcnn,FP32,operativo,A,2,52,1518.1744000001345
mask_rcnn,FP32,operativo,A,2,53,1558.016700000735
mask_rcnn,FP32,operativo,A,2,54,1536.9614000010188
mask_rcnn,FP32,operativo,A,2,55,1532.5333000000683
mask_rcnn,FP32,operativo,A,2,56,1543.1805000043823
mask_rcnn,FP32,operativo,A,2,57,1562.0000999988406
mask_rcnn,FP32,operativo,A,2,58,1536.9343999991543
mask_rcnn,FP32,operativo,A,2,59,1407.1798000004492
mask_rcnn,FP32,operativo,A,2,60,1405.7683000064571
mask_rcnn,FP32,operativo,A,2,61,1544.4753000047058
mask_rcnn,FP32,operativo,A,2,62,1419.9407000050996
mask_rcnn,FP32,operativo,A,2,63,1555.2710999982082
mask_rcnn,FP32,operativo,A,2,64,1557.2797999993782
mask_rcnn,FP32,operativo,A,2,65,1539.0523000023677
mask_rcnn,FP32,operativo,A,2,66,1545.0605000005453
mask_rcnn,FP32,operativo,A,2,67,1535.8160999967367
mask_rcnn,FP32,operativo,A,2,68,1545.9590000027674
mask_rcnn,FP32,operativo,A,2,69,1403.9735999976983
mask_rcnn,FP32,operativo,A,2,70,1525.5030999978771
mask_rcnn,FP32,operativo,A,2,71,1492.46100000164
mask_rcnn,FP32,operativo,A,2,72,1549.1885999945225
mask_rcnn,FP32,operativo,A,2,73,1538.383299994166
mask_rcnn,FP32,operativo,A,2,74,1544.4954999984475
mask_rcnn,FP32,operativo,A,2,75,1534.767400000419
mask_rcnn,FP32,operativo,A,2,76,1535.3735999960918
mask_rcnn,FP32,operativo,A,2,77,1176.3285999986692
mask_rcnn,FP32,operativo,A,2,78,1560.3171000038856
mask_rcnn,FP32,operativo,A,2,79,1550.040900001477
mask_rcnn,FP32,operativo,A,2,80,1431.036400004814
mask_rcnn,FP32,operativo,A,2,81,1543.0675000025076
mask_rcnn,FP32,operativo,A,2,82,1540.0503999990178
mask_rcnn,FP32,operativo,A,2,83,1544.8528000051738
mask_rcnn,FP32,operativo,A,2,84,1556.5117000005557
mask_rcnn,FP32,operativo,A,2,85,1572.715899994364
mask_rcnn,FP32,operativo,A,2,86,1544.2350000012084
mask_rcnn,FP32,operativo,A,2,87,1545.2768000031938
mask_rcnn,FP32,operativo,A,2,88,1561.500799994974
mask_rcnn,FP32,operativo,A,2,89,1536.4342000029865
mask_rcnn,FP32,operativo,A,2,90,1485.3594999949564
mask_rcnn,FP32,operativo,A,2,91,1538.542399997823
mask_rcnn,FP32,operativo,A,2,92,1550.330700003542
mask_rcnn,FP32,operativo,A,2,93,1534.2366999975638
mask_rcnn,FP32,operativo,A,2,94,1541.0550000015064
mask_rcnn,FP32,operativo,A,2,95,1434.1721000018879
mask_rcnn,FP32,operativo,A,2,96,1540.9795000014128
mask_rcnn,FP32,operativo,A,2,97,1531.1392000003252
mask_rcnn,FP32,operativo,A,2,98,1464.4989000007627
mask_rcnn,FP32,operativo,A,2,99,1542.1562000046833
mask_rcnn,FP32,operativo,A,2,100,1409.9095999990823
mask_rcnn,FP32,operativo,A,2,101,1550.1191999937873
mask_rcnn,FP32,operativo,A,2,102,1552.7524999997695
mask_rcnn,FP32,operativo,A,2,103,1536.1781000028714
mask_rcnn,FP32,operativo,A,2,104,1528.713499996229
mask_rcnn,FP32,operativo,A,2,105,1533.47070000018
mask_rcnn,FP32,operativo,A,2,106,1528.929899999639
mask_rcnn,FP32,operativo,A,2,107,1560.3028000041377
mask_rcnn,FP32,operativo,A,2,108,1402.5772000022698
mask_rcnn,FP32,operativo,A,2,109,1540.081499995722
mask_rcnn,FP32,operativo,A,2,110,1403.8415000031819
mask_rcnn,FP32,operativo,A,2,111,1548.7196000030963
mask_rcnn,FP32,operativo,A,2,112,1539.1626999989967
mask_rcnn,FP32,operativo,A,2,113,1402.6748000032967
mask_rcnn,FP32,operativo,A,2,114,1559.6797000034712
mask_rcnn,FP32,operativo,A,2,115,1549.6840000050724
mask_rcnn,FP32,operativo,A,2,116,1537.7632000017911
mask_rcnn,FP32,operativo,A,2,117,1562.8604000012274
mask_rcnn,FP32,operativo,A,2,118,1556.779499995173
mask_rcnn,FP32,operativo,A,2,119,1534.8930999971344
mask_rcnn,FP32,operativo,A,2,120,1547.866699998849
mask_rcnn,FP32,operativo,A,2,121,1552.6188000003458
mask_rcnn,FP32,operativo,A,2,122,1544.7808999961126
mask_rcnn,FP32,operativo,A,2,123,1543.7954000008176
mask_rcnn,FP32,operativo,A,2,124,1556.6038000033586
mask_rcnn,FP32,operativo,A,2,125,1551.6962999972748
mask_rcnn,FP32,operativo,A,2,126,1544.875100000354
mask_rcnn,FP32,operativo,A,2,127,1540.9709999948973
mask_rcnn,FP32,operativo,A,2,128,1544.9778999973205
mask_rcnn,FP32,operativo,A,2,129,1548.1935999996495
mask_rcnn,FP32,operativo,A,2,130,1547.2931000040262
mask_rcnn,FP32,operativo,A,2,131,1541.8484000038006
mask_rcnn,FP32,operativo,A,2,132,1413.5067999959574
mask_rcnn,FP32,operativo,A,2,133,1404.52140000707
mask_rcnn,FP32,operativo,A,2,134,1544.935500001884
mask_rcnn,FP32,operativo,A,2,135,1552.5787000005948
mask_rcnn,FP32,operativo,A,2,136,1395.6333000023733
mask_rcnn,FP32,operativo,A,2,137,1533.3259999970323
mask_rcnn,FP32,operativo,A,2,138,1546.2775999985752
mask_rcnn,FP32,operativo,A,2,139,1546.7209000053117
mask_rcnn,FP32,operativo,A,2,140,1543.9605999999912
mask_rcnn,FP32,operativo,A,2,141,1544.4424000015715
mask_rcnn,FP32,operativo,A,2,142,1550.7118999958038
mask_rcnn,FP32,operativo,A,2,143,1539.3364999981713
mask_rcnn,FP32,operativo,A,2,144,1532.305400003679
mask_rcnn,FP32,operativo,A,2,145,1408.6454999996931
mask_rcnn,FP32,operativo,A,2,146,1548.763400001917
mask_rcnn,FP32,operativo,A,2,147,1538.2775000034599
mask_rcnn,FP32,operativo,A,2,148,1542.0329999979003
mask_rcnn,FP32,operativo,A,2,149,1538.201700001082
mask_rcnn,FP32,operativo,A,2,150,1548.259399998642
mask_rcnn,FP32,operativo,A,2,151,1545.179900000221
mask_rcnn,FP32,operativo,A,2,152,1556.727499999397
mask_rcnn,FP32,operativo,A,2,153,1539.6749999999884
mask_rcnn,FP32,operativo,A,2,154,1542.3077000014018
mask_rcnn,FP32,operativo,A,2,155,1543.6389000024064
mask_rcnn,FP32,operativo,A,2,156,1411.371499998495
mask_rcnn,FP32,operativo,A,2,157,1421.2847999951919
mask_rcnn,FP32,operativo,A,2,158,1552.130700001726
mask_rcnn,FP32,operativo,A,2,159,1542.599300002621
mask_rcnn,FP32,operativo,A,2,160,1544.0605000039795
mask_rcnn,FP32,operativo,A,2,161,1557.4860999986413
mask_rcnn,FP32,operativo,A,2,162,1513.501500005077
mask_rcnn,FP32,operativo,A,2,163,1544.6232999966014
mask_rcnn,FP32,operativo,A,2,164,1541.0906999968574
mask_rcnn,FP32,operativo,A,2,165,1541.4318000039202
mask_rcnn,FP32,operativo,A,2,166,1536.1731000011787
mask_rcnn,FP32,operativo,A,2,167,1409.8879000011948
mask_rcnn,FP32,operativo,A,2,168,1553.2815999977174
mask_rcnn,FP32,operativo,A,2,169,1549.6753999977955
mask_rcnn,FP32,operativo,A,2,170,1549.9108000003616
mask_rcnn,FP32,operativo,A,2,171,1407.1075999963796
mask_rcnn,FP32,operativo,A,2,172,1413.9922999966075
mask_rcnn,FP32,operativo,A,2,173,1413.1139000019175
mask_rcnn,FP32,operativo,A,2,174,1540.7902000006288
mask_rcnn,FP32,operativo,A,2,175,1548.8604000056512
mask_rcnn,FP32,operativo,A,2,176,1554.6697000027052
mask_rcnn,FP32,operativo,A,2,177,1546.439999998256
mask_rcnn,FP32,operativo,A,2,178,1531.422800006112
mask_rcnn,FP32,operativo,A,2,179,1542.2604999985197
mask_rcnn,FP32,operativo,A,2,180,1542.948999995133
mask_rcnn,FP32,operativo,A,2,181,1537.8860000055283
mask_rcnn,FP32,operativo,A,2,182,1360.9633000014583
mask_rcnn,FP32,operativo,A,2,183,1591.5777999980492
mask_rcnn,FP32,operativo,A,2,184,1550.5178999956115
mask_rcnn,FP32,operativo,A,2,185,1556.090400001267
mask_rcnn,FP32,operativo,A,2,186,1546.2787999931606
mask_rcnn,FP32,operativo,A,2,187,1189.2916999931913
mask_rcnn,FP32,operativo,A,2,188,1539.559199998621
mask_rcnn,FP32,operativo,A,2,189,1507.716400003119
mask_rcnn,FP32,operativo,A,2,190,1408.2471000001533
mask_rcnn,FP32,operativo,A,2,191,1538.5817999995197
mask_rcnn,FP32,operativo,A,2,192,1542.6649000000907
mask_rcnn,FP32,operativo,A,2,193,1542.8573000026518
mask_rcnn,FP32,operativo,A,2,194,1541.4468999952078
mask_rcnn,FP32,operativo,A,2,195,1542.8423999983352
mask_rcnn,FP32,operativo,A,2,196,1415.5494000006001
mask_rcnn,FP32,operativo,A,2,197,1405.8899999945424
mask_rcnn,FP32,operativo,A,2,198,1428.5780000063824
mask_rcnn,FP32,operativo,A,2,199,1547.0538000008673
mask_rcnn,FP32,operativo,A,2,200,1571.4420000003884
mask_rcnn,FP32,operativo,A,2,201,1540.9166000026744
mask_rcnn,FP32,operativo,A,2,202,1532.8081000043312
mask_rcnn,FP32,operativo,A,2,203,1456.6221000059159
mask_rcnn,FP32,operativo,A,2,204,1399.2981000046711
mask_rcnn,FP32,operativo,A,2,205,1542.2461000052863
mask_rcnn,FP32,operativo,A,2,206,1556.6018000026816
mask_rcnn,FP32,operativo,A,2,207,1498.193799998262
mask_rcnn,FP32,operativo,A,2,208,1551.059699995676
mask_rcnn,FP32,operativo,A,2,209,1448.3828000011272
mask_rcnn,FP32,operativo,A,2,210,1409.5947000023443
mask_rcnn,FP32,operativo,A,2,211,1546.6427999999723
mask_rcnn,FP32,operativo,A,2,212,1537.848899999517
mask_rcnn,FP32,operativo,A,2,213,1536.9492000027094
mask_rcnn,FP32,operativo,A,2,214,1559.632500000589
mask_rcnn,FP32,operativo,A,2,215,1541.632499996922
mask_rcnn,FP32,operativo,A,2,216,1398.0365000024904
mask_rcnn,FP32,operativo,A,2,217,1410.4093999994802
mask_rcnn,FP32,operativo,A,2,218,1549.393200002669
mask_rcnn,FP32,operativo,A,2,219,1544.3419000002905
mask_rcnn,FP32,operativo,A,2,220,1540.6038999935845
mask_rcnn,FP32,operativo,A,2,221,1539.828300003137
mask_rcnn,FP32,operativo,A,2,222,1414.6218999958364
mask_rcnn,FP32,operativo,A,2,223,1540.1045000035083
mask_rcnn,FP32,operativo,A,2,224,1543.173799997021
mask_rcnn,FP32,operativo,A,2,225,1413.016600003175
mask_rcnn,FP32,operativo,A,2,226,1563.223700002709
mask_rcnn,FP32,operativo,A,2,227,1544.576699998288
mask_rcnn,FP32,operativo,A,2,228,1412.9855999999563
mask_rcnn,FP32,operativo,A,2,229,1541.1242000045604
mask_rcnn,FP32,operativo,A,2,230,1243.4005999966757
mask_rcnn,FP32,operativo,A,2,231,1190.0628999937908
mask_rcnn,FP32,operativo,A,2,232,1556.0671999992337
mask_rcnn,FP32,operativo,A,2,233,1522.0198000024538
mask_rcnn,FP32,operativo,A,2,234,1503.7469000017154
mask_rcnn,FP32,operativo,A,2,235,1545.9606000003987
mask_rcnn,FP32,operativo,A,2,236,1498.3654000025126
mask_rcnn,FP32,operativo,A,2,237,1544.7844000009354
mask_rcnn,FP32,operativo,A,2,238,1548.8892000066699
mask_rcnn,FP32,operativo,A,2,239,1544.075800004066
mask_rcnn,FP32,operativo,A,2,240,1548.4224000028917
mask_rcnn,FP32,operativo,A,2,241,1496.7913000000408
mask_rcnn,FP32,operativo,A,2,242,1560.0717999986955
mask_rcnn,FP32,operativo,A,2,243,1406.675300000643
mask_rcnn,FP32,operativo,A,2,244,1319.067799995537
mask_rcnn,FP32,operativo,A,2,245,1554.4684999986202
mask_rcnn,FP32,operativo,A,2,246,1544.6340999988024
mask_rcnn,FP32,operativo,A,2,247,1542.8963000013027
mask_rcnn,FP32,operativo,A,2,248,1341.4867999963462
mask_rcnn,FP32,operativo,A,2,249,1540.7010999988415
mask_rcnn,FP32,operativo,A,2,250,1541.9958000056795
mask_rcnn,FP32,operativo,A,2,251,1510.8055000018794
mask_rcnn,FP32,operativo,A,2,252,1556.5654000020004
mask_rcnn,FP32,operativo,A,2,253,1335.6997999944724
mask_rcnn,FP32,operativo,A,2,254,1546.1700999949244
mask_rcnn,FP32,operativo,A,2,255,1538.9627999975346
mask_rcnn,FP32,operativo,A,2,256,1535.6222999980673
mask_rcnn,FP32,operativo,A,2,257,1557.8355000034207
mask_rcnn,FP32,operativo,A,2,258,1544.3637999997009
mask_rcnn,FP32,operativo,A,2,259,1406.86000000278
mask_rcnn,FP32,operativo,A,2,260,1538.4084999968763
mask_rcnn,FP32,operativo,A,2,261,1543.5343999997713
mask_rcnn,FP32,operativo,A,2,262,1543.026400002418
mask_rcnn,FP32,operativo,A,2,263,1535.956100000476
mask_rcnn,FP32,operativo,A,2,264,1557.5788999994984
mask_rcnn,FP32,operativo,A,2,265,1513.2319999975152
mask_rcnn,FP32,operativo,A,2,266,1515.4549999933806
mask_rcnn,FP32,operativo,A,2,267,1408.1057000003057
mask_rcnn,FP32,operativo,A,2,268,1537.7834999962943
mask_rcnn,FP32,operativo,A,2,269,1539.2109000022174
mask_rcnn,FP32,operativo,A,2,270,1541.5455000038492
mask_rcnn,FP32,operativo,A,2,271,1542.2698999973363
mask_rcnn,FP32,operativo,A,2,272,1550.538299998152
mask_rcnn,FP32,operativo,A,2,273,1537.7451999956975
mask_rcnn,FP32,operativo,A,2,274,1549.6474999963539
mask_rcnn,FP32,operativo,A,2,275,1549.9892000007094
mask_rcnn,FP32,operativo,A,2,276,1543.421499998658
mask_rcnn,FP32,operativo,A,2,277,1543.8340000036987
mask_rcnn,FP32,operativo,A,2,278,1539.866399994935
mask_rcnn,FP32,operativo,A,2,279,1544.9880000014673
mask_rcnn,FP32,operativo,A,2,280,1536.167199999909
mask_rcnn,FP32,operativo,A,2,281,1554.6374000041396
mask_rcnn,FP32,operativo,A,2,282,1399.2208999989089
mask_rcnn,FP32,operativo,A,2,283,1532.623799997964
mask_rcnn,FP32,operativo,A,2,284,1535.3305000026012
mask_rcnn,FP32,operativo,A,2,285,1533.8078000058886
mask_rcnn,FP32,operativo,A,2,286,1547.6307999997516
mask_rcnn,FP32,operativo,A,2,287,1534.7645000001648
mask_rcnn,FP32,operativo,A,2,288,1505.2441000007093
mask_rcnn,FP32,operativo,A,2,289,1539.9188999945181
mask_rcnn,FP32,operativo,A,2,290,1536.0084999992978
mask_rcnn,FP32,operativo,A,2,291,1536.7104999968433
mask_rcnn,FP32,operativo,A,2,292,1545.0997000007192
mask_rcnn,FP32,operativo,A,2,293,1548.7101999970037
mask_rcnn,FP32,operativo,A,2,294,1542.2641999975895
mask_rcnn,FP32,operativo,A,2,295,1545.8444000032614
mask_rcnn,FP32,operativo,A,2,296,1536.2374000033014
mask_rcnn,FP32,operativo,A,2,297,1441.1974000031478
mask_rcnn,FP32,operativo,A,2,298,1535.2772000042023
mask_rcnn,FP32,operativo,A,2,299,1541.4596999980859
mask_rcnn,FP32,operativo,A,2,300,1545.7429000016418
mask_rcnn,FP32,operativo,A,2,301,1530.4676000014297
mask_rcnn,FP32,operativo,A,2,302,1542.535599997791
mask_rcnn,FP32,operativo,A,2,303,1545.7453999988502
mask_rcnn,FP32,operativo,A,2,304,1536.0585999951581
mask_rcnn,FP32,operativo,A,2,305,1536.5913999994518
mask_rcnn,FP32,operativo,A,2,306,1541.8378000031225
mask_rcnn,FP32,operativo,A,2,307,1402.9908000011346
mask_rcnn,FP32,operativo,A,2,308,1539.2322999978205
mask_rcnn,FP32,operativo,A,2,309,1553.8087999957497
mask_rcnn,FP32,operativo,A,2,310,1478.6868000010145
mask_rcnn,FP32,operativo,A,2,311,1406.901199996355
mask_rcnn,FP32,operativo,A,2,312,1549.2755000013858
mask_rcnn,FP32,operativo,A,2,313,1542.617600003723
mask_rcnn,FP32,operativo,A,2,314,1541.299500000605
mask_rcnn,FP32,operativo,A,2,315,1541.6263000006438
mask_rcnn,FP32,operativo,A,2,316,1410.856500006048
mask_rcnn,FP32,operativo,A,2,317,1542.6241000022856
mask_rcnn,FP32,operativo,A,2,318,1402.2480999992695
mask_rcnn,FP32,operativo,A,2,319,1432.3388999982853
mask_rcnn,FP32,operativo,A,2,320,1545.616000003065
mask_rcnn,FP32,operativo,A,2,321,1535.7087000011234
mask_rcnn,FP32,operativo,A,2,322,1409.3906999987666
mask_rcnn,FP32,operativo,A,2,323,1541.0543999969377
mask_rcnn,FP32,operativo,A,2,324,1536.0230000005686
mask_rcnn,FP32,operativo,A,2,325,1538.3455000046524
mask_rcnn,FP32,operativo,A,2,326,1447.3617999974522
mask_rcnn,FP32,operativo,A,2,327,1550.735100005113
mask_rcnn,FP32,operativo,A,2,328,1416.2064000047394
mask_rcnn,FP32,operativo,A,2,329,1543.04289999709
mask_rcnn,FP32,operativo,A,2,330,1405.7341000007
mask_rcnn,FP32,operativo,A,2,331,1541.4583000019775
mask_rcnn,FP32,operativo,A,2,332,1537.3786999989534
mask_rcnn,FP32,operativo,A,2,333,1545.1451999979327
mask_rcnn,FP32,operativo,A,2,334,1543.3367000005092
mask_rcnn,FP32,operativo,A,2,335,1547.1588999935193
mask_rcnn,FP32,operativo,A,2,336,1405.3722000026028
mask_rcnn,FP32,operativo,A,2,337,1541.6067999976804
mask_rcnn,FP32,operativo,A,2,338,1546.418600002653
mask_rcnn,FP32,operativo,A,2,339,1510.6531999990693
mask_rcnn,FP32,operativo,A,2,340,1546.1907999997493
mask_rcnn,FP32,operativo,A,2,341,1406.5165000065463
mask_rcnn,FP32,operativo,A,2,342,1489.351500000339
mask_rcnn,FP32,operativo,A,2,343,1537.7059999955236
mask_rcnn,FP32,operativo,A,2,344,1402.7519000010216
mask_rcnn,FP32,operativo,A,2,345,1407.1495000025607
mask_rcnn,FP32,operativo,A,2,346,1537.5103000042145
mask_rcnn,FP32,operativo,A,2,347,1540.15690000233
mask_rcnn,FP32,operativo,A,2,348,1552.691999997478
mask_rcnn,FP32,operativo,A,2,349,1533.2128000009106
mask_rcnn,FP32,operativo,A,2,350,1535.067099997832
mask_rcnn,FP32,operativo,A,2,351,1544.7524999981397
mask_rcnn,FP32,operativo,A,2,352,1538.0022999961511
mask_rcnn,FP32,operativo,A,2,353,1537.563300000329
mask_rcnn,FP32,operativo,A,2,354,1533.0462000056286
mask_rcnn,FP32,operativo,A,2,355,1547.1843000050285
mask_rcnn,FP32,operativo,A,2,356,1541.5099999954691
mask_rcnn,FP32,operativo,A,2,357,1408.2363999987138
mask_rcnn,FP32,operativo,A,2,358,1551.0081999964314
mask_rcnn,FP32,operativo,A,2,359,1412.3809000011533
mask_rcnn,FP32,operativo,A,2,360,1499.0984000032768
mask_rcnn,FP32,operativo,A,2,361,1544.002399998135
mask_rcnn,FP32,operativo,A,2,362,1528.9342000032775
mask_rcnn,FP32,operativo,A,2,363,1546.720500002266
mask_rcnn,FP32,operativo,A,2,364,1545.660299998417
mask_rcnn,FP32,operativo,A,2,365,1409.6585000006598
mask_rcnn,FP32,operativo,A,2,366,1412.5510000012582
mask_rcnn,FP32,operativo,A,2,367,1545.0564999991911
mask_rcnn,FP32,operativo,A,2,368,1575.0256000028457
mask_rcnn,FP32,operativo,A,2,369,1403.231099997356
mask_rcnn,FP32,operativo,A,2,370,1543.7650999956531
mask_rcnn,FP32,operativo,A,2,371,1542.2704000011436
mask_rcnn,FP32,operativo,A,2,372,1530.1447000019834
mask_rcnn,FP32,operativo,A,2,373,1542.0987000034074
mask_rcnn,FP32,operativo,B,2,0,1557.574400001613
mask_rcnn,FP32,operativo,B,2,1,1557.8000000023167
mask_rcnn,FP32,operativo,B,2,2,1559.6436000050744
mask_rcnn,FP32,operativo,B,2,3,1582.0884000058868
mask_rcnn,FP32,operativo,B,2,4,1548.6025999998674
mask_rcnn,FP32,operativo,B,2,5,1586.9431000028271
mask_rcnn,FP32,operativo,B,2,6,1569.0529999992577
mask_rcnn,FP32,operativo,B,2,7,1557.8497999958927
mask_rcnn,FP32,operativo,B,2,8,1551.4781000019866
mask_rcnn,FP32,operativo,B,2,9,1430.2591000014218
mask_rcnn,FP32,operativo,B,2,10,1454.5847000044887
mask_rcnn,FP32,operativo,B,2,11,1551.6311999963364
mask_rcnn,FP32,operativo,B,2,12,1585.2231000026222
mask_rcnn,FP32,operativo,B,2,13,1558.6941000001389
mask_rcnn,FP32,operativo,B,2,14,1516.7425999970874
mask_rcnn,FP32,operativo,B,2,15,1554.7206999981427
mask_rcnn,FP32,operativo,B,2,16,1555.890300005558
mask_rcnn,FP32,operativo,B,2,17,1590.3963999953703
mask_rcnn,FP32,operativo,B,2,18,1551.6081000023405
mask_rcnn,FP32,operativo,B,2,19,1549.2939000032493
mask_rcnn,FP32,operativo,B,2,20,1559.03219999891
mask_rcnn,FP32,operativo,B,2,21,1518.9320999998017
mask_rcnn,FP32,operativo,B,2,22,1557.098199999018
mask_rcnn,FP32,operativo,B,2,23,1556.759699997201
mask_rcnn,FP32,operativo,B,2,24,1570.8271999974386
mask_rcnn,FP32,operativo,B,2,25,1427.5778000010177
mask_rcnn,FP32,operativo,B,2,26,1553.290100004233
mask_rcnn,FP32,operativo,B,2,27,1552.1181000003708
mask_rcnn,FP32,operativo,B,2,28,1496.190400001069
mask_rcnn,FP32,operativo,B,2,29,1551.0581000053207
mask_rcnn,FP32,operativo,B,2,30,1552.9738999975962
mask_rcnn,FP32,operativo,B,2,31,1560.7909000027576
mask_rcnn,FP32,operativo,B,2,32,1565.9585999965202
mask_rcnn,FP32,operativo,B,2,33,1557.476100002532
mask_rcnn,FP32,operativo,B,2,34,1417.0373000015388
mask_rcnn,FP32,operativo,B,2,35,1553.650200003176
mask_rcnn,FP32,operativo,B,2,36,1569.6126999973785
mask_rcnn,FP32,operativo,B,2,37,1424.0969000020414
mask_rcnn,FP32,operativo,B,2,38,1560.1282000061474
mask_rcnn,FP32,operativo,B,2,39,1537.790700000187
mask_rcnn,FP32,operativo,B,2,40,1553.4298999991734
mask_rcnn,FP32,operativo,B,2,41,1564.4568000061554
mask_rcnn,FP32,operativo,B,2,42,1561.9446999990032
mask_rcnn,FP32,operativo,B,2,43,1569.2650999990292
mask_rcnn,FP32,operativo,B,2,44,1555.6915999986813
mask_rcnn,FP32,operativo,B,2,45,1532.8104000000167
mask_rcnn,FP32,operativo,B,2,46,1582.7605999947991
mask_rcnn,FP32,operativo,B,2,47,1437.1690999978455
mask_rcnn,FP32,operativo,B,2,48,1564.380900003016
mask_rcnn,FP32,operativo,B,2,49,1423.4805000014603
mask_rcnn,FP32,operativo,B,2,50,1587.3088000007556
mask_rcnn,FP32,operativo,B,2,51,1511.892299997271
mask_rcnn,FP32,operativo,B,2,52,1525.5700999987312
mask_rcnn,FP32,operativo,B,2,53,1576.0166999971261
mask_rcnn,FP32,operativo,B,2,54,1551.422000004095
mask_rcnn,FP32,operativo,B,2,55,1549.608300003456
mask_rcnn,FP32,operativo,B,2,56,1560.0244000015664
mask_rcnn,FP32,operativo,B,2,57,1584.8769999938668
mask_rcnn,FP32,operativo,B,2,58,1551.7362000027788
mask_rcnn,FP32,operativo,B,2,59,1417.2118999995291
mask_rcnn,FP32,operativo,B,2,60,1424.0099000016926
mask_rcnn,FP32,operativo,B,2,61,1561.3775000019814
mask_rcnn,FP32,operativo,B,2,62,1433.5460000002058
mask_rcnn,FP32,operativo,B,2,63,1569.0197000003536
mask_rcnn,FP32,operativo,B,2,64,1574.1013000006205
mask_rcnn,FP32,operativo,B,2,65,1556.793600000674
mask_rcnn,FP32,operativo,B,2,66,1558.3952000015415
mask_rcnn,FP32,operativo,B,2,67,1550.4962999984855
mask_rcnn,FP32,operativo,B,2,68,1561.2633999990067
mask_rcnn,FP32,operativo,B,2,69,1419.6680999957607
mask_rcnn,FP32,operativo,B,2,70,1541.2846000035643
mask_rcnn,FP32,operativo,B,2,71,1515.6474000032176
mask_rcnn,FP32,operativo,B,2,72,1561.0869999945862
mask_rcnn,FP32,operativo,B,2,73,1553.9847999971244
mask_rcnn,FP32,operativo,B,2,74,1561.8363000030513
mask_rcnn,FP32,operativo,B,2,75,1550.9671000036178
mask_rcnn,FP32,operativo,B,2,76,1553.438399998413
mask_rcnn,FP32,operativo,B,2,77,1198.4930999969947
mask_rcnn,FP32,operativo,B,2,78,1569.1613000017242
mask_rcnn,FP32,operativo,B,2,79,1562.849300004018
mask_rcnn,FP32,operativo,B,2,80,1444.393300000229
mask_rcnn,FP32,operativo,B,2,81,1564.475200000743
mask_rcnn,FP32,operativo,B,2,82,1561.5858000019216
mask_rcnn,FP32,operativo,B,2,83,1562.373699998716
mask_rcnn,FP32,operativo,B,2,84,1566.5262000038638
mask_rcnn,FP32,operativo,B,2,85,1586.320499998692
mask_rcnn,FP32,operativo,B,2,86,1553.2611000016914
mask_rcnn,FP32,operativo,B,2,87,1553.52679999487
mask_rcnn,FP32,operativo,B,2,88,1573.4986000024946
mask_rcnn,FP32,operativo,B,2,89,1544.3518999963999
mask_rcnn,FP32,operativo,B,2,90,1496.3532999972813
mask_rcnn,FP32,operativo,B,2,91,1557.3570000051404
mask_rcnn,FP32,operativo,B,2,92,1578.501600000891
mask_rcnn,FP32,operativo,B,2,93,1551.2310999984038
mask_rcnn,FP32,operativo,B,2,94,1560.16069999896
mask_rcnn,FP32,operativo,B,2,95,1447.8430000017397
mask_rcnn,FP32,operativo,B,2,96,1555.423099998734
mask_rcnn,FP32,operativo,B,2,97,1542.3755000010715
mask_rcnn,FP32,operativo,B,2,98,1489.953999996942
mask_rcnn,FP32,operativo,B,2,99,1559.140600002138
mask_rcnn,FP32,operativo,B,2,100,1417.0652000029804
mask_rcnn,FP32,operativo,B,2,101,1560.4702999989968
mask_rcnn,FP32,operativo,B,2,102,1569.6826999992481
mask_rcnn,FP32,operativo,B,2,103,1548.5960000005434
mask_rcnn,FP32,operativo,B,2,104,1538.4049999993294
mask_rcnn,FP32,operativo,B,2,105,1554.5256999976118
mask_rcnn,FP32,operativo,B,2,106,1546.1009999999078
mask_rcnn,FP32,operativo,B,2,107,1577.7234000051976
mask_rcnn,FP32,operativo,B,2,108,1413.9331000042148
mask_rcnn,FP32,operativo,B,2,109,1552.1746999947936
mask_rcnn,FP32,operativo,B,2,110,1416.3508999990881
mask_rcnn,FP32,operativo,B,2,111,1564.7763000015402
mask_rcnn,FP32,operativo,B,2,112,1560.568000000785
mask_rcnn,FP32,operativo,B,2,113,1420.2845000036177
mask_rcnn,FP32,operativo,B,2,114,1586.5185000002384
mask_rcnn,FP32,operativo,B,2,115,1563.524499993946
mask_rcnn,FP32,operativo,B,2,116,1555.3714999987278
mask_rcnn,FP32,operativo,B,2,117,1575.4704999999376
mask_rcnn,FP32,operativo,B,2,118,1572.037600002659
mask_rcnn,FP32,operativo,B,2,119,1553.1380000029458
mask_rcnn,FP32,operativo,B,2,120,1565.536299996893
mask_rcnn,FP32,operativo,B,2,121,1560.2479000008316
mask_rcnn,FP32,operativo,B,2,122,1558.9260000051581
mask_rcnn,FP32,operativo,B,2,123,1556.2119999958668
mask_rcnn,FP32,operativo,B,2,124,1572.200900001917
mask_rcnn,FP32,operativo,B,2,125,1567.6492999991751
mask_rcnn,FP32,operativo,B,2,126,1556.8276999983937
mask_rcnn,FP32,operativo,B,2,127,1556.8417999966186
mask_rcnn,FP32,operativo,B,2,128,1563.1771000043955
mask_rcnn,FP32,operativo,B,2,129,1561.5741000001435
mask_rcnn,FP32,operativo,B,2,130,1555.9256999986246
mask_rcnn,FP32,operativo,B,2,131,1564.7664999996778
mask_rcnn,FP32,operativo,B,2,132,1426.4852000051178
mask_rcnn,FP32,operativo,B,2,133,1412.7054999989923
mask_rcnn,FP32,operativo,B,2,134,1561.096000004909
mask_rcnn,FP32,operativo,B,2,135,1569.4382000001497
mask_rcnn,FP32,operativo,B,2,136,1414.3972999954713
mask_rcnn,FP32,operativo,B,2,137,1543.5343999997713
mask_rcnn,FP32,operativo,B,2,138,1563.0070000042906
mask_rcnn,FP32,operativo,B,2,139,1570.1172000044608
mask_rcnn,FP32,operativo,B,2,140,1574.9185000022408
mask_rcnn,FP32,operativo,B,2,141,1563.3835999979055
mask_rcnn,FP32,operativo,B,2,142,1566.2560999990092
mask_rcnn,FP32,operativo,B,2,143,1551.2282000054256
mask_rcnn,FP32,operativo,B,2,144,1548.1634999960079
mask_rcnn,FP32,operativo,B,2,145,1422.7395999987493
mask_rcnn,FP32,operativo,B,2,146,1561.37189999572
mask_rcnn,FP32,operativo,B,2,147,1561.8896000014502
mask_rcnn,FP32,operativo,B,2,148,1563.450699999521
mask_rcnn,FP32,operativo,B,2,149,1557.3164000015822
mask_rcnn,FP32,operativo,B,2,150,1557.9973999992944
mask_rcnn,FP32,operativo,B,2,151,1566.1885000008624
mask_rcnn,FP32,operativo,B,2,152,1574.7791000030702
mask_rcnn,FP32,operativo,B,2,153,1564.5656999986386
mask_rcnn,FP32,operativo,B,2,154,1556.079600006342
mask_rcnn,FP32,operativo,B,2,155,1559.2093000013847
mask_rcnn,FP32,operativo,B,2,156,1419.6234000046388
mask_rcnn,FP32,operativo,B,2,157,1433.1990999999107
mask_rcnn,FP32,operativo,B,2,158,1568.3258999997634
mask_rcnn,FP32,operativo,B,2,159,1560.2402000004076
mask_rcnn,FP32,operativo,B,2,160,1556.273100002727
mask_rcnn,FP32,operativo,B,2,161,1569.328099998529
mask_rcnn,FP32,operativo,B,2,162,1525.587700001779
mask_rcnn,FP32,operativo,B,2,163,1553.9633999942453
mask_rcnn,FP32,operativo,B,2,164,1551.9605000008596
mask_rcnn,FP32,operativo,B,2,165,1565.4362999994191
mask_rcnn,FP32,operativo,B,2,166,1558.3792999968864
mask_rcnn,FP32,operativo,B,2,167,1418.9331000015954
mask_rcnn,FP32,operativo,B,2,168,1569.6355999971274
mask_rcnn,FP32,operativo,B,2,169,1568.1500999999116
mask_rcnn,FP32,operativo,B,2,170,1568.344100000104
mask_rcnn,FP32,operativo,B,2,171,1423.9336000027834
mask_rcnn,FP32,operativo,B,2,172,1429.9538999985089
mask_rcnn,FP32,operativo,B,2,173,1422.2891999961575
mask_rcnn,FP32,operativo,B,2,174,1564.906500003417
mask_rcnn,FP32,operativo,B,2,175,1568.7431000042125
mask_rcnn,FP32,operativo,B,2,176,1571.4082999984385
mask_rcnn,FP32,operativo,B,2,177,1555.7640000042738
mask_rcnn,FP32,operativo,B,2,178,1551.0642000008374
mask_rcnn,FP32,operativo,B,2,179,1563.3162000012817
mask_rcnn,FP32,operativo,B,2,180,1569.4501999969361
mask_rcnn,FP32,operativo,B,2,181,1560.1177999997162
mask_rcnn,FP32,operativo,B,2,182,1379.7735000043758
mask_rcnn,FP32,operativo,B,2,183,1611.491700001352
mask_rcnn,FP32,operativo,B,2,184,1562.0259999996051
mask_rcnn,FP32,operativo,B,2,185,1579.8896999986027
mask_rcnn,FP32,operativo,B,2,186,1557.8333000012208
mask_rcnn,FP32,operativo,B,2,187,1218.522800001665
mask_rcnn,FP32,operativo,B,2,188,1557.1679999993648
mask_rcnn,FP32,operativo,B,2,189,1524.7415000048932
mask_rcnn,FP32,operativo,B,2,190,1418.230199997197
mask_rcnn,FP32,operativo,B,2,191,1546.9342000069446
mask_rcnn,FP32,operativo,B,2,192,1559.4541000027675
mask_rcnn,FP32,operativo,B,2,193,1558.996699997806
mask_rcnn,FP32,operativo,B,2,194,1556.8454999956884
mask_rcnn,FP32,operativo,B,2,195,1561.9922999976552
mask_rcnn,FP32,operativo,B,2,196,1428.1757999997353
mask_rcnn,FP32,operativo,B,2,197,1412.2447000045213
mask_rcnn,FP32,operativo,B,2,198,1440.723400002753
mask_rcnn,FP32,operativo,B,2,199,1562.0691000003717
mask_rcnn,FP32,operativo,B,2,200,1588.9936000021407
mask_rcnn,FP32,operativo,B,2,201,1558.675599997514
mask_rcnn,FP32,operativo,B,2,202,1550.546200000099
mask_rcnn,FP32,operativo,B,2,203,1475.0950999950874
mask_rcnn,FP32,operativo,B,2,204,1414.937599998666
mask_rcnn,FP32,operativo,B,2,205,1556.26339999435
mask_rcnn,FP32,operativo,B,2,206,1569.9247999946238
mask_rcnn,FP32,operativo,B,2,207,1504.8311999998987
mask_rcnn,FP32,operativo,B,2,208,1574.3731999973534
mask_rcnn,FP32,operativo,B,2,209,1468.615999998292
mask_rcnn,FP32,operativo,B,2,210,1428.7914000015007
mask_rcnn,FP32,operativo,B,2,211,1570.663800004695
mask_rcnn,FP32,operativo,B,2,212,1549.995300003502
mask_rcnn,FP32,operativo,B,2,213,1556.6920999990543
mask_rcnn,FP32,operativo,B,2,214,1575.540000005276
mask_rcnn,FP32,operativo,B,2,215,1558.248100001947
mask_rcnn,FP32,operativo,B,2,216,1414.1821999946842
mask_rcnn,FP32,operativo,B,2,217,1424.0669999999227
mask_rcnn,FP32,operativo,B,2,218,1564.8966000007931
mask_rcnn,FP32,operativo,B,2,219,1562.0924000031664
mask_rcnn,FP32,operativo,B,2,220,1558.9715000023716
mask_rcnn,FP32,operativo,B,2,221,1554.8310000012862
mask_rcnn,FP32,operativo,B,2,222,1423.5993000038434
mask_rcnn,FP32,operativo,B,2,223,1557.1506000051158
mask_rcnn,FP32,operativo,B,2,224,1556.7355000021053
mask_rcnn,FP32,operativo,B,2,225,1427.5115999989794
mask_rcnn,FP32,operativo,B,2,226,1575.6583999973373
mask_rcnn,FP32,operativo,B,2,227,1560.2228999996441
mask_rcnn,FP32,operativo,B,2,228,1419.912999997905
mask_rcnn,FP32,operativo,B,2,229,1554.1368999984115
mask_rcnn,FP32,operativo,B,2,230,1246.7991000012262
mask_rcnn,FP32,operativo,B,2,231,1210.322200000519
mask_rcnn,FP32,operativo,B,2,232,1559.983299994201
mask_rcnn,FP32,operativo,B,2,233,1535.7972999991034
mask_rcnn,FP32,operativo,B,2,234,1522.403699993447
mask_rcnn,FP32,operativo,B,2,235,1563.2455000013579
mask_rcnn,FP32,operativo,B,2,236,1502.872799996112
mask_rcnn,FP32,operativo,B,2,237,1566.4190000024973
mask_rcnn,FP32,operativo,B,2,238,1561.8701999992481
mask_rcnn,FP32,operativo,B,2,239,1553.864599998633
mask_rcnn,FP32,operativo,B,2,240,1569.872400003078
mask_rcnn,FP32,operativo,B,2,241,1507.085699995514
mask_rcnn,FP32,operativo,B,2,242,1576.6471000024467
mask_rcnn,FP32,operativo,B,2,243,1423.5260999994352
mask_rcnn,FP32,operativo,B,2,244,1345.8144999967772
mask_rcnn,FP32,operativo,B,2,245,1580.5918000041856
mask_rcnn,FP32,operativo,B,2,246,1562.307599997439
mask_rcnn,FP32,operativo,B,2,247,1557.6128000029712
mask_rcnn,FP32,operativo,B,2,248,1352.9319999943255
mask_rcnn,FP32,operativo,B,2,249,1549.9800000034156
mask_rcnn,FP32,operativo,B,2,250,1555.4993000041577
mask_rcnn,FP32,operativo,B,2,251,1535.7146000023931
mask_rcnn,FP32,operativo,B,2,252,1572.3459999935585
mask_rcnn,FP32,operativo,B,2,253,1349.4314999989
mask_rcnn,FP32,operativo,B,2,254,1566.642799996771
mask_rcnn,FP32,operativo,B,2,255,1555.804999996326
mask_rcnn,FP32,operativo,B,2,256,1549.823399996967
mask_rcnn,FP32,operativo,B,2,257,1567.2219999978552
mask_rcnn,FP32,operativo,B,2,258,1560.5935999992653
mask_rcnn,FP32,operativo,B,2,259,1422.3319999946398
mask_rcnn,FP32,operativo,B,2,260,1553.0509000018355
mask_rcnn,FP32,operativo,B,2,261,1554.2846000025747
mask_rcnn,FP32,operativo,B,2,262,1564.543300002697
mask_rcnn,FP32,operativo,B,2,263,1556.5037999986089
mask_rcnn,FP32,operativo,B,2,264,1575.334599998314
mask_rcnn,FP32,operativo,B,2,265,1537.3075000024983
mask_rcnn,FP32,operativo,B,2,266,1532.4488000042038
mask_rcnn,FP32,operativo,B,2,267,1413.4918999989168
mask_rcnn,FP32,operativo,B,2,268,1561.3981999995303
mask_rcnn,FP32,operativo,B,2,269,1554.929700003413
mask_rcnn,FP32,operativo,B,2,270,1555.1435000015772
mask_rcnn,FP32,operativo,B,2,271,1555.1997000002302
mask_rcnn,FP32,operativo,B,2,272,1563.0414999977802
mask_rcnn,FP32,operativo,B,2,273,1555.8866999999736
mask_rcnn,FP32,operativo,B,2,274,1563.5917000035988
mask_rcnn,FP32,operativo,B,2,275,1563.165100000333
mask_rcnn,FP32,operativo,B,2,276,1558.8589999970281
mask_rcnn,FP32,operativo,B,2,277,1563.0988000048092
mask_rcnn,FP32,operativo,B,2,278,1556.3226000012946
mask_rcnn,FP32,operativo,B,2,279,1562.3237999971025
mask_rcnn,FP32,operativo,B,2,280,1551.5815999970073
mask_rcnn,FP32,operativo,B,2,281,1564.72290000238
mask_rcnn,FP32,operativo,B,2,282,1410.301999996591
mask_rcnn,FP32,operativo,B,2,283,1547.5262999971164
mask_rcnn,FP32,operativo,B,2,284,1547.9436999958125
mask_rcnn,FP32,operativo,B,2,285,1547.883900006127
mask_rcnn,FP32,operativo,B,2,286,1566.9182000056026
mask_rcnn,FP32,operativo,B,2,287,1547.6973999975598
mask_rcnn,FP32,operativo,B,2,288,1518.9169000004767
mask_rcnn,FP32,operativo,B,2,289,1559.21309999394
mask_rcnn,FP32,operativo,B,2,290,1548.5504000025685
mask_rcnn,FP32,operativo,B,2,291,1552.3536000036984
mask_rcnn,FP32,operativo,B,2,292,1558.8642999937292
mask_rcnn,FP32,operativo,B,2,293,1556.2683999960427
mask_rcnn,FP32,operativo,B,2,294,1558.1889999957639
mask_rcnn,FP32,operativo,B,2,295,1563.811899999564
mask_rcnn,FP32,operativo,B,2,296,1553.7105000039446
mask_rcnn,FP32,operativo,B,2,297,1454.76459999918
mask_rcnn,FP32,operativo,B,2,298,1546.372299999348
mask_rcnn,FP32,operativo,B,2,299,1551.5359999990324
mask_rcnn,FP32,operativo,B,2,300,1561.2149000007776
mask_rcnn,FP32,operativo,B,2,301,1548.6014999987674
mask_rcnn,FP32,operativo,B,2,302,1558.3786999995937
mask_rcnn,FP32,operativo,B,2,303,1589.3514999988838
mask_rcnn,FP32,operativo,B,2,304,1555.3545999937342
mask_rcnn,FP32,operativo,B,2,305,1553.3511999965413
mask_rcnn,FP32,operativo,B,2,306,1553.0231000011554
mask_rcnn,FP32,operativo,B,2,307,1416.7981999999029
mask_rcnn,FP32,operativo,B,2,308,1554.423699999461
mask_rcnn,FP32,operativo,B,2,309,1585.8685999992304
mask_rcnn,FP32,operativo,B,2,310,1488.198500002909
mask_rcnn,FP32,operativo,B,2,311,1423.522499993851
mask_rcnn,FP32,operativo,B,2,312,1561.9661000018823
mask_rcnn,FP32,operativo,B,2,313,1560.786599999119
mask_rcnn,FP32,operativo,B,2,314,1557.3290999964229
mask_rcnn,FP32,operativo,B,2,315,1549.829099996714
mask_rcnn,FP32,operativo,B,2,316,1422.2004000039306
mask_rcnn,FP32,operativo,B,2,317,1557.3745000001509
mask_rcnn,FP32,operativo,B,2,318,1414.4295999940368
mask_rcnn,FP32,operativo,B,2,319,1446.6326999972807
mask_rcnn,FP32,operativo,B,2,320,1559.964599997329
mask_rcnn,FP32,operativo,B,2,321,1553.7894000008237
mask_rcnn,FP32,operativo,B,2,322,1418.9378999944893
mask_rcnn,FP32,operativo,B,2,323,1557.581000000937
mask_rcnn,FP32,operativo,B,2,324,1550.9347999977763
mask_rcnn,FP32,operativo,B,2,325,1550.7171999997809
mask_rcnn,FP32,operativo,B,2,326,1463.0636000001687
mask_rcnn,FP32,operativo,B,2,327,1566.5245999989565
mask_rcnn,FP32,operativo,B,2,328,1429.8188000029768
mask_rcnn,FP32,operativo,B,2,329,1560.985799995251
mask_rcnn,FP32,operativo,B,2,330,1427.8274999960558
mask_rcnn,FP32,operativo,B,2,331,1565.0394999975106
mask_rcnn,FP32,operativo,B,2,332,1558.3814999990864
mask_rcnn,FP32,operativo,B,2,333,1564.5570999986376
mask_rcnn,FP32,operativo,B,2,334,1561.003200004052
mask_rcnn,FP32,operativo,B,2,335,1578.7395000006654
mask_rcnn,FP32,operativo,B,2,336,1419.034799997462
mask_rcnn,FP32,operativo,B,2,337,1548.7021000008099
mask_rcnn,FP32,operativo,B,2,338,1563.2569000008516
mask_rcnn,FP32,operativo,B,2,339,1530.0475999974879
mask_rcnn,FP32,operativo,B,2,340,1560.169299998961
mask_rcnn,FP32,operativo,B,2,341,1418.7682000047062
mask_rcnn,FP32,operativo,B,2,342,1503.5888999991585
mask_rcnn,FP32,operativo,B,2,343,1549.0321000033873
mask_rcnn,FP32,operativo,B,2,344,1412.9828000004636
mask_rcnn,FP32,operativo,B,2,345,1419.525999997859
mask_rcnn,FP32,operativo,B,2,346,1552.6102999938303
mask_rcnn,FP32,operativo,B,2,347,1553.569299998344
mask_rcnn,FP32,operativo,B,2,348,1572.0397000040975
mask_rcnn,FP32,operativo,B,2,349,1549.5786000028602
mask_rcnn,FP32,operativo,B,2,350,1553.288799994334
mask_rcnn,FP32,operativo,B,2,351,1559.1972000038368
mask_rcnn,FP32,operativo,B,2,352,1550.3994999962742
mask_rcnn,FP32,operativo,B,2,353,1555.4810000030557
mask_rcnn,FP32,operativo,B,2,354,1548.9975000018603
mask_rcnn,FP32,operativo,B,2,355,1556.5353999991203
mask_rcnn,FP32,operativo,B,2,356,1555.492300001788
mask_rcnn,FP32,operativo,B,2,357,1420.156300002418
mask_rcnn,FP32,operativo,B,2,358,1563.4699000002001
mask_rcnn,FP32,operativo,B,2,359,1426.988999999594
mask_rcnn,FP32,operativo,B,2,360,1508.5760000001756
mask_rcnn,FP32,operativo,B,2,361,1561.7715000043972
mask_rcnn,FP32,operativo,B,2,362,1556.1643999972148
mask_rcnn,FP32,operativo,B,2,363,1556.3974999968195
mask_rcnn,FP32,operativo,B,2,364,1559.8259000034886
mask_rcnn,FP32,operativo,B,2,365,1417.9738000020734
mask_rcnn,FP32,operativo,B,2,366,1415.7081999946968
mask_rcnn,FP32,operativo,B,2,367,1567.8795999992872
mask_rcnn,FP32,operativo,B,2,368,1598.8924999983283
mask_rcnn,FP32,operativo,B,2,369,1411.3991999984137
mask_rcnn,FP32,operativo,B,2,370,1553.9524999985588
mask_rcnn,FP32,operativo,B,2,371,1561.1179000043194
mask_rcnn,FP32,operativo,B,2,372,1544.0417999998317
mask_rcnn,FP32,operativo,B,2,373,1559.216200002993
