b,yolov8_det_map5095,faster_rcnn_map5095,yolov8_det_map50,faster_rcnn_map50
0,0.48553902754252337,0.36746162208392774,0.6907320179863632,0.5645934753714807
1,0.513696449830618,0.39286623142631427,0.6988324880292203,0.5817703016877545
2,0.5067110981124598,0.38206292084372867,0.7060750659403822,0.5777616053586917
3,0.49065322227433433,0.3661212841087233,0.7021835392796489,0.5613476703467669
4,0.5110540754672568,0.4142208628807721,0.7021968536886325,0.6145955704753676
5,0.5263387047917654,0.40747409272307045,0.7262592554049493,0.6165706464240727
6,0.5237370034626397,0.3796515452329299,0.7339886536957486,0.5911367431959802
7,0.49602499137581085,0.38237180092285367,0.6777461739318331,0.5646858478375935
8,0.5112228915893391,0.39101063977771433,0.706294354980382,0.6062070695932572
9,0.5159294747982272,0.37679897202039275,0.7077708727819676,0.5749855353570027
10,0.5111136079377265,0.3882265769524837,0.720877361472211,0.597355711658589
11,0.5065373392675284,0.3861533366536652,0.6923643797600854,0.5826429437938909
12,0.4946295411484303,0.37361408304336347,0.673476554389971,0.5621202142461257
13,0.5016602885767278,0.3811889183911764,0.6815160689946204,0.5787512546687517
14,0.46523829181795656,0.34830014125196557,0.6491281510594119,0.5302198212528721
15,0.5057088630068505,0.3743484338867293,0.7153883582771361,0.5761703746637978
16,0.4923433099442121,0.371805604084024,0.684301043197074,0.5867492099439552
17,0.48757496116825083,0.34070767538527513,0.6859591338448381,0.537232145407758
18,0.4592551189871927,0.352590640670464,0.6534210900450915,0.5434478867412273
19,0.4926481172471185,0.36226029098620993,0.6877507701885006,0.5524099877135935
20,0.5221077734064297,0.3717807896305732,0.7284153871368982,0.5906276162061062
21,0.4977822785774664,0.3751851197501922,0.6934008713839954,0.5612751373959801
22,0.48889730287776956,0.35124415851845436,0.6782373571571012,0.5323810962271431
23,0.4891733248088512,0.34747338463310884,0.6887713848212521,0.5617636809717168
24,0.48904482036111624,0.3687073168933338,0.6734596856846028,0.5670493490313532
25,0.4829032778023768,0.3506847659249749,0.6771699854035369,0.5583859779656424
26,0.49957038517947183,0.38803498487370097,0.7058365073349767,0.6043183732679761
27,0.48649924833135844,0.38707978857530245,0.6754783872408596,0.585465025897324
28,0.48823536604466844,0.34687335328239954,0.6871557051208282,0.5344596583072487
29,0.5249372915716497,0.3699281064664329,0.7075145903715808,0.5714729089381789
30,0.49916791899008495,0.3682888854539851,0.7072892209071873,0.5748712619901215
31,0.48826444663542273,0.3743589684710163,0.6746527759693407,0.5576323257320773
32,0.5041174677482356,0.3843572354201288,0.7129561722386354,0.5791410299847752
33,0.5257344728476092,0.38187214645252016,0.7251564745320975,0.5884615805064086
34,0.5230679336711206,0.38615944994919904,0.7229167477911136,0.6021792662626233
35,0.49620772200802393,0.3812853734117822,0.6971237718336487,0.592688532727445
36,0.49747763209672063,0.38267496367662623,0.6973675692276817,0.5924175900411364
37,0.515036054772739,0.38737813295438817,0.705687651000294,0.5881601584112051
38,0.49434085157189306,0.3700765766260835,0.7077530737301505,0.5619860392508246
39,0.503506348477475,0.39747977148578006,0.6985997452249981,0.6156496782245078
40,0.5138876879075314,0.3977304812244999,0.6959038072054362,0.5918562302628257
41,0.4829012596053577,0.3651115123618291,0.6814386737393681,0.5760254253268459
42,0.4995122781632794,0.3753403924170766,0.6908514175631962,0.5677603928735542
43,0.4779598247428238,0.3604194377606596,0.6671385854528352,0.551828211866367
44,0.509945243664278,0.37350304164330117,0.7028800293333222,0.5678379121352886
45,0.5073685313174752,0.3825223323863533,0.6970649010424795,0.586733032673792
46,0.5121608462455469,0.3948420775199495,0.7071278510175847,0.5879593436010488
47,0.5138083864952301,0.397422932694128,0.7111461975845825,0.6144889982394729
48,0.4952293663554538,0.3789010818995042,0.6656975142139164,0.5863826823785799
49,0.48481720043545007,0.36097012278722773,0.6909681416801068,0.5665836288981623
50,0.5307484583397867,0.39808497557230715,0.7386623729347707,0.5919760847235008
51,0.5154082866458127,0.38758664772877194,0.70509334422031,0.5763912910463208
52,0.4967300887293841,0.3761223378764692,0.7190046983589984,0.5816879158780223
53,0.48385941871577426,0.3516639745657668,0.6873298941572761,0.5412501588846833
54,0.5086547894287807,0.3891868342583159,0.7059139446798147,0.6043770086334144
55,0.509389680711263,0.3870577610056651,0.7126543202389921,0.5892008123632706
56,0.5007999657666061,0.3882207275094741,0.6987049583594998,0.5876133667590745
57,0.48753533614734734,0.39352347007265953,0.661029939737107,0.5894933621884113
58,0.500318873764999,0.3799525191333266,0.6900201576636007,0.5830484642160897
59,0.47896009540842727,0.3572939267467981,0.6705940234712822,0.5658667589278243
60,0.484301843858951,0.37329058933231646,0.6705560824251808,0.5844304244586488
61,0.49338517515814906,0.3822489588366175,0.6800711805309053,0.5767877683837839
62,0.5088677554183358,0.39642955345186887,0.6964774505095686,0.6071824828976508
63,0.5067783173719509,0.38132591275330185,0.702546842021567,0.5838908047536168
64,0.4853230370225841,0.3614309907644479,0.6752961955159663,0.5577022621836943
65,0.4526562730377173,0.34880979594050565,0.641735369501331,0.5396474873671407
66,0.4894780997056427,0.3554357467531247,0.6783439841327035,0.5497827623639263
67,0.510478390392907,0.3853535402188378,0.707746415981314,0.570414517102972
68,0.48395929060378157,0.3585984957886057,0.6760912895705278,0.5638350935687165
69,0.49658283658161695,0.36802241396159646,0.6752387517139935,0.5480484548039105
70,0.5076027875944614,0.3683088828767032,0.6940875603956385,0.5735101178912386
71,0.48378736778337816,0.3722410882949919,0.6822534709503552,0.5714014709103282
72,0.5155434421127564,0.39085833036383827,0.7277322485412521,0.5963420846586454
73,0.49927890249670126,0.3734113077891386,0.6963772895960844,0.5687092725943099
74,0.527122659375302,0.4115306910123951,0.7080951623089562,0.6022524416626929
75,0.4709878945198351,0.3614729487960812,0.6662362766357836,0.5579331463519578
76,0.49039283109480647,0.371350522195659,0.6813697141103597,0.5563135998907146
77,0.4956351825746253,0.40812824946967374,0.6836159104953335,0.6094857557143873
78,0.47723217675111884,0.36807774201604904,0.6739825922900273,0.5685707685214343
79,0.4925299668150867,0.36423497289336204,0.6727769155414787,0.5450611924754509
80,0.5163560053459947,0.37643329072690557,0.7178314025142648,0.5757180892173595
81,0.5027272769930505,0.3430277940094854,0.719514936245951,0.5374260478358067
82,0.4749165101264342,0.35792851640193096,0.6725880421783385,0.5433301670339127
83,0.5019679973488932,0.3803267116593947,0.7092868875327663,0.5890797097080188
84,0.48223389881490425,0.36668451364887994,0.6725065751182132,0.5788893738598615
85,0.4918817986870928,0.3595100569668273,0.68495811306996,0.5535710490364694
86,0.5081990516215042,0.37158943811525696,0.6939144279791091,0.5762553776749656
87,0.4524156233984147,0.33794578796601943,0.6413879526626214,0.52921774369835
88,0.5199977856735338,0.3963396205507121,0.7056241904359604,0.5975870848487276
89,0.5055354323005442,0.38789309477072326,0.7105123797209278,0.5965745935058432
90,0.48545639309252303,0.35575606201666204,0.6617364814957749,0.5562591693150858
91,0.5126634468303793,0.37907443256306333,0.7101799812274404,0.5674910627194819
92,0.5050188386842447,0.4015131226857182,0.6911804732455561,0.5981316645762242
93,0.49866468114128804,0.38274070989504916,0.6995360002107915,0.5861043002633326
94,0.5238238596030131,0.3769830047866825,0.7253924485691645,0.5867603488583233
95,0.48751782043395303,0.3831822293830856,0.6713309124942958,0.5813131549931098
96,0.5160391126207546,0.3790840757379186,0.7187770742129068,0.5630438135911725
97,0.5069812337041322,0.3766259607400835,0.6842661957693855,0.5742772996177866
98,0.498510966628685,0.3828588092320973,0.6999363618963742,0.5916293798733467
99,0.5111743883731968,0.41909535891493815,0.688127812890056,0.6116934956610969
100,0.4941581420549447,0.37763211205673364,0.6849065961504585,0.5783714822614293
101,0.5061059564643722,0.37221108779490075,0.6942418660420748,0.5802061725593247
102,0.5039083387971588,0.36873171287592604,0.7122495325926391,0.5750462074795644
103,0.4953974537547789,0.3823376943432722,0.6675028832066986,0.5650029384561274
104,0.5352259403518708,0.39783838981695246,0.745557921620438,0.6135643859311115
105,0.5229981252688006,0.42464486836014737,0.7147396435653459,0.6152121809702287
106,0.48205623773542805,0.3627251905284864,0.6829848364069514,0.570861987479133
107,0.5125015927196981,0.37573302436780337,0.7069321572984051,0.589378260160121
108,0.4714969915847751,0.3608521403237199,0.6575350839008854,0.55349866939237
109,0.4746565855457558,0.3642104530101398,0.6668015744882748,0.5491666952113743
110,0.46937858255065085,0.3665547808000446,0.65089636198291,0.5596260250060796
111,0.46079004568798787,0.3403810426879976,0.6622393748516442,0.5249777596938592
112,0.5101459415338433,0.3675897766435145,0.7136530373080848,0.5777300435745119
113,0.4884479956479653,0.36367189896653296,0.6795210936480263,0.5687338922389273
114,0.4962903573182772,0.3678081403324242,0.6975710928248736,0.5545885244516958
115,0.49452028770802076,0.36741700550929085,0.6929302955789723,0.5548458995213302
116,0.50462046755916,0.3815443662308608,0.7159770466180188,0.5871441051548345
117,0.5062532564890075,0.380872445177589,0.712139410375198,0.5970130488899238
118,0.48056163760348636,0.37212796978005064,0.6858660910975124,0.5743267925875538
119,0.49635253874777496,0.37295795095152856,0.6883794788081005,0.5666033715711476
120,0.4974341174237382,0.3596679576091712,0.6948819541090783,0.5423672181100997
121,0.496099347784623,0.36594552773848255,0.6881987889635058,0.5720633309702211
122,0.4928532913332233,0.36112310628964567,0.6931356143868678,0.5539529731118364
123,0.5021879848684412,0.3934814779883592,0.701141990242746,0.5914547725109145
124,0.5087374129035526,0.3965618954197596,0.6890257119396564,0.6116012208627623
125,0.4788389029524098,0.3612933193216509,0.6612281482077487,0.5490205420294774
126,0.49450021815288303,0.3706372523097061,0.6743177421500602,0.5655424766246822
127,0.5085634817082911,0.39536432529026033,0.6961271177320121,0.5943556500719969
128,0.49404213583409556,0.3869906132012153,0.673668486465814,0.5917943527411426
129,0.4883541924038406,0.3686857354384157,0.6768836936363761,0.5723235381539151
130,0.5163575493555248,0.38571982265758215,0.7053938996665341,0.5808597742216621
131,0.511586191090249,0.39478659882305384,0.7098363787778932,0.5910529988399498
132,0.4863907780551842,0.3603215889853534,0.682687673914621,0.5485277482273102
133,0.5069733840111066,0.3769032239889576,0.6937249329668522,0.5892168758531643
134,0.5431801924350925,0.4162870000932131,0.7499506956939049,0.6294530701468404
135,0.501324291973858,0.3841739964540571,0.6980678437363649,0.5743578796756796
136,0.4745614462312019,0.3648785887659637,0.6761521158355167,0.5650872513888812
137,0.49746855579231214,0.38773102187059705,0.6832845437373757,0.5728092182496389
138,0.46866604166289483,0.35848107923582456,0.6605424791859119,0.5559668074857486
139,0.4748338989383211,0.33647877693938394,0.682317131763994,0.5368493154573313
140,0.47765970072347097,0.3713613389264646,0.6745498971975668,0.5718618114592128
141,0.4738464419081793,0.3424383904187272,0.6806142893185974,0.5261606570664723
142,0.501874180047465,0.36534904134916024,0.7130551732815644,0.5775051141453882
143,0.525472784617864,0.3929521945456454,0.7300005274066521,0.5974893221443849
144,0.48715593463348816,0.36761068497157945,0.6773633918734201,0.5621124844947876
145,0.5187613504933394,0.4091352460597438,0.7213954357456318,0.6097511844237223
146,0.4727880793261874,0.3675609339082296,0.668733163207943,0.5639322999783402
147,0.5007905553677139,0.363642812103678,0.7009265473224028,0.5568791284534415
148,0.508434220954527,0.3622173315317881,0.7143104219321177,0.5631870388576258
149,0.46408259142313074,0.34956177401023975,0.6471417569234772,0.5494352987973202
150,0.5138163123564471,0.384511450864229,0.7042655960072931,0.5675672124186196
151,0.5021415860393585,0.3642019243087123,0.7045278514232387,0.5531862389273812
152,0.5160414244840511,0.3883122551943537,0.7214742244700775,0.5886857594408198
153,0.48373328981100955,0.37103820290129186,0.6755115255472957,0.5668703558390641
154,0.504994772082363,0.3746276241131377,0.7111518254230266,0.5605132847567121
155,0.5046074087536478,0.38047033893614945,0.7020786909864933,0.5897832752642367
156,0.4902144850093375,0.355686935564171,0.7013076477386258,0.5619362810113435
157,0.49937246260539614,0.3782718137884751,0.6911134701459684,0.5802802195642496
158,0.48542263060048646,0.3789689894348894,0.6733229554487848,0.5728081990241375
159,0.48986637837725483,0.368723139151882,0.6686047431326826,0.5600706211762301
160,0.486237072972063,0.36562311989395274,0.6844411172344312,0.5573968618579365
161,0.5052881709029508,0.36418930758045087,0.6953176559434072,0.5647402614339544
162,0.5012166265402668,0.3852439417644325,0.6856147100517589,0.5966715990400256
163,0.4991953096965463,0.35107904406691803,0.6921353956704615,0.5401236937086126
164,0.4978897305240856,0.36240219670341994,0.6904020674059089,0.5586586545543465
165,0.5030462018165852,0.38051779769358984,0.6968321896669597,0.5779804369537656
166,0.5317108798560529,0.39121698985663694,0.7272657692163396,0.6081526084205361
167,0.4780289167686812,0.35015572464429817,0.6869447476488357,0.5555286521303555
168,0.4914033795164439,0.35039979453347214,0.7027004494001207,0.555187939511146
169,0.474873469986898,0.36565424649548345,0.6866882608224902,0.5701059863178459
170,0.5084492590178195,0.3767580966604382,0.6957939194849722,0.5785082102199182
171,0.516941995901065,0.3694218773154262,0.7291510306204488,0.5823306936282937
172,0.4930526548367016,0.3713612124994673,0.6927961232646586,0.5648259155156408
173,0.49211412970687335,0.3643576210140741,0.6964000593409452,0.5523301383390513
174,0.5099522412398052,0.3730554383599481,0.7053028545683634,0.564393496935055
175,0.4640671850718421,0.3579412572901164,0.6363191714009286,0.5380186285478521
176,0.5186366990768292,0.3965564203735757,0.712449243235041,0.5990926118755667
177,0.5014755118340484,0.3868813734152704,0.7009527148388197,0.5906442231138401
178,0.5075637526698519,0.36796176738598385,0.7143527490743875,0.5685736796938098
179,0.4847805654087797,0.3695922739386645,0.669293072024184,0.5637559433386125
180,0.5036792179782937,0.37378899832436197,0.706793202977749,0.5831353968439354
181,0.5071267955234864,0.3755123790996027,0.6967387973816187,0.559442333469766
182,0.5250497020287903,0.3953455513402425,0.7088124113259736,0.5877783453159683
183,0.5020260535662127,0.38734128503312454,0.6954077292710095,0.5965162569268815
184,0.47822472427497176,0.33944444801643386,0.6772066068828342,0.5330407652377068
185,0.5011076953471899,0.370498632074748,0.6901358248529583,0.5665822293653547
186,0.4908529759589349,0.36223330546039845,0.684546298737989,0.5870429290637816
187,0.4828890177627891,0.35120114816491776,0.6936223076725455,0.5569249396852854
188,0.49752609322951996,0.35079791234335045,0.6958281726511434,0.5350566333107649
189,0.48117175800649814,0.3681430681023362,0.672859510912321,0.5545617719743114
190,0.5180281129166823,0.39822228770454793,0.7159438338874687,0.6096860820681532
191,0.4847297155136104,0.36718674631236975,0.6905094987932286,0.5728120432687208
192,0.49993939784687785,0.3836416000548886,0.6876482539157243,0.5703768786934164
193,0.5152597909809771,0.40440888590852064,0.7125160106571415,0.6106793951075075
194,0.5242878095004764,0.38923954844334485,0.710286480325578,0.6034300623707144
195,0.484953996845451,0.3667247182745387,0.6801687783634692,0.5659365427557528
196,0.508963108788446,0.3720325215598306,0.6982118774526703,0.549374087390884
197,0.49443941862554813,0.3607332677470466,0.6812846814660832,0.5542917400316458
198,0.5234324198590615,0.392150634682837,0.708437888660304,0.5950655151273989
199,0.47340990129452976,0.35341186751073406,0.6500674287224699,0.5325264444202805
200,0.49301904593895773,0.3454675534623408,0.684228729134267,0.528078632504227
201,0.5216355628559963,0.39818220619914657,0.715268797336842,0.6034219407385941
202,0.49911000663816274,0.3542749356148687,0.6956123362482719,0.543583245127912
203,0.4984269005741944,0.36502710076064687,0.6814454391137577,0.552799537098104
204,0.5087291767445777,0.39066725079529646,0.6979541835323932,0.5730477922818656
205,0.4869699204647146,0.3652560266459329,0.6610082372923946,0.5551893699403105
206,0.4563980657675748,0.33871933046222646,0.6334495415349612,0.5225891780159093
207,0.49503610906917933,0.3709312154625624,0.7107155089113444,0.5801593130857857
208,0.4938657642074805,0.35174975091456007,0.6943061487013115,0.5591560412681684
209,0.5079246521468617,0.3803690894581501,0.7048149490643083,0.5772542161066969
210,0.47835642003351164,0.3740559462790353,0.6690121624820102,0.5617292613429925
211,0.5136538729395512,0.37768990738754665,0.7020650346849874,0.5570210632260348
212,0.4902138246886681,0.38238674316517085,0.6793112166772793,0.5794072830741795
213,0.50637983677031,0.3683130622337093,0.7115963970481222,0.5863737191370654
214,0.5152090334071163,0.3914724059682877,0.706721297879491,0.5911728183626086
215,0.4735048122063344,0.3504643499162826,0.6719556082670028,0.5350174056154067
216,0.4801941190057536,0.36086839816820654,0.659950432534523,0.5604548436406138
217,0.4681382808045799,0.35913583402492627,0.664959621448929,0.5576515967730914
218,0.5340603243867366,0.39411934147298594,0.7275980707444234,0.5906479583985808
219,0.4871187564809851,0.36984046952057026,0.6735557258757807,0.5583016482489285
220,0.5140480428387785,0.3918561991228911,0.7219978653452623,0.6098245776878685
221,0.48233022096793077,0.3751944442918859,0.6785114309637649,0.5702640967623556
222,0.4921051719538589,0.3595412643005914,0.7061381471681167,0.5674976795227218
223,0.5292067916499267,0.3648042802847832,0.7148745989936909,0.5740976791139606
224,0.49296791996180644,0.38069357310456264,0.6769258955444942,0.570090419117585
225,0.5167473143138813,0.3798609267767862,0.7096256558425846,0.5794315645487209
226,0.47129820704534475,0.3545987212971335,0.6699840435567682,0.5616386411609233
227,0.5083310561183363,0.37648603378061457,0.7075114774802541,0.5583426416434972
228,0.48801475610956185,0.35375946676346415,0.686259910885945,0.5477379396559069
229,0.5290890015179548,0.3930006046955241,0.7346817779668778,0.5952147814726717
230,0.5264797380412058,0.40254107523516114,0.7274567112819552,0.6135997342570982
231,0.5025473173373165,0.3907333148845696,0.7114271472143897,0.6023061131975904
232,0.49232994328356167,0.35516987734988453,0.6903364486897499,0.5346371487403899
233,0.5286460378765666,0.3653529958435205,0.7349656359406626,0.5808609358051419
234,0.49422632259587795,0.36885667110989906,0.6896443059247361,0.5479631711774672
235,0.48735671947170583,0.3678101189707835,0.6665110787769761,0.5525705053685079
236,0.525435050951623,0.3871067115316615,0.7137798201300872,0.604488914191055
237,0.5206464337195839,0.3917034104441058,0.7277378020238927,0.5722404521481105
238,0.48378362640588035,0.3573216647425206,0.6765096957066365,0.5469148553010638
239,0.50243986780254,0.3785665840944944,0.7064218559416517,0.5731235288427562
240,0.5011090575456582,0.3769736440239414,0.6873514704357901,0.5646745407571531
241,0.5043087054373516,0.37938785157887056,0.6980212658874009,0.5828448191975361
242,0.5036543066307846,0.36759781203704706,0.6884660054810194,0.5578894003820326
243,0.506713506740408,0.37290487639349534,0.6996759951137002,0.5761164331300971
244,0.5218097645005763,0.3889609022777938,0.7100911325960547,0.5801916887814679
245,0.4932613280403134,0.36978429133615043,0.6850484805555956,0.5659280086273867
246,0.5069877579971569,0.3715452651537259,0.7094166253781199,0.5524591096192316
247,0.5076644153449336,0.3802933824041335,0.6977357212312277,0.5810124720875265
248,0.5145223589061264,0.37552507673634017,0.7037211657709678,0.5719740680845065
249,0.5041056672726468,0.3677625520862791,0.6914092682122149,0.5647181586361087
250,0.4842070527846266,0.37258627049547655,0.6709181429992044,0.5616991357502769
251,0.48236939057409334,0.34986624354722345,0.6788591157479205,0.5379394547529628
252,0.4976121520456362,0.3746186170221556,0.7013804536738442,0.5558630864774059
253,0.5002816701073982,0.3784227509151463,0.6747833002721335,0.5854066896387982
254,0.486052061051215,0.364143268510024,0.6788989606685052,0.5644577274634098
255,0.514726100374413,0.3782950957272348,0.703887651968427,0.5616521817507741
256,0.47844161117161194,0.38596318466598,0.6793814481463002,0.5674406150725687
257,0.49212059492357113,0.35504337913934303,0.6756886296601908,0.5388609309458011
258,0.4895321723393958,0.36133676734393605,0.6934538696221877,0.5651267270013218
259,0.48750897918834807,0.35313213103446195,0.6853967318524833,0.5517798812796725
260,0.5152992757640904,0.4045270504395418,0.7017969636408249,0.5960869347051415
261,0.5042961517782172,0.36917060204033775,0.6926817307416989,0.5686594948380165
262,0.5069546204590655,0.3743801637611317,0.7146870967158135,0.5860988199926077
263,0.4996502106080301,0.3825966421178717,0.6968252899670322,0.5672293011347622
264,0.5110815949283192,0.3812429006687807,0.715457653461683,0.5819962108796629
265,0.4866256723252907,0.38081428513259186,0.6982596485360409,0.5872450041847256
266,0.5101865714534081,0.3897400934716224,0.7020500752784713,0.5728120839856986
267,0.4923300193356432,0.36307389218232455,0.6810723752067288,0.564734790766956
268,0.4857460369893941,0.3597349851916454,0.6848117539590991,0.5694632778248533
269,0.4937106577400882,0.36868578462456936,0.6910653408957868,0.5775699544922899
270,0.4971895242623594,0.3678940879811858,0.6789367366752684,0.5620355114001291
271,0.5289028394396291,0.3789969588895499,0.7178428627755542,0.5688620247946348
272,0.5118742988617246,0.3738247930308235,0.706984004427919,0.5763372151712913
273,0.499791198736571,0.36310698680398584,0.6987531418611338,0.5648690410662615
274,0.48201809380278515,0.35999510148016206,0.6754740347506961,0.5595023151409717
275,0.5186582633021303,0.39506496837499017,0.7235800430013175,0.5801162661532709
276,0.5154081404922867,0.3998511885115199,0.7191254197768165,0.6093026516278062
277,0.5224910676561796,0.4088669039702149,0.7143011858966044,0.6103444994251807
278,0.5034229739070565,0.3514251527702914,0.6966033039317686,0.5439015813948831
279,0.4885856625001899,0.36912181690892154,0.6761492685562447,0.5709024686771326
280,0.4848618686065485,0.36188685809220217,0.7103204613244238,0.5584292896730179
281,0.5049109366427984,0.36856584867432346,0.6967182559237625,0.565653874361807
282,0.492468212972405,0.3668194892563586,0.6818511098185004,0.5407587206884564
283,0.49802524800134673,0.36204784129156486,0.703576106643765,0.5656358782720755
284,0.5094546309104165,0.38872269075935084,0.7085544070667439,0.5873329228717853
285,0.4997336656722169,0.36784315587319677,0.6883497953990368,0.5575113853184988
286,0.4745489408053375,0.36176558777768136,0.6573440659921505,0.5441393454100044
287,0.5026312731303647,0.388369897945009,0.7073547939588026,0.5968309776977848
288,0.49759997283878,0.38170154291218233,0.7008806078148009,0.5941993722715646
289,0.4985924587912297,0.37403447367106135,0.6970126723883656,0.5677649378444847
290,0.48988923032661924,0.3523145703232256,0.680847702526925,0.5455227789455018
291,0.4852288986314719,0.36676876808673436,0.6859753224801646,0.571053124527172
292,0.5036843534716001,0.3807001962444254,0.6937335072422658,0.5707195518695586
293,0.5165008085904977,0.38807314794464404,0.7099156702173949,0.5812482396809545
294,0.4926719778718919,0.3624181405512784,0.6829904442686885,0.5554251205396136
295,0.5323742588441357,0.4087359394405034,0.7180746813631065,0.6081117693742691
296,0.5028168197912909,0.3911853379791738,0.7104390467573984,0.5811648820369584
297,0.5285336953141369,0.3879554687854747,0.7126669533530812,0.5803996461144166
298,0.49851464951304086,0.3700632972144819,0.6917821706216415,0.5521574231945229
299,0.4656041091711066,0.36394173407566344,0.6589777779912159,0.568843089608161
300,0.48450694520875903,0.3586828798539359,0.6777986066699567,0.5600563101433332
301,0.5121881150869976,0.3773906037282219,0.7076340002330831,0.5837753314923161
302,0.46072930593163663,0.3546620262033465,0.6378628747794469,0.5467944159712704
303,0.5087817451310724,0.3930610648257636,0.7046787110903074,0.5921883176538568
304,0.496333078878743,0.3864279339121721,0.7043808074358903,0.5689946334186677
305,0.4874748197740477,0.3687164656530364,0.6764327173316159,0.569651814412909
306,0.5149836163486698,0.36217981555899453,0.6927967815997534,0.5460029650947389
307,0.4915494583434324,0.3630829313065977,0.7023572311829228,0.5629893516975712
308,0.5045541735807743,0.38444448114337876,0.698580431434023,0.5863854361386859
309,0.5116297961966592,0.37659581307755186,0.6907841383773576,0.5709483510913667
310,0.5000908152836933,0.3812083385746297,0.698961411164671,0.5662329304188053
311,0.4973011852609214,0.3674814025144231,0.6804226613181352,0.5613231861027179
312,0.4965529239827837,0.37421313028594244,0.6892671976871695,0.5794918734613875
313,0.5028447176189507,0.3567271499618505,0.7033457807297953,0.5464685793974213
314,0.4828800837514788,0.3474759209610536,0.677182983002289,0.5444730637291557
315,0.48189243712381696,0.39459604218465893,0.669092006621603,0.6015738793594018
316,0.48148645735165846,0.3581638491738208,0.6777752652321993,0.5436051790678654
317,0.49671101592299377,0.3580810877822131,0.7037910974874538,0.549230040679974
318,0.49038376256005967,0.35078151166837057,0.6913497576706393,0.5553938401951544
319,0.49372889812068155,0.35635259094462507,0.6921033538259524,0.5572566969881027
320,0.5031501238425665,0.37371457792490437,0.7051518866161653,0.562693357722848
321,0.5027510507849456,0.3720981814201208,0.7022199071957641,0.5661664165603048
322,0.48834051169007653,0.3789035870829902,0.692042044743999,0.5785773052981875
323,0.5233011344745858,0.4017888259981389,0.7050464667281199,0.6130895829060212
324,0.5073116388470313,0.37652184761855567,0.7138030275929965,0.5784497095967734
325,0.5180920385012423,0.3827161303665625,0.7141647160145514,0.598502723554606
326,0.497111904812861,0.36393139485811926,0.6999195027816333,0.5524564194478512
327,0.4963359543373183,0.37058400537842784,0.6846853101783417,0.5730469511980427
328,0.49469336615419623,0.34465342684300326,0.6820942012057526,0.5304435347477476
329,0.4756212171338648,0.3741805230683586,0.6687857772142539,0.5723258591375113
330,0.5124749114387535,0.3733819031826918,0.7129255239350969,0.5665631856973066
331,0.4973092081186744,0.3893507039166701,0.6902212322717985,0.6041108604061426
332,0.4891955730946816,0.360658990431306,0.6821756965068537,0.5429565997717516
333,0.5014993754907852,0.3835903408552302,0.6854317424092659,0.5714945382124983
334,0.4922174769684393,0.3706168645865556,0.693280184479686,0.562944009082791
335,0.5098415343716448,0.37720064526453073,0.7026263256216527,0.5697233984084366
336,0.49359478389216427,0.3744081688522984,0.6787500707990006,0.5655484930631112
337,0.4929483740978906,0.37465281905896597,0.6679067464320325,0.5698370679391798
338,0.547327819495375,0.39346969365253776,0.7496939254276305,0.5879799002682001
339,0.4951788635226759,0.3824473887387508,0.7119312272221475,0.5904633859810084
340,0.5074162561247831,0.39397345315558935,0.6864579736211082,0.5781712088664376
341,0.4867030558862595,0.37034690571881274,0.6738961589267554,0.5691635189828154
342,0.5049248443371072,0.37117664424662156,0.7084456115772643,0.5745876149263217
343,0.5002038847814625,0.3728905383696788,0.6804263983101779,0.5740758817203347
344,0.5054512423725459,0.3633033259500103,0.706339107585684,0.5570696392063728
345,0.46699763832853647,0.35567984625703003,0.6463465599030296,0.556910689781582
346,0.48633324580136406,0.392395202983384,0.6622166608989826,0.581774661482108
347,0.495913098168439,0.37024723474526644,0.703698352946772,0.5636931723829343
348,0.5074387227123179,0.35331311042339536,0.6983977339739582,0.5592740399859761
349,0.5070685050455761,0.38705247547129423,0.713610985318213,0.5886878012598818
350,0.49093708152585586,0.3880825849929943,0.6814448028449452,0.5944946526836467
351,0.49817411003161294,0.3823935602394142,0.7189595242478055,0.5829974923286194
352,0.5012847608257376,0.34854125031191097,0.7086780953593411,0.5446284622993001
353,0.481993741656671,0.35863738592378497,0.6744524061199302,0.5480605144088754
354,0.5243550778316508,0.3994780915882399,0.7301402955640119,0.6095473444865456
355,0.4769600297094358,0.342838222584559,0.6829806929232588,0.5355862375857087
356,0.492990060121121,0.37239650860329093,0.6763079175170246,0.5630308277756326
357,0.5137635433269634,0.3654304483485224,0.6955547290562905,0.5508248930889798
358,0.5072961235078927,0.39262869390227323,0.7148241492311272,0.5861201286139592
359,0.5219126937796792,0.38860026374397766,0.713013619374073,0.5884594848938857
360,0.4881132650536275,0.3474003025024864,0.6785120314386497,0.5394984738206348
361,0.48116227382925,0.38440755985989467,0.6633323518329696,0.5666855934842244
362,0.46810283006396847,0.3294079996501131,0.6551431520084285,0.5130421046947565
363,0.5073513928929008,0.3900940533183574,0.7059431657475309,0.5866502549206709
364,0.5157360034513899,0.40779814933849,0.7024066965931474,0.612650131247008
365,0.5081784556942869,0.34434251387399945,0.7158506837739161,0.545552037305882
366,0.5039226955365913,0.38656619389586466,0.7107626001963889,0.5804800960579753
367,0.48178129040010476,0.3505397490100877,0.6653660687976176,0.5359854416032641
368,0.47720140547666856,0.34131349405874445,0.6804874423818555,0.5578418634081623
369,0.5155144877186106,0.38152691220703094,0.7193101230707964,0.5687209750927146
370,0.4928640433496946,0.35434648406930763,0.6944044181808606,0.5533944412764893
371,0.4938363368357821,0.40308581950928574,0.6786739175032195,0.5803085757062143
372,0.49297679668153604,0.3496643949087897,0.6870254397559787,0.5535850823659213
373,0.49007615144041433,0.3805924645994178,0.684704723664354,0.5820400076988059
374,0.5245521993462633,0.3806534300081697,0.7288067519930969,0.5768066686275016
375,0.4924721709587938,0.38051686279151214,0.7065068766941792,0.5873845514636699
376,0.4677385843203685,0.35661770499136,0.6744288573404111,0.5444125874245612
377,0.5019981747452084,0.3477491307873581,0.6916974999090271,0.5539028022259842
378,0.4770666218761552,0.35901747015787827,0.6962431690875412,0.549414718396469
379,0.4905328025460817,0.37577581984927305,0.6721749965368982,0.5724997936729997
380,0.5140175382722695,0.3855349374923779,0.6952432003860707,0.5812618904214416
381,0.49236057178882353,0.38390106534064045,0.6818904341747798,0.5881815431842123
382,0.5080140591331035,0.37661763084734823,0.7005130807940069,0.5881690194849721
383,0.48240967719791883,0.3666115116206606,0.6810408183016141,0.5885504175017219
384,0.5043209903524679,0.3763217704724311,0.7064349834192448,0.5877927723942429
385,0.48289833237385427,0.35416454278392007,0.6876934446089744,0.5221646747984631
386,0.5059622325127919,0.3850510740140817,0.7030553429692574,0.6011475711772573
387,0.5152261361068523,0.36367207996656314,0.7258659780294284,0.5713225809599206
388,0.4955535634539196,0.3632196046205834,0.7227802875784403,0.5637340518318983
389,0.47244949737327885,0.3789880484128361,0.6659956866369346,0.568449373379417
390,0.4940521202154613,0.35800667814164716,0.698151123789793,0.5453788125864283
391,0.4981781682323526,0.3475448333421738,0.7049613640235406,0.5503880457879529
392,0.5068404291078874,0.41015590709947386,0.7049786192770904,0.6136721887621256
393,0.49235608264686226,0.3954598760205368,0.6878732474815558,0.6033084790956004
394,0.4942530818260495,0.36987012647018824,0.6920070163837255,0.5735817146446088
395,0.48350278841306976,0.3710023250637394,0.6738468169848145,0.5740642742489463
396,0.5118444196540545,0.3925339743396639,0.696921350215335,0.5892530568940952
397,0.4848936315091922,0.3671225552715161,0.6742429370363642,0.5680595273226784
398,0.5024448761765982,0.37906711978557334,0.7023196308360553,0.5729957777113021
399,0.5077140337386754,0.37461238536359204,0.6938554690824553,0.5618383893968354
400,0.5143016328688383,0.37282143546633456,0.7123685780170327,0.5774293003822714
401,0.4881863574231746,0.36727286180307284,0.6879702299772771,0.55195700980337
402,0.49288246956903187,0.39526478857707636,0.6560692039745873,0.5615850437768002
403,0.47161146883593935,0.36334752968980555,0.6715874487556838,0.5624341713044549
404,0.5084992341505006,0.38126636201142455,0.7124480722903194,0.5806605530349684
405,0.504446298145124,0.3743357464948756,0.7042359298249723,0.5851383272283618
406,0.5158263682502957,0.39668087509695,0.7210892834098503,0.6052185630876542
407,0.5041555715603027,0.36926960419037325,0.7084462289717981,0.5780249491006793
408,0.4804253006559163,0.3604381890918774,0.6649442080327111,0.555087423718569
409,0.4892845345394969,0.36832615032571636,0.6970311980361188,0.5688355335325062
410,0.5082607819315409,0.36994689843426687,0.7173532792521827,0.5658207506938534
411,0.5250938738941362,0.3820427355526295,0.7139718818133404,0.5684865928973442
412,0.5036500844075558,0.39050640229706474,0.7049261819137796,0.5992239659398271
413,0.48120043724603473,0.3710777906591177,0.6872085448955646,0.5554393491120287
414,0.502469125412264,0.3687198568328532,0.69991605423457,0.56077350914457
415,0.48638766023582547,0.37681301062188727,0.6662383310439216,0.5537069505056448
416,0.5005552152058478,0.3684461607980511,0.7098096229586658,0.5829201391584825
417,0.5162544634535194,0.384701175717752,0.7111785142220574,0.591419592891919
418,0.5080041031121713,0.3741076757497387,0.6969157924548776,0.5632067627744335
419,0.49623663905262155,0.3743370350341938,0.7143620578439399,0.5679281845493643
420,0.5175280161339704,0.40287347881132124,0.72205310054481,0.5971034694936395
421,0.5191801769462273,0.36995689597594333,0.7146616693404084,0.5672904169906677
422,0.4917993146031633,0.3586589568979922,0.6992861541482417,0.5612849719567493
423,0.4627134161789761,0.34678721937449863,0.6624677958701283,0.5400435580771474
424,0.5040203366867663,0.36937696816816257,0.6984709712818208,0.5715043336932424
425,0.5082271164709531,0.3772879509966578,0.7117907804132517,0.5840808370335473
426,0.4749516203184336,0.3739758550366146,0.6881723176262183,0.5664189629264437
427,0.5035662682274928,0.37666243243159075,0.6903148834450776,0.5824905292496049
428,0.4928487904295098,0.3648935253609606,0.697754052892546,0.5719206142911818
429,0.4798523477157829,0.3780303583528784,0.6753964822697759,0.5731900220105293
430,0.4991933118055799,0.3972303285826787,0.6901765478745227,0.6122788244503268
431,0.5106709194558559,0.35263275624054924,0.7040552435398849,0.5524909895323733
432,0.48883323900958225,0.3768831164908613,0.6826480814204039,0.5781450454145926
433,0.5126142037170015,0.39908888708475293,0.6980070145804522,0.5955834769401605
434,0.4663930743910191,0.3676146166118328,0.6408092188529938,0.5515504787886519
435,0.510756950593689,0.4043035481168464,0.7125038021183696,0.6155374848334504
436,0.47534571777777995,0.3501043860282989,0.6782693948191691,0.5297015686617332
437,0.517596855247399,0.39641206369617094,0.7180780535329568,0.5935212031182815
438,0.5117242114485678,0.37161583818324206,0.7149580790240293,0.5631015294276089
439,0.4920267654525566,0.35965950388428697,0.6949032166331944,0.555056290492583
440,0.5068773076194323,0.37661526522532485,0.6939928180157628,0.5986399834748479
441,0.5113464776219042,0.3950908082387183,0.6939640101437607,0.5827371013039118
442,0.5083421247526347,0.3698190411295927,0.7016251816512296,0.5571425160043445
443,0.4999191660623678,0.37953020170050505,0.6999806357680757,0.5793829878049309
444,0.5020218061801329,0.38651068217916845,0.7051138071982003,0.5988096431710768
445,0.4792483713363128,0.37380788513368635,0.6786779494799993,0.5722288560751971
446,0.4954422068442591,0.36617388153085295,0.684748578688169,0.5578042403475661
447,0.48743988610821504,0.374219884231773,0.6861668975613016,0.5811309525494535
448,0.508522481910673,0.38943770375905695,0.7139243581609844,0.5965129941984544
449,0.5230440145600767,0.38545813969004933,0.7208285359546613,0.5741146484512993
450,0.47423507811247756,0.3416789704697646,0.6566097537341823,0.5391071048148791
451,0.5133992608935818,0.3713209238190385,0.7195556113228662,0.5866394093657333
452,0.4746866905893443,0.370850685306584,0.6695516282906729,0.5814890054965823
453,0.4975299027587651,0.370119968689127,0.6864727684514517,0.5664195725100719
454,0.5071442413233284,0.40334893796913796,0.6926981451227422,0.6041905910402942
455,0.48864878551260116,0.37077468092361454,0.6874470761312549,0.5535614584745489
456,0.48825453556149084,0.3942757232632781,0.6718860803030734,0.5913996096706192
457,0.4951978596611394,0.3686920181904164,0.698749360291086,0.5657622156382125
458,0.4896424725390734,0.3613597202051366,0.6703754166471952,0.5587754272893941
459,0.48981999976633017,0.37276661272762696,0.6906347875756725,0.556897638614337
460,0.5044419284441864,0.4017073568431513,0.683757475513729,0.6053094132651844
461,0.500962178407613,0.35345770831754847,0.7025153017313266,0.555478709709783
462,0.4962321054498229,0.3982753614478639,0.6946721801808435,0.5929146325261117
463,0.49784487069656735,0.3941795731219267,0.6860779795508368,0.5884194704737904
464,0.47911458046029876,0.3527558651970249,0.6617377704951175,0.5449468431433329
465,0.5029573261511168,0.3915646672282031,0.7049452513274316,0.584548476996742
466,0.4993788989539757,0.3560569428493798,0.6961098720076114,0.5601485056172191
467,0.5070320907638418,0.39441782002676323,0.70722539275302,0.5902516715194657
468,0.4867948616920339,0.33407132159218367,0.6974382483106433,0.5388010319553481
469,0.4839417339506769,0.3667532688077068,0.679350450754487,0.5688701962584266
470,0.4884249751405473,0.3559716550882146,0.6941003783233172,0.5525268668646448
471,0.5043271479708011,0.3767894031404246,0.6974479581963681,0.5827385949560198
472,0.5045982859618607,0.3770585833992648,0.6775287471683248,0.5652631127118249
473,0.48944056414805237,0.351550814371876,0.6728845207273919,0.5447415612760206
474,0.48388795402306717,0.3692514350418064,0.6741954979161081,0.5603667272497553
475,0.4875483163825001,0.3548606843926825,0.685834131636024,0.542359961808435
476,0.49293586701721787,0.3754055578301792,0.6880765378927647,0.5721335767213567
477,0.4913875559070346,0.3727202890612557,0.6775522842979912,0.5666042428106679
478,0.484086695338858,0.36924023230859754,0.6742084306378014,0.5557702633847516
479,0.5273393179083254,0.408744334722489,0.741220588661108,0.6219017047812027
480,0.5073763438728272,0.38674712133725,0.6920142913389785,0.5696981279360341
481,0.5199025379481964,0.3968332951544771,0.719255595411278,0.5953891135966403
482,0.48276497459523926,0.3598315591682389,0.6642071065098696,0.5452872294070059
483,0.49557533144210714,0.3661154616914455,0.6810141365903559,0.5741374122970037
484,0.506851534022182,0.37591871424042844,0.6746459013124866,0.5669953317793606
485,0.4911927252909205,0.37309458618892827,0.6897130553790737,0.5618728119548485
486,0.44501147661220014,0.3444790195608425,0.6413096824606878,0.5550709485734798
487,0.48968578562126497,0.3739975260298079,0.6801404001426055,0.578205091273104
488,0.5059433063997977,0.3749652051078099,0.7004135086240113,0.5702587951819789
489,0.5144106725247861,0.38917575329979065,0.7095317964624441,0.6010545347214024
490,0.5159026505549185,0.36657415292252005,0.7168237683839402,0.5685604480654385
491,0.4838401623526242,0.37516051328275457,0.6778141927169807,0.5745189980605785
492,0.499101014164105,0.3502436292935453,0.6980264352535732,0.5413308578066225
493,0.4966031965672457,0.3625753812672404,0.6844945686684771,0.5580716716312982
494,0.5200592307051201,0.3685764058384794,0.7107106813625557,0.5450732800994337
495,0.4880630510748164,0.3928401993534796,0.6770088600561891,0.5990356051771998
496,0.517984272448439,0.3906452487582928,0.7142400360995769,0.5936849190180118
497,0.5019944011423916,0.38935848626541636,0.70187599116836,0.5753994443581979
498,0.5193655104958268,0.38474109929680805,0.7207107179295419,0.5855014920846389
499,0.5183168583823349,0.3854229953480836,0.7171651293788012,0.6057621425166799
500,0.4965845120535775,0.32540359849453304,0.698380890746888,0.5283858479664758
501,0.49938172133138464,0.38596705825766503,0.6991792125331785,0.5817229733892992
502,0.5051327665231254,0.40094006888528166,0.6894738871645502,0.6201738044957739
503,0.5175920192820006,0.40037736938958174,0.6986644704329712,0.5983958530772313
504,0.5156795200550136,0.39372430398196046,0.7010290578557467,0.5890499547377294
505,0.5040944547654583,0.3901984985274393,0.7091305435844238,0.6003361825353322
506,0.4937773543870979,0.3806340100382381,0.6871575848995513,0.5717908732893796
507,0.5182454862059158,0.37503152395892847,0.7107416006290257,0.5944617854970893
508,0.481040978912802,0.37099548941637334,0.6852468464982159,0.5812107433508766
509,0.5191926622619532,0.37859769355213935,0.7137960187445563,0.5722118974504128
510,0.48711625679943144,0.3672768236726304,0.7002094405319947,0.5761699066478179
511,0.4818693418386952,0.3782444679161994,0.6691015365854172,0.5689729718205873
512,0.49518337222161274,0.35962900171897516,0.703255998039398,0.5706176984150068
513,0.48019506567979875,0.3556853177182888,0.6704763815155979,0.5518914190581989
514,0.49429320722176706,0.38279734721927466,0.6901709872137035,0.5592903770863135
515,0.49619937887461535,0.38035353781680936,0.6913238018315448,0.5818979359032588
516,0.5090430666455258,0.39542298711211105,0.6835666599078811,0.5780049675805702
517,0.5002693749292596,0.3777939786774828,0.7067777548875032,0.589538230864278
518,0.48979925353408515,0.3831950935715157,0.6806855185423427,0.5846319786820569
519,0.49981264424655375,0.391973417706983,0.7096154909763535,0.6056456207393177
520,0.4781836878889406,0.3608120090576353,0.6828197773219998,0.5598985823141948
521,0.5128707046742417,0.37691800417930693,0.7147624281414748,0.5756940692112592
522,0.5074822999740525,0.37103747103667434,0.6979657860069354,0.5686422526185748
523,0.5019623093461368,0.3714968007241011,0.7156130677034211,0.5670783357116511
524,0.5233737237598245,0.37848414019153465,0.7347593834115823,0.5710257709311181
525,0.48721862088301704,0.3752165431405237,0.6596160790090824,0.5528790401701944
526,0.4791391395155188,0.34586652013900426,0.6705342749177517,0.553540606041224
527,0.4801971905677026,0.3629178691345588,0.6740632482296945,0.5517215893274622
528,0.48517346532078115,0.3412314663664874,0.6672197765384382,0.5196206517178285
529,0.49927888171622736,0.37737313289471397,0.6888246241712753,0.5952810337493794
530,0.5055709467460535,0.39068565344951395,0.6923224909268803,0.5943027150228428
531,0.5046496969603854,0.38618221025667854,0.687903099508631,0.5861137110359381
532,0.4889087592030338,0.3802616108003991,0.6625226687440389,0.5753791181048535
533,0.4859994138327912,0.3664511713209168,0.6687898309633321,0.5681246304865938
534,0.49225040428718175,0.35816097163669375,0.6936021580479361,0.5578759364678684
535,0.4913514270729677,0.37642324220245926,0.6824180748845557,0.581596746757114
536,0.4993335330803185,0.3564988999092431,0.7027355862859632,0.5474416012799994
537,0.5240100741837008,0.3851407218895385,0.7097326159996881,0.5843071091959097
538,0.5130644525165193,0.367759769998507,0.7122187626946913,0.5796614719611163
539,0.4808285198930097,0.33664062212748946,0.6755334719445137,0.5271476602363772
540,0.4994284217629979,0.3699271271624589,0.6772271726281278,0.5692610311235914
541,0.5018174566844094,0.3667976180511252,0.6950332607392989,0.5688455291526066
542,0.5197736361992379,0.37023982499060704,0.7260227993964345,0.5608739876491275
543,0.48014911947553524,0.34336976683244486,0.6649628425585218,0.5321579056056401
544,0.5144768351015186,0.374035711462992,0.7260455029237836,0.576391833979225
545,0.5194671874137883,0.39023879918532595,0.7195630029433193,0.5863700296457104
546,0.5158696389430694,0.3886340526271138,0.7134405941414103,0.5877226042126075
547,0.49547334592441994,0.39051425432768205,0.6873045780750211,0.5946354571932055
548,0.5072235749438534,0.3839195349493701,0.7128469250049349,0.5969241591517257
549,0.5023179643277867,0.38202734956940226,0.6889067281606104,0.5824569017990956
550,0.5118038399646149,0.3832498953347687,0.7225019226793048,0.593313463717396
551,0.4940661653383244,0.37052368931506424,0.6921289350993791,0.567079782483083
552,0.4489185504177211,0.35948493097125817,0.621085283648391,0.541358796404897
553,0.5048168005188477,0.39581299642334405,0.7000342151981377,0.6012489698559157
554,0.48660578885071293,0.37201993963591967,0.6754827645441535,0.5712237416703064
555,0.5209551115365567,0.3953957265357928,0.7381573263231749,0.6241602409770411
556,0.49180099169128294,0.3587632509606717,0.6824679034266733,0.5350466232014318
557,0.4999688679802216,0.37044766776929366,0.6942251146740831,0.5725101938470604
558,0.5202620290155433,0.36997228842454877,0.7277571280326686,0.5740077239882577
559,0.5197409663141235,0.41175649485327914,0.7020765443312414,0.6134089417219839
560,0.48691452204143704,0.3650524388761902,0.6839242077067995,0.5798598838195002
561,0.5307789180814394,0.41627629463508814,0.7475389090710346,0.6177181910867345
562,0.5059524860058655,0.3534550291361972,0.7110014003451116,0.5552864575479776
563,0.4893058227928635,0.370090778072384,0.6810024952953495,0.5654952677860496
564,0.4913716616643807,0.35617807843656907,0.6810670949252701,0.5533846156270112
565,0.4997718169717931,0.38352993550186903,0.6877648584041299,0.5842786532012019
566,0.5024354312894804,0.3692011606509692,0.7027033479581307,0.5783623398890048
567,0.47359370112578014,0.3578548339301798,0.6797831907706107,0.5618178077952096
568,0.5113608846315775,0.36886515422266825,0.7124226979889426,0.5730355573060488
569,0.4727969015157094,0.3376869371143478,0.6571359907543157,0.5202583226780872
570,0.4958272723785567,0.38222069276237597,0.7205829982460948,0.576524568550608
571,0.48824272005316377,0.35469619666393265,0.6777019522904957,0.5368831471747668
572,0.47487850648633456,0.3808769197388394,0.6513155156563594,0.5719374089806015
573,0.5101496653360628,0.3820254550673692,0.7135656472042463,0.588672624034558
574,0.5160358323181711,0.3634827830343811,0.6956892422267577,0.5561570467590534
575,0.5361783510851946,0.4198424550463107,0.7376775623670355,0.6123228794648178
576,0.5128497481563234,0.3976976335323748,0.7119222018661026,0.6034747819546596
577,0.48507366616293374,0.3753887029930739,0.6804541288565137,0.5640791223174081
578,0.49521551742871395,0.365183590993216,0.6935507696446889,0.5790306621907717
579,0.5438918926266095,0.40583116754225246,0.7207133906754934,0.6090893862422206
580,0.4845207717285259,0.38206191919693355,0.6858047526376141,0.5805604458358848
581,0.522620573256512,0.3936795057613823,0.7107279879306116,0.6075331855856868
582,0.4910103170926728,0.3731453243965532,0.6946709671214236,0.5720221678784551
583,0.49132410088260164,0.3651860911869358,0.6877393377665539,0.564338796157662
584,0.4828206264803274,0.36118433671885763,0.6826195007917795,0.5677683145259977
585,0.48595595997438085,0.3716380236547806,0.6767385300970812,0.5586636850582083
586,0.5238788503998639,0.3743789043610704,0.7180441592558807,0.5818782441976305
587,0.5074937435301528,0.34100625183736427,0.7003401021623054,0.5282785930343913
588,0.520751627183109,0.40077864282966047,0.7087964677969151,0.607046793939367
589,0.4968693867477352,0.3696039372556893,0.699584323036379,0.5724379830233585
590,0.47782038791223574,0.3707033299080989,0.6722410822108572,0.5740344215036407
591,0.500765808170851,0.396267783515754,0.6943474941081434,0.5907776812634675
592,0.5109371389191996,0.37957324073834686,0.7053938624397398,0.5772197578397732
593,0.49665771155469485,0.37795395303641083,0.7048969663955035,0.6036059468498233
594,0.4808808372775746,0.37948392040422596,0.666393214394142,0.5837259963014108
595,0.5225815117742051,0.38856361412453405,0.719162652786361,0.5886478940134754
596,0.4936349999072053,0.37930188079050714,0.6952593205514915,0.5855408731751903
597,0.5066887739887606,0.392661578927735,0.693743129873782,0.5945169216408531
598,0.4987814861182228,0.3614964201776976,0.7019574737051466,0.546409898140042
599,0.5014724689526436,0.3690180788368644,0.6985300818638377,0.5830963026831959
600,0.4882009073564016,0.3756467693651781,0.6843195305698978,0.5876669795400121
601,0.4907852309878452,0.3775482364155285,0.6841080053719681,0.5662532388301744
602,0.48346623087566454,0.3590019717528955,0.6784824753481327,0.5537894868639831
603,0.49054563685243296,0.3625961383525093,0.6851272941011893,0.5678010025202719
604,0.5091545196142343,0.38881586230926635,0.6948554546825532,0.5963605457868033
605,0.5031639213686788,0.37015859628980163,0.71135207331749,0.5555439139219882
606,0.5066446913947821,0.38007800508268247,0.7057480512838458,0.5760587333088641
607,0.49368220210638014,0.3750359823650694,0.6805996662550363,0.5742749929617202
608,0.5311412399038676,0.4026760465441371,0.7285909741353331,0.6069486340447435
609,0.4973919173650201,0.35116470881262735,0.6806993916841452,0.5387743628697516
610,0.49893522839773924,0.35699448604622247,0.6969448201797936,0.5529439514101411
611,0.502593965817731,0.349277431309316,0.6927370582242801,0.5502358441997238
612,0.4770526962513651,0.3547060776484907,0.6747747287957383,0.5508150069507047
613,0.5122737199147517,0.3987639726403632,0.7051885583944292,0.5917482016659851
614,0.4967860523645993,0.38251870788115394,0.6903501912292858,0.5834631653906148
615,0.493556416008229,0.36985774157568857,0.6867219465002405,0.5617863903038802
616,0.4982814280726749,0.39481198596934,0.6979885548729166,0.5829587210743318
617,0.5174566393157961,0.37974428467204513,0.7244776080843801,0.5780522850301361
618,0.4995913429146706,0.3651490994323697,0.7022771972054224,0.5717552351989474
619,0.5047805409369336,0.36852347825861576,0.6853442508706813,0.5622085526210894
620,0.4895363719826867,0.36087586871394284,0.6704085539297966,0.5614383189174875
621,0.5242534883324692,0.38957138685003234,0.7177166159635039,0.5906849363859991
622,0.4742903514116175,0.35265609854343755,0.6699733157424003,0.5480061222115047
623,0.4769014810723346,0.3715361976310704,0.6657147679529569,0.5718101439461312
624,0.5074176151915163,0.38560989306284477,0.7194796046852879,0.5782683248743696
625,0.48914000421479065,0.38159018137175527,0.6746768234441752,0.5734244542635911
626,0.4730578938822065,0.36041061719623724,0.6749549019455525,0.5436180025042657
627,0.49961481514706924,0.3749334537788734,0.6862760948449896,0.5631682956294644
628,0.505276798655046,0.36904867492679083,0.6848954383702875,0.5619549043130666
629,0.5230769974100089,0.3696311045644989,0.7170682882167255,0.5670544558574908
630,0.5026537564684206,0.37776751033999667,0.696452418534884,0.5784691861349726
631,0.5136562324828791,0.38391631214487504,0.7131274508010934,0.5842201583663419
632,0.48891946471838926,0.36332065894256826,0.6840892989626148,0.5398043531626622
633,0.5047694519195703,0.40455199243396667,0.698966821343662,0.6077155255219412
634,0.4913407301101373,0.37174331650162745,0.6850503372217127,0.563343460082861
635,0.4949032551693698,0.37040741407683014,0.6949301256206287,0.5753155746218943
636,0.4869966619572158,0.36209032036951744,0.7078980922940515,0.5711208816371652
637,0.5099646020569006,0.3664431760429693,0.707241006152508,0.5662897806915206
638,0.5096951061694737,0.3973945570590025,0.691666899628907,0.6060786649461597
639,0.5206959799781087,0.3744709417911311,0.7639538721181856,0.6023235988673953
640,0.5052156399383383,0.38072854453601396,0.70256971415324,0.5847602446474209
641,0.48055903841796616,0.3589824800490662,0.6825265885821022,0.5610594321211603
642,0.5121355385515071,0.391371135087538,0.7085439623958976,0.5930730744560406
643,0.4835306205762794,0.38927403621430745,0.6804750006430638,0.5823058999671732
644,0.5301187764262485,0.3863641696573178,0.727025751098701,0.5878529035134903
645,0.5196627970523297,0.38620747030908903,0.7137831034018034,0.595034985000503
646,0.4881771120746588,0.3620231211281443,0.6727684144396064,0.557009673587502
647,0.5073655768537727,0.35678785843453437,0.6908988784335711,0.5425539269987113
648,0.5069205640012239,0.3743278666558806,0.7096755715410091,0.575982552587543
649,0.508865567377998,0.3900700076434723,0.698133375875763,0.588427678131754
650,0.49554495213464633,0.3484913491194575,0.7018557456090728,0.5452928078803136
651,0.4867302333496199,0.3750658922531929,0.6756184525307616,0.5775742789257381
652,0.5092607618174531,0.3697997706458778,0.7184420488784207,0.5744503069698544
653,0.47664724171794265,0.34762903480026897,0.6812202301781624,0.5512200712926971
654,0.5009516137062214,0.38267077530462085,0.6775808321137341,0.5808955690833764
655,0.48807194256443803,0.35484499968449235,0.6617657035479506,0.5510398806545966
656,0.48407355029748506,0.3587394248541829,0.6741694918079231,0.5536772953487308
657,0.4851749856829252,0.34579079397327067,0.6818471949535717,0.5541474885741673
658,0.4476236421683345,0.32669718226901195,0.6409490299497989,0.5185855160679457
659,0.48633070674306805,0.35668539129369786,0.6838102665597392,0.542418694202619
660,0.4896709435874898,0.37077604729065494,0.6873183081820408,0.5600454342068549
661,0.49914601885827964,0.3598845165746889,0.7067931851583107,0.5515921360557651
662,0.503024362332419,0.37978664517925115,0.7094571522210609,0.5927102037351947
663,0.4819951417899867,0.3651724966730446,0.6594130713873799,0.5517218488179224
664,0.5173108881934851,0.4092330684225652,0.6949584821134335,0.6074294298368323
665,0.5148397083015726,0.3826302913190146,0.7116035132212422,0.5808576511773291
666,0.49513016119421954,0.37684196580327955,0.7068519049340836,0.5711783556881813
667,0.4766838303278327,0.35908161793047,0.6721193414066864,0.5609868215221242
668,0.4937831166469085,0.3820174597644167,0.6772358108547402,0.5651282970367245
669,0.4964284243591826,0.3854019318089835,0.7015437856330948,0.5896493597090927
670,0.4909487050382356,0.3709517664096829,0.6823915446819165,0.5684302782954753
671,0.5160611025826576,0.3536581880482433,0.726960875660292,0.5634051142104579
672,0.5028877281828116,0.391242034422423,0.7103247884989883,0.5906128827563223
673,0.5104539711951586,0.36565841817116485,0.6981822079558319,0.5600138219045234
674,0.5303674560741772,0.3948324504744497,0.7351624544999689,0.6044672821406863
675,0.4825527600146337,0.3676046378285927,0.682643017178207,0.5659658688469825
676,0.5025233484982792,0.3901970853628562,0.7042087128056724,0.5866653166133369
677,0.49659300420671554,0.35489774430420706,0.6927739234346546,0.5499789070399163
678,0.47937732167933583,0.3492388197991008,0.6733723090509229,0.550521062608444
679,0.48537584858468946,0.3804193835964679,0.6685465080909988,0.5693193442388628
680,0.5237815239356248,0.3943757168367345,0.7291009618078557,0.5887596543427752
681,0.5161475995919486,0.3708497437403138,0.715811209904277,0.5528434182190269
682,0.4746252125404334,0.3559518470368522,0.6647380596810099,0.5577296148920402
683,0.5200178660801976,0.3811374980785228,0.7092243186779702,0.586058246803026
684,0.5096293407207481,0.3967158743258808,0.7047654563645592,0.6096187544881378
685,0.5126020488961883,0.36851595827632594,0.7178039461375103,0.5722703035462195
686,0.5095183159650482,0.380532149181338,0.7018100679193906,0.5715419157091282
687,0.5052470439402433,0.38969693314666837,0.700464730472293,0.5808269707287115
688,0.47857758654527693,0.3566792091704074,0.6530080380458526,0.5540281218978798
689,0.5071147240607821,0.37947713487568696,0.7061019471400807,0.5789656589297733
690,0.47640216322423085,0.34354822714236777,0.6664778612703403,0.5448149270066771
691,0.49644192652844976,0.3770212938843609,0.6945132170895378,0.5813718491785589
692,0.49701883378812145,0.3822940411979962,0.6888189396256902,0.5841583550404194
693,0.5012989584537668,0.37752219646214524,0.6896495749186731,0.5737238164930519
694,0.5208318586016849,0.3618931414377781,0.7063885847196266,0.5522633175148458
695,0.480098163707196,0.35834068728701585,0.6649087337195262,0.5484631610681456
696,0.5123187787961223,0.38686017176294357,0.705219579382559,0.5925413478324953
697,0.5035270749535551,0.37409585644926824,0.7016507623268382,0.5616243018370128
698,0.4945780532023079,0.3867262548322006,0.6701102217988347,0.5804464933072577
699,0.49244855456572395,0.368416133054082,0.6824900291489986,0.560875516993013
700,0.5137887781588263,0.37269509836339887,0.7019040931083697,0.555022368735517
701,0.5029592884708712,0.3755387967155935,0.709917468778362,0.5891101724636407
702,0.5096811547045174,0.39880412113151514,0.7287319256163972,0.615018596112584
703,0.5174934065348428,0.3690603727338698,0.7222531070445757,0.5661075899357892
704,0.4885513928914064,0.3692024624092964,0.6889885200096002,0.5674162168855272
705,0.49388112039755955,0.364473697932629,0.6871109174638065,0.5724899210987817
706,0.502661041423107,0.39165414453562525,0.7147279048268022,0.613452942804312
707,0.4889148474571844,0.382894907032912,0.6888077902003061,0.5809205965266778
708,0.5016693904167236,0.3500844242328793,0.7002470331503862,0.5459548258944588
709,0.5202508456754419,0.38905107776599585,0.7134043877259955,0.5873333277529349
710,0.5012974950136131,0.38188487016386696,0.6886935590004536,0.5815558744794475
711,0.4987915349876397,0.3748673738899634,0.6869861531598449,0.5729296635961276
712,0.49894227078849174,0.3817296313030361,0.6861727182569066,0.5781138783222246
713,0.506736762748383,0.3654366970457739,0.7000644909551353,0.566730695602919
714,0.48688487422202953,0.3666312488125763,0.6856092403620904,0.5645383527344252
715,0.5266991405208494,0.41756104524233734,0.724860839683785,0.6177882875893695
716,0.5226830599463291,0.410386557022332,0.7233596972504335,0.6022790462936746
717,0.4807723312515602,0.3673752663438294,0.6662094832427964,0.5476593847496625
718,0.4941109934523393,0.34922174928069927,0.6958526837954208,0.5493748400263571
719,0.5045387135307783,0.3774155485081131,0.7017618369781832,0.5687219343437316
720,0.4882121908450621,0.37827836465089326,0.6757735043814372,0.568743564630289
721,0.48520329414187313,0.36679968173699684,0.6684173827643841,0.5487889082032181
722,0.5279254738372574,0.3896524105011996,0.7273144905222577,0.5980758899418465
723,0.539366932303934,0.39693174811324045,0.7427426972512089,0.5963851094342607
724,0.4762702200824995,0.33018517482686055,0.6736942852165779,0.515885392072675
725,0.47681568368164967,0.3746273835039076,0.6625658429365813,0.5665822466045235
726,0.4995759062576827,0.3417534088849118,0.7066448253336419,0.5468676444687502
727,0.4947316808675921,0.3696150486198527,0.6982469063001501,0.5873721642724894
728,0.4864362337236888,0.3601787860963558,0.6828188684110748,0.5662160483293793
729,0.49408465855896294,0.3633232751465915,0.6782755225816949,0.5651446280120839
730,0.49823526886867076,0.3754048678351449,0.6922298745394958,0.581048470084749
731,0.4789343073134207,0.3618871619875433,0.6698343737899217,0.5699321209532721
732,0.5001344320626294,0.3558279702600847,0.6949499170534116,0.5562548287079885
733,0.4737800518843503,0.34129705671292426,0.6625176960803845,0.5242424973563364
734,0.5102093566322761,0.3854690015054119,0.7090257421028962,0.589146529059927
735,0.5173753115029831,0.36567979496374936,0.7151259602675747,0.551547774924602
736,0.4677246809826623,0.3615524989336195,0.6576007197101619,0.5471350516397093
737,0.4883200451311516,0.36287112376790764,0.6800785825687273,0.542969397328225
738,0.49204273900193063,0.358154308616808,0.6755488587689793,0.5561157565280533
739,0.5045175345182873,0.386709296584448,0.6985936645162487,0.5895027615011094
740,0.4868884536016615,0.35799593612377373,0.6693642425014082,0.5460468620841838
741,0.4853144493981644,0.3728527213868249,0.6772211229021861,0.5547711773834934
742,0.4858362346783031,0.3629153054967237,0.685797786149586,0.5696291886895093
743,0.5313294483674657,0.3983586039380967,0.7084354659407953,0.5814033948078595
744,0.5041132599760235,0.39438316268155166,0.6914091705627852,0.5849445375851968
745,0.48613984427154083,0.3688679097311026,0.6825843700707898,0.5701620770809998
746,0.4961103854049077,0.34882745253164776,0.7005272851602649,0.5540691506010899
747,0.4934772933646736,0.3606255428534253,0.673833175912698,0.565684571356394
748,0.47472181302259653,0.3470008880896056,0.6768729457294527,0.5483725169416684
749,0.4622497200968617,0.3542326065734087,0.6527330447390083,0.5522976196257219
750,0.4856969082916341,0.3918186405150242,0.6767213166553476,0.6186299507338802
751,0.5031410518130156,0.41255942732817413,0.696974885148011,0.6032061525880186
752,0.4559320328357504,0.3517087062424614,0.6459313998377557,0.5445636586441915
753,0.4977574992428295,0.35642895792206497,0.6982473884428192,0.5508969057880979
754,0.49979247783825564,0.3996689131724959,0.6748209009423946,0.5903430500750118
755,0.46188914939486514,0.3499329713392109,0.6363776006182924,0.5387948028859091
756,0.5106206168767171,0.3958289396261848,0.7087557592325542,0.5914447087227424
757,0.4654956278302033,0.36521878787929835,0.6663180143125877,0.5616738939196354
758,0.48911239115028343,0.3854899611231222,0.6843145758831081,0.5835964841206452
759,0.5013155271729384,0.365298289282992,0.6913845705277858,0.5626315411542882
760,0.4765080773476332,0.35385639287581844,0.6713928026525839,0.5437346312364
761,0.4777583538415872,0.3869832947400128,0.656861011934645,0.577218366984893
762,0.533478772692045,0.3990941598362646,0.7310461289056963,0.5954886724518518
763,0.49286963208278783,0.38000505823363084,0.6855989935874264,0.5815117568530166
764,0.5038190438920718,0.38640426618540885,0.7026611878410557,0.5861322555275644
765,0.5114565687470174,0.3814089373577891,0.724632007121902,0.5845790692420445
766,0.49724506928464235,0.3631307237965172,0.7174603372771384,0.5752666867578702
767,0.4807838501029114,0.35014221001340107,0.6581743704640607,0.522098771829811
768,0.5122686547338269,0.38792640867833533,0.6857571003443066,0.577040664595589
769,0.5061200935828506,0.37566992752848033,0.7041396612478532,0.5828328507842722
770,0.5485459894028661,0.4054651960223629,0.7408629977981529,0.6134109207176185
771,0.5099039649858165,0.3905597263621085,0.705468083739358,0.5881872559943625
772,0.4969596085159778,0.38192173741822744,0.7010570426958896,0.5976041855094824
773,0.5166323631820962,0.3679616377335872,0.7250934140648384,0.5739921665546558
774,0.5230306515663502,0.37078786337788705,0.7376050543855672,0.582055869221268
775,0.5254334423562416,0.36930742766094377,0.7463236046997035,0.5695099994191959
776,0.4930337739293173,0.3543034966634744,0.6739234792377382,0.5361824209721727
777,0.5131162944898652,0.3763499418119865,0.687283898054142,0.5413161960234021
778,0.502047985681211,0.3713913593132119,0.6897657437256375,0.5660281325173944
779,0.5214557439208524,0.3943787554852224,0.7047849327913763,0.6058968700699929
780,0.48473913452252,0.37179807419396976,0.7002160071129973,0.5826682952905716
781,0.49277644420009004,0.37208937535699654,0.6796121308863656,0.5748830736578235
782,0.48540943377310547,0.37574576487820105,0.6951370205621218,0.5929254222778079
783,0.5270871538264078,0.4007725877982394,0.7389680614629802,0.6049944859771398
784,0.4934835212702162,0.361953520802866,0.702942440153691,0.5783369154060144
785,0.47601064300620494,0.356462063191374,0.6523442171661911,0.5418307424590022
786,0.5306970806555993,0.3971670389971419,0.7207403579284548,0.5892253243525709
787,0.5137485130591305,0.38379718812311286,0.7163508227954025,0.5849771756856514
788,0.4799039719455851,0.34313700197613933,0.6819104202229863,0.5168966191503852
789,0.48059518438894006,0.39702405933760615,0.6734141581759902,0.5959594611681601
790,0.4990398974764394,0.3703994118436044,0.7117976197256909,0.5751075376639704
791,0.46440048957057384,0.362016091018359,0.6660605344053149,0.5552377556843021
792,0.5024388368160007,0.3922293941520696,0.7141293028753214,0.5893182379625785
793,0.4968112702238379,0.36884748835329667,0.6964132401020501,0.5761020703416304
794,0.48452464798390144,0.36271302938966704,0.6710296911343413,0.5514771962123252
795,0.5110975886269139,0.3868942814426601,0.7167454616000213,0.5988773206867999
796,0.49010421587628616,0.35658324161657307,0.6788385830655811,0.5431399525442975
797,0.48233406428413916,0.35349705274850723,0.6704524699068717,0.5433351353743098
798,0.49951150382973114,0.38305479932767067,0.6888487360192536,0.5931387243653085
799,0.49834774963932366,0.3912590830867742,0.6951489311860696,0.5846800183626872
800,0.4859209467839391,0.3676385406382841,0.6865895328664628,0.5817575883934403
801,0.49461815581964325,0.38094208511605554,0.6984366329734945,0.5644562934962153
802,0.5142606755612305,0.37331139906483984,0.7153330894941027,0.5616036599343613
803,0.5204577955623247,0.3968412518041202,0.7191218685425955,0.5959205296905645
804,0.5054393813708655,0.3596884427503698,0.7133365470797263,0.5535610603949466
805,0.4808335972785127,0.36377031625859685,0.6766923115455532,0.5547388516975065
806,0.5283782383127132,0.3674463508225783,0.7319502513748847,0.5639690413375071
807,0.4790232931492484,0.3903716605896034,0.6740576060457448,0.5935275873463133
808,0.4877141100717594,0.3701937748928268,0.6709090608421923,0.5697164291522466
809,0.5159031947598182,0.3765833493196096,0.7125820620157671,0.5617753634824054
810,0.514589206654817,0.393425679670307,0.7067618236775638,0.595206595231072
811,0.514960564317531,0.39317966679516564,0.7255730675249022,0.5888722176450903
812,0.5030892029772583,0.3666159111167051,0.6980930580199464,0.5593447837833124
813,0.4827394221501317,0.35942283899396166,0.6950558121063168,0.5645971827550472
814,0.4820058442793595,0.387995952880402,0.6790378352423767,0.5838459496459524
815,0.48514718470872714,0.3698561265213979,0.6780614569716763,0.5703675951135507
816,0.515809600424597,0.37210723231651216,0.7083922207442371,0.5631908207456484
817,0.5175626422766553,0.3889819092642206,0.7188640464239208,0.6057106052004618
818,0.4998412312840055,0.3897586799865405,0.7042271180788632,0.5902663852941883
819,0.4916163168579484,0.36462098935641696,0.6948431511366328,0.5547635266907465
820,0.49860463480896233,0.4013250087084855,0.6819427262835204,0.5999180296137627
821,0.4794407984541814,0.3498669290046724,0.6784759210619525,0.5384839786715919
822,0.5292320028203888,0.3789860960434319,0.7212506645505278,0.5752281566518296
823,0.4727616258631736,0.34422887934779944,0.6493893345634162,0.5235135221230427
824,0.49142042881158726,0.38111178427703934,0.6938969681196293,0.5719951481186079
825,0.4996798889004253,0.3821851283381398,0.693898083003316,0.5761547331689935
826,0.48691942950251543,0.36231209732561165,0.6704172610425154,0.5465998994517139
827,0.4830077389392036,0.36320450447145525,0.6732627303937733,0.5450197536315842
828,0.4785798504628457,0.3715177142126889,0.6649649480880075,0.5694915668804014
829,0.5066393431836286,0.37701728673907486,0.7014632098643528,0.5823305082323685
830,0.48761064740007276,0.35875057216184714,0.6861570227482715,0.5491194473673481
831,0.5242899673722459,0.39393348752756313,0.7151288754382803,0.5898511011163482
832,0.5256354492322065,0.3847063095252671,0.7229322893890069,0.5820772371343294
833,0.47046671849359706,0.37022039538175283,0.6696952071402456,0.5687581250769826
834,0.49702383672763345,0.38018523034108814,0.6934210165933968,0.5912117773585016
835,0.5061794678721634,0.3699002242738236,0.6984183766057803,0.5702155174321487
836,0.4989391527656723,0.38209474303133584,0.6807153587390978,0.5867292268165339
837,0.5001336806223199,0.38494676786533105,0.7134428035573074,0.6048674726832381
838,0.47861333070061907,0.3612952200849421,0.6626600141725665,0.5508276130331441
839,0.5039208291775705,0.3637998679513974,0.6971139036275887,0.5567744653318564
840,0.5137372450500772,0.3928664825906804,0.728335110941264,0.5984936367811455
841,0.5074972544862406,0.38970797397959744,0.7074310546226208,0.5886928084643976
842,0.47989258445844113,0.3707049351387886,0.6696243915825881,0.5637970373121004
843,0.5092931762645091,0.38447844412666465,0.7075563833232646,0.5996454105459907
844,0.4870573665836675,0.37728716978594073,0.6797372152564576,0.5864565412535432
845,0.4858695299426379,0.3712505215950697,0.6774902211273993,0.5576262156371591
846,0.48743772432178384,0.3675504712213984,0.6952628818522388,0.5534388093235028
847,0.5224697667842635,0.39056674659837964,0.7152450266256789,0.5945236341111669
848,0.4726235074294702,0.35158825785481906,0.659483304089127,0.5387273971837203
849,0.5099787579447913,0.37281446286477704,0.6966493269423455,0.5418843953790592
850,0.48726414677398217,0.3772967051907763,0.6708359790908511,0.5660251448414207
851,0.4901547693223792,0.3519190506279463,0.6851917752110587,0.5329750880939873
852,0.49240277119178666,0.39895072165538054,0.6815976298006807,0.60157848933325
853,0.5107341737342366,0.3763266309106467,0.7055370638026275,0.5640846130173635
854,0.49326724727786236,0.3823464779092811,0.6747172266700507,0.5751075114528856
855,0.4856442160333441,0.3451719570047845,0.6899539451035893,0.5271106561627068
856,0.523253974248562,0.4001739943352352,0.7113114744255628,0.6037346872821482
857,0.48710982543981035,0.3855582571159198,0.6899170764383554,0.5850156179164991
858,0.5076394159214669,0.39160210312246047,0.6983639566087184,0.5870069946282694
859,0.5267822600700872,0.39219194839098964,0.725333032304147,0.5972770639856319
860,0.5144982082155682,0.40641692402021506,0.7149311260449899,0.6171277896928672
861,0.49543621503016444,0.3703683405313352,0.706795847677249,0.569854829708755
862,0.49249674965593926,0.3752478666473092,0.6845813018491622,0.5760214356223906
863,0.4962400594534525,0.3737835907807634,0.6847993291500905,0.5736902713347058
864,0.5104604046838351,0.3605522844556496,0.7187563587143175,0.5591830941502127
865,0.4972103644626128,0.3781928282194405,0.6937877382343951,0.5755473479733978
866,0.5016907703457045,0.37963612380777695,0.6891933687877295,0.5861189298575394
867,0.4943552009334999,0.3677944540896773,0.6947874409373304,0.5789742086521634
868,0.5033206142691246,0.37862472458803703,0.7062240686299736,0.5780333905500816
869,0.539026192827565,0.4106383279749489,0.7297605229501413,0.594023554050439
870,0.5438684431792306,0.39372253311905653,0.7393061354932481,0.5991741946679604
871,0.4966892240739224,0.3653648652388349,0.6890427566302819,0.5727109706421792
872,0.49573833679078655,0.36815816652974165,0.7060238034524325,0.5657493552933454
873,0.4953102908269865,0.38246172299158704,0.6778061018202123,0.5835926434440221
874,0.5020642279419028,0.37118053105797694,0.695692236983525,0.5577655575459176
875,0.5027844786039073,0.4031926173922057,0.6897348443632254,0.5925674067736101
876,0.47246345056210365,0.3475014390540379,0.6583318291803933,0.5484748909230036
877,0.5025556734329083,0.389778966551983,0.6958334584382706,0.5953758873527606
878,0.4913897559072118,0.38733962532816724,0.6938058339000798,0.5843391747829154
879,0.513437168627003,0.37911118135874566,0.7162882492066308,0.5750508661865354
880,0.5126792620321661,0.4047870831971458,0.7280995035546595,0.6261959406986172
881,0.5031127123790982,0.384632384427674,0.7038317655728543,0.5937192747707738
882,0.5221814702470085,0.3741040633748652,0.7104144175096319,0.5669776453733146
883,0.5016516331899386,0.3755984333428561,0.707731453626403,0.578286949320726
884,0.4885415796277676,0.3562499715376564,0.6774023648975588,0.551756448055908
885,0.5002952368680484,0.37917542506368596,0.6873178228215147,0.5747213038161829
886,0.5292440826662884,0.4061500843163781,0.7253896450340448,0.6191361943953214
887,0.5046791264932251,0.36993862374252834,0.7013732645092441,0.5641365638894135
888,0.5155536524384859,0.3973933920205892,0.7007130740193768,0.5883344739530082
889,0.5125268365104988,0.39195007896135237,0.7090799198317632,0.5944239220086479
890,0.4937142551861445,0.38038767316253447,0.6753302709503154,0.5613987513879398
891,0.49923772857992355,0.3719786913417162,0.6987143452309089,0.5766192826652671
892,0.4966584056621684,0.3667400240840753,0.6840287471738363,0.5567598905761498
893,0.5041038733643053,0.3707779198059425,0.707568167709823,0.569888429855201
894,0.5175301220905123,0.37699312722601425,0.7147669613540968,0.5875540999145703
895,0.5140456268501449,0.37883889302420176,0.7203628843443941,0.5923394286590182
896,0.5059623053613939,0.3760894454475821,0.7132544718578838,0.5797198858083465
897,0.5253665560232423,0.3895670517779696,0.7177821528090642,0.5941008787310755
898,0.5140868790947491,0.3718060680849547,0.7231449621974821,0.5609288184512784
899,0.5151874746879712,0.3827273110741822,0.7048954693769848,0.5777880111937381
900,0.4936011538557248,0.37767608655905693,0.680972430460222,0.5683759358081987
901,0.5077176278807604,0.37843448044007966,0.7279864639914971,0.584550195035276
902,0.5241982799153491,0.37360975958202414,0.6999601851745416,0.5737258124956361
903,0.47061791048175894,0.3630440016736981,0.6338307329140653,0.5431534638135915
904,0.5115900424888257,0.3881619969306527,0.7235099234776176,0.5962442576962638
905,0.5149517512230933,0.37745966746639753,0.704279538454615,0.5666432000016524
906,0.5101652313464261,0.3735912834635038,0.7076819403254894,0.5814052158850452
907,0.5108126602283823,0.36397677084704116,0.6947035511815555,0.5479034464523719
908,0.5025613819382855,0.37127926648122794,0.723065997164395,0.5909431293060918
909,0.5063511892640581,0.379258807300151,0.7100153705819596,0.5732529905605003
910,0.5116798870251591,0.3848360653598363,0.7145422688299063,0.5767067218321247
911,0.4940916297265081,0.3735786081861938,0.6973561987156119,0.5820304238618894
912,0.48670112865408355,0.3633620289283699,0.6613810849429156,0.555939529821133
913,0.5061555693382185,0.3849361308154067,0.7065912485403508,0.5760361832568532
914,0.4864317650496363,0.3727577713407127,0.6898761165612223,0.5797202157556285
915,0.4877761388252614,0.36058695169212723,0.6927404865605223,0.5554250880895062
916,0.5089854011983413,0.3678760669704457,0.7038827259348487,0.566731035421515
917,0.5105956998280854,0.38287722223854825,0.7029161294367015,0.582820227657469
918,0.47794511869377654,0.3655672654648218,0.6873419889222854,0.548712579811141
919,0.4972196195544662,0.3617593542768296,0.6898073105157035,0.5726336402355745
920,0.5099702134053338,0.37614201841042094,0.7035835794361807,0.580176140784542
921,0.5136119136571824,0.3708866389391622,0.7098404585715354,0.5691445845819401
922,0.48239372854091933,0.35664608887695165,0.6810499186209248,0.5529137982195311
923,0.5133489325855509,0.37850505757295966,0.7076568618064717,0.5667131956298429
924,0.5095660203629799,0.39789261712070445,0.7079346248324806,0.6024081640336467
925,0.5062310574656139,0.37403613521119566,0.6895595722398911,0.5691272817970424
926,0.5106247852234539,0.39079440770822377,0.7006398347020726,0.599857587374948
927,0.5087698388928826,0.3899670759702513,0.6911395733090577,0.5916901571439152
928,0.48801556955582504,0.37202160913526033,0.6659199596037372,0.5656407264410858
929,0.5331275448891989,0.3731375765908899,0.737614720085487,0.5755708854846316
930,0.4892009203120401,0.3716482318880273,0.6964261757904447,0.575789683514057
931,0.49909752252918127,0.3830454116246247,0.6880819004318459,0.5858114121398362
932,0.47517055958613835,0.3649607828891296,0.6881316986797958,0.5641536557896935
933,0.47745128436192313,0.35348675907299754,0.6733490047345099,0.5535914376450485
934,0.501100822144155,0.36837356656534254,0.6909928056610347,0.5700193447264525
935,0.49631575359376434,0.38772897426051045,0.6835347703492345,0.5744385405648249
936,0.49845609995800777,0.3683523244132713,0.6947287578017894,0.5667213877415895
937,0.5013786612239582,0.38917351812599493,0.6689579233158837,0.571701936287554
938,0.48669187218936927,0.3547795290688439,0.6670718752123098,0.5524657525506413
939,0.4791497076788758,0.36521113647222875,0.674107945986849,0.5688427187196411
940,0.4973607969068618,0.37050522848603973,0.6911795411044581,0.5848891357997471
941,0.5126521789613647,0.37250398974501414,0.7148828075800578,0.5555232780346543
942,0.49071562163276683,0.3662316004278871,0.6782204017762378,0.544386143572454
943,0.4818565104643471,0.3554654650014379,0.6716692698228512,0.5444102445265528
944,0.5422227866373632,0.4198794287035047,0.7414641328499907,0.6357599896589856
945,0.49129644694138247,0.38340767152814426,0.6854064468866319,0.5869880646018762
946,0.5093090085844308,0.38076524786619725,0.7168028647530306,0.5824637088053347
947,0.5008520959161064,0.37744611126849925,0.6835251873169014,0.5615150646893023
948,0.511523003069152,0.39573584845066034,0.7085521427767588,0.5979124184979606
949,0.48647338628600284,0.36128347723005505,0.6989524784749037,0.559286834712799
950,0.50020511410966,0.3941549117105514,0.6960219765005887,0.5951565392446576
951,0.4914393954514191,0.3660788651406001,0.6753672981551798,0.5441737101598283
952,0.5006232568343431,0.36927118729142705,0.6826793760728891,0.5537358722307489
953,0.504845944058927,0.3733104358859884,0.7062609704147524,0.5939136580251039
954,0.5054288315212595,0.3884479658973512,0.7007979970556555,0.583786449316887
955,0.505541228766203,0.3782941623486413,0.7039589363283012,0.5732061920392467
956,0.48470321467615063,0.3895562631971963,0.6718145944144667,0.5712938243271544
957,0.5025178183602286,0.38021921293481475,0.6864724052657449,0.5744784465918761
958,0.5277190635398514,0.3972444921745686,0.7107425715789139,0.60632405451973
959,0.5123088496816453,0.4012140316603212,0.7002784851651109,0.6052040988002134
960,0.49547192862487166,0.3737696440284405,0.6874390709576627,0.57737792838906
961,0.5083689214615817,0.3485541511111794,0.7128277425814049,0.5394072366341959
962,0.4879046153321961,0.36573985374113377,0.6874819937983139,0.5532231453305134
963,0.5080293989218512,0.3764850354183859,0.7095037002113317,0.582571696551205
964,0.49638889732406816,0.39105798990588886,0.6877202782021723,0.5983117030882739
965,0.4871603973766564,0.3808429469238398,0.6616822261151374,0.5666185171528335
966,0.5023114272445027,0.3887385647013191,0.6851525612845973,0.5767698775048881
967,0.4927299159724912,0.34564664876587253,0.6664481126007451,0.5267215988292521
968,0.4774934575152144,0.3482943411275366,0.6605572302970589,0.5428199893865606
969,0.49760131740631,0.3565948336056613,0.6825608675554088,0.5372187036165335
970,0.49259650605661565,0.37820550248818674,0.693819582714468,0.5882832211182426
971,0.5227999500845473,0.40041189871595484,0.7265998818979948,0.5917173516825113
972,0.4949350435911319,0.37376503067640315,0.691766792076789,0.5723199755217806
973,0.48660185132670397,0.34249201925068884,0.6837105984657316,0.5417077187059158
974,0.5261642645600432,0.41010178535931036,0.7096806047623822,0.607449489772863
975,0.5097215035032298,0.37156467394882026,0.721943294781987,0.5809252534578222
976,0.48845560411470734,0.37906185542448717,0.6928643242370656,0.5957468261109153
977,0.4869076295217846,0.368920732733065,0.6879932857180387,0.5532772917355162
978,0.4974865174667618,0.3557179284988975,0.6961145148043705,0.5554155799795437
979,0.48866875391202635,0.3617176503407793,0.6839555319687338,0.5571285319990101
980,0.5181747779043356,0.403385903449008,0.7110820519990728,0.5925237816625445
981,0.48888824607991205,0.3679566075797469,0.6785540901828521,0.5544553230698703
982,0.48794761440923,0.372395154456,0.677955149400547,0.5595903656716769
983,0.4874941421820121,0.36992635438520655,0.6622029040025368,0.5461285651136643
984,0.484366210342803,0.3557981393995783,0.678073816734676,0.5567695096126382
985,0.47844456696960347,0.3484841600465746,0.6732268998239109,0.5366494600537507
986,0.4956430841934871,0.3783042604618994,0.6782694992707986,0.5540732614676552
987,0.48341835545683104,0.3866586194821035,0.6747441242058958,0.5754416212676017
988,0.48034483688933716,0.36415007443583847,0.6895482123829403,0.5637070701315443
989,0.519754273450298,0.4080689287633507,0.7307856658452414,0.6248678564621083
990,0.5114463520578857,0.375846536109654,0.7046973829992207,0.5784212093074905
991,0.5141542951087521,0.39883893884325605,0.7105723651237882,0.6127441569638062
992,0.5135940342808475,0.3787258778546651,0.7053727144904692,0.5794321282659554
993,0.47664332573566265,0.3596460561604949,0.6785352721640967,0.5603377741658513
994,0.5292928292177432,0.39541447629478843,0.7365010813097849,0.6060213497970238
995,0.47714075952968105,0.34843516571306204,0.6614986091803201,0.537805390258574
996,0.4838740817924142,0.3839032742415761,0.6858113209645476,0.5914885718692935
997,0.5249789870823391,0.39600812363428295,0.7339413728613635,0.6075123874245779
998,0.5067414117316507,0.38799636186692643,0.7027122432790934,0.5877423276297549
999,0.47022147654034047,0.362010608268172,0.6606725764368401,0.5586595335264505
1000,0.47552751154959544,0.35781810195536384,0.6691271320479675,0.5530395886796539
1001,0.507008602018987,0.39743969320160066,0.7036215480985396,0.6123159537859543
1002,0.4919433351936268,0.36981250513712494,0.6745165255408334,0.565005609854169
1003,0.4909164863203691,0.37830248368074215,0.6895086761964139,0.5836161839758899
1004,0.49530538040726085,0.3795016202504154,0.6888458676806714,0.5684031603008906
1005,0.5049031300455135,0.37717640566760424,0.7110760163326281,0.5754884433317011
1006,0.5134387886655012,0.3903827508642912,0.6994583646273215,0.5728274173709472
1007,0.5236104462529241,0.4098875621957423,0.7215041745968325,0.6186460106145567
1008,0.4897360493583844,0.3448616562184362,0.6753607681452181,0.5343109506779029
1009,0.5028505813214434,0.38036335425193435,0.693103708982725,0.5867435598790692
1010,0.49107302698160826,0.3599603782515758,0.6912607455714592,0.5557327700168551
1011,0.5086556315949834,0.3692895452482847,0.7241290004817578,0.574405674185674
1012,0.4995923755616519,0.3724535042979793,0.6856281010530149,0.570983240859141
1013,0.49732991031455903,0.38925301035874843,0.6859200799523035,0.5849623344359206
1014,0.48787263305778505,0.3694405222114822,0.6830584354529075,0.5593552479451857
1015,0.4856187139003753,0.34968264010850025,0.6827251189495007,0.5394654056050073
1016,0.5190972531549364,0.38931655242004515,0.6964259355413985,0.5811281828216315
1017,0.47764566338503656,0.34789040887665035,0.658282630995359,0.5376329557815589
1018,0.5059138851682774,0.38199348799307203,0.698213084138075,0.5773526357655538
1019,0.47637159537140594,0.3603195134166676,0.649158190422785,0.5523087515363999
1020,0.48875328558221626,0.36875324951161936,0.677569677005286,0.5673251338082261
1021,0.49483357689230767,0.38671382629869133,0.671816610590259,0.5718817099722907
1022,0.49338109124911395,0.37782656107270013,0.6910616777653147,0.5688250095979024
1023,0.517550797914333,0.3945631555490343,0.7010027359745269,0.5895858137776907
1024,0.5168596079706493,0.3863323933313151,0.7113503410594784,0.5841026488455964
1025,0.48671756729054794,0.360502587256791,0.6823183097709882,0.5434399090615292
1026,0.49081179550422266,0.3528984484324549,0.6909516922581307,0.5420321059466651
1027,0.5284681602385469,0.38597579211496824,0.7240880911543772,0.5786187402505911
1028,0.5172585024530341,0.4064110229505042,0.7295463927060729,0.6256494287903804
1029,0.5033823341917015,0.37434630692036797,0.6938574173253945,0.5773954466238221
1030,0.4840165395786823,0.3646052447087356,0.6931916088262625,0.562573544808948
1031,0.5259965085447624,0.3789889326591708,0.723202388394305,0.5896607177386317
1032,0.5242725550878348,0.3982155771939927,0.7232597526741915,0.5898403260935781
1033,0.48763897474561835,0.366700547337401,0.6925895270944769,0.5618569253417685
1034,0.4817964357267975,0.36490656721296383,0.6726060456761005,0.548897825077429
1035,0.4950016768151501,0.384211134780228,0.6729008633523201,0.588079199012576
1036,0.5177847830328325,0.3943993809013732,0.716562305026102,0.5900721716036247
1037,0.5086933464750966,0.3685817315777319,0.7020659676780344,0.5639709903004065
1038,0.4920233154725774,0.37727511222124016,0.6748975021482474,0.5605676136700727
1039,0.4881183547561798,0.35156218915392873,0.6926020607781378,0.5510919940210057
1040,0.4870827489669648,0.36683486561493994,0.6815553390288228,0.5592660423715745
1041,0.4682364123834943,0.36381927314008744,0.6660704443317155,0.5552936673021027
1042,0.481413291359386,0.3640620973986874,0.6819125015308481,0.5573627483426442
1043,0.4884846832809984,0.36883945363762805,0.6770752341426147,0.5746139577178175
1044,0.4948253611281375,0.36393002120981255,0.6749478224152045,0.5374395232706889
1045,0.5210502355545994,0.39366044487811364,0.7285452368916752,0.5953820821431977
1046,0.5058459573471765,0.3729492392855691,0.6893633478124367,0.5626383618613721
1047,0.5237127209791427,0.3803518337721501,0.7247510333099452,0.5909646952072145
1048,0.4963743809227549,0.39778296171060923,0.7028092623495978,0.6058659007651229
1049,0.4922909230942772,0.3702840664455472,0.6968044314957832,0.5802009965502076
1050,0.4705877358167641,0.35098764252186176,0.6585838219617612,0.5319710438736487
1051,0.4849904836772928,0.36018260370508476,0.66079873761944,0.5517908481600521
1052,0.49045458571946504,0.37249307936817533,0.6767050782239431,0.5887923609371625
1053,0.5068878336246249,0.3643689578236033,0.7032312118502113,0.5698307614386217
1054,0.4856259866437212,0.3740855354090026,0.6784924387703717,0.5768586852275585
1055,0.49429841712018113,0.37537402407594966,0.6996071320100523,0.5816581388131917
1056,0.4901527702340759,0.37598846206829545,0.6826836785699811,0.5699210211072051
1057,0.5187234801415732,0.3861234999297152,0.7078501198156888,0.5824686591861281
1058,0.5079773344014062,0.36909216666932576,0.708460460218292,0.5592727508885361
1059,0.4892824970688037,0.3868943410688951,0.6758520241813437,0.5728544147707971
1060,0.5003128596979223,0.3701912542286746,0.704666402660873,0.5764175728896795
1061,0.4899652152978157,0.3657949812999358,0.6780015755718015,0.5662228988629511
1062,0.517576548696184,0.3997265653865252,0.7166108573252259,0.606916857309419
1063,0.5095392655850821,0.3851578395574334,0.6973423200802943,0.5843120747999961
1064,0.47193667184276517,0.3749854294771542,0.6671289503757074,0.5753232933057283
1065,0.4761638069734241,0.36761689514772544,0.673855397001457,0.5706420205294243
1066,0.5147689601977321,0.3869015546165149,0.7041234689101367,0.5812919502852258
1067,0.5028062174900327,0.3676338415585067,0.7027748406157122,0.5624589715219156
1068,0.49626920765912325,0.3699148484315577,0.67907685153283,0.5475325363154476
1069,0.5126258009545401,0.3837789382972871,0.722601559794462,0.5867785465759392
1070,0.47214636645777713,0.3640243361490972,0.6499653432079157,0.5395355511734639
1071,0.479737036727955,0.36031869079560713,0.6753885712002918,0.5551685160078104
1072,0.5256919220336673,0.39740234916334255,0.7355453529994922,0.606062962265612
1073,0.4810614160414929,0.35163359455494914,0.6744691282719641,0.5426886348128519
1074,0.47610585665522254,0.36186539786927485,0.6720997564221558,0.5471365274493001
1075,0.48764006817483974,0.40394935195980797,0.6702094137831989,0.591191414018793
1076,0.5175420520688292,0.3926002232830772,0.7146015738319609,0.5892400575663488
1077,0.48305836860626133,0.3852437682464916,0.6716087632447315,0.5899849937187138
1078,0.4957369103396949,0.3923046896964056,0.6854274416676854,0.5909688882265769
1079,0.5122423302625777,0.38603539482213933,0.7007888058990148,0.5959719954872343
1080,0.5024801582404148,0.38987236911603496,0.6888458085899909,0.5896521842204758
1081,0.5040539624271478,0.38259255315130636,0.7034087646144344,0.5667017196668451
1082,0.5076195834573882,0.3906294993030758,0.7054439179171075,0.5809448571070371
1083,0.5067020973377966,0.37420905148562417,0.6955427900454976,0.5786452561016334
1084,0.46960764204049193,0.36333845909169304,0.6633350871796059,0.5532110048079216
1085,0.47226651434427963,0.351123665816555,0.6745390730727366,0.5438814169859066
1086,0.5034742240026617,0.36564309825716335,0.703800616420595,0.5612252201204772
1087,0.5312372366834176,0.3858979749182148,0.7324034348320485,0.5818151149690816
1088,0.4614608448876638,0.3581223369769943,0.6489021376456406,0.5524137345214897
1089,0.5077252082478588,0.3893241890232719,0.6955351533893697,0.5762448719924698
1090,0.5001754070939101,0.37537723886597624,0.6790499635864079,0.5694518029772001
1091,0.4967367611259621,0.3998125734224193,0.7058947620937183,0.6072246435749973
1092,0.49397561975191234,0.3479548139068517,0.6813934317803089,0.5240574518347839
1093,0.516621966542478,0.3981759398509277,0.719353081000151,0.5997412659444321
1094,0.5030620640073713,0.37026573958836606,0.7005975980976862,0.5703127867451449
1095,0.4939842858117792,0.3866422252581569,0.7132270116985309,0.5823148270587782
1096,0.4649823076873135,0.3527313762560822,0.6609639762414228,0.5388728283289004
1097,0.49216219986189974,0.3339306043307067,0.6968419612489946,0.5385641433741324
1098,0.4819228390618379,0.3467466806841097,0.6941128037763403,0.5490375379118243
1099,0.49859594333102475,0.38436911957243675,0.6905353200511078,0.5964342804824168
1100,0.49072717817235906,0.3825711159228402,0.6809863406533263,0.5871935538516593
1101,0.5001657204782304,0.3775952991959212,0.6833645012408525,0.5734417071823515
1102,0.5081771686271443,0.3864070810614112,0.7005056192796189,0.5873749717197231
1103,0.4891340250552584,0.3631695559554339,0.6899254870339776,0.5600144699105967
1104,0.5007535916280123,0.37529135543990116,0.688514419715873,0.564677724854983
1105,0.5136128237771189,0.37177643504874724,0.7125259243401384,0.5523324333761301
1106,0.504872549949962,0.38877897493102204,0.6866468447827875,0.5947555346048099
1107,0.5055305638395216,0.37791610055149094,0.7007410006901408,0.565440244917007
1108,0.4989924290560816,0.38499856796511717,0.6833441250232143,0.5847667881845663
1109,0.49736412303754685,0.3942973630296033,0.6928785845257126,0.595435319371121
1110,0.47413147470360817,0.34191588357399605,0.670876791412873,0.5311000866505818
1111,0.4848882303565108,0.39674455446868145,0.668940897399716,0.6078508020971655
1112,0.4715515658127669,0.36154116153725346,0.6603892526550541,0.5610400351748409
1113,0.510979133539048,0.3774419997836278,0.7104903287086867,0.5894067224299249
1114,0.5062274192298272,0.3768232947709784,0.6970821379013505,0.5753012234017887
1115,0.5013477960164809,0.3691106067103276,0.6792825173133111,0.5582886533616108
1116,0.5049547259909372,0.3657429601960496,0.7048474962266943,0.5651065009163428
1117,0.5014077505936365,0.39086942074867553,0.6893870012553021,0.5832400039903438
1118,0.4939048074120533,0.3621653073291014,0.6862345241523832,0.566695945976367
1119,0.4803233111058315,0.3740015316314889,0.671344522894598,0.556032574576872
1120,0.5070430702366191,0.3830498948315644,0.7096051692475002,0.592618932612852
1121,0.48329101313252293,0.377322204319211,0.6794468339800473,0.5688388718418348
1122,0.5128467835727966,0.379164452694847,0.7055619959713011,0.5952104480546616
1123,0.5016148089447146,0.38839309244316456,0.6940826360125703,0.5785492806097585
1124,0.5051757617825123,0.37842657347516956,0.7063707419169405,0.5730986883994895
1125,0.4996074886187446,0.36490304745664875,0.6868501845365207,0.5569341255090731
1126,0.47620886694739517,0.3729701206698345,0.6656411791937996,0.5638328361915893
1127,0.5158753877076394,0.3937536248988466,0.6933941169137818,0.5995853139587882
1128,0.49332740083335924,0.3464411860225669,0.6971858794400618,0.5506039435632811
1129,0.47375280569564726,0.33498563593721703,0.689734366631255,0.5325584737947646
1130,0.49666835447454816,0.3489099765607186,0.6978826549580457,0.5427555775670326
1131,0.47413971789173354,0.354726959097668,0.6766601007257913,0.5659523026429536
1132,0.4883714465190614,0.398947010782903,0.667122072380506,0.5758033450190699
1133,0.4859773496225484,0.37472495530653344,0.6643454996495184,0.5653108791294865
1134,0.5147372176509487,0.3803900708336173,0.7202649582764513,0.5677153778129372
1135,0.4772850333502396,0.3577946840252735,0.6780734607336164,0.5762898388031054
1136,0.48514092217390026,0.3919661751418536,0.6809625470960179,0.5800641195802199
1137,0.47286416418329474,0.35324942702958523,0.6661579747165223,0.5295064655633781
1138,0.4993745058168917,0.3629668367489842,0.6966266602403443,0.557382498416286
1139,0.4711458704324402,0.3491712121842261,0.6492230154799875,0.5445171908721652
1140,0.49263198166840017,0.3833852879623132,0.6779179621409733,0.5784531406968108
1141,0.48638931513264366,0.3820221417435718,0.6838221357963331,0.5808801208964905
1142,0.5065704845143431,0.3983229244576114,0.6976878968535528,0.6060882636097388
1143,0.5152221123584766,0.36814910836652714,0.7132812688610753,0.5780448628220719
1144,0.4822081254385441,0.3765888911465693,0.678441221029781,0.5673109852230592
1145,0.4796576642161931,0.3520480571707069,0.6695862872289391,0.5398280389212415
1146,0.4930695695266897,0.3866625360570921,0.6837410972110479,0.5834149050495022
1147,0.4938659400500687,0.3654500756146611,0.6813412354057051,0.5658999326095928
1148,0.49979485160064385,0.38414463934462006,0.6920580156380448,0.5849625447991221
1149,0.4968495645413726,0.3794652933203606,0.6953819948989293,0.5916503766895985
1150,0.47495766395039996,0.37020544233279484,0.6571750213077063,0.5778838501753534
1151,0.5242700063648724,0.39873374688420316,0.7202798750333811,0.5993137325920919
1152,0.4852105330500934,0.36946422666168743,0.6785871386563795,0.558105078306185
1153,0.4884486511276864,0.36450301648770167,0.6946503258359161,0.5677815843921281
1154,0.4958477369954127,0.36813501820950617,0.6900446895171258,0.5707935580124318
1155,0.497883694513152,0.3625269649989697,0.6909916908539401,0.5666706356698872
1156,0.5247560309522178,0.38980162159371523,0.7092859815461658,0.5876834057211997
1157,0.5302304772037266,0.3915151571421827,0.7221407807267497,0.6080933839034451
1158,0.4883688763784241,0.3610020547957593,0.67768406362927,0.5452930898990852
1159,0.5044418801423496,0.3651509487740915,0.6954600962488906,0.562669333341406
1160,0.5057857139439927,0.38662481782430147,0.7055047917532102,0.5827783766645681
1161,0.5256880264958163,0.3908148279286397,0.7197261112077993,0.5895001296080156
1162,0.5033992205078239,0.3602290299850416,0.7059241073419172,0.5606149497350226
1163,0.4826644017225372,0.38077680898818067,0.6835030597441001,0.5865284804402109
1164,0.49017803373818775,0.38256099667337096,0.6910363687460161,0.5865461348970167
1165,0.5039888674440297,0.37936586825951774,0.6967462847451996,0.5730101693644878
1166,0.4713407165559048,0.3558023337557272,0.6550216345259469,0.5445234074642018
1167,0.5010359951425929,0.376184078060392,0.7121920457048158,0.576729255690868
1168,0.5100034618177555,0.3752319547069612,0.695363281810528,0.5623941850052978
1169,0.4816142270384679,0.3667604772949051,0.6828185722658682,0.5835075089656879
1170,0.5086081371006229,0.3937411810791558,0.7100910074561624,0.5822595445075618
1171,0.4893978085101755,0.3766324940092366,0.6838112076120458,0.5727456126850026
1172,0.501198880112034,0.38466049234877775,0.6991055616758438,0.5757335628648628
1173,0.49838577562661956,0.38728136836115046,0.7039508246900169,0.59141374609738
1174,0.47151711419254316,0.3724935436729221,0.6590782770016449,0.5472503585309351
1175,0.5051648859924633,0.38082635907471724,0.6975446384486028,0.585961754190353
1176,0.49044994605638403,0.3764407338156638,0.6866763113552237,0.5697002345992662
1177,0.4943773770352441,0.39507770620886196,0.6890711007512497,0.593994768798144
1178,0.5115190012758244,0.3931596235891904,0.6985121608059085,0.5899907779589646
1179,0.49376873481758365,0.37894822090868513,0.7047395271196801,0.5928050261738201
1180,0.4790580654574861,0.35500787954243224,0.6680084592783722,0.5561443082623364
1181,0.534408130490102,0.397968794240044,0.734762306338695,0.6075281259642228
1182,0.47293910473215156,0.3557622193796827,0.6593131027723249,0.5550159055391788
1183,0.4680260940179971,0.3665730383727502,0.6409268994855842,0.5564795575933057
1184,0.47061500043405347,0.3500570400879857,0.6700749630286078,0.5442388910626169
1185,0.490832950019702,0.3654885159213734,0.6827641185276382,0.553067129972238
1186,0.48001660385003264,0.3567357932118784,0.6652378207992233,0.5497675472926015
1187,0.4752594010785037,0.358073331533503,0.6541807384121738,0.544933832511436
1188,0.4817596434674382,0.36765312485119855,0.6607881788004772,0.560997008512488
1189,0.48201603301800794,0.3569501300021792,0.6783272909783026,0.5514208355151423
1190,0.5083271796054714,0.37261947063358386,0.717891321722304,0.5663591006721764
1191,0.5182897975578291,0.40046668519314726,0.7202623558292208,0.6123207998296171
1192,0.4760464385370741,0.3515105876327957,0.6788574047685185,0.5431851008999975
1193,0.5284248041644384,0.38616473884359337,0.7277416972129672,0.5830578074319204
1194,0.4983506828568843,0.3700023983175131,0.7126374871875363,0.5885591518148486
1195,0.517841657454436,0.37989066494479923,0.7237731206365011,0.5739789224647472
1196,0.5193910994122453,0.37456516139254376,0.7051966597218372,0.5760511656416134
1197,0.4641174845053029,0.37131343071287043,0.6462691206916851,0.54618265501504
1198,0.5183528046407112,0.3854663192364006,0.7079258668994268,0.5921624214770949
1199,0.4861773295910418,0.36072864429847445,0.6761243142611841,0.5456933612014108
1200,0.4729359804567622,0.36822992763738854,0.663722508006029,0.5696453352376725
1201,0.5200374019171252,0.3821023964910151,0.7292457895043829,0.5782482385455051
1202,0.486537850418303,0.3665567295005252,0.6646697673181513,0.5492022408164682
1203,0.48339362557738846,0.3920139496787714,0.6753410755313549,0.5930070777346806
1204,0.47712486139918564,0.38322978583957,0.6641664907378753,0.5707525697041724
1205,0.5153533867498336,0.3979899897064543,0.698824107552786,0.5913930833404686
1206,0.4903922050635336,0.35195867587401464,0.6929383856833451,0.5585207368630448
1207,0.5088770760647541,0.39531476857591696,0.6876638475067014,0.5958839579653006
1208,0.5228253040217804,0.39561129538777473,0.7192697938529615,0.58411823985554
1209,0.475387661789964,0.3706578348034159,0.6617358438336407,0.5639534882669467
1210,0.4785078628993403,0.3563854847907732,0.66837188764604,0.5516992394708287
1211,0.5051390443395445,0.3446978403645263,0.7066432842331767,0.5598170641016638
1212,0.49951738127894785,0.3854073757825076,0.6842745260231631,0.5716092020167923
1213,0.4931727487940926,0.3624630164833258,0.6856601599822011,0.5593594887451622
1214,0.49107970176394883,0.3787849335042413,0.6728221571425473,0.5582365986249453
1215,0.49333734909600885,0.3790032149464886,0.6809757519526439,0.55981409484423
1216,0.49072976224605697,0.3734809607392401,0.6812743397001013,0.564316090949586
1217,0.49154085324814795,0.36476991474148257,0.706644963546573,0.5640526219586042
1218,0.5143888349532888,0.3782465566713457,0.7401874348664297,0.586365687914681
1219,0.4870578999053869,0.36740856649529957,0.6943559953167107,0.5730364495112125
1220,0.49219258762171475,0.3576649611663643,0.702824929499677,0.5589477173735706
1221,0.5043101650868619,0.36379057100888373,0.7027432005820572,0.5657988914927929
1222,0.523144669087231,0.3682224035974666,0.7328058768717923,0.5582136007872832
1223,0.4971437107099941,0.35768559960948465,0.6798634935758914,0.5414313771434591
1224,0.5159595329249564,0.376683653222995,0.7272759528269636,0.5636923537149915
1225,0.5033281864046649,0.3805075264781237,0.7021701375999864,0.5753291032085208
1226,0.48631938115927564,0.3782735056314239,0.6729780651174144,0.5590143683000883
1227,0.4657251789463933,0.36944071129690903,0.6717534253577364,0.5691993714401478
1228,0.5056177772600399,0.3786226104327279,0.7025865183549371,0.5720481938094012
1229,0.5014855660945754,0.4075497838547888,0.6932063977774362,0.6036630868713253
1230,0.46236868943911436,0.37539042594202826,0.6612209806225913,0.5737666754646547
1231,0.49776660224072805,0.3817157390499437,0.6972589735844009,0.5779051884410537
1232,0.4979356287927237,0.3803500421401887,0.6797850829987445,0.5658566223305296
1233,0.523182576150049,0.38600484219955455,0.723000840838631,0.5943184654681323
1234,0.501722741038597,0.37555888519608543,0.6943319978873079,0.5632104068250154
1235,0.5185256157359641,0.37883945584757395,0.7126680094191824,0.576184877591124
1236,0.4831159882553975,0.3520970004892628,0.685173401312078,0.5510365678212448
1237,0.5075958284692842,0.3881081563408446,0.6976161836230522,0.5903754373126894
1238,0.4900880306170967,0.3711213526840086,0.6747108319159754,0.5645930268158632
1239,0.49867906224517294,0.3703549913433171,0.6754560788042133,0.5538358400578647
1240,0.5231011895376702,0.4124874987558051,0.7323553945719887,0.6156711164463154
1241,0.4931260747967891,0.36641851556310584,0.7013182107479655,0.562708277020031
1242,0.4935117745941782,0.3787711878546837,0.6941449985323604,0.5934680980614752
1243,0.5010813304126817,0.36592348396081303,0.6924965977337219,0.5814105999921751
1244,0.5136712662732654,0.3643495988226975,0.7123871424855736,0.5788508699762338
1245,0.5069311246501083,0.38414077723731116,0.7039949730583437,0.5818323185395777
1246,0.4876871640744873,0.36343350829121696,0.6649316050275794,0.5589108027354356
1247,0.513244930067573,0.38820367371463205,0.7189727149904356,0.6036853035397881
1248,0.5111451125787673,0.38453534161989755,0.7158719107695809,0.5743469260345287
1249,0.4878479524176664,0.38572941295476015,0.6854255465012182,0.5773138467093436
1250,0.4960178765419406,0.38374649150596507,0.7035169122370694,0.5715631320572807
1251,0.4754374157172935,0.35064594715486463,0.6617879315274694,0.5461311631820545
1252,0.510814848637222,0.40162195478563445,0.6962406291693074,0.6076861147721232
1253,0.5014327496518646,0.35976240648827196,0.7071237500919244,0.5542851366999283
1254,0.511774510301477,0.3779785344169116,0.7075998220276974,0.5890869383972853
1255,0.5125855479957347,0.39271844613038437,0.717141513582244,0.6046749109767529
1256,0.4789140277967832,0.36550293774123094,0.6703548421875541,0.5654275837209538
1257,0.4787038126842808,0.3788883071527461,0.6652055282665872,0.5716324612666696
1258,0.4900391074527432,0.3524451627402118,0.6845109034990746,0.537677879615414
1259,0.4860877218317916,0.3771131195569304,0.6770435195286458,0.5716706056636657
1260,0.4765251737304369,0.35403232406591223,0.6751046265139389,0.5397321550374871
1261,0.4991461726066392,0.3613424294155516,0.6885639039813177,0.551380481922059
1262,0.44780725028035057,0.33434665639439204,0.6456550322030247,0.5200810981855738
1263,0.4890978285263813,0.37322148106761915,0.674942338802725,0.5712925734471413
1264,0.4988786810443042,0.3679231073854366,0.6903067640080452,0.5555958150802033
1265,0.5038311048651428,0.3629435721784039,0.6944668052014761,0.5497248634370472
1266,0.510625591223096,0.3875700204155625,0.6971536075561009,0.5806193987232744
1267,0.5173370241724221,0.4026924376586748,0.7120803767595608,0.5983440097379819
1268,0.5072961577008753,0.36419520497975993,0.7039420216822014,0.5609644448003293
1269,0.5056278887882435,0.36410022504460643,0.7125146454608567,0.557314187042243
1270,0.47130530045665725,0.36872429734778756,0.6517004280393969,0.5706154275767769
1271,0.49306822430312885,0.391462550051722,0.6725440067150132,0.598568823385799
1272,0.5036516693404913,0.3752248274331422,0.6942182571888553,0.5699077441539372
1273,0.4998929966097498,0.37955463707722514,0.6886534835936259,0.5703373245007071
1274,0.4868942074935045,0.3551731628248363,0.6864678616556315,0.5637472261719295
1275,0.49778930436569185,0.3745594841183013,0.7048078717298014,0.5862502071084948
1276,0.49515460001692285,0.36531819501974916,0.6994687929802801,0.5747641821263509
1277,0.49861476747751127,0.3730501563215564,0.7105651746579559,0.5812612563234145
1278,0.516179075638926,0.36967710107719404,0.7184417683437527,0.5824173899015354
1279,0.4994664041135777,0.3839154358242609,0.6875268120293326,0.567157079992028
1280,0.5115355965146693,0.38486092574940295,0.7073304358408223,0.6024475134694911
1281,0.5024233999516297,0.3797639901080867,0.7009030170231847,0.5824411644068596
1282,0.5011302507682459,0.36136974641667885,0.6882062039470389,0.5735990858565508
1283,0.5072403465265753,0.38032830970354203,0.7019648970752496,0.5804849858176377
1284,0.5432771580580851,0.3812810142480486,0.73226079513677,0.5845969189804242
1285,0.4997393437701401,0.3803419969467209,0.7002050594739634,0.5892392311044895
1286,0.4799164562208104,0.36109000362542026,0.6611971507792652,0.555164638731168
1287,0.48961102393785,0.3737411858401159,0.6593097368031005,0.5611143432586821
1288,0.4954714120519901,0.35356029351287976,0.6956836506007688,0.5625604399564188
1289,0.5019065013451874,0.36733081009368357,0.701153640167896,0.5703032550282212
1290,0.5129237670624599,0.3786406855198071,0.7182360197338148,0.5732808761758597
1291,0.49045459281787546,0.37545939363319447,0.6948470957014674,0.5845226949878362
1292,0.4957701790865299,0.36569533687577593,0.6936293930633597,0.5616186286317941
1293,0.491462993975175,0.3633252859479661,0.6810688422098603,0.5491750268463417
1294,0.49373079145162785,0.39147162113835027,0.695730450797191,0.5886157969483333
1295,0.49554911606093993,0.3681761066955536,0.6987308637973302,0.5490847886152792
1296,0.48864077724567223,0.3694161427373576,0.6845358857860951,0.566848696165726
1297,0.5055631344475104,0.399622589599213,0.6935774545474058,0.6037094911075573
1298,0.5258262690170438,0.395990116604073,0.7229217907824022,0.6115953770690306
1299,0.4869511720698245,0.35482258891656715,0.6832921001542435,0.5527034534959088
1300,0.500016386305396,0.3685174080969408,0.7001093385492394,0.561233732752156
1301,0.4975231694634999,0.37976591520653485,0.7031359775911433,0.5922720532237215
1302,0.5011123442353825,0.39191694569346347,0.6916819395433376,0.5880092927291413
1303,0.47707142149010007,0.3648913488030388,0.6711193429317558,0.5595481089076667
1304,0.4899134145049438,0.35008197703691973,0.6766704725613414,0.5420420170299612
1305,0.46236011060698673,0.37063459210027627,0.6598033782134146,0.5718898325661169
1306,0.4936103548022099,0.3643414229177422,0.6732538015258245,0.5405585741526103
1307,0.5155010809166117,0.3992211851969356,0.7196127911767036,0.6128736453109705
1308,0.5073025667488724,0.3865689664460692,0.7147627717026277,0.6034202460900873
1309,0.49541405390621374,0.3676930503137884,0.6947920240958162,0.5534307027199873
1310,0.5049817503719815,0.3798807750429274,0.6911749182585891,0.5749259213067299
1311,0.5020945453336066,0.38347370576573964,0.6934091166603739,0.580680736601395
1312,0.48937867004457786,0.3827993409925436,0.6942058055098381,0.5988323153716799
1313,0.5148095831802013,0.3932450948124573,0.7186099462412873,0.6071338363465322
1314,0.47790515299190467,0.3766987370656837,0.6746665446640153,0.576575745220935
1315,0.5033847431102484,0.3913920617401141,0.7070841497236008,0.5980851259524201
1316,0.4938588005644279,0.3768148438111183,0.6877573700501646,0.5741638170989168
1317,0.5057172123243352,0.40035418574672343,0.7019210001751026,0.5942267803447997
1318,0.4853715483356034,0.38715664541487166,0.6846278888858959,0.578191743697928
1319,0.5048103856565956,0.3948353261817575,0.6930375359568893,0.5889294528917225
1320,0.5136925788803148,0.3717459284955622,0.7220385226420775,0.5853481091036794
1321,0.5074441547163002,0.3875830753838914,0.7040885925814648,0.5892326275983266
1322,0.5133322411418124,0.3900322141799464,0.7208632625882597,0.6189433288551512
1323,0.5095247331160785,0.39225161165521194,0.7135563035820391,0.6040129061836503
1324,0.493100142012724,0.3633977279254276,0.6868227968296282,0.5589029239115111
1325,0.4937621595939679,0.3685153705267201,0.7021622697069779,0.556101706804699
1326,0.4941608114704445,0.36795723163579647,0.6850078652961323,0.5720570697692254
1327,0.5086348356152326,0.37098962598312696,0.702762584137257,0.5505661368371402
1328,0.5150552914012214,0.37988262761595043,0.7134005056737106,0.562608683959367
1329,0.5006890992481718,0.3633824965873112,0.6969768730115181,0.5501149065660162
1330,0.5124943007177977,0.3909943326982607,0.6940718060258138,0.5889324907983182
1331,0.492626828437868,0.3717686563617392,0.6819317744157468,0.5592191206556716
1332,0.49260995356999915,0.37661526308275034,0.677652974559839,0.5560159289411698
1333,0.47267780519776753,0.3609193381814323,0.6686756354502063,0.5548274442186227
1334,0.5174661307650726,0.39591876001311704,0.7085650131687671,0.6050159884656752
1335,0.51746198724531,0.3827053353346756,0.703129231488126,0.5704060586483795
1336,0.5393266036507764,0.3871524716534472,0.734347868373135,0.602330747844679
1337,0.4587258208856557,0.34580943295161276,0.6457361379908825,0.5381160000289419
1338,0.4759593409386289,0.37019440218256605,0.670170988448821,0.5688798445759515
1339,0.4938198379274459,0.3820349801076821,0.708076109439591,0.5870798967443904
1340,0.48329294199654105,0.35330409006756996,0.6871387168261033,0.5450481313594718
1341,0.49414607644192315,0.3850442188672151,0.7005296402613166,0.6041954992991181
1342,0.4928619093188667,0.3742310173703901,0.6733255918504967,0.5738197449492557
1343,0.49277558898839957,0.3776721038698142,0.6851239864905956,0.5868290792496662
1344,0.4880207186383116,0.3788291396392173,0.6737732476543681,0.5620060299990557
1345,0.4882751144120436,0.3666874412739854,0.6876775389361807,0.5588512918382915
1346,0.49825113075328115,0.386475683486874,0.6882177677962501,0.5854944164719055
1347,0.5201237065539354,0.3801188467993683,0.7248649465347443,0.5884544524491326
1348,0.4936168752581761,0.37430730386711725,0.6950131984048312,0.5744868207524358
1349,0.538374351941732,0.3937727933444111,0.7488732880421919,0.6082334875000162
1350,0.47751143228074533,0.3344877561085178,0.6836705878994646,0.5517854264947529
1351,0.5140656543261237,0.37055057537138675,0.7020354394932014,0.5722555963451458
1352,0.5163498532429139,0.37810381877108756,0.7184263584993935,0.5958727392623332
1353,0.49134048317953305,0.3743807535199147,0.6956100763533919,0.5792836980304954
1354,0.48566591069945814,0.3739549625185584,0.6755942480286392,0.5724988824948639
1355,0.5049981628331365,0.3670488732141702,0.7065292709851784,0.5640343013781128
1356,0.5117019227184492,0.3734006305239343,0.6911449067047174,0.5572592764836967
1357,0.51088860231165,0.37921375201276636,0.7140413066189188,0.5767407539415946
1358,0.5184673700607907,0.3983535521417776,0.7234245252920607,0.614492885853405
1359,0.4959439378648941,0.3690897261936857,0.7139319361678834,0.5861405160068959
1360,0.4874089197247845,0.3966246443981526,0.6718687833169097,0.6066597003070019
1361,0.48367326659495985,0.3913969972938149,0.6915789899973538,0.6012676817547398
1362,0.5152900791171139,0.38283079763736794,0.720878569288479,0.6042749398843895
1363,0.5106526401517387,0.37769323022701956,0.7083634856653787,0.5711489918518956
1364,0.5054411115847218,0.3820503731400627,0.6961370416348516,0.5935463094241364
1365,0.5096249665636986,0.390012414418001,0.7073293062180289,0.6100286163092348
1366,0.5004492463031336,0.3672392687755998,0.6974384633915348,0.5695681535274609
1367,0.5138882003136813,0.3714561297083076,0.7086784524275814,0.584667653764175
1368,0.4960050696543875,0.3945056246140516,0.6787505943222163,0.5983783697829169
1369,0.5036721369605996,0.3972928869360656,0.6937336240381131,0.5924764441889535
1370,0.5004033448772254,0.38111979291393916,0.6907905365992395,0.572901948562372
1371,0.4811192338685835,0.36834415370853396,0.6691758098681585,0.5656843974690325
1372,0.519328858025208,0.38008725112891145,0.7306538510852106,0.6067222304432399
1373,0.5183768419305471,0.39696536531848237,0.7145540060761519,0.6065630847002229
1374,0.47802980744208756,0.37776610312705894,0.6765320449452082,0.5866080205078554
1375,0.5052595143454337,0.38181407471601375,0.7136719706296413,0.5907726567062636
1376,0.5041520734579736,0.3791689808759155,0.6984359308406196,0.5906507593845731
1377,0.4884170706366674,0.38553129738807534,0.6682253446268509,0.5938494198478674
1378,0.4994123487892623,0.3625118589148579,0.681498748022529,0.5845981256644169
1379,0.5012032680865103,0.3722255563324011,0.6961322844342769,0.571616622389535
1380,0.5098842400134552,0.39499520129447563,0.6884417362388335,0.596854492529431
1381,0.49750620489862607,0.36462282179665484,0.6865200720633239,0.5524516239560389
1382,0.4946668065793958,0.3559948576166293,0.6809501086758852,0.5479828396044323
1383,0.47823638973112037,0.3565112725661476,0.688066651119889,0.5611575138039976
1384,0.5240990763869221,0.3956049217884209,0.708521023152664,0.5998131260040125
1385,0.5090193258623724,0.38515862787499233,0.7144595582668963,0.5854985325503924
1386,0.48926582069170194,0.39665782694162427,0.672973404974501,0.588536034260845
1387,0.4956215615308908,0.3925553126228939,0.6975330368652051,0.5985573844491063
1388,0.5012595747113442,0.36382648608072143,0.7011279264318969,0.5614768807112089
1389,0.501841055600782,0.38390699635740744,0.6952797919731667,0.5781337872374344
1390,0.5095468108110108,0.3640506860255128,0.7159507926831966,0.5653051463598284
1391,0.5147543095814009,0.36919416549826145,0.7088946745290646,0.5750957082876115
1392,0.4901088263149157,0.36300589249644244,0.6881529578451734,0.5739535317571411
1393,0.4831069845936734,0.378330494219758,0.6766105379102874,0.5848884060401033
1394,0.4883135546980639,0.3556965490628378,0.6630749878814272,0.5558185084229128
1395,0.4770291063583747,0.3688111304944323,0.6704525451335573,0.5608586941537733
1396,0.505966509619592,0.371004597085001,0.7022807322158235,0.5796014480584534
1397,0.4869526820277747,0.3725621676857444,0.6746082138962174,0.5668020785050621
1398,0.4783758374925153,0.36869115117210893,0.6659425284101708,0.5528212398477365
1399,0.5040445544808787,0.39339797550928807,0.6972272390048276,0.595060396368191
1400,0.4792844938755248,0.3813934662071099,0.6746916152863669,0.5769875426755009
1401,0.5115781754164211,0.3731561433154436,0.7100630226316348,0.5614554110445921
1402,0.5199746785078099,0.3837792447272041,0.7290832753980012,0.5958563498981287
1403,0.5277108928211321,0.3849946315226631,0.7051234218787087,0.5865913873559132
1404,0.5162007703944432,0.38783189529563,0.732354217430776,0.5965987295542908
1405,0.4974139523344387,0.3859899340626449,0.6864526437113042,0.591123591791901
1406,0.5041063551436147,0.384291532783756,0.697381719268344,0.5785664290933323
1407,0.4865688363658503,0.36823895567248804,0.6564720235683005,0.562128438081202
1408,0.4984825038874045,0.34448771164272085,0.6896695402824569,0.5344234901062644
1409,0.48225148603946566,0.37513653089732985,0.6959848997153448,0.588996733939896
1410,0.467339115855943,0.3510172759603822,0.6598646506627214,0.5399654528763789
1411,0.5313532682177267,0.388978961464279,0.7402038733257483,0.6008301130471011
1412,0.4898910871758552,0.3761801539580975,0.6934229399495494,0.5594549275258716
1413,0.4912513926466665,0.3642961250101109,0.6871243615908461,0.572675789311725
1414,0.46532735116028084,0.35818580732729144,0.6449917472113239,0.5464004133329856
1415,0.5154721559774316,0.3711950928083699,0.7079106354281082,0.569697233022635
1416,0.4640481662110933,0.3492473794847084,0.6543695102547942,0.5269609907795079
1417,0.4651017166301768,0.3608743044826942,0.6588865571275411,0.573137373798084
1418,0.5068720256670118,0.37392937515248315,0.7131770759124257,0.5657243106616251
1419,0.48549405919875266,0.3955883071435914,0.6743946330335426,0.6020228305567037
1420,0.4875986648517805,0.35255997873212674,0.6774131414409961,0.5538057793604203
1421,0.500118910797081,0.37354488671556374,0.6897705325885195,0.569986957701357
1422,0.49103568227504507,0.37803316892866096,0.6949525351174829,0.5694038279396266
1423,0.49722890351995036,0.37923974716505565,0.6919743812279014,0.5646642428106625
1424,0.48132949563350413,0.36264270790188313,0.6764383386021315,0.5424592006269099
1425,0.5106412510779853,0.37906118168123526,0.7040442888556459,0.5810390549698243
1426,0.5105041448456393,0.3882204300010483,0.6885553815151648,0.5847704132481127
1427,0.475527367370743,0.3546275092542843,0.6761276690163905,0.5520030929830049
1428,0.5008248346871121,0.3611237899249879,0.6962870602440985,0.5581316889352633
1429,0.5183450732168711,0.35760966984601,0.7241126300487166,0.552457527652241
1430,0.5313776248833021,0.39456666994059403,0.7295058002159371,0.618697433750007
1431,0.4899226337638856,0.3773744039215336,0.6774844411074915,0.5701577911926439
1432,0.5126834741507914,0.385525137426597,0.7022486686400734,0.586672939865373
1433,0.4854980553695104,0.3531748533544415,0.6771774889711567,0.5426822899499866
1434,0.5064432506017423,0.3634246533829682,0.7105480594842266,0.548996490939266
1435,0.48330966129848596,0.3691606597270985,0.659783106940386,0.5466498307766647
1436,0.5065331795480338,0.37033331576362954,0.7070356036935053,0.5750266180376875
1437,0.5030399367547922,0.3726697600360765,0.7037358728393674,0.56556267271683
1438,0.5112294779737293,0.37641979859122315,0.7217893530593448,0.5878338755423271
1439,0.48361432203826255,0.3461654971952127,0.6799662344485958,0.5470353186807562
1440,0.5128237074680382,0.3886737688608516,0.7015644135647815,0.5869763659496791
1441,0.512913423860241,0.3699206809708777,0.7176494091569583,0.5850308223274335
1442,0.5112572821947987,0.3818465370120057,0.7049730936928847,0.5666942196999291
1443,0.4956203761781987,0.35743969915002244,0.6865634351608684,0.5497863088628459
1444,0.5087731837990351,0.38470204452592244,0.7010490973644125,0.5804697382352818
1445,0.49714561857395584,0.37049583084650234,0.7011518359766064,0.5617642899479077
1446,0.48861833334112637,0.38446497467162427,0.6848763971583312,0.5799657634084102
1447,0.5105016449512104,0.36664477028253595,0.7019314571911405,0.5727472823975053
1448,0.5039125377739473,0.38916881540493603,0.6995688277510209,0.5832700933323529
1449,0.5147087067289023,0.399021262522363,0.731163983990421,0.6024149801170822
1450,0.5132191392969998,0.3811859548350577,0.6988149601744073,0.5900871729426065
1451,0.4693579437377728,0.3506228441071871,0.665319471624227,0.5408654968134559
1452,0.5304743853679577,0.40609503317137924,0.7167259012598601,0.6097600481481137
1453,0.5327176885317698,0.3927123728501408,0.7262952040782575,0.5935670994284955
1454,0.48827329353688487,0.35770574387403425,0.6749839622461782,0.5339517493493572
1455,0.5084501719783326,0.37093307927712893,0.7181375961880323,0.58774410197051
1456,0.45950010362857024,0.34397790332115113,0.6491364976609807,0.5266926532224233
1457,0.4966221209798297,0.3885625456899067,0.6949752729517062,0.6071336607449654
1458,0.48649878795606255,0.37991211810958253,0.6824854661034018,0.5756212850545354
1459,0.49844088574342543,0.3610716681979101,0.7049961126111027,0.548988005027896
1460,0.4768117064323069,0.3379653130993737,0.675732899245373,0.5140979212455421
1461,0.5054571781710203,0.3934354539053613,0.6831097022615892,0.5726841414867956
1462,0.49559332960347185,0.3516875076434383,0.7074236549241772,0.5660256871236989
1463,0.5116473285084485,0.38636065251812785,0.7131619485447797,0.5870852750981121
1464,0.49907551236413633,0.3636728419153411,0.7035471139365929,0.5633392593461539
1465,0.5452396512031071,0.4120028897284437,0.7575208960845367,0.6209873610240411
1466,0.504843429675102,0.3591101214550578,0.7051479507187975,0.5596633125880933
1467,0.5166095923790066,0.3792421867182848,0.7135871832959678,0.5813752795089694
1468,0.505708727535155,0.3778139858738904,0.6828075144342483,0.5737836650334228
1469,0.48879079659132124,0.36877260775011267,0.707292022716653,0.5879264844876663
1470,0.5100035708399474,0.3993064327471702,0.7038391656653825,0.5960573247780689
1471,0.4995089693380734,0.3855696097753418,0.6966085389744878,0.5902733211054697
1472,0.49077771665512954,0.35961130450502127,0.6913070782486219,0.5603689458124985
1473,0.47481997275846005,0.3631875220702896,0.6590300104772898,0.554591411616738
1474,0.5253617585478847,0.40266540651718985,0.7213784617570415,0.6037589229460062
1475,0.49664454419071846,0.35679069579120587,0.6806685137355492,0.5632519616576918
1476,0.49051481348286624,0.3800863162352394,0.6716652049548937,0.5718020360335988
1477,0.5006140868681523,0.37014747432529943,0.6954722784816149,0.5596026036056579
1478,0.5140091316664198,0.3775790451364177,0.7275494873920353,0.5895650301561084
1479,0.4999517454092592,0.36803157293163147,0.6887095990042755,0.5743925832340453
1480,0.4753212703411408,0.3437467135442042,0.6733562433470671,0.5352815542010424
1481,0.5274445087215641,0.39207036595550665,0.7560402710407595,0.5984731140354694
1482,0.4909452568031817,0.38837412835445223,0.6716548642151744,0.5929787541941143
1483,0.5018891543237143,0.37294388955626806,0.6796956373042238,0.5597940041056328
1484,0.5140414606902615,0.3847808323842771,0.7153453895977491,0.5909359325490856
1485,0.4688579894967674,0.3454523159334437,0.6717039487967906,0.5325341801625676
1486,0.4795200707044901,0.3732786670573953,0.6755354876929967,0.5588797779931526
1487,0.48504047485164803,0.3429946333832974,0.6804643366554727,0.5257595382499153
1488,0.49199103995007853,0.35480874620353653,0.6854731618384875,0.5515408604640678
1489,0.48253973796466937,0.36419975128527776,0.6866404816022029,0.5503628869552099
1490,0.5231404308176694,0.3715131828431878,0.7223090205516794,0.551344244016004
1491,0.47598623345537766,0.3665247484058846,0.6663947266286678,0.5557032265605167
1492,0.4841913349098351,0.36224898952151896,0.6677946241883469,0.5558153380081876
1493,0.4799087110179451,0.37207434315061283,0.6831698372570371,0.5787919515060803
1494,0.5050223977462471,0.3650425561375129,0.7041430983500103,0.5650667979153422
1495,0.4783137662573508,0.3620209030618441,0.6644401546571814,0.5473379495494809
1496,0.4875685275841176,0.3713360505372376,0.6771593583322241,0.549615821537908
1497,0.4984336530029607,0.3805631036287572,0.6888942557300805,0.5826585646661421
1498,0.5148808674985547,0.3881431634956743,0.7059512053556652,0.590357029685449
1499,0.5116085802198849,0.39298114244308685,0.7122534743962189,0.6043477348896998
1500,0.4872093792150156,0.3651066377352949,0.6795885901575733,0.5492312557432131
1501,0.5075401785160527,0.3956960468826026,0.6986138275717076,0.5905279264914123
1502,0.5107616382714165,0.3831806844779512,0.6987635511281364,0.5765772180381503
1503,0.491411167371154,0.35505242565635314,0.6894871946204462,0.5399374195396032
1504,0.517905343591547,0.3962572277334682,0.7267686372872829,0.6010096491219719
1505,0.4987157875421396,0.38017236486893247,0.6858096965153068,0.5812225103369864
1506,0.495736489787617,0.3722767684472365,0.6885126271310756,0.569339602926112
1507,0.5108372742249786,0.40017037469098643,0.7065087602208401,0.6050029194388884
1508,0.5040371462658289,0.36482778259901744,0.7138229140588542,0.5732887344908846
1509,0.48420890957476054,0.36329858366430423,0.6770144125403218,0.5612129506412384
1510,0.4887206647744909,0.3593261876226452,0.6804463677849225,0.549996234172355
1511,0.5053155131979196,0.3907092322343483,0.6993045562357808,0.5932038312616686
1512,0.5182466759163261,0.369506049735363,0.71191257049002,0.5672638028249244
1513,0.4891069709188584,0.3517707095917721,0.6727522715573251,0.5527781742216532
1514,0.48862449652492995,0.3539700942861115,0.685469173590914,0.5382096505747967
1515,0.4595418079274695,0.3411198829336225,0.6484239275432494,0.5273990073050765
1516,0.48206356472441897,0.387697448155831,0.6731991078653626,0.5868140747183621
1517,0.5014799303772463,0.38300425961476625,0.7141527980414819,0.5919356856878052
1518,0.49248612336550723,0.40795046569319265,0.6912984785782378,0.6213976516657999
1519,0.5044512301574802,0.36334890153778343,0.6981295121031034,0.5516105950272912
1520,0.5020605106035879,0.3723880962754556,0.7079811683994813,0.5654193040826101
1521,0.4768493748771396,0.3604287276702926,0.6578562890331386,0.5627415446042697
1522,0.4717969743370148,0.3625782594465108,0.6497486853594087,0.5532255020444447
1523,0.5063680527330707,0.3846600478950833,0.7090407788152411,0.5834642043157435
1524,0.47199918928330853,0.3594405450193778,0.6690917514756045,0.5491687875662755
1525,0.5058258072711678,0.403108027360294,0.6897392733999854,0.5918414761288637
1526,0.4947671881128417,0.3450538114080042,0.704093831838655,0.5399234039339516
1527,0.4720567334052709,0.34266159375082184,0.6696421973149194,0.5319157990568605
1528,0.4946590745277777,0.38105064866655075,0.7002992695347914,0.5773241792680772
1529,0.4856103060283229,0.3588840673324035,0.6782812184533265,0.5469805235892384
1530,0.5095984475093609,0.37399591135992605,0.7092346893525502,0.5769986842261007
1531,0.47813431270719964,0.35729727289959967,0.6717243512738061,0.5643276435418815
1532,0.49302199025900456,0.3632816374334835,0.6940703141146786,0.5502780783014045
1533,0.4745589752576747,0.37295358059699923,0.643206538835121,0.5734492639463122
1534,0.49538553540145713,0.37872056849893354,0.6900071604329404,0.5758963072561818
1535,0.4948549802514393,0.37794356223789166,0.6726561299444911,0.5711760510163856
1536,0.5001431091559304,0.36031890470729816,0.6944686161363112,0.5464685067250401
1537,0.48748949915744805,0.3823382116877373,0.6661802806239436,0.5759283290139775
1538,0.49262973909983904,0.371840564130037,0.6895438154853224,0.5712024260946177
1539,0.5188068241636017,0.39012142095095026,0.7293066944828996,0.5947443664663505
1540,0.5128779264950064,0.40801899813468706,0.7031963567737692,0.61139850274274
1541,0.4920513486935737,0.36438743888359904,0.6819985091918973,0.559250457646697
1542,0.4777904554270919,0.3500531285441541,0.6704273133542887,0.5488470800414477
1543,0.4810444249378958,0.3688005038599345,0.6748631237669516,0.5784902987904731
1544,0.48776068694932495,0.3740784107454543,0.691231699941786,0.5770769577129086
1545,0.4994134373597063,0.3675413441404152,0.7065375024673541,0.56577700285042
1546,0.5064939725222853,0.3648303641852905,0.7026572230565072,0.567157750391493
1547,0.49371174859116607,0.3523617935645377,0.6903620051467801,0.5442731815446354
1548,0.4875271013519993,0.39767509533299705,0.6885761892104459,0.5897217693113161
1549,0.4638265611857532,0.34885354423342646,0.6594458030275863,0.5375417656470526
1550,0.49704489871794283,0.33524050926993604,0.7043791509830644,0.5187271684060822
1551,0.4852533949858796,0.3663782641426452,0.6655491752832643,0.5745907773653275
1552,0.5095597456049087,0.3690601411424337,0.7060861350937903,0.5646860929217983
1553,0.5003261103492765,0.3830873268055638,0.7001610731945533,0.5788688475298729
1554,0.533328296593515,0.4113837316478767,0.7285855816014559,0.6135440032487761
1555,0.5106606828887545,0.3781973237525969,0.7025473967976777,0.5761763505866527
1556,0.4639680278753632,0.3462480851390053,0.648089152927723,0.5322865344335408
1557,0.4881264842433436,0.3868431662593254,0.66266771968132,0.5790588042978119
1558,0.4955674324466619,0.3766923802716288,0.7013131130643652,0.5816997712406202
1559,0.4769283494157714,0.37146161177479736,0.6788673750261223,0.5717369633529008
1560,0.5041626568218209,0.3721139816493648,0.6753016964842335,0.5784806017825813
1561,0.48149200001942744,0.3597576778280171,0.6924805975136769,0.568656224591796
1562,0.47490739281411337,0.3825650434328111,0.6787844792475618,0.5686437975319122
1563,0.5131680207149473,0.3820358567030681,0.7053058019309502,0.5776882332946705
1564,0.48857758667482354,0.36203408850898466,0.6739371430296905,0.5443631945280006
1565,0.5143008426811235,0.3704905856877152,0.6854732506101261,0.5681514778860202
1566,0.5083167577650156,0.38200336027988124,0.6974602527814645,0.5683726011205221
1567,0.4961603489575883,0.3738637662848153,0.6979257171463248,0.5804771298424009
1568,0.500539573732974,0.37986014095887444,0.7014591918193754,0.5626973191295537
1569,0.498003697270342,0.3771466820255968,0.6796583720830767,0.5655598926552576
1570,0.5044592761262965,0.39590420209034516,0.6965292669321339,0.6132886185007408
1571,0.4938625965745979,0.3641755961789968,0.6828090849579738,0.5642134987095111
1572,0.4889985522396758,0.3527120037865148,0.6882705959851766,0.5498007861073841
1573,0.5048556550130462,0.39684920339724555,0.7158612491393407,0.5982481637521136
1574,0.5016626550303463,0.37159901918118804,0.7018351056945925,0.573853073207734
1575,0.511467957888199,0.38320300392243106,0.7044936495177954,0.598482636094105
1576,0.5115390965549906,0.386306237919392,0.7062419002986969,0.5931936175711725
1577,0.46341670720444567,0.3454597418459112,0.656018795035807,0.5394921853058333
1578,0.47959048640908647,0.34179790487580886,0.672061544989396,0.5300267809313899
1579,0.5330893060875721,0.4096643447599244,0.7424706812991722,0.6150297738680243
1580,0.4936238450538048,0.3805329194797334,0.700699472254263,0.5829380474033439
1581,0.48106104319102105,0.37473859525618225,0.6576234767799477,0.5807295785679125
1582,0.4884154230289602,0.35780946275954356,0.6722496168198183,0.5476708650311581
1583,0.4931654323130421,0.3656223907357048,0.690755579003831,0.5543860830341186
1584,0.5094411147961955,0.37738286252525605,0.7072222345978227,0.571387164298487
1585,0.51896772322008,0.4028021072786716,0.7230030029114753,0.6139331593847238
1586,0.4938377197748957,0.3812217435027514,0.6869285036738964,0.5885518764551654
1587,0.5064665886315693,0.36466405544014424,0.7022462397655349,0.5791146608387004
1588,0.49929632820348424,0.3802323565316858,0.6928806397694824,0.587561154008099
1589,0.4730599367493712,0.3579087733761255,0.6511811464505919,0.5604173517049527
1590,0.4723899696738858,0.3491624940760475,0.6585932436456102,0.5370023630455222
1591,0.48841116247012095,0.3576036941955974,0.6686615891203623,0.5513949645733722
1592,0.5030082770686298,0.35919376633307015,0.7086918700397463,0.5492381247719333
1593,0.4896622352460591,0.35102095709665987,0.6752380791659612,0.5586945198191896
1594,0.49501298590010506,0.3724185391094543,0.6900985622715329,0.5756692605794042
1595,0.48822617919085126,0.3645960912288716,0.6759451888759229,0.5594761637276706
1596,0.4865229229843326,0.373663131073761,0.6698900031211921,0.561301414195562
1597,0.485576548302916,0.3628636324002619,0.6842804041813604,0.5576193929784834
1598,0.5034308439434961,0.36049101850266574,0.7108252752140859,0.5590212878824854
1599,0.46757827319332257,0.3550129417166116,0.6879543379605331,0.5679319508998646
1600,0.49609283753272104,0.3903893589753463,0.6873552892660738,0.5836054645812416
1601,0.5024876375636382,0.37352953901686725,0.7124287999637418,0.578441802604526
1602,0.5214099194334474,0.3865813253275474,0.7099149474203279,0.5952850265496571
1603,0.49496494840913713,0.36611094768624114,0.6764423600705516,0.5474936944145093
1604,0.504283815212973,0.36338757614100625,0.7221882704745135,0.5649106565294996
1605,0.5102184358582582,0.34409724287274535,0.7179785864792542,0.5468530128209919
1606,0.503801809146594,0.40351831550193934,0.7056064462874789,0.611008939034204
1607,0.478208667413638,0.3602876020769995,0.6698151039164132,0.5531647227702572
1608,0.4974499600791622,0.38061683900515153,0.6865700182204391,0.5720686646435416
1609,0.5082207374081663,0.38860981582724996,0.6990550945498082,0.5791725475656027
1610,0.5129859679303922,0.36948982856010665,0.7028402225237238,0.5933340372056863
1611,0.4961384350272364,0.36879788967423927,0.6914622611957821,0.568706544329091
1612,0.4977674995013077,0.3726803919371923,0.7048376195474905,0.5688118110856784
1613,0.5063524388126981,0.3607815509892194,0.7139427862432346,0.5525378125805461
1614,0.48439091472697093,0.3723171986609519,0.6749606204674804,0.5536205998847171
1615,0.5195991985052308,0.3934102560340976,0.732251407951422,0.6204220489396749
1616,0.4869474726024795,0.37461891995195473,0.6834543631662214,0.5693346489361824
1617,0.5153727888613147,0.36915827946466595,0.7152220993857973,0.5670334741107004
1618,0.4884871681495671,0.38283293225829607,0.6789814876735225,0.5703346466404253
1619,0.4764396282266255,0.37393710180819967,0.6785661564197721,0.5681798952693945
1620,0.4651686494976042,0.3581915261096552,0.6661503745935805,0.553862070770459
1621,0.4975314981104726,0.37973741734004535,0.6873678627532885,0.5690578679243012
1622,0.4894913527226268,0.3651921343933665,0.6809905379920786,0.5753127987036718
1623,0.49865581342706966,0.3662021031948831,0.6860042767495844,0.5709257580047475
1624,0.510417966367369,0.38459773833794964,0.7078400584099048,0.5976448140627083
1625,0.4985821650339499,0.35075107001028694,0.6970937132340776,0.5502945613109205
1626,0.49755452465525585,0.3662195104623827,0.6802549090060734,0.5751740252089365
1627,0.5022707301548717,0.3732573903784043,0.6952031776148997,0.5682124443923124
1628,0.4805894132168029,0.37552667568947357,0.6716793264191098,0.5758904573556122
1629,0.4915982445149347,0.38305601522350413,0.693024551530935,0.5776402315380068
1630,0.46846732614837056,0.35017011920492175,0.6675151427474962,0.54236013186679
1631,0.4856395183118684,0.3633745464168539,0.6782788963016437,0.5627628580654777
1632,0.48151803915024033,0.368462950657837,0.6922073453011246,0.5649306996460236
1633,0.48234227954516856,0.36140642269680345,0.6711123726783463,0.5417377481241945
1634,0.5036063730729828,0.38552756631795043,0.6936338029304298,0.5944616974539475
1635,0.48271692318065723,0.37656903954059934,0.6925189192418743,0.5820140918611556
1636,0.5040676195249081,0.38391647035056237,0.6930375013238195,0.5734361741604832
1637,0.4995267849208938,0.3664392596766887,0.6846945249463109,0.5585168101849591
1638,0.5119360666715235,0.3771249968947039,0.7062494653648678,0.5742949330865801
1639,0.49367932653680446,0.37043187716526566,0.686207469185224,0.5715103682236061
1640,0.4749608571753932,0.35824379082220015,0.6745166553422779,0.5504145855032265
1641,0.47340502696278963,0.3401828767376399,0.6544417265446084,0.5185251297718207
1642,0.5060727482396821,0.3884468254912775,0.7183371424140198,0.598438257897118
1643,0.4891427624094561,0.36074674285546793,0.6845164032028626,0.5504061485699913
1644,0.478255797736382,0.37587610547102424,0.6711319954362633,0.5699541176018836
1645,0.48171526613408705,0.3697213280863084,0.6677729272793419,0.5609453016107651
1646,0.5208855278574006,0.40404624712400006,0.7242021927225184,0.6058455899898524
1647,0.4800314618745286,0.35701164059351626,0.678092106746994,0.5576282242958049
1648,0.48927115275214733,0.3314992971982685,0.6866718533502033,0.5196983395162601
1649,0.4717610327688913,0.3653371974190019,0.6686723713296123,0.5773702621518154
1650,0.5021268122275485,0.3718307323131488,0.712807417532756,0.5773308472213224
1651,0.49795282522136763,0.3950218955412902,0.7047492369813387,0.589810483476998
1652,0.4827680000649974,0.3864781708259273,0.6692892705329174,0.5876708337477884
1653,0.5213656528545477,0.3975750388443802,0.7402648431724598,0.602625745210953
1654,0.49720006170548314,0.37779776304550244,0.6777751452251578,0.5756976833311824
1655,0.5003588914321818,0.3767379572649381,0.6717703419204485,0.5686623159128785
1656,0.4966841602623744,0.352797065833978,0.7170239857484627,0.5535331915158225
1657,0.4941235145804766,0.3557885474642357,0.6809868403338541,0.5375325871233563
1658,0.5131475610010844,0.3885539081093799,0.71855793951662,0.5784311720643501
1659,0.529642534398507,0.38564044744692005,0.7312371127294932,0.6053144216717092
1660,0.5252667687675148,0.38005119007009536,0.7298382377447044,0.585983051660924
1661,0.507835742942176,0.39254322587435786,0.7120578709687778,0.610149436846621
1662,0.49806801044764487,0.3431253692450817,0.6938262341395484,0.5305135724033708
1663,0.4935679895742294,0.36864645755557185,0.7087612176300637,0.5568709730622861
1664,0.5064866532708111,0.38292795470337493,0.7073122261442709,0.5789765369482684
1665,0.5046519364335299,0.3579422672298279,0.6881714351258282,0.5466494892881542
1666,0.5043352654893217,0.3980734434880044,0.6941801773189439,0.597395492673882
1667,0.47868657873572085,0.36372480632274234,0.6664129403713227,0.5335865110937363
1668,0.5089758438240283,0.393651181231616,0.6990225390249327,0.5875800730502504
1669,0.4877754943778893,0.3790734783903993,0.6781854649335656,0.5560827040211904
1670,0.48211377721407744,0.366759513223854,0.6668010165694017,0.5684351763061305
1671,0.5019112819634463,0.3712029039807386,0.6958929491523808,0.565027498834517
1672,0.5102997149496656,0.3703281979783698,0.7188461536763089,0.5667559929008068
1673,0.5252174852195799,0.3940580606715299,0.7165824402684416,0.6123085578372494
1674,0.48097163168066326,0.360110049577494,0.6504863452962092,0.5464011178509627
1675,0.49406726610897206,0.36951209456625533,0.6868924649256603,0.5658639778075798
1676,0.5006723631544885,0.3634344022203131,0.7137767190367904,0.5807195898592611
1677,0.4714115934572409,0.3697457412173445,0.6666597549267804,0.5656471964540996
1678,0.5231282783098075,0.4089586414569048,0.7189180651055276,0.6150920191458904
1679,0.5131940764769376,0.39084361212818286,0.7148606248801302,0.5929552412924252
1680,0.5061436210983754,0.3611102773157869,0.697125116188745,0.5599362562383375
1681,0.47236574738744025,0.35197149188917487,0.6424334739743761,0.5396381496801737
1682,0.4777577127261008,0.3577408785449593,0.6883829063023101,0.5506258595428302
1683,0.5193131993692248,0.3876297310129401,0.7192258012676129,0.5820519138974838
1684,0.5002256325355545,0.3814409260303322,0.6969520991593441,0.5846747400624284
1685,0.5142930454545818,0.40175093725981803,0.7159297498597622,0.6008800466191928
1686,0.4903873923435727,0.3552586138292455,0.682256596398993,0.5374001879661432
1687,0.485652819491944,0.34630672635540055,0.684566148947979,0.5493613771724297
1688,0.5191452788987464,0.39288059462524916,0.702471384933818,0.5947623445304714
1689,0.4777837378815744,0.3683524065366302,0.6638188434505826,0.5494100135798972
1690,0.5108168759085484,0.3647952524276472,0.7150368436747623,0.5647062893685924
1691,0.5139845419240822,0.36157798698204796,0.7179221213316964,0.5655429305931001
1692,0.5098011629291171,0.38455897601374217,0.6977801608257609,0.5755070498491426
1693,0.5354343334449704,0.39350717609065017,0.7408592302510522,0.6045599321514239
1694,0.5059107289379036,0.39448138976649477,0.7119819255549585,0.6016982360936981
1695,0.4856952779230185,0.3729111928105337,0.6837571538413572,0.5697969093959028
1696,0.46704921450188625,0.3458752940810365,0.6464270429120207,0.5432408339867322
1697,0.5042574695839838,0.36732537164946166,0.7037932635004729,0.5521968253313482
1698,0.5077162445694584,0.39817965800072547,0.7170475603965214,0.6151672736348713
1699,0.4860002292545357,0.382290708283822,0.668819498984503,0.5791567075195246
1700,0.4726629330719208,0.36057038286491555,0.6706453285424149,0.5590104763717559
1701,0.4995212895314831,0.4087440197346458,0.7032691132466445,0.6220432703988646
1702,0.4948284918113013,0.3684110634032866,0.684164031499181,0.5614665767696321
1703,0.4892230606896306,0.3649454208877988,0.6931348279278482,0.5560792069110808
1704,0.48754260035122177,0.3577781846607909,0.6799305499908816,0.5576052052183789
1705,0.5112581504519711,0.3732099567949734,0.709859793174645,0.5686145350517038
1706,0.4994886352987216,0.37770989858584886,0.6965715603430279,0.575463203203652
1707,0.49777789102950515,0.39136788284787993,0.6763018729294578,0.5801590990245485
1708,0.5015477134908516,0.3922977952445976,0.6792412000330059,0.5984173114757154
1709,0.4877415956206189,0.36175384216719164,0.6772281230815638,0.5735759815158937
1710,0.503331275298467,0.39266665091726216,0.7043436901369183,0.5897047484231479
1711,0.5020282562237186,0.3881275484706589,0.6963213201774225,0.581349312757294
1712,0.5057123441922418,0.3765206044551158,0.6910979376401726,0.5690512096805462
1713,0.497040588497322,0.3694414944596677,0.6908817023210974,0.5480713506882395
1714,0.5014103857279353,0.37853029384996395,0.6911007912289318,0.5688036669138736
1715,0.4847745456769001,0.3787284605250751,0.6787494780619312,0.5809197971831932
1716,0.4792755094434519,0.3571917580368915,0.6702833516180616,0.5620811825493233
1717,0.48775207951773153,0.35062436816855735,0.6781430082448905,0.5395012702975917
1718,0.5003517974791177,0.3836966708598924,0.7100363337219057,0.584896909553521
1719,0.5043291903144896,0.36860896726030734,0.6899550306284571,0.5619558835181423
1720,0.5009870464720437,0.3775519342699863,0.687896004841501,0.5826105512248002
1721,0.47945399733877136,0.3374683871193934,0.6750488493254672,0.5380906202866856
1722,0.5108176774361005,0.38964853319943055,0.7065483233038803,0.5823853745686255
1723,0.5127243710859437,0.39641240664632743,0.724127130155306,0.5987847506467977
1724,0.48495742791859775,0.35853654203226615,0.6885442449338192,0.5564383643313391
1725,0.4705480104875038,0.3692447011579297,0.6569490862437148,0.587535396023588
1726,0.48157942972313333,0.3730000508176096,0.6594383615630215,0.56097230120751
1727,0.4867960389337847,0.3727326492121865,0.680709484003302,0.5687331549521353
1728,0.5213526677541019,0.38595047478181205,0.7314244799327217,0.5835900623717932
1729,0.5034611682392086,0.36512336653590743,0.6910815001365395,0.5541616906081319
1730,0.5175361588907121,0.3950444547137041,0.7010491291823319,0.5959745818473566
1731,0.5060402307516239,0.381162724744938,0.7054364821221687,0.5999252097377912
1732,0.47943421826395427,0.3710859928670979,0.6849710280750942,0.5657557600496788
1733,0.5081745090266759,0.38207047801507366,0.7033691294844703,0.585202061043712
1734,0.5026366387579879,0.3775181595057907,0.6907968887504901,0.5917579780907651
1735,0.4943771651866456,0.3681861003394634,0.6685415574995933,0.5639556163097589
1736,0.5019451974910203,0.3759623161652632,0.6973527382004785,0.5605420772353746
1737,0.5185909471629145,0.3972886632004849,0.7288014971172012,0.6174642210701102
1738,0.4742894037241594,0.37065819198986116,0.6717944549416609,0.5599112677659029
1739,0.4918326052119746,0.3969272793577138,0.6808105447920182,0.6032022403186287
1740,0.4885282981798128,0.36410542741674073,0.6882241060369598,0.5497731108566384
1741,0.4787803920555911,0.36678353101065564,0.669936714501465,0.5579133531264567
1742,0.5219649485802562,0.3623581492154172,0.7150112771886167,0.5540569610809637
1743,0.48554435881931607,0.3727258901824748,0.680866108703783,0.5670001005715718
1744,0.48938396583425287,0.34689966214463486,0.6896572886972174,0.5434720490664926
1745,0.49942912562717146,0.3491884151094331,0.7000163887754697,0.5357962481259894
1746,0.514162516411072,0.3799264128244781,0.7066042332167903,0.5826313704965024
1747,0.48184530355224287,0.3544242096622269,0.6553311360713246,0.5509014654927307
1748,0.484435960473722,0.37218380617294,0.6780373361283752,0.5527793317424943
1749,0.5050501421809781,0.3533715931585239,0.7042265289355878,0.5439469632643372
1750,0.4941351763956259,0.37872653733038714,0.6936596296556052,0.5701078779169014
1751,0.48644153282488944,0.37004106334340914,0.6705656562445541,0.5832287545991701
1752,0.5217601373687867,0.377153134269733,0.7255042253549464,0.5699547880615345
1753,0.5043570484791663,0.36420751756446923,0.6861153095213794,0.5665463859951754
1754,0.4965714094845629,0.3492918281207647,0.6909505987250549,0.5405259076319306
1755,0.5124063487151013,0.38758556234367497,0.7019236318734987,0.5833002276418374
1756,0.5092737389362176,0.3940047192163716,0.7145598939629714,0.5961997662221912
1757,0.506350897165295,0.39013823685066074,0.7050108811118009,0.591207609647872
1758,0.5104074494175735,0.4043863052246833,0.7038130238292305,0.6153505707229238
1759,0.5241877070939698,0.391424399689893,0.7149255648196139,0.5928639144880438
1760,0.5016154725175782,0.37613433980057615,0.7008396154798114,0.5877521388582533
1761,0.4994047680537536,0.36716656938921305,0.6911187628570623,0.5647578031420591
1762,0.5046200269098388,0.38139762592975085,0.707003458224587,0.5738848295642427
1763,0.5128422835475448,0.3845922080524676,0.7063446988371037,0.5825136619559776
1764,0.48279861896164294,0.37249522153066705,0.6800614266140566,0.5671497447620958
1765,0.5165346534438112,0.38435936409160626,0.7224588773272373,0.5984479887216452
1766,0.4769152018953774,0.3614429240906302,0.6584672420613166,0.5563347540046678
1767,0.5020611563897428,0.37434118595257515,0.703395539231421,0.584058967840908
1768,0.5006619684908629,0.3601297171168579,0.694617070119026,0.5505413404477327
1769,0.49525273943599124,0.35778282751192153,0.6914642348486586,0.5564952246333462
1770,0.5282073929802451,0.4096546147685553,0.7165914357420605,0.5975351361937788
1771,0.5106308095543369,0.3844455715108562,0.7084275623800164,0.5930382779811755
1772,0.512603341373175,0.3772420855444542,0.7071657612126588,0.5893657742884507
1773,0.4982586607616131,0.38833152119962405,0.6779795230669998,0.587262236687546
1774,0.49014210920055323,0.3575256683014553,0.691783837667643,0.547722405648614
1775,0.4994401814567068,0.3616157757284622,0.6795135778658823,0.5549614739198596
1776,0.5190830270841368,0.3842907424476665,0.6934836050176826,0.5727790320013378
1777,0.4886015579573534,0.3861668005364542,0.6910313330984791,0.5784821472866173
1778,0.4946552503102279,0.38573382908607995,0.6918771115219192,0.5853432263323026
1779,0.48450366112220905,0.3572150655731071,0.6564422784085976,0.5453116862419779
1780,0.5053158355020873,0.37698647560777354,0.7049688871721339,0.5807245625522295
1781,0.5143440446190647,0.3988939105284081,0.6927281816385841,0.5847873040311689
1782,0.510814282262725,0.3749869655563355,0.7097900679353715,0.5687377987040227
1783,0.4615056294799625,0.3465956510183153,0.6642790226118288,0.5301087173734889
1784,0.5040033876257977,0.3893568254588948,0.6934432910737659,0.58777989335852
1785,0.4927830538094548,0.3665979435719519,0.6801593683953056,0.5507348312720531
1786,0.499596703722322,0.3629222053320211,0.701800078210382,0.5478673879372222
1787,0.4999841980732874,0.3522481436494345,0.6995023911973861,0.549016654952695
1788,0.48961562474867526,0.3768993415732907,0.6786635384357392,0.5630820701946012
1789,0.5034148592092887,0.3760947011288354,0.7037662872539229,0.5689047214240133
1790,0.48951553679035564,0.37709403846651857,0.6820293102920861,0.5825953805068534
1791,0.5300704959386435,0.3871033911864957,0.7207553570966602,0.5829270036627362
1792,0.5146419541526803,0.40762136999613285,0.6808043854174834,0.5866324376635416
1793,0.5014199265430052,0.38003177857655396,0.6835596982129009,0.5759571127222345
1794,0.49991018087082284,0.3718707479298786,0.6853757270189754,0.5662303261167669
1795,0.4973696757005922,0.3488974396544934,0.6940660130837806,0.5534750909705364
1796,0.4924704953973033,0.37600553182831103,0.6858992696889715,0.5649752439689393
1797,0.497915200138693,0.39427960056326566,0.6870508622982194,0.5931164652907178
1798,0.5069367041008017,0.3996742695028319,0.6960902397344295,0.5953292682627243
1799,0.4842433928124957,0.3800260637278397,0.6827675778669033,0.5942191514846576
1800,0.47266398754553574,0.34136973979932156,0.6676408664360979,0.5270067949986484
1801,0.4929761722502579,0.3764753827099967,0.688181133066349,0.5777866211671885
1802,0.4863444611102358,0.360546177349381,0.6864335211865994,0.5659095576083352
1803,0.5213521841536216,0.3865467346090335,0.706703394092099,0.5774833357432867
1804,0.4914857407586218,0.3688164473707457,0.6890800448916649,0.5591773214747168
1805,0.5112947047196784,0.38539055738931993,0.7198954818666427,0.5938206377650808
1806,0.4889075444300336,0.3611331694565136,0.6698785106869696,0.5686182284820275
1807,0.5130300370536113,0.37837496713210134,0.6990480384983238,0.5641649262592343
1808,0.49832509840670497,0.36148339870026003,0.693532298587986,0.5696377931653744
1809,0.4957381939876285,0.383202304551241,0.6671059522860825,0.5784982917529303
1810,0.5144731257253988,0.3837894416443287,0.7176154212885715,0.5856855251396667
1811,0.5040147675652439,0.36515320260357503,0.6816740037751509,0.5570080323232068
1812,0.5005714406725672,0.34379698236427714,0.6993618501297273,0.5351857736953775
1813,0.5003386647595375,0.3690083245666388,0.7008598908579668,0.5650990187829706
1814,0.49200405085444565,0.3768476876345384,0.678769707509538,0.5785198028928838
1815,0.5291747384728465,0.41785440098440024,0.7314769909529798,0.6407552830021694
1816,0.4829452250083828,0.38501689788191973,0.669909856340876,0.5869243720565801
1817,0.49752123757623357,0.3517370467148294,0.6991011603486292,0.5395286135557885
1818,0.47482711815722883,0.3681526399230474,0.6683802736184444,0.5673700772513451
1819,0.47604054566773457,0.3852995072693492,0.664941700543999,0.5807298223748188
1820,0.48889284558387347,0.33478799012034466,0.6853995148091022,0.5244996533006168
1821,0.49051510986344815,0.3792783974445629,0.6899115267448862,0.5840158357366664
1822,0.4628550477026026,0.3634257673880906,0.6586075566423405,0.5581782110014133
1823,0.4993894054355498,0.37029854796735395,0.7021095889862733,0.562312528244235
1824,0.5179459951430571,0.36027457168771043,0.714832851769346,0.5495546606605969
1825,0.5024211236460309,0.3982596216187506,0.7086110985402966,0.6066805815569124
1826,0.47453793934521815,0.35202694695987674,0.661029766042085,0.5409523471094364
1827,0.4680678352876311,0.37314806068133893,0.6485434788036867,0.5598365517451732
1828,0.4988797428744533,0.38227617324860763,0.6823810892148212,0.5799345732022281
1829,0.46578183096258313,0.374134593518219,0.6555441265606692,0.5551781892872047
1830,0.4767171447426547,0.3731435769248379,0.657061310661034,0.5591673130436174
1831,0.5102713130723779,0.35625905887010273,0.702495138326544,0.5568759238235765
1832,0.4752827780829659,0.36207628224161525,0.662732792971101,0.5625924648226373
1833,0.47053135087386294,0.368573322570923,0.6617204098156196,0.557551772221882
1834,0.5006586257966258,0.3721867678169301,0.7055220476816525,0.5725106675757711
1835,0.5049437298129067,0.387671187603613,0.7092045150520299,0.5838239032579658
1836,0.4908432053777533,0.37358348001006914,0.6832331231206282,0.5649854273043488
1837,0.4966932577361859,0.37692677293628485,0.6822067905053378,0.5741406837501035
1838,0.5142936149329869,0.3956103198217837,0.7177740649223263,0.5909718469378542
1839,0.4965437916901213,0.3645539045544273,0.697709270522517,0.5499457111418138
1840,0.5278575220905529,0.37755670041171746,0.7217580385700592,0.563132652244938
1841,0.5003816550418868,0.3665909915369448,0.7075511717050482,0.5726465628034175
1842,0.49695931951523065,0.3531589804444977,0.6917444278096446,0.5483064131614603
1843,0.5031177515898357,0.3687930499892781,0.7069938342607408,0.56754794837165
1844,0.5041321631753449,0.3819337765771242,0.7087954718506149,0.5850702191061339
1845,0.5105600311877336,0.3714166244041146,0.7040265442612825,0.5719598340342821
1846,0.48223197072342744,0.34891656178735,0.6699515680124872,0.5263879095939263
1847,0.5045561973473189,0.4036605679745453,0.6930892197174395,0.612890325748775
1848,0.5111152973808153,0.3613101310515705,0.7097820951781919,0.5634206595254725
1849,0.5100739879019703,0.3798766588704599,0.7215028786962387,0.5834003010499206
1850,0.4725798638402583,0.3605690143836489,0.6799433464845477,0.5556251490286583
1851,0.5059696605995553,0.38385552594808536,0.6960844913324756,0.5852271934526103
1852,0.4822761131044299,0.344756641673249,0.6808808259165179,0.5376799434144285
1853,0.5023794439605366,0.36818675039842735,0.7047718799539835,0.5741795448649949
1854,0.4891179133900834,0.3511770124594897,0.6933524282131265,0.5355465179570089
1855,0.5170380535332088,0.4008976945315076,0.7222686295226503,0.5927810926436297
1856,0.50243628652093,0.3657615113666392,0.6990916354449689,0.5772191490616558
1857,0.528717910279608,0.39220084335833905,0.7230280135660733,0.589106881357205
1858,0.5108282329360236,0.38914170930812425,0.7212597438075334,0.6010490107780768
1859,0.4945583122482387,0.3645780566052931,0.6934146685699286,0.5601749372887349
1860,0.47804710219229324,0.3529633511482295,0.670800797084099,0.5455217308159982
1861,0.48999869871859136,0.37211521292167915,0.6794978544810106,0.5603441537624184
1862,0.48451670846295625,0.36612122850729045,0.6952093004191563,0.5609424942514448
1863,0.5040910363124549,0.3712706633712962,0.7171221349174441,0.5779713587920418
1864,0.5011216403800949,0.39081437862864715,0.6962552701082215,0.5908917816815434
1865,0.528074288995542,0.4185781304344607,0.7204745721244722,0.6045399090349087
1866,0.4954323623911338,0.3669625311736581,0.6941224467906644,0.5632261615335014
1867,0.4905239736274244,0.3627581699411145,0.6997806351937065,0.5671258427769142
1868,0.452549618378277,0.32546811546296106,0.6479376216237228,0.5172719046480343
1869,0.48553833113552336,0.3643276627948842,0.6538375347364918,0.5510030052772955
1870,0.4624562330524088,0.35550488737111374,0.6658447736151313,0.5482436872008583
1871,0.4706329578811953,0.36506163266099867,0.6678666706227627,0.5648871328334396
1872,0.5230792040223707,0.3779032034646071,0.7317551584474442,0.5772954289776641
1873,0.5185946116415572,0.367275062605868,0.7169426163868873,0.574976074391894
1874,0.49992506239596946,0.3737919501477699,0.6903533649511837,0.5650823936764974
1875,0.486748751324555,0.3596595275560215,0.6744534487466012,0.5556191303700326
1876,0.5086331500263426,0.37739570998770844,0.7029523718358597,0.5879563201866775
1877,0.5276626521682,0.3968118741402672,0.7131520714805181,0.5943266059648218
1878,0.4939967681937994,0.3816295717281778,0.6805581654223234,0.5771896070630914
1879,0.5022019360949004,0.38622764177939567,0.7012089493885825,0.5823767780424338
1880,0.4710591700924724,0.356930085547651,0.6669895335556676,0.557526969916427
1881,0.5008035567148397,0.3605542920888575,0.6992769323981037,0.5689382383486383
1882,0.49934027556465876,0.38525058506541643,0.6945472935543447,0.591357346947883
1883,0.49883265043631175,0.3844140857454061,0.6884168339015908,0.5776017036132718
1884,0.4929751015855147,0.3890456532748939,0.6873644872445537,0.5934049272272877
1885,0.5349929246677309,0.3871259846392112,0.7223577509276782,0.6013829238090809
1886,0.4724351171818002,0.35524221519967913,0.6624568177410245,0.5353871855050794
1887,0.5000497051163569,0.37153722471742495,0.6992106073559392,0.5811819363279617
1888,0.491085911361027,0.3817570676673665,0.6814378761033284,0.5706466204857212
1889,0.5083704877971452,0.36226056187001915,0.7214101844445033,0.5492900873759142
1890,0.5101796722404256,0.3836791151305445,0.7120140392763751,0.5797598278559948
1891,0.4910556325842608,0.3536407657817745,0.6913753373507507,0.5512236179885373
1892,0.4815630338145744,0.3850422481584349,0.6684355487068594,0.5773819609303561
1893,0.5032227462335948,0.3745435369568202,0.6883550697519624,0.5638632603104828
1894,0.4905660492694614,0.3841592003037827,0.676721372358552,0.590532216497649
1895,0.4977628272038329,0.39228719411314583,0.6933360003977589,0.5879788443176478
1896,0.5141464386597128,0.36991629405364584,0.7108507277620518,0.5743261733584415
1897,0.5380224700269848,0.4066360792601523,0.7300731361275707,0.6088593535430805
1898,0.49504469593535766,0.37695279540173166,0.6780273164640035,0.5631272696843627
1899,0.49502609920506074,0.38681123896229685,0.6806545674064195,0.5887796415445352
1900,0.48737058090999313,0.3589486471782555,0.6846724203838193,0.5533247562705129
1901,0.4590937592314254,0.3220894341582938,0.6479172417835868,0.5081169671915281
1902,0.5252682487050894,0.3752176377654018,0.7321984249418747,0.5966523859258592
1903,0.4866571644219204,0.3662993022606347,0.6921294206957704,0.5711098987167899
1904,0.5068267056949307,0.39061557358228144,0.6981399627501178,0.591358413975202
1905,0.47969476450748894,0.3625320596790463,0.6820332631908954,0.561212307372456
1906,0.5252493282094576,0.3857245671760871,0.73021959683952,0.5951856334108273
1907,0.46784648140910245,0.35953698286446784,0.6637734814122574,0.5460351848185222
1908,0.480805540527768,0.36250407201332113,0.6846947230013447,0.5775503966954837
1909,0.4803966700519259,0.35783496742921606,0.6705501859070714,0.5458207554329477
1910,0.5130432852501351,0.36933674439359615,0.7159464316798655,0.5682324089268546
1911,0.5018106106259027,0.40456663276065286,0.697469109743549,0.5993900277787645
1912,0.4717913207021525,0.3589664405562619,0.6663561782115718,0.5532182422109201
1913,0.48181301200936394,0.3717474244039631,0.654490459036723,0.5685163862287816
1914,0.4959353053350219,0.3698481259555978,0.6923416220687094,0.5487671743068022
1915,0.49130877245125154,0.34799604495336306,0.695870162599532,0.526632619895122
1916,0.5021667389383634,0.3689936286269465,0.6891354751035431,0.5747133046020217
1917,0.5283451933610169,0.395774361986221,0.7188712185076221,0.5919613702671824
1918,0.5076249723036811,0.38164573968891663,0.7035324004218947,0.5737183007438076
1919,0.47803180353869873,0.35427590389099933,0.667557905329062,0.5682441700574644
1920,0.5064711442105735,0.37202716546308406,0.7080623120434442,0.5786189034611963
1921,0.47129148254168085,0.3807031825695125,0.6609560725358604,0.5778950225673409
1922,0.4920189792260342,0.3712244457453598,0.6982396160540484,0.5647331948227532
1923,0.5234665950079576,0.4057986390070306,0.7119607973088891,0.6096358979780528
1924,0.4862401865260801,0.3754661913745064,0.663627036049557,0.5766417659305231
1925,0.4990361064078069,0.37757005843889463,0.6906988167421332,0.5957046534810161
1926,0.5257118131338487,0.379488639915548,0.7400716492979278,0.5835263696263593
1927,0.5136566488163686,0.38096507448491534,0.7012917666270483,0.5667670863998252
1928,0.49538653580536235,0.3725337852432633,0.6880735888693268,0.5767143107081644
1929,0.46984365430883646,0.3726693652467356,0.6480490219180167,0.5688142607037705
1930,0.5177514730540063,0.3961783843229887,0.7148317607740942,0.6056445341992691
1931,0.485918468231033,0.3760260833908033,0.6637600791175137,0.5622940065475065
1932,0.5270874298574584,0.3964262454858046,0.7330330905827591,0.593330419750643
1933,0.49036029192006314,0.36248363259321764,0.6813241544309786,0.5570050042917061
1934,0.5052509273371404,0.37631178629604045,0.7142447579876106,0.5760119921495837
1935,0.5037577148772874,0.3733169221348221,0.6891946226097003,0.5600721906594555
1936,0.49044061628619595,0.3680280746732864,0.7010987864137561,0.580220805188977
1937,0.49368550705155584,0.3779450822826888,0.6932457781523003,0.5817463073274538
1938,0.4802173282310447,0.372503014301019,0.6658188919735496,0.5665597521986995
1939,0.49906341469213944,0.3659089580019684,0.6801539532270008,0.5595768295930295
1940,0.5334935342788565,0.3960449839446575,0.7241132796823065,0.603569513622202
1941,0.49119862102241,0.38197056435529253,0.6836629822443101,0.5744823898465884
1942,0.5230635909593685,0.3933160705677161,0.7302228774866599,0.6062836628386669
1943,0.494265322514057,0.36355411517362457,0.6955938742750385,0.5638184662884759
1944,0.5018960490377923,0.36879850275967485,0.6952468011186836,0.5643420434261323
1945,0.5022660009890552,0.36982502090130503,0.709431324013444,0.5739941217964831
1946,0.47990745201628315,0.3352834602160347,0.6808445425234579,0.5212430447548884
1947,0.48777708798742675,0.3531860632301582,0.6890896942242026,0.5545362063448077
1948,0.47836177250740275,0.36469905012310233,0.6656175703349425,0.553172598366313
1949,0.501742489463746,0.3769730284664909,0.699722810471535,0.5733945487773636
1950,0.5017853762174723,0.38804830218080005,0.689008344553305,0.6038117979498101
1951,0.5059510377730684,0.4012150018087185,0.7031012162529285,0.6005765385398198
1952,0.5178151099274574,0.40101027554506086,0.716590909479011,0.6227413692531031
1953,0.5020955829873792,0.3917980830111628,0.695223083711184,0.5841374433509868
1954,0.49739584525388814,0.3649358275951991,0.7005324746715434,0.572721533222108
1955,0.49113871418725513,0.3637089664635065,0.6740747513402627,0.5578305226662323
1956,0.48501198809318613,0.365670243436702,0.6844822203708788,0.5566949378354026
1957,0.5025050717408941,0.38118794406937545,0.7131481679449392,0.597525441926026
1958,0.48219741106399583,0.36626707760468374,0.6680734063098279,0.5617781304846069
1959,0.45277094972865756,0.3522933581864361,0.6496391337737836,0.5566427031023257
1960,0.4965892417709523,0.3693497614028498,0.6853667114306634,0.550536519425613
1961,0.5158627994390019,0.3858903518287397,0.7220975751017066,0.5840835287006354
1962,0.45200104933203894,0.3277965299294476,0.638921620010027,0.5172476432020378
1963,0.48921285893237615,0.3836305244020652,0.659946533011739,0.582462062676096
1964,0.483294919382188,0.38434648674662125,0.6885551774647996,0.5829796211404227
1965,0.47498207655867714,0.35159974301184554,0.6669640139829359,0.5262636801943655
1966,0.5216687281707869,0.3919629119958491,0.722882938482593,0.6052266536571244
1967,0.5022815218994391,0.3859367417230828,0.705323195272784,0.5879380359919691
1968,0.5238250578705469,0.3845034854360934,0.7229736687129513,0.584189295631426
1969,0.48199227126024335,0.37885701130426225,0.6912043346725386,0.589610399638567
1970,0.5209770233949043,0.37802559023959975,0.6986375683033335,0.5753617151438314
1971,0.5173948402726307,0.39488994349325346,0.7174320814993026,0.600255974718388
1972,0.5128548014861725,0.39734152346620694,0.7147251113895283,0.6255595410415092
1973,0.498563850801848,0.36911538601191507,0.6989586599227727,0.5706256189640903
1974,0.5086592407003432,0.40592438900139427,0.7204618274260552,0.5947075924799725
1975,0.5078917706579227,0.38320162282616616,0.702065177849171,0.585008186389418
1976,0.5135865287534164,0.3797902602532014,0.7003865037248221,0.5932651256196547
1977,0.5205222294777438,0.3879672483007174,0.722131510972732,0.5804363638768831
1978,0.5133675549044584,0.39075715566157265,0.702386619802484,0.5847552251579109
1979,0.4898290199556364,0.3681418958085518,0.6946689809334387,0.5665694134871347
1980,0.4862140416059669,0.37541673656576274,0.6832215730115022,0.5758169092771286
1981,0.47275946291378856,0.3428297129133412,0.66779433897639,0.5212558632062275
1982,0.5003481144042037,0.37835295691454396,0.7034120069848738,0.576489784868726
1983,0.5029725730039352,0.37661387172275224,0.7136259835268761,0.5809247220346001
1984,0.49588995829690835,0.3816605633262444,0.7008965636996488,0.5780075239223932
1985,0.5010471577413088,0.3805534871903824,0.7035028262423634,0.5721671199184656
1986,0.48705304903373375,0.38463157863160746,0.669451023750556,0.5737936003088574
1987,0.4918536971507204,0.3715013707677802,0.6869496040940789,0.5711198710011807
1988,0.5160735189675617,0.3912463929002555,0.7173343023544435,0.5899117754552266
1989,0.5296744223373219,0.3928913267931768,0.7272402967302186,0.5925196349455416
1990,0.517845393097529,0.39492237566568195,0.7167613469225027,0.5921925939699009
1991,0.48883676863860104,0.36350824525103054,0.6759426194301916,0.5499967858541241
1992,0.47911088547464104,0.36042945633829937,0.6612683512128792,0.5427203709656593
1993,0.5130387223145643,0.3873546066009861,0.6908937968819376,0.5945927014994823
1994,0.48564944770944557,0.3766263824971114,0.6775868711055999,0.5673928329587749
1995,0.486467094789966,0.36680761536169376,0.6792656321168877,0.5590071221744475
1996,0.4992898075752203,0.3685303814487168,0.695965188712867,0.5702668512958416
1997,0.48495975152810084,0.351734675382609,0.6692269361267744,0.5400237816053847
1998,0.4990783897199297,0.3728557693503543,0.6874823241450049,0.5679230392300196
1999,0.518675349849088,0.39280126353007394,0.7139617875946218,0.5839818778229018
