b,yolov8_seg_map5095,mask_rcnn_map5095,yolov8_seg_map50,mask_rcnn_map50
0,0.4700028219600407,0.38881145940398987,0.6739369811490223,0.5830065400009357
1,0.4925636342980226,0.4106392329146682,0.6835572656903891,0.5972652006153925
2,0.48074608382245787,0.3963963987918758,0.6658840367889739,0.5815898769619464
3,0.4683685499382663,0.390507876754131,0.6691307022346448,0.5796264701376883
4,0.48843572940200025,0.42069894748945325,0.6752202446360724,0.6165140556381856
5,0.48653097959258973,0.41354211075926917,0.6612311235713311,0.5914233952051153
6,0.48747293789670443,0.39797635621518945,0.6787758023824352,0.5961580361120109
7,0.4574575717796692,0.3711998160127047,0.6481605071725943,0.5458336256356382
8,0.48167623685796446,0.39428287387458694,0.6764145431356137,0.572078311021938
9,0.4793595421249547,0.3665848212796916,0.6627347385469663,0.5671048673202884
10,0.48107311110290407,0.41798992294629955,0.6763247687429311,0.6155830129447338
11,0.4866813153914423,0.4155981314553966,0.6802704605276175,0.6084043132855123
12,0.46412938920668356,0.37303898685089676,0.646483959002299,0.5426218655720754
13,0.45981027098607097,0.36510404663209234,0.652619590658408,0.5427204858653173
14,0.456361828964961,0.35805061225961,0.6399402285546159,0.5211421124435419
15,0.4705379852180183,0.389899548166226,0.649149372953894,0.5588548336346062
16,0.4658307944676327,0.3709168033722112,0.6712405187715856,0.5612107425414835
17,0.4644369798839193,0.38595707326632855,0.6349407008002118,0.552864868953003
18,0.43862465090343905,0.33951150032425037,0.6286626859759402,0.5163850914652608
19,0.48269142677772847,0.38981131771554833,0.6637402271617123,0.5747991206663444
20,0.46987432538104446,0.36355023855624335,0.6721564772973313,0.5565924288054191
21,0.47175674212826485,0.39202336136316834,0.6637499867606159,0.5709602769494535
22,0.48531695735778757,0.3841121477331669,0.6572910736532552,0.5621303214428066
23,0.4558651019372391,0.37195779599398865,0.6394546964178572,0.5390130088657696
24,0.4606341642773399,0.3670352934639765,0.6570386367000316,0.5604281331677713
25,0.46712530945073816,0.38613754125658595,0.657498190866807,0.5718708308049266
26,0.4686096830633991,0.40108120193063285,0.6657472650794092,0.5970554389058832
27,0.4651296744024545,0.3936374078372271,0.6543025680753123,0.5842512470256713
28,0.44891614390114765,0.3809135354643747,0.6289535262415643,0.547999645637971
29,0.4732078958007743,0.40467146441382523,0.6631736473684888,0.5765664208136186
30,0.48144623790605506,0.39175349850634794,0.6774930197551782,0.586478977937122
31,0.4723116076827564,0.3804894358299602,0.6577250638329292,0.5446275134307701
32,0.4718789823162819,0.39058623189661656,0.6616570581792494,0.5787685905884538
33,0.49098596805499495,0.38782205878730447,0.6789609539137135,0.5830521199217541
34,0.4825770580867755,0.4113946686413235,0.665378526561026,0.5953080742369726
35,0.4689727223389085,0.38537009792913907,0.6558989670750979,0.5775272785139096
36,0.47488093735487147,0.3943956984500733,0.6488601159399088,0.5772712971826631
37,0.48105290714116616,0.38213403020838804,0.6608691239417198,0.5651471344343221
38,0.46552869401677627,0.385470139545651,0.6623612663980949,0.5666564872582889
39,0.4636341950602515,0.36885642452813877,0.6504599105808087,0.5721112910798969
40,0.4852665929388256,0.40854816449417264,0.6775696150734957,0.6056990967916334
41,0.45867176701575946,0.38894264328635175,0.6413361725876437,0.5819322171468368
42,0.47153060171690775,0.3771643574839927,0.6805973401168388,0.5732518863305731
43,0.45092910294360083,0.36876852833218526,0.6466025956318671,0.545606618705958
44,0.4661962220669152,0.3689846034022987,0.6620105039838886,0.5451607493291872
45,0.48956734017875086,0.41715601065976216,0.6849969160452901,0.5975725018748714
46,0.4829368123839056,0.418068637011818,0.6690074736081156,0.5894674914867265
47,0.4821751488093558,0.3870617206031898,0.6733900752449434,0.589617742762413
48,0.46572664712363704,0.38174344590376447,0.6446270025731885,0.5683811764677167
49,0.46079232103470064,0.36608709579524146,0.6634579716880138,0.5583513809565348
50,0.4994068998954799,0.4082738337366618,0.693824027700831,0.5924094893413886
51,0.47971430558834893,0.382850383284625,0.6598046157185085,0.5861429792480668
52,0.45904624894716506,0.38039848940043697,0.6609840330382264,0.5995114773866533
53,0.44832800733657513,0.3836385430659594,0.6441884025541705,0.5677829073079819
54,0.48035606668489556,0.4137818755866703,0.6811727479004466,0.6121723943566769
55,0.46287875731781475,0.39254826381663777,0.6416884669893239,0.5800264663190607
56,0.473683271025872,0.39532809525772555,0.6604961450657263,0.5736804350570364
57,0.47087000431701764,0.40739625607014074,0.6604154619536549,0.5986772651094039
58,0.4575234261297853,0.3787249883951969,0.628115062619855,0.5564300144727761
59,0.45230924975869724,0.38902997269676787,0.6386766671556285,0.5569381093170299
60,0.4665573384104834,0.3871305048712226,0.6502363540709544,0.5726727758649445
61,0.4691032545466269,0.36773833120372496,0.6356303310970701,0.5648424669217927
62,0.48316845462578445,0.4122272402098502,0.6743618075532998,0.61783285987131
63,0.48073634354943706,0.39834336154545696,0.6883672363120723,0.5881686371465483
64,0.4562943494276957,0.3898724215909262,0.6518432350639729,0.5715168233196242
65,0.4441645890524222,0.3554404911152925,0.6365253113737744,0.5384826090940449
66,0.4668872636797217,0.38439118499631025,0.6457449424443318,0.5688297196488279
67,0.4682646122789687,0.4040183545658677,0.6548341044122736,0.579371228767321
68,0.44029071939474357,0.3651817362114992,0.6396308561700059,0.5551887504159588
69,0.4854282999381572,0.3921888590934487,0.6787267313501548,0.5626318170940731
70,0.46229445040765654,0.3743489094247788,0.6619260194704223,0.5562614381635471
71,0.46462294380533764,0.36516939577589724,0.6586051373974607,0.5590759604402106
72,0.4736968992247382,0.40204689174959335,0.6648017958583705,0.5958168805173047
73,0.4630102821382986,0.37566168136781897,0.660805292086161,0.551633048758302
74,0.48074239693386284,0.4114456143639288,0.6487055775204476,0.5835084902761585
75,0.4554344918508914,0.37831359914114443,0.6459758047642329,0.5590614901119428
76,0.47049657318748794,0.3973952396533752,0.6599283383353645,0.5817569156911633
77,0.48479763775507045,0.3973544560534193,0.6714655717016581,0.5827294662077929
78,0.4639254446327161,0.3696794081474396,0.6518652315716033,0.5554003726257004
79,0.44816822334268536,0.3765289613564232,0.6224653000819858,0.5451423916913611
80,0.47893614155777,0.40289599243640223,0.6540434203036529,0.5859819550648925
81,0.4651101102518015,0.37260113169067965,0.6726915826425961,0.551322222854193
82,0.4526701096910809,0.3746448167862716,0.6497309075772839,0.5478956989496002
83,0.4687971505829159,0.39565448718731444,0.6607371590680002,0.6011565368973277
84,0.4607052333204679,0.3756053877472533,0.6537481419318631,0.5655778500570412
85,0.46607578027912666,0.36541820117461726,0.6666668768690799,0.5244357366734363
86,0.4759296201927301,0.38314868194329005,0.674356270184064,0.5621632912066657
87,0.44329966052124703,0.3410330323875749,0.6362071249580133,0.5294968811656288
88,0.4945153619433119,0.4071776775505561,0.6764184740522282,0.5923085894224606
89,0.4733647808312148,0.38254923676841923,0.6629753033612583,0.5870551993497408
90,0.46739043923889295,0.3658046708129918,0.6636871121633627,0.5353120963243198
91,0.4809546516401917,0.3801598393230996,0.6644462293737962,0.55604093908754
92,0.4828079824070526,0.4209489960218923,0.6602172165477231,0.6187213046510388
93,0.4648516345182948,0.38999455283223333,0.6506422992619472,0.5725754709429228
94,0.48767856991978464,0.38737935424243,0.6768624014151012,0.5969092228877908
95,0.4786812550964527,0.3956218966216398,0.6683622263760032,0.5813863529473444
96,0.47910848949221235,0.39601264617281023,0.673655115920735,0.5721572051288782
97,0.46109801260116406,0.37597486359414906,0.6389390971600535,0.5663237137421916
98,0.487657151770834,0.41480570141855394,0.6964482742427744,0.6220462855975011
99,0.4982191640847515,0.4191215836928454,0.6819222785386551,0.5911046642646589
100,0.47395132047871635,0.38487682861783745,0.6503181811523802,0.5595707695986936
101,0.4612146677752145,0.3772133577892306,0.6433089796880274,0.5741438246450368
102,0.4584512637129295,0.3796453276882665,0.6361059561492394,0.5648418954797492
103,0.48017387996123395,0.4006272277271666,0.6756787568637102,0.5807542858702386
104,0.4863281340780244,0.38190316230814403,0.6656952702870319,0.5905770896085765
105,0.4921142192333331,0.4186239274389218,0.6797456671467208,0.602630091688223
106,0.46127487027925307,0.38889341206294986,0.6548098087092159,0.5703453551161835
107,0.48077406561632124,0.38276281937116596,0.6680365964680812,0.5833432396344475
108,0.4491658894167456,0.3792892093259906,0.6423769554861938,0.5615880090709994
109,0.4678488514178268,0.3835203572838089,0.6775071719763862,0.5830192518670756
110,0.45970035300711126,0.38637079251631573,0.6400783061556956,0.555089383917161
111,0.4333403123652517,0.358304629008339,0.6156634437899008,0.550556312198441
112,0.4652341640543792,0.3887378784751726,0.6687369547139301,0.5668352909053493
113,0.4573355397116367,0.3896950263709231,0.6562829302773919,0.5775358668297086
114,0.4648335065307992,0.3851674525238918,0.6646976646477989,0.553925334345761
115,0.4652758282179765,0.3778938391748264,0.6680802169278748,0.5455158248608664
116,0.45763318900885136,0.40014499692460376,0.6602991501377166,0.584747951067762
117,0.46937182728281146,0.40030663172930225,0.6595388039572527,0.5909496281801055
118,0.45509412362807,0.39470792844982083,0.6558479623827514,0.5610751029670996
119,0.47344448041740406,0.3691349640994119,0.6666433093585101,0.5432900106816798
120,0.4733268146136835,0.3926315860026243,0.6673001671469331,0.5706553860908965
121,0.45719843563389834,0.38430272476349564,0.6600383212806374,0.5563634369926947
122,0.4568964916887124,0.37052013092571107,0.6472107727680502,0.5648826833340891
123,0.48995071952741115,0.4141040811476025,0.6817384259641636,0.598341399774437
124,0.4626344059585072,0.4045812171832561,0.6507696693025157,0.5986426812816337
125,0.4665611031266787,0.39232845179183207,0.6403315287378561,0.5665182359068184
126,0.4562389615652864,0.37768626090621366,0.6520939806645715,0.5516087464112381
127,0.46970391135088974,0.3758809479887236,0.6584170790568498,0.5688293050802525
128,0.46951730140002274,0.3865583480879467,0.6737784016121945,0.582204865806222
129,0.46811884989249686,0.371639451860764,0.6707269724859564,0.5531449637159481
130,0.4862432203447584,0.3968644307774443,0.6806959245025441,0.5777461547010363
131,0.4944097316703335,0.3935534155659479,0.6827968806827455,0.5954442622209232
132,0.4532756348307559,0.3804726601905288,0.6469343094746159,0.5450383413187441
133,0.4747635207691143,0.4003617209802843,0.6645198097351707,0.6031200310377982
134,0.5188912845212715,0.44619895837412304,0.7083159391993994,0.6505487138490592
135,0.4767830396799178,0.39560547130415724,0.6637075186846475,0.5719577527129105
136,0.4531556546211574,0.3742150134691639,0.6580364801579716,0.5507221470453703
137,0.4635538420677811,0.4052335395522469,0.6375901609918156,0.5734298644649524
138,0.44461395959146,0.35494690040460847,0.6428333297188953,0.537039028054259
139,0.44611284705479487,0.36031790013431975,0.6445016345393627,0.5370274443132357
140,0.4464531297612148,0.35423428999233303,0.6445215217307557,0.5427966040061918
141,0.456210723237674,0.35553027865488535,0.6387243964656442,0.5478024283602587
142,0.48024354608697717,0.3707475910334212,0.6766601191947863,0.581280601921937
143,0.49335281146051,0.4049516294674423,0.69063691867188,0.5817388351384257
144,0.45452146325389514,0.3851832396645602,0.637617138614655,0.5605526817476102
145,0.48785690036876833,0.39944136342634556,0.6653793727174617,0.5878204990833711
146,0.4324034923959272,0.3636160891625327,0.6225499257233269,0.5420283721477925
147,0.47532032793114887,0.392703453031856,0.6696402433884284,0.593022526445111
148,0.4511433988015514,0.37591816369338066,0.6497569262837862,0.5666910781959487
149,0.4439957825202421,0.36366637325598894,0.6308650177186217,0.5459068776113041
150,0.47221931451660937,0.38852527911708,0.6529338365310192,0.5666105399023776
151,0.4775973981456711,0.3987831094548386,0.6756607461093816,0.5763945799796856
152,0.497558532358809,0.4249631243517703,0.6946159328649802,0.6209528318368429
153,0.45393612739817446,0.37692056839193366,0.6602497262927216,0.555675211810546
154,0.46362054893496485,0.38772016714591373,0.6653631480873405,0.5783635404895433
155,0.47910723029686103,0.40052682518165683,0.6786086957341559,0.5909160338324086
156,0.4659650136207741,0.36921567315732884,0.6772137622591909,0.563844277566713
157,0.49078560403779664,0.4037688937725143,0.6759670559557496,0.5916963867114216
158,0.47590329409899057,0.39123647734256634,0.6773571606351754,0.5846481696009149
159,0.4561934648776372,0.3795849916684221,0.6358250159451534,0.5447233552776328
160,0.44711351952765815,0.37528179807253076,0.6206090654973936,0.5508685862937136
161,0.4575396202241874,0.3657745502997981,0.6592082706655187,0.5357519905640752
162,0.46941754159801014,0.37949443156634166,0.6453195947204629,0.5632059964542354
163,0.4594008445328215,0.3880028136330561,0.6391372700912853,0.5629946077850757
164,0.47118548809080674,0.3642848040516568,0.6818774257016719,0.5777026876082721
165,0.49418172891008555,0.40414067367887363,0.6886821992205998,0.5964819364611124
166,0.5021570421634326,0.41943425297242865,0.6934350841618574,0.6186303654146863
167,0.44515284434070046,0.34135971382369035,0.6429548352011901,0.5353000812324981
168,0.4587405680903142,0.35960317008337056,0.6636774254036334,0.5537851883484366
169,0.4474478515963211,0.395574494276713,0.6447885759809031,0.5727290268899418
170,0.4713097886513716,0.3825618134097887,0.6623572650645458,0.5857244141201847
171,0.4778929539046545,0.39479463998003644,0.6809485444447243,0.5842955333376563
172,0.46046797958650704,0.3670363155390069,0.6583078217127962,0.5409925161898473
173,0.4799176018323815,0.39677571610208107,0.6727074267753611,0.5745179429957458
174,0.4876585810951902,0.387120081458931,0.6984299241278945,0.5690521827879379
175,0.4326400577458708,0.3571083365271304,0.6061969007417632,0.5083131481209517
176,0.4951548583215947,0.42547455810732143,0.6978361761421554,0.6086494379573159
177,0.4785715839713362,0.3915286855976969,0.6707333800905625,0.5845977769333616
178,0.47789291457627125,0.3603694337633734,0.6754142270323658,0.546372050606389
179,0.46133166052476826,0.3808073997136321,0.6469547877246203,0.5588411300684818
180,0.46635773551567494,0.3800209374179349,0.6614241942526637,0.5637917441766568
181,0.4779670548370067,0.39656523907384894,0.6720144453898965,0.5861156150790913
182,0.4825845123196074,0.39334264940455377,0.6681153283276489,0.5817398828730181
183,0.48081442195774854,0.3992569204129529,0.6498431988166559,0.5768592169323054
184,0.4428419385785621,0.34568714904803294,0.6311634933074777,0.5179857482639295
185,0.472756152665883,0.3814169903982924,0.6651871133985661,0.5713702365654053
186,0.46061289573482017,0.3647560201361482,0.6608698977407012,0.5634655296002786
187,0.4676295577721185,0.3885604430101624,0.6603592954481833,0.5744726579645197
188,0.46875253178194126,0.3598307612148789,0.6472192277384131,0.5360871182740131
189,0.45359646833777967,0.38542350860492985,0.6232841958961447,0.5455524010897941
190,0.4872105408003692,0.41042366483457854,0.6850136104194678,0.6056873257771554
191,0.46480043195013904,0.3841891459460456,0.6363445296411583,0.5551910186628689
192,0.4537748910419951,0.38724219424122036,0.6518334505303837,0.5672064286858346
193,0.49361593409363697,0.41696097300617047,0.6650065991695939,0.5993160282741471
194,0.5108139651533146,0.3935208915169521,0.7217778281150289,0.6054216533994028
195,0.46778534575586933,0.3695821413482129,0.6690623624474713,0.5531068004226898
196,0.4695354165171922,0.36620909894871323,0.6436396180102422,0.5540129787425554
197,0.4658913084824925,0.36607996013844457,0.6443179153270292,0.5795992873795288
198,0.5004526702555572,0.3966686669660395,0.7005306637054406,0.5938412191130987
199,0.4604918492456406,0.3614077964320908,0.6453122783412969,0.5418242659229835
200,0.45877240878907943,0.37710006030876864,0.6435289564443164,0.5478186450816164
201,0.4861509295149762,0.41811168252900377,0.6680549991379447,0.6030341167232467
202,0.46499944503819085,0.3631478642760648,0.674103221347547,0.5523374818020013
203,0.47768243492942364,0.36452632355535036,0.661929427766839,0.539354501166415
204,0.47714397810511955,0.3815081098717366,0.6688777710194916,0.568969508691089
205,0.46317754104819625,0.3867965037340401,0.6485790319933016,0.5631961685011301
206,0.4205293618213285,0.33486963084385196,0.6091263098725751,0.502464149064039
207,0.47681574633361573,0.3769604201209851,0.6764987064480377,0.5718450777608579
208,0.4662464459714388,0.37449980525335175,0.6823990991500666,0.541128431652899
209,0.4778028314558652,0.3955896544241538,0.6825192168364863,0.5861451993211884
210,0.4625466934647156,0.3696767050242765,0.6599428308049953,0.5565962222989976
211,0.47461921814630104,0.41285332762271426,0.6772611145514897,0.601022308768162
212,0.47844219982515085,0.4041773576794026,0.660405286962019,0.5947712417787288
213,0.4779790693190032,0.40135100873304674,0.6853271204147062,0.5944188190674562
214,0.47991134812694847,0.4070932329947579,0.6603479069849275,0.5977758144133714
215,0.4505901098086844,0.35129023286845146,0.6511578986514076,0.5321371104604019
216,0.45851314500294615,0.3953971575471313,0.6423281687572702,0.5674154934759627
217,0.455532687848736,0.3491163798863638,0.6574616002199177,0.5398223663255021
218,0.5037114325166726,0.4008415405791327,0.6744366245040845,0.5810432987984352
219,0.4758023393512248,0.39663828565477705,0.6729031081833964,0.5868153826024934
220,0.47617088995711476,0.4146933001685637,0.6614748655686982,0.6020182627889736
221,0.45432986740902775,0.3733071295886502,0.6512335972862716,0.5560095133705211
222,0.47808901195726067,0.3750563798529363,0.6784134074390862,0.5795094525403091
223,0.482348353939314,0.3810660194801124,0.6692437428081714,0.5679776731265328
224,0.46095277890711306,0.39637801997081995,0.6454966065341932,0.5702882724553191
225,0.4853737320606162,0.40446673681724193,0.6734438564066609,0.5816262170826696
226,0.4408528033466309,0.3615712688391587,0.6378001028824972,0.5488726527614198
227,0.479444646525162,0.3755331965585148,0.6803364708157112,0.5511203386864976
228,0.46581378005269736,0.36601291509104206,0.6661094199360507,0.5606023188467695
229,0.49952009502781863,0.4085939007388106,0.678087631031844,0.5908600807786482
230,0.4936070339809875,0.41847744601485987,0.681072776500103,0.6135416643151708
231,0.47790020727218346,0.4118783456739096,0.6854424842579967,0.6108411719682466
232,0.4498839097805734,0.35887172544351853,0.6320312226292139,0.5255259830641165
233,0.48005618227333074,0.3905900197719652,0.6816369027366151,0.5919131424238515
234,0.4592092664605064,0.37065199384742437,0.6429357053461323,0.546195074662772
235,0.46452707783331143,0.38654075281760963,0.6521520917896197,0.572139952166648
236,0.4978426716994588,0.40510539641023063,0.6957648158653679,0.6221247271374054
237,0.48821842615718014,0.4099208453776777,0.6799972260061623,0.5814100166510825
238,0.4458711228581353,0.35844144189224814,0.6370621162038415,0.5283647053131044
239,0.46963286874135307,0.389122350957187,0.6670473260307371,0.5901370387352192
240,0.46665180745865464,0.38810676797256627,0.6597631315388044,0.5596291914473803
241,0.4721094893161871,0.3935133407614097,0.6511595472975953,0.5694414606658778
242,0.46645382904837573,0.391350198434574,0.6519997824136347,0.5673552954105204
243,0.4715663159901665,0.37871100753476006,0.6749718018974018,0.5812007527473901
244,0.47051727358693207,0.38094211610009904,0.6494985303116352,0.5516036543378066
245,0.4753422890449395,0.39868239093086694,0.6655868711754694,0.5733340073042731
246,0.4648473306839336,0.39710953111121366,0.6533251765100125,0.5706872600058956
247,0.485156917805746,0.41070574622818873,0.6782544098269789,0.5999573261336199
248,0.47585976215809106,0.37601437762108364,0.6738891445058999,0.5662879230157839
249,0.44598062733964816,0.3617758432111824,0.6326456739307501,0.5392628019713859
250,0.4651199406150381,0.37031212350711207,0.6560858673773182,0.5631294238373009
251,0.4550179842921564,0.3757418494802393,0.6545232033421114,0.5474020553427315
252,0.4766201747648404,0.36939764554798676,0.6763030071085405,0.5292247725490649
253,0.4693478580144356,0.3833672865229701,0.6451359480481114,0.5750803698282277
254,0.45597678551234017,0.37260031963408574,0.6529400368056745,0.5529610157216989
255,0.4856332146418778,0.384794866714564,0.6731056192947203,0.5553132678360331
256,0.4713121775802014,0.38774395568965814,0.6855332852814578,0.5784809216005038
257,0.47079632111183095,0.37322713475245206,0.6638162235566668,0.5510051143027841
258,0.474073416070243,0.3745364883464279,0.6530349588566651,0.5683298561118567
259,0.4604645361560462,0.36486099590165816,0.6594014826735213,0.5578316653858086
260,0.4894942938496881,0.4080940625473737,0.6806707291489114,0.581642676544722
261,0.4631501399398819,0.36949983203338177,0.6512820809600495,0.5767019675934929
262,0.4532748365302804,0.3738974137954048,0.6388331354436716,0.5508106658037046
263,0.4738360988771157,0.4133876395963681,0.6759437436526206,0.6094449671043085
264,0.4891815602005737,0.4104452660591436,0.692165632043004,0.6045720109040044
265,0.4578150983988228,0.37450553378689044,0.6643563923717415,0.5691370917609072
266,0.4622479857791107,0.38134262963014565,0.6430493237892558,0.5691640350598351
267,0.4690073011169722,0.3882418640358282,0.6809906417568371,0.5682900598874295
268,0.4485434712057126,0.3612341594282205,0.6398949559691944,0.57602678636876
269,0.4576236428233391,0.3817402311501298,0.6642866203230169,0.5632630278800841
270,0.4506266814844623,0.3661567255889998,0.6424876258997748,0.5596260025792165
271,0.47579445662486597,0.3921722454545814,0.6609493852356848,0.581316362262846
272,0.4911484882063415,0.4024959122872205,0.6860543180900849,0.5836686687200888
273,0.47261320485052993,0.38853066466181746,0.669200561904931,0.5719140481345282
274,0.4562146712786723,0.36130109413495615,0.6481514248319677,0.5568310915156065
275,0.47807574788078505,0.40089287224124187,0.671037263215647,0.569656344006998
276,0.4768296285410616,0.3939582992287055,0.668387960009022,0.5896908830857669
277,0.5001783233016598,0.41907492382281564,0.6906491599729462,0.621522513840792
278,0.4587532846079399,0.3747656443449864,0.6649613978766333,0.5511316725300668
279,0.45444737925686685,0.3773939998646027,0.6535304979216953,0.5704333962366182
280,0.44386008737269206,0.38503034154971966,0.6406410224675464,0.576786490380647
281,0.4734887452794572,0.39918600896270945,0.6598362169575798,0.5805416917142661
282,0.4755038489212987,0.3878632586491777,0.6684256103742995,0.569335385616948
283,0.46403839987817364,0.36900852420843255,0.6639941833332814,0.5640144128496356
284,0.4865197231274485,0.4150405633816862,0.6826132866501777,0.6032038149274683
285,0.4776190953248612,0.3785390079635192,0.6769126336664669,0.5548238424622465
286,0.4491695798825521,0.39077814421659446,0.6265025180760143,0.5651190146637806
287,0.4678276608609095,0.3955313784406293,0.6684731107711814,0.5780531338605539
288,0.46478212753413956,0.3866848708409052,0.6584530346612159,0.5669616985187389
289,0.47448888387870486,0.3820656541087498,0.6799003256606461,0.5607343854142924
290,0.4621754393612088,0.37703464958925104,0.6475616454015393,0.5516329045997649
291,0.462290269890313,0.3834589736777882,0.6598934169395358,0.5643091227321995
292,0.46767457750134295,0.3712157987947504,0.6424656112095122,0.5532721453502571
293,0.4799417228703393,0.3964615047489131,0.678173968075649,0.5936692500139578
294,0.4512187787019559,0.3647428630113443,0.6433998967253833,0.5573405701611727
295,0.5001103714552232,0.4170269590636144,0.692063706297886,0.6011511878595858
296,0.4877083620275865,0.39086551747041026,0.6883412771510878,0.5868753578849131
297,0.49711686340043054,0.40032735842459893,0.6907060491350443,0.5786820711091385
298,0.4775230913875831,0.38713211007099624,0.6722993242276265,0.5526888423655164
299,0.44772164239997475,0.3711180926038429,0.6298307966242381,0.553258906427315
300,0.4595606079011933,0.36857967222375915,0.6345160333378284,0.5595958771341913
301,0.4865777929844303,0.4016284878190401,0.6745153374202375,0.5904932313478245
302,0.44589030077403236,0.33886722886429826,0.6423636806421421,0.515418233840418
303,0.4745477289497673,0.39179055930613843,0.6466539319025592,0.5766478714020161
304,0.46557679728888834,0.39724909272041375,0.6648196887114808,0.5440631969098497
305,0.44554011658248466,0.37170824244445905,0.6443362376736994,0.5485732133053288
306,0.46456012975741845,0.3875111161093592,0.6421939057471585,0.5566868181927642
307,0.4580820545768919,0.3691994792833725,0.6437537062210897,0.5582942726128861
308,0.4719258277665956,0.37794987968336485,0.6475361446437046,0.5725944180843175
309,0.48681839982801234,0.4052791567627727,0.6991458937044235,0.6060367105846598
310,0.46713322523549455,0.3707060153541361,0.6529508951317539,0.551287814122705
311,0.4642615183616871,0.3894910284288791,0.6374816901388894,0.5566080505289497
312,0.47104116052716877,0.3952617546051429,0.6590433721085179,0.5835230305565138
313,0.46189375805697874,0.38606194895567963,0.6652523048624559,0.5595579931666166
314,0.45487724380205097,0.37062300322732356,0.6550988401626393,0.5599782326309916
315,0.47703376072928094,0.40930316746085593,0.6657859341280794,0.5821309762487761
316,0.44808764472750806,0.3535624343970811,0.6566534145464497,0.5256904989090964
317,0.4694502761249898,0.3771107593254823,0.6744458511601787,0.5678050471904967
318,0.4621966975380377,0.378386285991603,0.6668051830450294,0.5686053510524801
319,0.46572716183372587,0.379318030886514,0.6758874803947432,0.5580165244926343
320,0.4684040010577301,0.3845675803534134,0.6708768575732287,0.5661676741472821
321,0.4763854310240115,0.4140735006049091,0.6786193678123498,0.6024165958626257
322,0.48109024526605076,0.37810296722323,0.6686922608112269,0.5731875451594509
323,0.49663048731606607,0.4021247272594355,0.6797003924806957,0.6161355433098228
324,0.4744843084502505,0.3947590493333202,0.6703982847307591,0.5815814469312524
325,0.4782093528486191,0.39299595253847214,0.6645948856127982,0.5848624348762576
326,0.4741378242763932,0.38773051948067255,0.6635238974553469,0.5645637638346143
327,0.4718546512606544,0.3776382541874201,0.6491852832073675,0.5725201987853198
328,0.46686923994149054,0.3599682217642538,0.6731638728187856,0.5391047609176631
329,0.45538343167754525,0.36496009462508217,0.646656853006335,0.5417086012959565
330,0.47639361822588866,0.3782142061405493,0.66646475308005,0.5524217628903415
331,0.4724319639254952,0.38281132633822773,0.6734233940968286,0.5657499211225544
332,0.4457703703073244,0.3457514338292763,0.6417171300406066,0.5222880791432275
333,0.47100679351942143,0.40862920614231135,0.6537166406466361,0.5871559162928854
334,0.4667268092999972,0.38930870215359464,0.690639367071871,0.5812655241059596
335,0.4768586202740624,0.3897639136402717,0.6679099086171089,0.5725123999269757
336,0.45668742593508055,0.3815917076512875,0.6556835764362721,0.5740748419876176
337,0.45981022177715136,0.4007279835247704,0.6248006685918406,0.5626104529293696
338,0.4870762279852684,0.3882358838248616,0.6663002840991008,0.5658152867772829
339,0.45797991857121556,0.397390359514484,0.6450423595841375,0.58682484474116
340,0.48170403932976613,0.38861118861364813,0.676747384520555,0.5701152850967319
341,0.46797553245065476,0.3807467315293472,0.6651487622692565,0.5683641931258128
342,0.4709102204291005,0.3863026813567722,0.6730949896107514,0.5914013351156358
343,0.46978855953538134,0.38838949009209006,0.6552336796036932,0.5768593452406559
344,0.45818566342239475,0.3566116468255001,0.6380243128469083,0.52483298071983
345,0.44499751462712245,0.3698128421605993,0.6203044307441289,0.5756935985987668
346,0.4479050039303899,0.35959466745080876,0.6363779337116472,0.5277255137200354
347,0.46042537801615785,0.37894088533865955,0.6497460560660236,0.5594565199220312
348,0.47057981730079484,0.3707875134005078,0.6693789497262209,0.5715831524189599
349,0.46625365235476407,0.3901984316169121,0.6583061806369848,0.5660232675851166
350,0.4572297540725292,0.3994557444552645,0.6445487379178987,0.575976637589066
351,0.4801490501086081,0.399660011086208,0.6747181258213043,0.5825078907693232
352,0.4571175184703531,0.3514295654782294,0.6587815866313705,0.5435768882026425
353,0.45549394663847637,0.3730395701558124,0.6464591084419867,0.5489721707559173
354,0.5033674453251683,0.41968245952314487,0.6978662196012545,0.6129662361941525
355,0.4430340353629726,0.34731108224218915,0.623162038618759,0.5413568216543024
356,0.4755744509289355,0.3902948395021549,0.6457800252520296,0.5858272022526101
357,0.47290469977907634,0.3725474019139359,0.6655993251795761,0.5611172247896258
358,0.4741898727097821,0.39733782871668033,0.6783333916103246,0.5768913299737132
359,0.4890929958195816,0.39907745764124436,0.657103584881035,0.5891708408888527
360,0.4561274098638871,0.35224456532618004,0.6457288310049476,0.5427061243175557
361,0.45461240054674473,0.38478783782991216,0.6518415442745532,0.557952316877497
362,0.44254175708124077,0.3637439919852223,0.6367979509432771,0.5446494307416213
363,0.4700454172792399,0.38100473262815326,0.6544780021989796,0.5770057041927148
364,0.48569151560510454,0.3969299418694451,0.6752185975751869,0.5720303887254831
365,0.4746522182481549,0.37019266036013393,0.6925146446447207,0.5902976450120618
366,0.46474303269208744,0.37755324650973243,0.6719809222642331,0.553391645948962
367,0.4510936850027567,0.363343626424607,0.6457906518466153,0.5543296520899968
368,0.44572520022550444,0.3361184525539534,0.6828484411760507,0.5157433574514433
369,0.48380462203758895,0.39119025205145547,0.6750892510756067,0.5882397404823178
370,0.46731100060383884,0.3591847688683263,0.6796996735427994,0.5651718399344218
371,0.48069535729993323,0.3941210022997681,0.6712281250331071,0.5779099222355254
372,0.47862672519941973,0.3775064413413192,0.6805215827398183,0.5777940520391824
373,0.4612671421277295,0.39292978692423014,0.6482697165550951,0.5779925380851936
374,0.48560546604055144,0.3821608496547103,0.6847509080676393,0.560039709256483
375,0.45952155924969207,0.3774712267925444,0.6580830954255995,0.5629357465887473
376,0.4477007814060648,0.3614292660671812,0.6350807391851102,0.5347037547405936
377,0.4629417804114586,0.3832564856909521,0.6707786423384502,0.5565795980733023
378,0.47045805654203565,0.383868430930473,0.6683345823502558,0.5646339493829563
379,0.46342229025056303,0.3829165136495583,0.6722044021115418,0.574058427572974
380,0.4935512851984715,0.38671262434279896,0.6791918088715756,0.5501851444295637
381,0.4611401939835981,0.38761903927265834,0.6425041180049312,0.5675090190488246
382,0.4747478791827278,0.40109129981923924,0.6548265888087348,0.5858460017913062
383,0.4429548260339894,0.36605482500474734,0.6208314853705916,0.5445094294781819
384,0.4770483100589102,0.4083685874314724,0.6593153645165396,0.5921204985203233
385,0.4546662421040707,0.367636765187447,0.645235653232385,0.5318993897010251
386,0.4761078815765442,0.39811212061163037,0.6695242371272375,0.5861057407623858
387,0.4722455872044994,0.3858577739433404,0.6821416180342436,0.5787959006025515
388,0.4696585025639614,0.35080923353609145,0.6681908083068908,0.5510266720091884
389,0.4483334882799806,0.3669181199233868,0.6414171343256311,0.5405308329911969
390,0.46526492053174273,0.3828356175573105,0.6527278973361141,0.5715652636947962
391,0.4602178442168997,0.3582263431340448,0.6567879899224895,0.5518159717434497
392,0.4813787314456114,0.413939483199616,0.668568178978157,0.5898705422704864
393,0.48181480071955357,0.41892481866732,0.6749804439244815,0.5996225546669738
394,0.4667528079907598,0.36723521801284353,0.6558001082650278,0.5684221226450445
395,0.4701343575620412,0.390129410612045,0.6602405308534909,0.5852664855405282
396,0.48864220427766947,0.378483874841349,0.6899583027295942,0.5714329607256122
397,0.4550828761942789,0.3710821002906026,0.6491929230956501,0.542160598360907
398,0.46479042455739095,0.37673319285553175,0.6604156231480562,0.5596559893428602
399,0.4679303144994007,0.372288270645521,0.6628154059046132,0.5763340332295569
400,0.4796127041747389,0.38132195701085314,0.6875370469489948,0.5595591368818618
401,0.4611705411932624,0.3821567976431069,0.6592896279283629,0.5681992868889875
402,0.4785787030477862,0.39537615279837296,0.6614641410974094,0.5557761143038606
403,0.45432496921751375,0.35543337949134957,0.6662260261030699,0.5644437331908516
404,0.4687919570844849,0.3567251463479559,0.6881933738381647,0.5552385189694979
405,0.4767427676836408,0.39163611476806603,0.6644162119008203,0.5638486589212119
406,0.4968699787878022,0.4224758037632861,0.6899389070538856,0.6150256714891926
407,0.4911269826018302,0.39420481959510845,0.7316636083677138,0.5794453937657511
408,0.4410756870896017,0.3555306484609198,0.6184182744571747,0.5566846755772599
409,0.4758333214481531,0.37819603623374454,0.6485638482360842,0.5667168238749954
410,0.4719734281778421,0.37267531003348897,0.6793708924649766,0.5814133597918557
411,0.4749879642433919,0.39464044585256175,0.6583104083228066,0.5579445526053999
412,0.4799538790465498,0.4226310485196711,0.668819556896287,0.6133867964399566
413,0.44976117148290223,0.3779834036416253,0.6418869343814897,0.5593640266451855
414,0.47300144533202376,0.4009733892193574,0.6864025724624924,0.5637814159458259
415,0.4601641891040733,0.3947719703896715,0.6227386328290208,0.5592913454363471
416,0.4660764779840813,0.3644649542328167,0.6594397389568459,0.5759387713306916
417,0.47151125533933286,0.3828180187994838,0.6706550487239342,0.5805767488430319
418,0.48338456062281515,0.390883441092471,0.6616606509910983,0.5715352879809389
419,0.4716313185876373,0.3796891198896412,0.6749087941635517,0.571444328186836
420,0.4913377332440205,0.4073987115545774,0.7027553273640285,0.6034572098940121
421,0.4743509959719418,0.37443388771947483,0.6568383875370074,0.5533270471940244
422,0.46774901927813417,0.40109377096477183,0.6621419029857208,0.5864717023720776
423,0.43623779088260667,0.3596853223702881,0.6250052398212728,0.5394920639936538
424,0.46676051158554255,0.37831943417032465,0.6485298822620001,0.5543587935761305
425,0.47645013626981436,0.387897088149191,0.6796002904479275,0.5880704727442962
426,0.4425005144296492,0.37765262695559315,0.6267982605618281,0.5540025921006608
427,0.46388419212611126,0.37979700091458407,0.6607983093089449,0.5546663547280459
428,0.47846611511772263,0.3828890429334096,0.6720445404884469,0.5891449431474247
429,0.4605652378147481,0.3846588061952548,0.6631708182154328,0.5623029956070575
430,0.4606264157961735,0.3751370418836084,0.6241072848264225,0.5891546725397635
431,0.46525218004647756,0.36915400615572574,0.6567286482485492,0.5600951962057525
432,0.46818410196796345,0.3722701487655339,0.6584248323348657,0.5621506806497492
433,0.5098741114299954,0.4267132811795262,0.690671875388838,0.5925526171964334
434,0.44472492639004596,0.3630088769841112,0.6325246244338425,0.5441946921960805
435,0.472768020390391,0.39158942432573235,0.6750220525907255,0.5836690728277644
436,0.45110374575951206,0.3611110277728686,0.6619514126372786,0.5418990475224813
437,0.46758592235196444,0.39958996894018434,0.6710506012176894,0.5730360280050607
438,0.49173689584203,0.39779913457144495,0.6809193110621873,0.5652826961522446
439,0.4573374899420326,0.3760987275214372,0.6604295860101145,0.5611719252058922
440,0.469750481615585,0.40766581390889123,0.658979090771008,0.5863610597607716
441,0.47950802594068087,0.3934339095564849,0.6538877376678752,0.5813721485881396
442,0.4622703884601018,0.39793592595175686,0.6457020920132287,0.573612190564517
443,0.46852962957902666,0.36900400315250576,0.6652250727047849,0.55927167731481
444,0.4833355692210629,0.37422226167776884,0.6850639965967575,0.5762462554515543
445,0.4532901556484164,0.3830882840920758,0.6320471831417583,0.5754000881665132
446,0.4474602463840797,0.37107418469034376,0.6389920988113823,0.5501393563209382
447,0.4715556052149708,0.3878092786158608,0.670171856045808,0.5724138701227491
448,0.4885282756043106,0.39957430071647915,0.6725457820402573,0.5956523915257016
449,0.47472032280341936,0.38222988237647626,0.6641073561730615,0.5623295066408427
450,0.44925983347156223,0.3912041513814086,0.6251689356249273,0.5697756772886318
451,0.4702338033654856,0.3833938428260284,0.6775049277610053,0.5918183109652783
452,0.4550680933956629,0.37486506524408925,0.6385788839362527,0.558586461240365
453,0.4690979238396713,0.3787169155555148,0.656247607838722,0.5661311383276716
454,0.47274676309872293,0.403646947577099,0.655273822152246,0.5753030943040487
455,0.4600081013870397,0.39846848536847074,0.6449923389875012,0.5572492204913355
456,0.48260265177172373,0.41061064899906374,0.6734081285301137,0.5971125501701466
457,0.45965965179051343,0.39062127517312883,0.642182985927778,0.5556961409081467
458,0.4503833441860548,0.3684198943056118,0.642170656720599,0.5423587111581186
459,0.47166561193819334,0.38488130955836003,0.6514808846388577,0.5459077476874706
460,0.4762598262173249,0.39545169835689553,0.6587306317423293,0.5709143908079142
461,0.4532099007348519,0.3803071466257405,0.6424510181885865,0.5590784467844665
462,0.4790226952650042,0.403843974218451,0.6607536219479229,0.5810354070382848
463,0.47477494133660186,0.41680104697217424,0.6516399601997537,0.5937779003236523
464,0.4525643632943273,0.353034879430271,0.6427734755439991,0.5427910316248963
465,0.4700809978332603,0.39753014496387384,0.6502670884748228,0.590569840241581
466,0.4627843006262704,0.35263718580508946,0.6601740773486834,0.5701515632011044
467,0.49735419760485283,0.42218650098350774,0.6794144741896437,0.6005062406234626
468,0.46398998478346526,0.3795330497994904,0.6674998733605209,0.566996735798842
469,0.4666512954084074,0.37402267089354135,0.6657151314047391,0.5941677154634836
470,0.44634451033507366,0.359075459920882,0.6157820731965258,0.5454214682672639
471,0.47455340608908475,0.39033994957222484,0.6578397450718466,0.5772276990863459
472,0.4726898137217175,0.39675490458783447,0.6739284607890739,0.5814152769482402
473,0.45602066540420627,0.3679367306962787,0.6384868812004232,0.5556917049949762
474,0.4539928594365942,0.36972211945026967,0.6292242526497607,0.5365060270097893
475,0.450596345725085,0.3802430495651229,0.6423204642852351,0.5511203240480753
476,0.4824712775741109,0.40077295803039725,0.6827523237543721,0.5740717828415272
477,0.4527330434413718,0.36714991965180194,0.6385232434197397,0.5614425589058898
478,0.46571639207251675,0.3758484788581352,0.6433276944193288,0.5666044281133408
479,0.5056121435431263,0.40639462007297567,0.6905239538718747,0.6086070979302768
480,0.4872905928837974,0.383964735195708,0.6800740920959041,0.5750555981137436
481,0.4980149209493479,0.4244161267422284,0.6728308764508223,0.6264632564048148
482,0.4571679876842199,0.35836712325035885,0.6489835177885201,0.5436704616273916
483,0.4608087073759354,0.3838718202642662,0.651513344394456,0.5756644003454875
484,0.48683361505338235,0.4021926785096024,0.6646475013994092,0.5667681069839874
485,0.4735578481103677,0.3699201215005864,0.6620694229864766,0.552954870050723
486,0.42187019352503546,0.34264028732909024,0.6253831365950654,0.5307894987000442
487,0.46066364847772007,0.3824980378020712,0.6490527496827491,0.5733656135525262
488,0.471483795377118,0.3764457122729256,0.6729357401499141,0.5647523549785374
489,0.48758203658658067,0.4068607644306744,0.6648615400625693,0.591726078676185
490,0.47685738082021956,0.3884867577308481,0.6717944108975533,0.5899397770093824
491,0.4411618874227698,0.34283299694428476,0.6241984257267114,0.5257052749367557
492,0.4460998305935655,0.37150335272768836,0.6424002358945371,0.5377035064860308
493,0.4553771710866456,0.3868684507047058,0.6373024133715176,0.5723199648655347
494,0.4865355602442293,0.3828877563426797,0.6644244824185996,0.5568786245009463
495,0.46824416393953205,0.397687752697762,0.6676722213607469,0.6023211634372463
496,0.4831810231424646,0.41614543082378247,0.6858088691839198,0.5938570417313196
497,0.4652825605020389,0.40710816387561266,0.651923732956914,0.5910674227251583
498,0.4863848995307532,0.3915420583475987,0.6641270617468139,0.5940351312088418
499,0.47760649982047837,0.39955559354732195,0.6823736171127049,0.5887446719868854
500,0.45289681400381854,0.3518447387642203,0.6500314905185054,0.5382313848151434
501,0.4663558444179565,0.39020949307301567,0.6438552209966167,0.5757426363839162
502,0.46998417213538385,0.402006258084003,0.6582570639469677,0.5947678458631322
503,0.47784494342383194,0.3927069175447323,0.6544674828264972,0.5602437419871296
504,0.4933478266514923,0.4056536407726335,0.6963321982275241,0.6010356364374626
505,0.48552261338757374,0.39654708856544135,0.6688523238018014,0.5870967882599581
506,0.5014019957354336,0.40363279302752875,0.6982994614602177,0.6137305486925901
507,0.4653090302313267,0.3639584238331696,0.6587610635312893,0.5855070147451588
508,0.45045405699203805,0.36544887163830064,0.6463725630868566,0.5571906143630692
509,0.4832828560569061,0.3613428151881868,0.6687069752897746,0.5471011692456949
510,0.4651245065124464,0.38689128912490245,0.6741930024575379,0.5791171199513954
511,0.4526432349509927,0.3813471098134523,0.6257249928116853,0.5594694432284419
512,0.46668613043618173,0.37304386849686477,0.6677026734145189,0.5791371195462073
513,0.4499308034044644,0.36728902324646817,0.6436701183985282,0.5544678681906672
514,0.46838319988171284,0.37993160713182805,0.6612025444030073,0.55330802113404
515,0.47403836751881717,0.39689435195543604,0.6696089591366651,0.585711711215369
516,0.4748578415757408,0.40314806615642085,0.6749569745736064,0.5726684817502907
517,0.47673548433785845,0.4071863501163842,0.6773033241583738,0.6019893622219495
518,0.4665984007703244,0.39903788456230255,0.6420669295934316,0.5789927510130296
519,0.4684163893377026,0.39448884208456336,0.6710237604867186,0.5803430359435083
520,0.4708941997381642,0.3868974990762397,0.67683420391824,0.5722052751045513
521,0.485998212918789,0.40289657889772973,0.6650991798693177,0.5880064638787154
522,0.4642006816186533,0.3547929314647097,0.6589737097849373,0.5304621793729802
523,0.45146113700843205,0.3762713436015741,0.640157438808705,0.5458804074717752
524,0.48993847369576016,0.4042360853589038,0.6724640413704638,0.5763191300554995
525,0.46420513872435076,0.3739472174841711,0.6555865971120302,0.5452109657037744
526,0.4571435577330079,0.39353251859208516,0.636177577611633,0.5766182453576174
527,0.4571319705469832,0.3775658611054047,0.6481390517782298,0.5565417653799816
528,0.4606436578343112,0.3577011549835672,0.6795424557368157,0.5442902189226887
529,0.49016150193153046,0.40993866091894166,0.6861985675891519,0.5809903121234038
530,0.4790850970186435,0.39807688132358626,0.658221098951347,0.5880388180129782
531,0.4749158680619085,0.4017520915823209,0.6515621228008562,0.5838839304068227
532,0.465684708759303,0.3837027407507883,0.6491104351193931,0.5678318806758548
533,0.46356839858303356,0.37471642319270715,0.651075587994154,0.5891532444325783
534,0.47011482075859357,0.38408189581785573,0.6553159844216601,0.586126823550162
535,0.45322832797343143,0.3741676888885995,0.6415581572351972,0.56282762173547
536,0.49108608378423707,0.4070372749920113,0.7074783512748049,0.586944792012381
537,0.4668172187262547,0.3758411158154032,0.6564072636460573,0.579847174368537
538,0.4789998243386981,0.3828161547799229,0.677391194389874,0.5628737920627648
539,0.47504086446486427,0.3656375147440503,0.6820641303250307,0.5690883792248997
540,0.4719754242053864,0.3903096734743242,0.6653255013110799,0.586028134811845
541,0.4669876338031716,0.3698952807737766,0.6624816382817028,0.5608313649507244
542,0.4734406351670238,0.3781738359603011,0.6603160126687482,0.5579423158322
543,0.44806256827128965,0.337205097250852,0.6483036890322839,0.513775652406126
544,0.47426519284963853,0.3684771821188871,0.6756022807060481,0.577330282001822
545,0.4919266183653976,0.4096342440302628,0.6846902380166334,0.5935432220480426
546,0.4810481694391419,0.40355884780390633,0.6663178554512985,0.5931835132533548
547,0.48324520015962136,0.39629636653398337,0.6674209949983194,0.6031559573916805
548,0.4718923792532265,0.4022739648329417,0.6708183928630356,0.5759153437037826
549,0.48368815674088017,0.39402940180044843,0.6754118204146417,0.5749517717724997
550,0.48133453833434814,0.3911312275570136,0.6866177565716537,0.5754840127170879
551,0.469810370009363,0.393057711803389,0.6694756934414359,0.5659333255003139
552,0.4462157953126952,0.3671756085611288,0.6315394339790374,0.5511485663977014
553,0.4668427600869339,0.4029936511865901,0.6574769265980116,0.5933604589825833
554,0.4526619522435247,0.3754579254311295,0.6400960140300321,0.5644219075639247
555,0.47884173234394667,0.398291318080989,0.6831398738609763,0.5778943033763795
556,0.45540951306981553,0.3661724129976042,0.630730586595789,0.5382546599513355
557,0.4673950905338292,0.37549003403842646,0.6480359218886184,0.5543930405951771
558,0.4724582493867373,0.3748480613657852,0.6809624736996924,0.5823191822590585
559,0.48306796087944676,0.40951979767777363,0.6734846728933341,0.5867041278977749
560,0.4612183685177334,0.3906988610231259,0.6507920602245486,0.5777859226449635
561,0.4953310945924298,0.4271432378717546,0.6728215722897074,0.6190214157994668
562,0.4602442081959478,0.3677483468559779,0.6635706095800783,0.547379694089732
563,0.4599333455815974,0.36820244346026243,0.6753863227556265,0.5624184497735037
564,0.46363741754501553,0.3756849383081787,0.6710092731863847,0.5359123055205336
565,0.47543250909029905,0.38173078620272977,0.6721809777557527,0.5804561124089803
566,0.4568416894420351,0.3558562802305299,0.6588047562990135,0.5644078778041635
567,0.4448896542705225,0.3710348557286737,0.6345236951724719,0.5523372827024406
568,0.474584832873272,0.3917810830764748,0.6599599748653163,0.5777788563442736
569,0.44067708312134124,0.37946554507176744,0.6259409601495439,0.5541792441850786
570,0.47262967004797807,0.3917161958942495,0.6593112096686324,0.5781967901470466
571,0.4704558155944149,0.36983480299564453,0.6457055798076528,0.5464017147774698
572,0.4474349287375688,0.3655558041366192,0.6368088617687314,0.5563709521109935
573,0.4703265633857237,0.3645417337412821,0.6933168716575062,0.564858786480116
574,0.48452227149394406,0.3911233132181707,0.7043098068816651,0.5776852429436966
575,0.4936628680633586,0.41559177544826076,0.6836227806361534,0.6029239533286058
576,0.46328473242126883,0.38865632537647316,0.6615648140862388,0.5787694960253806
577,0.4540878443987094,0.39710496926710864,0.6474857696933017,0.5676022564784756
578,0.46508128681075683,0.3795540441248681,0.6590985776929723,0.5950413716545121
579,0.5053433230433142,0.40611421387421875,0.6805037706218786,0.6046735645982391
580,0.46880771810686295,0.3767382515188791,0.6590877471024023,0.5798651681032199
581,0.47882565582181236,0.39008738052168,0.6844656310011532,0.5748611672944812
582,0.46348071012127434,0.36953330423995057,0.6519656094333172,0.552979117759352
583,0.45524987684871704,0.3616494637672115,0.6450449810217191,0.5486344123734023
584,0.470305476712879,0.37317423682875406,0.6808551520427842,0.5620848064813214
585,0.4579796648430176,0.35547140434109153,0.6585211821848542,0.5466148167326617
586,0.47412154082593433,0.40666187869784537,0.6622770497254209,0.5933550884812022
587,0.47838435425887194,0.3955347784061373,0.6725489637561352,0.5978840383151681
588,0.4898844386666469,0.3824709404359777,0.6683825632860593,0.5725814846730699
589,0.46909001254080385,0.3866849780813658,0.6672983215695563,0.5601368869412291
590,0.4572302474388451,0.37455495863354754,0.651989234058989,0.5828205835240472
591,0.46968939770431073,0.38386503373578873,0.6628870080073692,0.5836126497628453
592,0.4814599579132313,0.3998444056144425,0.6701969672067055,0.57960897211911
593,0.4595364498821747,0.37363512906620877,0.6600904020734847,0.5845980790960357
594,0.460591986874258,0.370756781758683,0.6709292859962656,0.5575255055359107
595,0.4936759919130099,0.41362249527028533,0.6862920216601306,0.613069778152214
596,0.4771708403398097,0.3823782617152621,0.6606008095087694,0.5790234986519173
597,0.47373236360238274,0.38825549002167525,0.6562305257235348,0.5866873422187026
598,0.4637711705029306,0.3649746382763148,0.6605120323381377,0.5453898479124952
599,0.4671881841099653,0.37572790833118114,0.6654115172376798,0.5651361399121936
600,0.45510593653735704,0.3769407672948857,0.6435604905999959,0.5679021679532141
601,0.4737627657247423,0.3872739535521312,0.6538071664375648,0.5644762502042925
602,0.4498649432702829,0.3606019737414244,0.6413103545094355,0.5455544601918065
603,0.4545657557884552,0.3611467212747713,0.6419344933533576,0.553905252384964
604,0.476132334831345,0.3776001141396204,0.6761904529617271,0.5616024626428932
605,0.4618441400909425,0.38305465656186743,0.64049785766613,0.5634708291407985
606,0.4808132757399582,0.3931720677419309,0.6843794651522609,0.578352643453156
607,0.4749546934842423,0.397119199075899,0.6504407647442875,0.5672617275701025
608,0.4985344626800741,0.4047724716966624,0.6972951885584567,0.5866165434433682
609,0.4641618407250997,0.3798237969757205,0.6454548818959763,0.5331405982381408
610,0.454912023605266,0.3764186814690834,0.6380446874043653,0.5648465466704279
611,0.4652850711558921,0.3665694895736276,0.6806123858088327,0.5450103066141456
612,0.45469499218163206,0.36411496909740476,0.6526013735729205,0.5329104781136011
613,0.474235375021537,0.37674914711612995,0.6759250182085756,0.5591602537744677
614,0.4790862056911786,0.3999917122126908,0.6605858857704869,0.5896028331465367
615,0.48469664100863963,0.39391934368659853,0.6675184175944148,0.5816935015391299
616,0.4869688099523664,0.41481358659424805,0.6747307173053408,0.5936315419056108
617,0.5006084311216646,0.3998779246304743,0.7163772689206177,0.591897596048898
618,0.48214985709066877,0.400899879585557,0.6871577796554798,0.5944797154057325
619,0.4728412785529128,0.3993618715538778,0.6603109585279147,0.5717887485418687
620,0.46524035681169423,0.376599419349553,0.6653129106196211,0.5792289946850975
621,0.48731358998506724,0.39660920823873597,0.6758511502932629,0.5778963596659898
622,0.42465012856082723,0.346914603416579,0.5944093928730191,0.519267036917611
623,0.4574923899170822,0.37202516599537133,0.6515796117360592,0.5523504033087915
624,0.47602139457864195,0.40579569070139876,0.6822580680952488,0.5977427518949181
625,0.4493250331602414,0.3700605163235027,0.6396663147644222,0.5582442002486132
626,0.4628513108135084,0.3531382822809589,0.6654473599908144,0.5209432459248895
627,0.47339873631415724,0.3922187652467886,0.6622700432169489,0.5608390656556583
628,0.4603823797694799,0.381804261276084,0.6508047438998883,0.5678742274733464
629,0.4929245294413369,0.39876508178340125,0.6757407777020751,0.5849195999561162
630,0.48208768127703355,0.376565096323957,0.6837666557375262,0.5702263297054251
631,0.47215487199239325,0.3849692921100437,0.6585205288325808,0.5715780060247566
632,0.45728483471561276,0.3729195936640107,0.6425686307948858,0.533388363353185
633,0.47584410131460897,0.40475572008776667,0.677786531174807,0.5942662811003889
634,0.4610859790245751,0.37633007652328687,0.6622414421460907,0.5448461212899085
635,0.4653724505732665,0.3822057992092289,0.6770140564539437,0.5685156027677958
636,0.46244156310292955,0.37939539366255143,0.6731311613941637,0.5656591648745091
637,0.47963312408810893,0.37540841806175806,0.6717717193692615,0.5721620511636436
638,0.4812043615982297,0.400675032068645,0.6633738931826492,0.583825640450085
639,0.4831166387643542,0.40098234722056086,0.6755012838791887,0.611438012516188
640,0.48840197715398403,0.39818132403515344,0.6946502747941125,0.6079554284283833
641,0.4626724842226621,0.38162285193754253,0.6417394940570087,0.5648041046060976
642,0.4839832834318653,0.3859550352254331,0.6791497725335403,0.5689775122089288
643,0.4752998074722808,0.383093409234964,0.6737563270447238,0.5738097750466925
644,0.4861637737666289,0.42358636623632157,0.6663289387847896,0.597223243612236
645,0.48079568935570244,0.3855522551105179,0.6627152500485791,0.5575351516344078
646,0.4670863183364134,0.41053446819121675,0.6374532037564922,0.568709806188133
647,0.46847911989497404,0.3859157930956322,0.6569911627431764,0.5543666119682463
648,0.47980542616087113,0.3884719121929267,0.6800894038471405,0.5994149335810139
649,0.4819834060314852,0.4176735424066785,0.6944974221746397,0.6178028069984789
650,0.4597061781525936,0.3861557296247815,0.655397178089766,0.5673615253678416
651,0.4636378610281303,0.3807651234396251,0.6443688854928441,0.5568047731282143
652,0.4712270263204474,0.39527139837227054,0.6492952995059531,0.5891193379862615
653,0.44255502359232773,0.3658908400819037,0.636954372336459,0.5573616853394682
654,0.4758285421702416,0.3835779022040503,0.6643640354828382,0.5939699337834224
655,0.439692602858897,0.35366130511001953,0.6505739431514864,0.5288116804299442
656,0.43812131471372473,0.3690650854159242,0.6364911756621255,0.5450259558171824
657,0.4598730009868618,0.3581867900680746,0.6676145178696083,0.5580787706132279
658,0.4135640468141308,0.328285474436275,0.5980978838321335,0.5125178694531466
659,0.4563009423519697,0.3626671543540804,0.6565212461449812,0.5352229513820498
660,0.46905704209399424,0.39578071114379587,0.6741167404817804,0.5889558569283626
661,0.4617195101986652,0.36893347532998305,0.6459794185279305,0.5601537371015161
662,0.4673959909191231,0.40416395796510074,0.6360281035079551,0.6033380460084046
663,0.46312957659053083,0.3620065737371306,0.6618020147087663,0.5487900415761656
664,0.48092923769435086,0.3939092262277029,0.6605418269524507,0.5871740113781645
665,0.4816206210580071,0.38465803275815746,0.6487032935094192,0.5620955679463152
666,0.47176581745723783,0.42403807173407515,0.6563459946871892,0.5916651046231928
667,0.462198161694485,0.36404808612007145,0.6782604868558555,0.5509249276020932
668,0.4686536726492719,0.37738475325787957,0.6486327193827623,0.5530091092964281
669,0.4671535815210626,0.3991160348299443,0.6556010063630101,0.5897385181717821
670,0.4515693959919178,0.3801307474654011,0.6474383867001093,0.5560697812164062
671,0.45766325771749533,0.38138035072037585,0.6647523070294276,0.5656942906522195
672,0.4814759495696652,0.39814957602655493,0.6783682557662783,0.5975846842272987
673,0.4801792487073713,0.38839730029770264,0.6462901096143833,0.5532036327836926
674,0.48907194534121323,0.4110821219330251,0.686179537524027,0.6134237841479273
675,0.452616563343416,0.3457239426889537,0.6542457718572158,0.5182053012387422
676,0.45713368480088246,0.36942246030242704,0.6485352219038751,0.5647932938045059
677,0.4686530629524253,0.379137587228705,0.6542717820735567,0.5622445854799193
678,0.4464314123417536,0.36252034388397575,0.6354089465221461,0.5629909969695654
679,0.47924660703086525,0.3986033142894467,0.6568533710227914,0.571505419623065
680,0.4766458187335188,0.40369704308377835,0.6505001632203199,0.58783271285275
681,0.490450465705115,0.39583542429236,0.688085169735434,0.5673681930547346
682,0.4589778255692515,0.3843198837978953,0.6489173996285925,0.5810091289414783
683,0.47906119413973364,0.37716262909685633,0.6817759095332041,0.5779919785062753
684,0.4914957231843407,0.3969933068388728,0.6844552027850492,0.5854343710475213
685,0.47121321783928033,0.38671360997830445,0.6667260041923533,0.5640443178171007
686,0.4718500574937403,0.36524939818807967,0.6581477276525046,0.5538113729847592
687,0.4642363921442649,0.38962072668546993,0.6559723413696797,0.5901076047807179
688,0.44670719232882716,0.3633869945128878,0.6254535252542887,0.5447369036843879
689,0.4767415096678517,0.39772235841447,0.6699244354120143,0.5808417004517066
690,0.4384403041102261,0.3469985211878871,0.6334790154910438,0.5457949297841108
691,0.46599992121303996,0.3739355153660324,0.6707275155161532,0.5743134526211058
692,0.4683574234714015,0.38899186258992763,0.6758023834491161,0.5713702210595774
693,0.4655333708997826,0.37161335703674625,0.6697704953082768,0.5599631544490069
694,0.48292382120507465,0.3912643982210993,0.6711783224066251,0.5748446556246253
695,0.45281390595368354,0.37352946784848784,0.6444885025733226,0.5638082407568922
696,0.4798211574669596,0.3871033822839695,0.6740527610218815,0.5912970056185961
697,0.4785533813559611,0.3986922772155356,0.65663391157968,0.5653647678475553
698,0.46875615278340893,0.3814073849685098,0.6583690017696898,0.5611688335456443
699,0.47040006017775143,0.36696537556805187,0.6737237566040063,0.5510167183131637
700,0.4898973290894047,0.3862819840764285,0.6616163700280954,0.5536420203735133
701,0.4701926559383825,0.3906809894085985,0.674727897727184,0.5844526474028656
702,0.4738210958858625,0.39940764029665443,0.6954977099410697,0.588944430083798
703,0.4869675480901632,0.37778852827956405,0.6875063238887726,0.5763752259123649
704,0.4504229269077004,0.3776469144454177,0.6323549478175465,0.5727731928431063
705,0.45974325374937625,0.3754983226985118,0.6530959014495447,0.5601833720758376
706,0.48677430628559193,0.4022804973925571,0.6950310109107174,0.6020028236671372
707,0.46803567443251354,0.3757457309293817,0.6570207907955945,0.5556933744738183
708,0.4692693712399089,0.37311472490867753,0.6703981875703323,0.5732564717040602
709,0.4834134626954289,0.3824009504244406,0.6649550109704592,0.5696438156467701
710,0.4557679848483456,0.38276885727607757,0.6466661643411035,0.5505331023201143
711,0.45779112095168806,0.3761457824856445,0.6446787330406166,0.5497424695714823
712,0.47018376575308346,0.36335813494287617,0.677645481543901,0.5603682039324643
713,0.4815933463264463,0.38568386446461417,0.665319900813011,0.5829524998614027
714,0.46067786633563235,0.3940090861298399,0.6573303363584043,0.5936326336048618
715,0.48907749602454287,0.4055616462527234,0.6712109725623687,0.5747274681108052
716,0.4846245644845912,0.4027065739865448,0.6871702811813021,0.5820853869763716
717,0.4649533959297798,0.38240495268213065,0.6391729701578367,0.5367199833917295
718,0.47201304848785747,0.38501416453955395,0.6792239519905141,0.5752852457439686
719,0.47784254607141646,0.3941746440839271,0.6678665838249459,0.5856398706551598
720,0.4626626086490865,0.38317272612339914,0.6574148401182677,0.5619038235249805
721,0.46065785869913956,0.36778532658603597,0.6417281329633119,0.5457717424040355
722,0.4830962498341407,0.41367408394351757,0.6784115084078499,0.6062856599939233
723,0.4871623158280212,0.39203038265103896,0.6717959725067602,0.6025315587185743
724,0.44970657393989694,0.31688415955391874,0.6643760791257609,0.48848355747129946
725,0.47776348836975496,0.3869898995906002,0.6835978745247792,0.5741614613739409
726,0.4656908375077042,0.3559514041571059,0.6738854991246014,0.5629987650102362
727,0.47921272294278044,0.4062952944491414,0.6632175278143829,0.6027083500590338
728,0.44984012351192915,0.3462708737503659,0.6374952183137053,0.5472147858360276
729,0.456066143230733,0.3801760198015435,0.6382581489816757,0.5548792584477139
730,0.47786720692073303,0.3847055653133517,0.656300679396171,0.5756035774623651
731,0.4449992630083259,0.35911879864421226,0.6409757881844979,0.5534252379938731
732,0.46056292958566986,0.37283686075581307,0.657325729046613,0.5427650308108383
733,0.45657312959231683,0.3604603456558005,0.6535706695171406,0.5437022251677109
734,0.48770820572935136,0.4096658895241014,0.6742487936860798,0.596314253370199
735,0.481065749164726,0.37258268421465823,0.6672302592687777,0.5458225317618106
736,0.44894208923722584,0.3730106063371622,0.62706728880947,0.532816427606805
737,0.45851826340601815,0.37532996153395426,0.6410667175835458,0.5447185286731572
738,0.4635452626517894,0.3772889545118916,0.6524472366591667,0.5582351719273791
739,0.467033898425837,0.39829080953754986,0.6491498343154997,0.5802039828348583
740,0.4638367099917139,0.37542834943406445,0.6462819530102666,0.5577770027190544
741,0.46097791118738657,0.36860965453897154,0.6443481849693554,0.5333627513184589
742,0.46188485180559036,0.3823165911889666,0.6420152429256306,0.5728666459799211
743,0.4863895600878209,0.4066526074863884,0.6572628519059033,0.5775424293286309
744,0.4722881311827287,0.3992813152295557,0.6532896373030251,0.576234530517852
745,0.46893870988798325,0.39060844998894295,0.6708529166152596,0.5651585193855295
746,0.45521708429839525,0.3704792974815055,0.6547813178213008,0.556788379720043
747,0.4679376015826624,0.3729699306248038,0.6386681833312869,0.5638897734396549
748,0.4551390076694108,0.3755627434519283,0.6479200187551079,0.5653401816671431
749,0.4365760213179774,0.37167921279870836,0.6314128845284241,0.5674700574974043
750,0.4700359138499749,0.37914981993369684,0.6701094662259148,0.5935915566398502
751,0.4872407908717557,0.39362211231653166,0.6801505829796097,0.6002557661206668
752,0.4401023053805199,0.35132389557376587,0.6211801611476028,0.5268962485121079
753,0.4860427716802536,0.37146339938467776,0.6783938493730576,0.5506274320805634
754,0.47821252819061527,0.4043550232273501,0.6665131628368575,0.5841619334188264
755,0.4489434779371912,0.35142618919490815,0.6387973118489847,0.5493800074958305
756,0.5040917531862665,0.4198818055354972,0.6734195005383256,0.5935321519375933
757,0.4422684845951102,0.38970490249499357,0.644815027993544,0.5813609198071829
758,0.45284182985774696,0.3607384892198564,0.6451931134408913,0.5439608340109284
759,0.4721920449185804,0.3840216664218658,0.6649881654065167,0.5558010842176381
760,0.46440675563333916,0.37232139686819055,0.6505402583297236,0.5450128144791283
761,0.46640716003041516,0.3748245905154765,0.6625155753366934,0.5664574620227376
762,0.49918191627882447,0.4265941394135424,0.6786751092447755,0.6117888614679857
763,0.4780447437435747,0.3934835708853121,0.6755132551976442,0.5665126637447893
764,0.4941231194492184,0.395542309179122,0.6952594927886387,0.5924426616242392
765,0.46608561496058093,0.37904511514213196,0.6684219954454054,0.5862709632971475
766,0.46502192630513856,0.3858288535561715,0.6778201436642508,0.5626148261903289
767,0.47174813776051094,0.3788252762987706,0.6599164561024012,0.5486594473977745
768,0.487598627312411,0.41681946769154843,0.6710431335427557,0.5783665152741938
769,0.48865920728610795,0.40026511651570673,0.6930675572869895,0.5967013077386426
770,0.4829516985582686,0.40018194840859883,0.6732289034285347,0.562116068028443
771,0.4804396465830108,0.41243490210765027,0.6614193524245328,0.593040252240526
772,0.4720046252223386,0.39694460093096734,0.6703604085020678,0.5715285009902019
773,0.4683839423637966,0.37425620541497284,0.6678634115490895,0.5496489090693225
774,0.46991217266601576,0.3835997033669927,0.6554673302242555,0.556610631509397
775,0.4887426085015808,0.39173743552051055,0.6962770064289713,0.5907618983983729
776,0.46051834477473985,0.38457536629229083,0.6331164119588794,0.5493660893854715
777,0.47940686257104526,0.39709214494142003,0.6758284806884773,0.561896854865877
778,0.46825182141676763,0.37423776772625644,0.6748561372244452,0.5611674716722085
779,0.49104026032302106,0.42720167605059567,0.666007278210314,0.6256959397165164
780,0.4497046308587111,0.37162244186314947,0.6303407675255622,0.5606293646576775
781,0.46151898151804416,0.3785667767697077,0.6526104707275342,0.5527702665394372
782,0.45767181394635914,0.3689320777603662,0.6583404625293215,0.5607371225066191
783,0.4771512804261227,0.40649253953652026,0.6670773138393141,0.5940115133274183
784,0.4904901363047675,0.42092447122919974,0.688435961383161,0.6172944982760283
785,0.4603102555961205,0.37842693775053404,0.6579306846596297,0.5664207187797502
786,0.47114310215459726,0.386546477353392,0.6519574071975491,0.577321507844484
787,0.4927256771861335,0.385298255099606,0.6793902035444241,0.5862828257805613
788,0.4432058671849591,0.34492396292880917,0.6306312443723873,0.5097386738059149
789,0.4789052788151121,0.40333455725764916,0.6597875587537854,0.5911350630996466
790,0.47707747802696165,0.4058992470378712,0.6866579497437609,0.6018096445754301
791,0.452536653401833,0.3711762885439648,0.6272052855827721,0.5623773029563158
792,0.46983625451870425,0.39181615351580246,0.6521293988495783,0.5893734394249414
793,0.47506140262848706,0.3788849238139315,0.6805141974386893,0.5591430735697117
794,0.4695685985751981,0.36935558148191366,0.6663615723801224,0.574261334851351
795,0.4663893154795452,0.40114195629825783,0.6484301338361145,0.5973953519162112
796,0.4616212477105475,0.3801177666656259,0.644379110244965,0.5640021361583331
797,0.45425481896813025,0.3660720343000863,0.6453201930369605,0.5541619929396683
798,0.47138387587742214,0.4038673628223142,0.6489689981047009,0.5861931741702291
799,0.47181841823216536,0.39900307054978845,0.6521130200582855,0.5824738902791067
800,0.46680973807778176,0.3724731651833494,0.657067149910005,0.5645654236040836
801,0.47648360688774777,0.4049608873113043,0.6633277311373513,0.5773136453406408
802,0.47558362060700554,0.38725015927582884,0.6680295314456764,0.5714617874813176
803,0.48909397617394296,0.41067084725335856,0.6897861922445137,0.6053788041365876
804,0.46913218615761865,0.3650524793477537,0.6544958006716866,0.5622551274495559
805,0.4533389506612364,0.36195203016481076,0.6329128171812145,0.5383596671541165
806,0.4819145567686955,0.39257679357700354,0.6593859926949777,0.5694142223207539
807,0.45123678258015437,0.36151884780501564,0.6481019028075787,0.5553264730557675
808,0.4645733816206348,0.37664339224190213,0.6757229772871106,0.5583150675370647
809,0.4808223706754127,0.3954895168027982,0.6621129806291826,0.5718987169268395
810,0.4767786037325947,0.4020762992187161,0.6749812210637588,0.6045041644287523
811,0.4813685626380391,0.3978267212034898,0.6708016427851501,0.6156519656426361
812,0.4775782411728799,0.3961452372902969,0.6769960277316815,0.5764672545284618
813,0.4435629174387118,0.3756675651314292,0.6339812670160223,0.559263994811533
814,0.4575975793018128,0.3906936672684543,0.6616769695895187,0.5761999126297928
815,0.46382103052310847,0.3796104771762561,0.6384742504979886,0.5667059141690273
816,0.48865129115935285,0.38978727768878846,0.6787754622668619,0.5706426979886807
817,0.46584261367360363,0.3801252311855642,0.649067749152747,0.5636607289182292
818,0.4876841312466722,0.40700713913516806,0.6665717516136801,0.60503359803801
819,0.44729261388364056,0.38288861554536463,0.6486291851758068,0.5512590550810383
820,0.47058204722254415,0.39329191056783186,0.6580922183287051,0.5827913691663126
821,0.46545811376201673,0.3802423308700397,0.660176584768884,0.5523778126255947
822,0.48253237137055655,0.38281646145481757,0.6657693254603296,0.5659066530524008
823,0.4488241309563796,0.3689354935931666,0.6381657378938571,0.5336563905251508
824,0.4796279155434169,0.4060178374054928,0.6582164742985751,0.57303195607501
825,0.48956450588781664,0.3945217104987205,0.6944093181718217,0.5892922123322459
826,0.4546851016170232,0.36587536681792604,0.638839586560778,0.5365708234056453
827,0.47706736785254245,0.38254268585765044,0.6746358479879991,0.5520629265780937
828,0.46337213302766184,0.3688163227332111,0.6647296004500804,0.5580986630577396
829,0.4840911168615634,0.4111251075565797,0.6806658678828553,0.5814595399473254
830,0.4603625725815545,0.36791790805087143,0.6446558339017442,0.537576904925121
831,0.4880130131845254,0.4280948316708923,0.6744091025240215,0.5876508029045324
832,0.49132039456823523,0.4177045865311349,0.6779959580838194,0.6078355620093034
833,0.4585004888257278,0.37060358783359665,0.6418892090675893,0.5615924572092834
834,0.46535547475866296,0.3779427241427839,0.6409057702434183,0.56889532218516
835,0.4692724887793089,0.3719303505840569,0.6622607806843048,0.5760828751148024
836,0.47017716713935653,0.3898970188420119,0.6471749567792775,0.5721527910489986
837,0.47398574324083304,0.3898116729960871,0.6727794770369175,0.5925556136018796
838,0.45413228026264185,0.3657137359373318,0.6548051142386785,0.5733284728469465
839,0.48110627230714204,0.37477349282186484,0.6577167917844349,0.5510238746352694
840,0.47549717380410306,0.3847009104495866,0.6895330681307145,0.5703151080763984
841,0.46275099432095584,0.4055898954067714,0.6658224415791479,0.5954104612198557
842,0.47369371909697444,0.3757952888107785,0.6524422189905786,0.5510021685506167
843,0.48471257671756696,0.40407862392922717,0.6593769454019113,0.6060028728887512
844,0.46414674087461016,0.4118967403028295,0.6682705741740604,0.5875109058033622
845,0.4675916144038065,0.38289669483272054,0.6567076589096975,0.5765126764837719
846,0.46195168723599994,0.38758651845628,0.6562140639933048,0.5603062872650774
847,0.467545490206846,0.3825187497326224,0.642535140347856,0.5725341176024223
848,0.45238999574973593,0.38292303535024397,0.649330969683003,0.5624366947420049
849,0.46612282415655915,0.3889533549086637,0.6557967215182438,0.5496481280976182
850,0.45382672111573474,0.3776774676629213,0.6548676100183138,0.5550478316043171
851,0.45850429224477357,0.357162940590671,0.6481012611124675,0.548439789616346
852,0.4573225993230154,0.388312054048246,0.6531691393813026,0.5756090832408229
853,0.47917683177307396,0.36905158416983647,0.6457863388579944,0.5480476528345417
854,0.4692639686483067,0.38921559783046367,0.6628050200630936,0.5730144971800724
855,0.45211544176758517,0.3842200383437883,0.6466217691865731,0.5716526176071806
856,0.50562990283187,0.40313139660065317,0.703139886596202,0.6028849707470547
857,0.47081157992007305,0.38927971639234454,0.6694222802626704,0.5788907597916497
858,0.4719849592080295,0.3779671458033389,0.6566515379029654,0.5473138129748218
859,0.4817158610081948,0.398873595803227,0.6748033274653563,0.5870337014235353
860,0.4830583476454071,0.4021364177998547,0.6771888569837875,0.5961541676891075
861,0.4530135044517118,0.377676224571664,0.6383968564561325,0.5642160006328129
862,0.4757594427562798,0.39525404614723814,0.6836622362128008,0.5713745329290482
863,0.4518946669607838,0.3822727863547366,0.629147537765863,0.5564958862959068
864,0.47003985596737613,0.37168023075203654,0.647687048645637,0.5658622194698555
865,0.47114371352788714,0.37642726851501723,0.6488212048185182,0.5767002445759094
866,0.470518768154757,0.3999339403965095,0.6703672927510272,0.5988866626640533
867,0.46888531533175276,0.39082879271138127,0.6596437720569882,0.5783318549359501
868,0.4584910801301563,0.37119649069779054,0.633124552996409,0.5486025812110001
869,0.4863174555033323,0.40247931006709337,0.6653402195843809,0.5689693537976241
870,0.5032615070810299,0.4241782214538752,0.6975205532351038,0.6424402191629824
871,0.46018754427550995,0.3875588350554657,0.6558503447431406,0.5593138520775089
872,0.4748088877713376,0.3734296064457385,0.6583092977869405,0.535084622633226
873,0.474542621755548,0.38151323720239044,0.6655656619890278,0.5818456012165425
874,0.4683945882343302,0.3680441650275646,0.6587666449076454,0.5330792054950036
875,0.4675299141492525,0.40028100285237117,0.655203102970825,0.5715196169971478
876,0.4483685155238616,0.36844534481142244,0.636103129847567,0.5481482205930063
877,0.4822923552416134,0.3922069764097206,0.6771529533759513,0.5875881532237092
878,0.4670430292026549,0.37109388206665334,0.6479888223270661,0.5696685204530256
879,0.4853686440634805,0.39638550020796487,0.6818225746072809,0.597018151098467
880,0.4806347468148009,0.40537916430542076,0.680092775461121,0.6064057763802985
881,0.47561472608724864,0.39849961461407785,0.6601217013288546,0.5815983128354151
882,0.4866097333030389,0.4139215643443774,0.6660113876192731,0.5843416557814827
883,0.47898396277243804,0.37485964007751,0.6898592752777881,0.5809724526399023
884,0.4645899360947277,0.37305049251399547,0.6595472804730989,0.5276115023543885
885,0.46170511329369235,0.3864444732865336,0.654341018904556,0.5519839820399914
886,0.4947708927615369,0.42369044661733346,0.6815571213578233,0.5917597547402809
887,0.4657636276680882,0.36995217679119025,0.671038763272277,0.5721724127753954
888,0.503792579938064,0.40213486633333967,0.6928280352155166,0.5967656070382056
889,0.48354495857800905,0.40861181214852327,0.6671659553668811,0.587344403119391
890,0.4875054719281927,0.37087442988058233,0.6741786377061163,0.5458941385395405
891,0.47014646910471924,0.3822981352845164,0.6574614065863039,0.5491383469296897
892,0.46013951007970744,0.38038491519691287,0.6361000561975676,0.5644074254139031
893,0.47061748075311705,0.3915322601414881,0.6860232330503818,0.5898209623714596
894,0.46963635215214516,0.37042449104933095,0.6650793321411084,0.554624317684281
895,0.47370654732222295,0.3919356604772195,0.6575110542287281,0.5953965823754354
896,0.4747466079524089,0.38179318040794186,0.6823968893184098,0.573518311492088
897,0.5047589846758304,0.3923803160513311,0.6892189205731969,0.5921597985462719
898,0.49086027291327017,0.40228232231414585,0.7000020912172944,0.5915327122300025
899,0.47398560823652985,0.3766917166928741,0.6720268551761879,0.5718273711266372
900,0.460237015145062,0.34852892749446923,0.6390657287511775,0.5345404212825958
901,0.4714597821253722,0.3808505960834686,0.6689446812465454,0.5704981953467984
902,0.48296166291738507,0.3783237087951936,0.6746443995331616,0.5656625867240573
903,0.4492245875470654,0.35698479514459663,0.6272379610824834,0.5325126662156187
904,0.477908187267669,0.40568927088581236,0.6756637743412495,0.6195325554516942
905,0.4690567118558177,0.38568974903566855,0.6551925298456435,0.5618627060930472
906,0.4622780338970792,0.36102603681144807,0.6649071193035679,0.5506288347965153
907,0.46351630960371415,0.37562678888437484,0.6411482976813959,0.5608545259178549
908,0.47118415841560346,0.3892223769919007,0.6738832319343218,0.5879069949452363
909,0.47411653131085507,0.3882835806975338,0.6729305122407186,0.5930594967183626
910,0.48164395228715196,0.4029066066301831,0.6677011785392908,0.5755414209060586
911,0.46426699017119943,0.39041639218645985,0.6726190934768933,0.583416467670848
912,0.4633450778783246,0.384570129120414,0.6489729954014226,0.5658893807973535
913,0.47937303505342377,0.3967248163233622,0.6784697482871335,0.6011903328012997
914,0.4600564391781639,0.3845899772109961,0.6731150677852074,0.576277981488361
915,0.4539588324156832,0.3799071040114743,0.6552000969552502,0.5658368063326147
916,0.4753722877394778,0.38991213185680923,0.6592185290854254,0.5770828995189524
917,0.46980177119495764,0.36462826159512085,0.6601437104366035,0.5611953929559428
918,0.4621125060323349,0.39804859554935884,0.6487827262238637,0.5738238483304149
919,0.48053276414828916,0.39333720059543753,0.674978976448376,0.595589919635967
920,0.47632737790156177,0.39936902329622637,0.6754976129321911,0.5997382998718291
921,0.4709579625558943,0.3701760666666854,0.6605165998359444,0.5545890791672743
922,0.45335235468748364,0.3704405044467766,0.6535820231729971,0.53817490811894
923,0.4701038572141741,0.3822521330806551,0.6555098451088747,0.5440555291323422
924,0.47345372496244964,0.40640032313179986,0.6646501669576086,0.5832958293484414
925,0.4754672073774457,0.40397709783188174,0.6692040913814381,0.5748797048252046
926,0.4778157201232088,0.4095276470742206,0.6624842012182204,0.6008444950973422
927,0.47852164913843304,0.39652014508553335,0.659976380501291,0.5827108054302212
928,0.45354681121461127,0.3686098808855312,0.6312356076703614,0.5446110287667976
929,0.48339029243435666,0.38596263647186185,0.6780158643346499,0.5766444489212078
930,0.46955450371286384,0.3886693367772604,0.6676410235309511,0.5830616488306011
931,0.4693935911735067,0.38009671333399475,0.6663715915947215,0.572145911362022
932,0.448813041810485,0.36202347345958175,0.6563885042853653,0.5577856104297932
933,0.4518006713849091,0.36980797523435577,0.6510023959272985,0.5523138988592081
934,0.4604596147008317,0.3670043026948753,0.6556433995393177,0.5457913629977739
935,0.4736508078129427,0.4001930481676902,0.6434109904252756,0.5833198796258514
936,0.47734239844182125,0.377069859259502,0.6789997106704652,0.5586134353940257
937,0.4768489423849122,0.41430119598570503,0.6502345568774774,0.5985165760234987
938,0.4592158520434744,0.371485686100415,0.6467975520938045,0.5358976164002898
939,0.4511389113960631,0.3863704141541483,0.6249376901392084,0.5676714457389729
940,0.46737120411472505,0.38042953882883596,0.65607341376627,0.5621741369867383
941,0.4734711957355416,0.3838754346651548,0.6558750611344597,0.5743420811514401
942,0.47336509872045773,0.3886740480830971,0.6716058909785729,0.5889963478991482
943,0.45661652013726234,0.366402889288833,0.6607956540095898,0.5591758985608265
944,0.5112766808777598,0.43030955162354995,0.6915921241103833,0.6168396228569378
945,0.4738195197901065,0.41263156659868133,0.6629630998037398,0.5910859856129216
946,0.4746194813304085,0.4051288210733637,0.6655308427929305,0.5789334773243026
947,0.4793075153090083,0.3928793221071339,0.6583709963740187,0.5566694587715423
948,0.48795774284755195,0.43129004768635204,0.6642394312269534,0.6019042028682385
949,0.468227295708787,0.3732051128413534,0.6616541599935531,0.5578195101772544
950,0.4754463088014928,0.42738293666908533,0.654527384661119,0.6072222114121015
951,0.46902063260474075,0.373205120989313,0.651552118023539,0.5493112361451572
952,0.4865231182001186,0.41230037041022655,0.66896654926568,0.59035624320465
953,0.4809017849991714,0.38704093355856223,0.6919284755899643,0.578591266686172
954,0.4880318571722242,0.3977518592179111,0.6699370170704834,0.5799380341063742
955,0.47458711670465226,0.38232813479433964,0.6633437853016424,0.5720144607298173
956,0.46541866057353726,0.38363448917389015,0.6513607959845071,0.5605412233413738
957,0.4707717459042467,0.37554827567782034,0.6509879839480721,0.5421459607350998
958,0.4946951140217944,0.4158501856565286,0.6982591595147134,0.6022187855108146
959,0.4961029519603233,0.41314451204397895,0.6839618359325326,0.6031125439405662
960,0.47264772863722543,0.37424550862095013,0.6651194102067829,0.5688298646367349
961,0.4860312222662042,0.3975533856897713,0.679020826764879,0.5892292608981287
962,0.4594856087595644,0.3912143983713901,0.6415498783124192,0.5892394250893984
963,0.45915457753344574,0.3751902842870941,0.640909751229836,0.5623382348710287
964,0.46917685897959194,0.3913656241897664,0.6703477802604909,0.5847819388057214
965,0.4598215584610247,0.3874244065569493,0.6439445265688596,0.5572845348521036
966,0.4787016166301802,0.3874699914427155,0.6864071882064183,0.5900718388757528
967,0.45115024513010343,0.3597031012247877,0.6422403827997571,0.5245857497407362
968,0.4528503539627433,0.3702183733768241,0.6434510451504198,0.5609261730436803
969,0.4732827389344781,0.38782827174382617,0.654630811271346,0.5606758099660749
970,0.4769534354469407,0.40026899378141806,0.6634150043451883,0.5891160505772993
971,0.501765435710947,0.4218937011275438,0.7023111164412214,0.6070176739298455
972,0.47501286342354726,0.39671396519637103,0.6858400814212688,0.5914743531610639
973,0.47047824475200817,0.3784673142739722,0.6870777207968243,0.5583731998309265
974,0.4906024438925712,0.4272895607961335,0.6694021154021813,0.6136975948848465
975,0.46051998093326313,0.3787567182738782,0.6629631578159766,0.5629118002497191
976,0.4535347661709933,0.37555916458342214,0.6427455626840398,0.5567669808873924
977,0.4565270563044726,0.37124623976635973,0.6530716327681491,0.5588707428373475
978,0.46015734674213643,0.37415106949327304,0.6480299396067463,0.5475817916709975
979,0.47149823339322744,0.3797703855394583,0.6658207513774773,0.5741105798327181
980,0.47687258850769454,0.409734799657325,0.6757708299593181,0.5789396142074921
981,0.4654146021366732,0.37964887786879986,0.6700945802762578,0.57552328313123
982,0.4636620503658825,0.3871402071726931,0.6488614840346099,0.5683652791127852
983,0.47313422022958057,0.3706503095590724,0.6681770822490454,0.5658716496939268
984,0.45449534116495827,0.35082714971144546,0.6377400087859909,0.5211647787370044
985,0.4561546932334429,0.3585832214669026,0.6521080450645712,0.548752197436472
986,0.4581087443083904,0.3775201174239186,0.6491393070772229,0.5556921539330958
987,0.4727270145056519,0.40946759489593265,0.6889994899004502,0.5943122416028429
988,0.4348598340287757,0.36236732254883247,0.6298881398898455,0.5523846514436872
989,0.4830343953305729,0.403496031257266,0.6772046211617341,0.6011375582032928
990,0.46932770166434085,0.3837157868456174,0.6577787430609732,0.5802450605864624
991,0.48289250692424507,0.3998423888788034,0.6773053171747384,0.5907172675902123
992,0.47522347143612237,0.38876721858937524,0.6671153790876208,0.5497400855312622
993,0.45715151515811164,0.3541621317852194,0.6494084484778865,0.5414856443880758
994,0.48025891192385256,0.40387744311465257,0.670891467876647,0.5985568966918549
995,0.4592160001812519,0.37964374033502823,0.6525727260767346,0.5855068335119811
996,0.46487051575710486,0.37216998351505026,0.6539033957214283,0.5635310420278973
997,0.47622356437641256,0.39696418045266696,0.6659171791794453,0.5898058178822362
998,0.47306784338993646,0.4119078004884625,0.6695403476844957,0.5923805899494122
999,0.4487060233885272,0.36405790849914305,0.6292128602053447,0.5500681004891546
1000,0.4622244689606387,0.38815575174521977,0.6610944858124403,0.5915067046018851
1001,0.48659915780836993,0.39496806764566905,0.6816659446945862,0.5991742559588193
1002,0.4468916994187187,0.3637119312916981,0.6480763130609821,0.549367755595596
1003,0.4654973866548806,0.4005014648624471,0.6721074804526288,0.5863402700653316
1004,0.4706143651923821,0.40829012927031877,0.6542715075529703,0.5913889483182974
1005,0.4637662001981697,0.3872441609425512,0.6562925235821648,0.5875737512501541
1006,0.47709229340463705,0.3926317834661874,0.6683701076695119,0.567810088976349
1007,0.48237274028881305,0.40302031056158527,0.6730178772448867,0.5975542754087121
1008,0.46294801068433383,0.37267223618013295,0.6579703061324395,0.5661268022386743
1009,0.4880186547631566,0.4029666200271003,0.6876099120431426,0.5846736943831147
1010,0.4595433338855297,0.3748562801698536,0.6519472420183623,0.5566147065622381
1011,0.46298633258553873,0.38226298244144363,0.6788159560201982,0.5640229687813554
1012,0.45173629944176263,0.37086416894965724,0.645877743359835,0.5536803681941476
1013,0.47685113987241934,0.39910640087425187,0.6564995688202921,0.6048455686927595
1014,0.45585977842764147,0.37623387619936927,0.6424593334270733,0.5426813281114506
1015,0.4701323394784928,0.38450988138556025,0.6560620482914108,0.5638717121055219
1016,0.4740440752535381,0.3841423614709311,0.6437331677179923,0.5770433932078661
1017,0.4542299152445507,0.37941718185836065,0.6552181720443055,0.5484910986930864
1018,0.469188106024105,0.39722257811574846,0.6497752431952554,0.5855093626082871
1019,0.4456980820815339,0.3753085469938399,0.6323790697816725,0.5533493709933209
1020,0.45996038999852606,0.37115609900764096,0.6497812329417642,0.5712137906857291
1021,0.48004982446166145,0.4051998286848052,0.6619391786040105,0.5834605437700398
1022,0.4638046689432542,0.38255876357886287,0.6566252587258812,0.5753115115217018
1023,0.48408743556314743,0.40163554052857997,0.6658778497919288,0.589037206988148
1024,0.4790782629415017,0.3838573883089433,0.6737834661703384,0.5902162062595365
1025,0.4616595741635558,0.3758247878782126,0.6623585361494226,0.5668656661068335
1026,0.4711557516505981,0.3818004598249287,0.6673648988808069,0.5722595394377519
1027,0.504624936866935,0.42193435095257525,0.6951251262735693,0.6133047336482654
1028,0.4811661853562722,0.39262829751592543,0.6934516752558894,0.6229216542231794
1029,0.4847257315572507,0.3771892281502782,0.6561953853709139,0.5599758372617741
1030,0.44908571973266104,0.36316968943447303,0.6454126575527053,0.5529207070637047
1031,0.4908546717725369,0.42250406272799007,0.6923714910615809,0.6217871310966284
1032,0.47938334265922994,0.41338952460089173,0.6688634399062868,0.5916731763019296
1033,0.454648807111954,0.3742084757201514,0.6515969064551882,0.5404060214271189
1034,0.44859487800807285,0.3703128604216167,0.6398794043221151,0.5537699958282337
1035,0.488480529939578,0.4053634056358053,0.6874370586265264,0.5915415227765243
1036,0.4962767869039513,0.4024041882948269,0.683258271714828,0.5822299650278686
1037,0.48202905787087136,0.3848215984893073,0.672564232457208,0.5677778223311855
1038,0.47306044349321297,0.39503035653389684,0.6604470666178942,0.5623342263474216
1039,0.46195004290042646,0.381534240975751,0.6550386102429206,0.5691467274146834
1040,0.46010828012572497,0.39616812754955977,0.6494807033346743,0.5780528287765807
1041,0.44403425905611227,0.37230289689412444,0.6310737056039213,0.5473031712527193
1042,0.4548386462992516,0.36266254236751394,0.661829342324713,0.5354257123333697
1043,0.45307921166759263,0.3533135682023167,0.6510203164082803,0.5467833060681696
1044,0.4560125035948678,0.3707623904400018,0.6205712355009716,0.5400120380739346
1045,0.46867453694706007,0.37924908310209826,0.6496874485277553,0.5618332069316323
1046,0.46627691992280595,0.3764768807327613,0.6509145672883341,0.5698452241878467
1047,0.4801969335237914,0.40339228768631963,0.6766282372663204,0.5847534625177812
1048,0.4743476320954253,0.3985659775306294,0.6771669660692474,0.5926255795764604
1049,0.4688670602478408,0.38750439660033,0.6508170636689409,0.5835536094624121
1050,0.44545450122966995,0.3698312189941609,0.6456958212788909,0.5389246921581952
1051,0.45853917221809665,0.36279527998444944,0.6470323886422972,0.554482640665847
1052,0.4665406387436946,0.38279728366627536,0.6638526208207388,0.5768850866017077
1053,0.4804068271595633,0.3844197345020732,0.6846925911039193,0.5709999185017002
1054,0.4649696404385732,0.3845217449093719,0.6515939321428809,0.5522419427532617
1055,0.47082750257275546,0.39704444407517625,0.6596919144820226,0.5797189653950936
1056,0.4387752005134016,0.37079130306472863,0.6336628478390445,0.5596206752393662
1057,0.46098175463581365,0.36646675101813525,0.6637464913960323,0.5636819417389998
1058,0.46914281204163455,0.3960431026407118,0.6752018636614749,0.5855232324068058
1059,0.48685755263119174,0.3868053434098007,0.6758982512535161,0.587412403250732
1060,0.475042462236753,0.3819758681972577,0.6585957602205402,0.5742415006536077
1061,0.47779771378936625,0.41816689734537954,0.6641281406212445,0.6043999348798945
1062,0.4922011621729839,0.40908365030693106,0.6847792915520404,0.6052895103595246
1063,0.49093293395265064,0.4211092689507363,0.6873817461502995,0.6021688628665188
1064,0.45876705881050067,0.3787528898167223,0.6518164719812274,0.5726617207796058
1065,0.45347240257392,0.37592649658450217,0.6379847414188278,0.5668695754654822
1066,0.4862473086339205,0.3940245507286415,0.6716342257160812,0.5698568382783606
1067,0.4712161248900014,0.37829322829119527,0.6773932807509305,0.5817784444616905
1068,0.469053126989301,0.38910725985595496,0.6657934129903196,0.5753911948213924
1069,0.46801148467602943,0.3860601330772177,0.6667509649792388,0.5665297270206977
1070,0.4731131314829288,0.38838487589290266,0.664429856633645,0.5556076844268685
1071,0.45960787084325483,0.3741942001997144,0.6473536479855023,0.5530490631137257
1072,0.4675762128325241,0.39527141737929167,0.6544998760626871,0.5849749352626195
1073,0.46542422323636495,0.3578750075554018,0.6579300398166028,0.5325143868067859
1074,0.45225133535957807,0.3835691860745719,0.6410488769224042,0.5451261825342602
1075,0.4796648931402403,0.38348521858953505,0.6670527677437448,0.5581786327468587
1076,0.48679390597228733,0.40662475714310065,0.6863571728528738,0.6037994202514976
1077,0.4611509817168792,0.38636052201266785,0.6540301554423927,0.5773764332016503
1078,0.4566611039709232,0.3957180287886292,0.6410339580985255,0.5909516398144794
1079,0.48119216000023374,0.39983724696773737,0.6624430844612231,0.5972786330233671
1080,0.4714976039231683,0.3985953241862269,0.6617492578225482,0.5858524866441511
1081,0.4846167983978578,0.388345114462072,0.6704029965038022,0.5773598928238224
1082,0.4858506251272149,0.38866142484425215,0.6906959616105715,0.5740936330178982
1083,0.47042043089291813,0.36713708695853137,0.6630318593935274,0.568052964734483
1084,0.46063920708642586,0.38459871133136153,0.6461680281499652,0.5570861945526093
1085,0.4538647158766871,0.3637275328335237,0.6384684864552553,0.5592617279584893
1086,0.4686144422987373,0.38637047159497384,0.666610262966125,0.5425227938722784
1087,0.4736096880703406,0.41283820960823825,0.6717710708539975,0.6040197803378636
1088,0.4317345808701822,0.34754781678035873,0.6223827859499208,0.5355226283275314
1089,0.4695830016137507,0.4030130838512171,0.660645705491711,0.6156306195962651
1090,0.4552292464986452,0.368799421850102,0.6452531805775015,0.5477282725091104
1091,0.48737844531856084,0.4060296618450425,0.6675545335322385,0.5864112766812447
1092,0.4534945836136205,0.38036633901326655,0.6338979763486313,0.5320732569187895
1093,0.5025539781355618,0.3949236576897471,0.6996542012317691,0.5874382207958075
1094,0.4901766230940268,0.4018836071334862,0.6748848823136526,0.591266120272133
1095,0.45717359408069047,0.38957947064543047,0.6480876419278327,0.5783208410588965
1096,0.442587003123057,0.3510203277226078,0.6369340041309989,0.5234584776403937
1097,0.4382644319201336,0.35571488760360603,0.6298037761054897,0.5464185644131034
1098,0.4557356602227981,0.36419055827868085,0.6586727689664553,0.553001424093425
1099,0.4743885065562793,0.39664872415928054,0.664370408969726,0.5770681019126207
1100,0.48090305684362955,0.3990908611380077,0.6775224178122443,0.5897298308854659
1101,0.4722329603178749,0.3956506227110463,0.6531234195339656,0.5681941517945801
1102,0.4789652818475201,0.4026096440052719,0.6616899644928819,0.571282575811157
1103,0.4532751600733187,0.36690363345948646,0.6393894230012023,0.5409654492649221
1104,0.47984191715123387,0.378687246067919,0.6957627005230236,0.5644475924997925
1105,0.46773430587475034,0.3899463737483454,0.654455447795422,0.5808409209839257
1106,0.46578071059159115,0.38151474778915445,0.6526093569445911,0.5739905373493952
1107,0.46387143540277037,0.38863191677966696,0.6483268029935048,0.5518708330883971
1108,0.4656716175384567,0.39595632438272166,0.6519329515094947,0.588312883446908
1109,0.48585816260899456,0.39315486282114637,0.6679374460698424,0.5792493410520552
1110,0.44806689709290476,0.36546140359978424,0.6395834052074474,0.549471099261522
1111,0.4668222081493682,0.38281504723868015,0.6509480843490628,0.5780281472262996
1112,0.44896771791724166,0.3686257166302333,0.6466844497212336,0.5702553917674114
1113,0.4854538004132394,0.37916703152881825,0.6715558871066301,0.5760846825778273
1114,0.4740734342860935,0.4065461633459138,0.6500315750355488,0.5696376117328835
1115,0.48602622526930456,0.37786567398849713,0.6770348589916805,0.5515910216811725
1116,0.458003486016097,0.37703045223944154,0.6417877657145895,0.5329360898359621
1117,0.47016492978731406,0.3848786550769268,0.6585470620876888,0.5618901081421149
1118,0.4573149229441341,0.3821679289535215,0.6416225233038598,0.5449759345517526
1119,0.4691030184735735,0.3726303312434804,0.658192686966304,0.5747276520690457
1120,0.48795422409583994,0.3909171540036956,0.6723300794584925,0.5817866908309182
1121,0.4789330535087736,0.39064558257160725,0.6661959477660668,0.5709138069341653
1122,0.460116960370569,0.4012187503006105,0.6297993986403603,0.5620765688650133
1123,0.46880270512196254,0.40323441809553173,0.6470100903180791,0.5830635574306983
1124,0.4735592718624718,0.37338283648579756,0.6586552215983336,0.5640139806242853
1125,0.46715080776121576,0.3791875462177009,0.6579930797803264,0.5620019834603587
1126,0.452166558074174,0.3666850905908822,0.6493519125692158,0.5569440681420161
1127,0.48094953685186037,0.4238607247301771,0.6597043084354978,0.6076060819185339
1128,0.44397387152367696,0.36547172042130066,0.6411839798166377,0.5484940666860783
1129,0.450888436678887,0.3491197508955399,0.6646885514850092,0.555739578822136
1130,0.4629654726835785,0.3575361786266125,0.6642293261588464,0.5312979981762743
1131,0.4505292256495638,0.3690233812987044,0.639802302488406,0.5544354942196255
1132,0.4612589351414699,0.3754274336547772,0.6412958903537413,0.559922064739513
1133,0.4544522626280422,0.3704226986436439,0.6435695709991738,0.5337782305997641
1134,0.4792680880990208,0.3733331055841099,0.681070283872312,0.5596057388637179
1135,0.4410103848762209,0.36576032711814355,0.6462276993578343,0.5482974047341216
1136,0.4761761375338642,0.39894094083321996,0.6648237778448532,0.578962865466873
1137,0.45759137013925505,0.37602542646652376,0.641287795605093,0.5357908281606427
1138,0.46129428803521483,0.3587607963451815,0.6513411279645497,0.5364956407338901
1139,0.4380571362234464,0.34030456086744293,0.6271938019942109,0.5183746299129353
1140,0.46350215789131305,0.3725841244977124,0.650195276748688,0.5605122479182023
1141,0.4563586731797049,0.38046848520399984,0.6436813769352548,0.5553966577773543
1142,0.48190445406225557,0.3940960322734598,0.670596274436523,0.6068132196728124
1143,0.47462434641965473,0.3869384043486954,0.6697005031964228,0.5787417297340851
1144,0.47264187841375876,0.3906789390091368,0.6547933537389884,0.5637775848135468
1145,0.46193567828546334,0.37787431967763596,0.6642703578391618,0.5520147835515071
1146,0.4608391792472289,0.3783300459568605,0.6287608960723883,0.5625740544098431
1147,0.45918386468623085,0.37160279842345045,0.6490188405078764,0.5744884581695728
1148,0.46712160621086035,0.39541967598673183,0.6484839183896814,0.5712066240059532
1149,0.4746375132376083,0.3940051045007797,0.665046356172499,0.578529098321129
1150,0.4579891898108674,0.37084008047204015,0.6526240176148855,0.5783035817544244
1151,0.49702704919713525,0.41964278480823836,0.6799878630241526,0.5886709684865332
1152,0.45675094968292845,0.3765974577949058,0.6370508881916137,0.5435714319578244
1153,0.4489506429725681,0.36460838005146956,0.6363821391025316,0.5475505121243319
1154,0.4699461618894307,0.39038039313853934,0.6631286709301863,0.5867662197597083
1155,0.4815341081606228,0.3979762424386505,0.6705328742611094,0.5836049148778079
1156,0.4806090439592721,0.3838907451676656,0.6806923922994862,0.5747781220634269
1157,0.49070485608876113,0.38352229530085524,0.6891802800640128,0.5834003389053029
1158,0.4439764777333499,0.3715456613430304,0.6326546915751236,0.5200546745597199
1159,0.4679703646619339,0.390642756990163,0.6548295124207563,0.5690081250429261
1160,0.47629869972926836,0.40771297844826343,0.6619405127217357,0.5796602760658665
1161,0.49330330333975936,0.4040056892957392,0.6758574683718651,0.5808990156598355
1162,0.4806484311711665,0.38104146583164655,0.6626838730273293,0.5693939466536013
1163,0.4608948086815269,0.3939576143550809,0.6488515224132168,0.5907567108532685
1164,0.4750688500805116,0.3987227755801528,0.6619957634369258,0.6033289801684427
1165,0.4789160423768571,0.39241366330193556,0.6688518483978345,0.555467727747309
1166,0.44413627334842837,0.37657341868242755,0.6313489790604215,0.5460679219449994
1167,0.4700329355948243,0.3922247678488709,0.6651984372272213,0.5700025747201959
1168,0.4768034046878079,0.4187201167703309,0.6568151243381972,0.5938654331596048
1169,0.4435420496085615,0.3623901406975324,0.636706773516792,0.5646305101152888
1170,0.47899697365122373,0.39538307986687166,0.6776464559325615,0.5676078000072241
1171,0.46560914939534476,0.37236591199106944,0.6542147216039099,0.54585593423153
1172,0.48245998669730616,0.4118254627811848,0.661600756823734,0.5833677903045175
1173,0.46740591467591447,0.38056964355966616,0.6625541540538029,0.5621189589762305
1174,0.48101921755821675,0.3713709307266062,0.669312690638766,0.5583233529256177
1175,0.46678652869820225,0.3576807811488339,0.6477086299259153,0.5520797312459464
1176,0.45225026672930724,0.3897783931320038,0.6297928131317753,0.5551634052339934
1177,0.4570974600766213,0.3847522202061274,0.6463306620896828,0.5656952453689474
1178,0.49117526899260006,0.40431992824230095,0.6919447352234412,0.5993724062219846
1179,0.45721092192388924,0.3871842392345351,0.6411617901145252,0.5729693825868347
1180,0.4437904487438126,0.3756264897205685,0.6308019041216072,0.555344643862363
1181,0.47833188357973416,0.38834103236522055,0.6740869625124583,0.5655552971423295
1182,0.46316751831574426,0.3618827889755229,0.6715221760059682,0.559240655205526
1183,0.4554334093505887,0.39168211282696874,0.6443810876403097,0.5601739615894171
1184,0.4442419272835549,0.3606816487041683,0.6397226231113511,0.5547914635531755
1185,0.45984334210702527,0.3486411031760352,0.6390849546763837,0.5329033712083796
1186,0.46177927245337513,0.3863498586781036,0.6546085656220548,0.5710799587068217
1187,0.4331760592765055,0.36167240795773065,0.6172438389219868,0.5368680311954889
1188,0.46714894380658684,0.3665216001227428,0.6592613070079159,0.5723549871139536
1189,0.47201367084812895,0.39072568581939526,0.6697986801325363,0.5719793699132467
1190,0.45820772150570066,0.359461503287524,0.6570711770791771,0.5317408791300107
1191,0.4878714445873808,0.40914594642031904,0.6733566012385055,0.6161863510239033
1192,0.4427783907093567,0.3657104464549814,0.6355112715319214,0.542665821969095
1193,0.4898383310125045,0.42213279354439665,0.6798404261060867,0.6001785707407624
1194,0.45888098652159676,0.39446476397581964,0.6497560733956834,0.5991296395518443
1195,0.49450417466402363,0.40124670312843397,0.6786710549543853,0.5883670918494528
1196,0.47293655134746626,0.390015659779619,0.659694603552733,0.5788236276079356
1197,0.4435148228143505,0.38673377597285724,0.6278885328541102,0.5526696022755457
1198,0.48127448190428324,0.39759889679370036,0.6674067694215019,0.594523637447351
1199,0.4461714426664585,0.3643046446236685,0.6370044185239316,0.5398185900980927
1200,0.4453984107413768,0.3658078392418458,0.6378303635753066,0.5336955985530217
1201,0.4880457753270722,0.4069370838916171,0.6878356512198123,0.5984417466900193
1202,0.47046184627265514,0.3722733065805168,0.6547040196605827,0.5577392148983631
1203,0.48175180572027637,0.4180698581646494,0.6775088857107341,0.6072858425877491
1204,0.47728666911601536,0.4000501173110008,0.6702881550845553,0.5768031884832425
1205,0.48753575331598475,0.396075983651089,0.6603397172305683,0.5587649600207459
1206,0.46222099810189876,0.36782895125044796,0.6499785778747893,0.5482763478654498
1207,0.4834506449711795,0.39009287998293546,0.6595063513974232,0.5862751117054263
1208,0.4973346860774864,0.43153347314582113,0.6661201707022134,0.6061581198445861
1209,0.4545132226817397,0.37647772094881754,0.6393745263873811,0.5677951446737337
1210,0.4577426717116482,0.36363974301715607,0.6511506964694919,0.5458732127597123
1211,0.4584959037279668,0.36292810261646746,0.6441095862759287,0.5509317297626841
1212,0.47007614711209195,0.3872630127060071,0.6348318791229871,0.5548071213338054
1213,0.4784468840585721,0.38719775765938563,0.6545582419517432,0.5790508645544494
1214,0.4696483827467419,0.38790043441576155,0.6504461572795469,0.5545879181900146
1215,0.4730655235494463,0.38743649056299456,0.6735673732069615,0.5727685670314562
1216,0.46602304520821164,0.3651475062613516,0.6399397495469505,0.5213609519116994
1217,0.4582013771446668,0.36923426194979486,0.6500192137669488,0.5508290670973089
1218,0.4804331620350102,0.4177532774135009,0.688618065251995,0.5895541991299041
1219,0.4510572378831507,0.3526198614340954,0.6483112089974131,0.554883090300663
1220,0.44466460689513143,0.37705510836741807,0.6435679337685496,0.571690763433916
1221,0.46223560745244124,0.3657747389986513,0.6588730049390162,0.5535744040950155
1222,0.4812677628899775,0.39520489855398927,0.6816464965075204,0.5863649542829742
1223,0.46032888569742103,0.36881221067008463,0.6415586821296863,0.5496165074969768
1224,0.4775869675337697,0.39435669063554546,0.6856443456569201,0.5903743938619614
1225,0.4759408892883113,0.3936986590449181,0.6684448056879416,0.5740974153470428
1226,0.47444886921797147,0.3859223427296063,0.6613369083187499,0.554447350119737
1227,0.46332125208642155,0.3795720658716084,0.662915342433609,0.5628707778088142
1228,0.4795987438711515,0.37092731691528746,0.6812039268541014,0.5753512146570635
1229,0.49009719921702394,0.40686705324102695,0.6962232299018287,0.614918928301296
1230,0.44995468849957904,0.3675486737357973,0.6650870752883035,0.5591008939698501
1231,0.47847758990436373,0.39953399550857677,0.6679914675734384,0.5971767618401641
1232,0.47088593608361584,0.3945251829487558,0.6439018245639645,0.584668814987408
1233,0.4924118790967412,0.3770648928262852,0.6815257576031116,0.5645175301591961
1234,0.4563893392157091,0.3788391648529586,0.637780324706717,0.5590603896582372
1235,0.4933997526168678,0.41070497415347706,0.6602094948843142,0.581789011806493
1236,0.44895785306910124,0.35432370686617976,0.6526774735302692,0.5475825554563843
1237,0.4646813143857601,0.39059872727530814,0.6541555482986553,0.5722728684133458
1238,0.4612836815904775,0.3659828729534351,0.6621237751389064,0.5543158898362694
1239,0.45940338271222464,0.36556292436849225,0.647910582836883,0.5388012096033126
1240,0.48319225400953186,0.4039939040007138,0.6780067836716493,0.5862569921338352
1241,0.4836191628760673,0.38283340972030155,0.7059184226192434,0.5683564855637004
1242,0.4813543486429993,0.39959423921382387,0.6693335755381857,0.5840092503649125
1243,0.46561749735652896,0.38123237432926665,0.6577268613850837,0.5735635452223682
1244,0.4845109328999608,0.3838659269512238,0.6966824418347117,0.5785291721612933
1245,0.483134534528149,0.38974737781708796,0.6678806563171596,0.576524274569616
1246,0.46663733990944345,0.39462373994276095,0.6465443456732838,0.5847021862031496
1247,0.4751546501285096,0.3939525272662171,0.6755922887018195,0.5754263343175434
1248,0.48020479849469344,0.37541183973178976,0.6705077189923481,0.5752680053173369
1249,0.46355049676943855,0.3951681700331577,0.6525628911874678,0.575905832428625
1250,0.4493533808114429,0.37306968268232854,0.6233386590585087,0.5722932538670412
1251,0.4507545046697144,0.37511482481313063,0.6506876487186527,0.565620230646842
1252,0.47327078793271776,0.38813293751241457,0.6538522534938471,0.5641380407493708
1253,0.46472773309109,0.36352807815179444,0.6638705621130014,0.5510762350985761
1254,0.4731214878011763,0.3755299693865417,0.6674685990210011,0.5444289018746994
1255,0.4838038660067429,0.39640243218162874,0.6724092645313025,0.5863521152389441
1256,0.4630109982554276,0.39403975244359324,0.6560660964560173,0.5698191250752658
1257,0.45746133182694393,0.3800002038389582,0.6377269718454526,0.5582569222721965
1258,0.4627871880399639,0.3879255738095871,0.6541335103696888,0.5584810619817245
1259,0.47176556957305327,0.3563922967795591,0.6784710980574875,0.5479484955368812
1260,0.4506461335767113,0.3561339865842913,0.6320686678477982,0.5443904738367059
1261,0.44882587395427886,0.36122083120040244,0.6157382181662571,0.5458573743387983
1262,0.4339883785080079,0.3517362680146193,0.6019775069666763,0.5264401417288657
1263,0.4596096325380368,0.36965361235615835,0.6467632188623376,0.5642587715268684
1264,0.48035937754997254,0.3737548789917685,0.669658448271864,0.5720640141864999
1265,0.45020326519063003,0.3709334372429052,0.6300016154369305,0.5427452236885424
1266,0.4872058389011128,0.38720631761667773,0.6798667501831553,0.5869838321067069
1267,0.48409823576187566,0.39643364452596686,0.6872256096352575,0.5910695145142871
1268,0.46788567585689705,0.36931813384965617,0.6527890553114363,0.5492534882798271
1269,0.47738379330215924,0.3817081012671924,0.6679283634164773,0.5519964474680534
1270,0.4509960674382011,0.3670747147159692,0.6430097055386773,0.5691936455034897
1271,0.4704367299763676,0.40256055849791744,0.653955653581422,0.5830647327267043
1272,0.47583281334831984,0.4005175866383994,0.6668496647700631,0.5800775024704897
1273,0.4871677540361992,0.37493167332168087,0.6823098716511453,0.5592863024219491
1274,0.4594097613120087,0.3702447741479252,0.6660531323886089,0.5588726981687427
1275,0.4557395315866621,0.360932462981338,0.6432567335864784,0.5453857022125573
1276,0.46832659887966915,0.3798935704092217,0.7016391690288623,0.548114210191018
1277,0.47048221325648265,0.3898086096140468,0.6669640636246317,0.5829580947469973
1278,0.4836019742706645,0.38006591948560486,0.678984228982682,0.5656951519801183
1279,0.4715080592461894,0.3796240073503511,0.651490435604124,0.5603831999752619
1280,0.4730311389819442,0.391425936603413,0.6490630367582463,0.5812506553449216
1281,0.46331241696067366,0.3861350864576971,0.6430370036433863,0.5737625926217848
1282,0.4744326659795613,0.3842665022315344,0.6669300883753108,0.5751395885356135
1283,0.4729891778694434,0.3986627826069368,0.6837453704149019,0.581548373158851
1284,0.4927316533947759,0.405082316221974,0.6886118308838292,0.5994930448119659
1285,0.47896368746578605,0.400567213307865,0.6710127271017502,0.6138572848543506
1286,0.45801302173341407,0.375957928399425,0.6529512564077271,0.5580167641258446
1287,0.46785491796857614,0.37676641158982005,0.6552678906021147,0.5498947354884798
1288,0.4680659756913862,0.3939771338514314,0.6672651316602042,0.5527444403428011
1289,0.4644120131774597,0.37277977556925584,0.6474952486279699,0.5678202721797946
1290,0.4787902234754576,0.3876143909725139,0.6773431997360986,0.5704044616627509
1291,0.473333357058033,0.3878899386549627,0.6801313507704799,0.5752089398010871
1292,0.46081656684654587,0.3714684986240916,0.6322569585726796,0.5681154491408745
1293,0.46312943072958007,0.3709089431392937,0.6762891487583299,0.559554920409317
1294,0.4750513874047694,0.40426180608627243,0.665286222527281,0.5875806801517005
1295,0.45991957065414457,0.38063407006145206,0.6578940036338248,0.5715014712971686
1296,0.4563855322139802,0.38246384579267023,0.6546746020925057,0.5779047525969042
1297,0.4891431685243978,0.41387413173208937,0.6737342143660435,0.602108625554902
1298,0.4814616485486863,0.38227527883516804,0.6614018946910052,0.5809666376885164
1299,0.4489778247494432,0.35022141012231195,0.645191619163446,0.5391479699611055
1300,0.46456436609685103,0.37113300608517125,0.6688938674945517,0.562296532871119
1301,0.473868879370277,0.40395223446942663,0.6695567952289359,0.5940341441735703
1302,0.4636387354457751,0.3977680994442371,0.6462773467671284,0.5997468966381153
1303,0.46514678074406435,0.3916861618967488,0.6508551440978138,0.5667027606200976
1304,0.46568726614108236,0.37571554627708337,0.6544734157095635,0.5897593150414484
1305,0.4489221787578522,0.3630250117662557,0.6509471858207747,0.555499491504455
1306,0.4575556634247303,0.35554152312318715,0.6363301911503535,0.5254520914383697
1307,0.4874890695702462,0.40334679754190234,0.6747022650828446,0.5916234900196562
1308,0.4757777524463473,0.39891082583506343,0.6680021175905383,0.5873116239780303
1309,0.4518491048443533,0.360076463271036,0.6453672169205634,0.5238499236677991
1310,0.47249184829333374,0.39965088116140557,0.6493793466130986,0.5933112513946928
1311,0.4835230496326354,0.3791989247014235,0.6679468822212079,0.5709541562765286
1312,0.46876379607039964,0.38266942489542327,0.6667207479653757,0.5721854865568848
1313,0.4722346263456785,0.39827197329509395,0.6652494204398586,0.5898284414444477
1314,0.4734340927835685,0.38401662450413054,0.6701534808500558,0.5704813206488051
1315,0.4748894229721763,0.4057955599670572,0.6579064050266085,0.5882451545845626
1316,0.46246942234446753,0.3881795275288304,0.640276823225705,0.5597757150236176
1317,0.4825811995310312,0.40509050426095083,0.6707035650791601,0.5887226356589168
1318,0.4546016026735979,0.39759652261849354,0.6313704546966818,0.5659955903741237
1319,0.48622762609228526,0.3981707101210218,0.6705846271056553,0.5750917758424279
1320,0.46840999612642076,0.3819210203275556,0.6664803035429406,0.5765123763016018
1321,0.4910680423456953,0.4067686091243535,0.6918092607123182,0.5825528094173364
1322,0.4852053786768856,0.42003936062377817,0.6734919100308278,0.6196775898500434
1323,0.48438434256063073,0.39818054130078956,0.6700422387476497,0.590589561222948
1324,0.47027685998346797,0.3758150433753973,0.6465909117744308,0.561760145098597
1325,0.47124727018508117,0.37945648715021557,0.6871072725662827,0.5649430747391813
1326,0.45065715464723105,0.3687197875295783,0.6387939626365542,0.5356854127811548
1327,0.4785198028305024,0.40411809120801906,0.6845865629366046,0.5876327735148453
1328,0.48079759084199664,0.3767076342776153,0.6783854449544369,0.5678268379682806
1329,0.46421633578264226,0.375243821470682,0.6669964867759154,0.5541621255775177
1330,0.4916105939462977,0.39168805335682905,0.7041036222832547,0.5789153416966452
1331,0.4573544669555409,0.3682809173514829,0.6372481651654024,0.5593867475137406
1332,0.46352837441953443,0.37710605343019477,0.6576806346706928,0.5327236631169788
1333,0.45270799721415006,0.3740083359305646,0.6450312072722998,0.5593397762308243
1334,0.4736363900711922,0.38926605890871124,0.6658674764197589,0.5592924137606183
1335,0.4909231282134433,0.40579177446757386,0.6735071109939887,0.5842559971595787
1336,0.4855668108798996,0.38454106587129583,0.6685876457634394,0.5558811902254185
1337,0.43422743179159035,0.36276205600421646,0.6215455367349058,0.5460396007458778
1338,0.46178865466548896,0.3798141009957338,0.6664861988710158,0.5699856623963163
1339,0.461117702465595,0.3791104061800522,0.6585437490074334,0.578431496471042
1340,0.4589911831746788,0.37362158605027723,0.6563480035670133,0.5563321513968053
1341,0.4825838457874082,0.3908706708619365,0.6645327548727608,0.5920232484495435
1342,0.4739999215637428,0.38716488417881856,0.6595757530411218,0.5908394781015658
1343,0.444346474363869,0.38451939023559933,0.6378781395450225,0.5619173778037884
1344,0.467823270397505,0.38633444137144946,0.6608086380720198,0.5580738930072838
1345,0.45943705504704596,0.3862512048414752,0.6417349305935809,0.5714481775792684
1346,0.4707351334084152,0.40530201418240136,0.6598079334234278,0.5972097802187232
1347,0.4702127256965899,0.38163364958080964,0.6697650310820004,0.5557176171491128
1348,0.46735657843694783,0.3740236738946927,0.6576605723993258,0.5555878566628075
1349,0.49318286107003356,0.4056701641985461,0.6968623002260794,0.5842983249040673
1350,0.453303487901247,0.37819120252947397,0.6465565520464772,0.5740866646391759
1351,0.4823400188912403,0.3893878083799228,0.6687108183452248,0.5636975460427271
1352,0.4743658826685861,0.40285124987337917,0.6725913607349768,0.6026604493292281
1353,0.468076072321112,0.3814060869318223,0.6751308050195008,0.5884137658210146
1354,0.4575243081145559,0.3657319703045543,0.649075851231994,0.5472897998579439
1355,0.47192456613809364,0.39314950466063636,0.66075279374576,0.5730676326914604
1356,0.4691856504879519,0.37821109905706274,0.6536514630937704,0.5660240084049069
1357,0.47842209050747186,0.41267376311688564,0.6643886627146588,0.5789798082540514
1358,0.46742036423622374,0.38116356399895607,0.6481017993173229,0.5972616058015736
1359,0.4797828839038741,0.39664741391587915,0.665966566167041,0.5932972919870051
1360,0.47857266539801274,0.36711994471679227,0.6594949778096023,0.5687044402855765
1361,0.46722835400059637,0.3864307429831296,0.672428758506272,0.5873199214485215
1362,0.483228367745067,0.38702660728259125,0.701628092255594,0.6102738996257806
1363,0.4768535426944626,0.39125702015309277,0.6729432309196873,0.5596184720441117
1364,0.4765942126202725,0.4123536267011093,0.6566962058756962,0.5869045961189439
1365,0.4707814273970391,0.4050631865410859,0.6540454911201519,0.602445223938327
1366,0.48370328340928664,0.41680423231420166,0.6913947816291782,0.6012224035051021
1367,0.47930407805041897,0.41358690954139077,0.6639981022450426,0.6033453850715307
1368,0.4588919854526958,0.3671298000532917,0.6187084404552138,0.5577948615929967
1369,0.4839959441728393,0.4036431161723097,0.6660407963266816,0.5972195448008178
1370,0.47306338660407876,0.3630364700877428,0.6579828867434908,0.5469464811240323
1371,0.4542163599566019,0.38821965364454486,0.6538613583788735,0.5563473216536168
1372,0.4841208057646049,0.38372175447624013,0.6652973620559057,0.5715117915464397
1373,0.4847476670288623,0.41020898834996816,0.6641516455889022,0.5895424757177439
1374,0.46125098596289865,0.3767888350653279,0.6544129370788914,0.562873188804657
1375,0.463849936655529,0.39253121076842273,0.6398918330850132,0.585822739246586
1376,0.4836092319852435,0.4089442433877586,0.6614842809975733,0.5979391564961801
1377,0.47348214349946266,0.38664059613691554,0.6725590539330722,0.5975581704327603
1378,0.46028659487948076,0.36950878887022637,0.6551135976366396,0.5611692969624825
1379,0.4741932639520721,0.38628251348150744,0.6671358518622706,0.5727816812158866
1380,0.4877843834633416,0.40285364217111,0.670497854174795,0.6007809411033016
1381,0.4516678533588266,0.34448647093044504,0.6416341346937913,0.5347222482942925
1382,0.4612887334360139,0.355973619541697,0.6400174764282498,0.5276306108760602
1383,0.4523485195331592,0.36551454544893286,0.6438874114973135,0.5536299494076069
1384,0.48196704159481385,0.40305797334601007,0.6637031387546853,0.5897461450958228
1385,0.4740040360816317,0.37691364442175024,0.6558324018746802,0.5817062764793552
1386,0.47568331637946687,0.3895324078337458,0.6624595088603282,0.5574941007871823
1387,0.4711332798034093,0.4190287261797775,0.6509384526034288,0.6084405022225948
1388,0.47159528358854513,0.38182973786800195,0.6541185600593631,0.5569478719512566
1389,0.4764417715384458,0.3950520388647064,0.6675761940466975,0.5739190741433143
1390,0.4788778961948076,0.3926066470747568,0.6704982972371784,0.5837351429532761
1391,0.4619281464750033,0.3729224073700971,0.6590144140663663,0.5629877032319811
1392,0.45357998756108847,0.3568674712770862,0.6486054590420975,0.5409234885318757
1393,0.4642710982189918,0.3941635335545213,0.6379984995656869,0.5820190736727905
1394,0.47697439579354584,0.3941549861637924,0.6509896072398949,0.5678762429349313
1395,0.4720435736428062,0.3924344781654166,0.6589386390367533,0.5703499763203689
1396,0.46690490192098394,0.3923817731068021,0.6528792006598284,0.5749325169421851
1397,0.4748612068272987,0.4099491870340431,0.6617158243370155,0.5879974693059655
1398,0.4377926612799545,0.3626661013189111,0.6385217779282117,0.5505523358139299
1399,0.4755479336829596,0.36885843328208695,0.6631616903225837,0.571581289782731
1400,0.46261045760796554,0.3800180921623643,0.6623056456490137,0.5685531105377422
1401,0.47653185379444934,0.39453941676646676,0.6610355356547464,0.5797096528884587
1402,0.4787310987926318,0.3812280921512286,0.6683365261727844,0.5857395130463036
1403,0.4822414079111935,0.4060242549196019,0.6606280032302111,0.5852867678333845
1404,0.49395751857745585,0.41474457761689454,0.7115020637190771,0.6278025341404267
1405,0.4806921581839599,0.413072044698476,0.665280245592959,0.6189692945999219
1406,0.4729746549537724,0.4017681944027797,0.6524138708827892,0.575622536706617
1407,0.46566518633072496,0.3796135806423009,0.6474061826160808,0.5584751636365249
1408,0.4616353107334825,0.3546024855666992,0.6668757446136468,0.5212540937100965
1409,0.46307310991351264,0.3813767372915786,0.6649738260099322,0.5535198372931501
1410,0.45374650301775016,0.3545948942655729,0.6614023245464987,0.5419984455143596
1411,0.47024147368196123,0.38773319693208136,0.6807685378968362,0.5834164826815622
1412,0.4631437740574673,0.3811032532476368,0.657634909159554,0.5688027510565735
1413,0.46929271660035893,0.35646250756386183,0.6718712860978864,0.575817099590856
1414,0.45233605082490874,0.37961843016630087,0.6389225464962057,0.5629651267624699
1415,0.4912005838894768,0.3836995507312502,0.6814035349894737,0.5804410103416683
1416,0.45350307408151874,0.3727927851313508,0.6304353383121497,0.537561663992787
1417,0.4326118450447498,0.3615979859414004,0.6167555917745058,0.5447680957902276
1418,0.48153639647100493,0.38895687696707454,0.6824049835207527,0.5833327655532557
1419,0.4639738019956195,0.38437490051870427,0.65305305159044,0.5822977316603211
1420,0.4420131596562414,0.35973217351692927,0.6212097160220619,0.5410242477378301
1421,0.47703633002417034,0.40339775887539786,0.666640701815073,0.5714215937973213
1422,0.4723602013347549,0.3838408813280041,0.6426192287482964,0.5778701516039383
1423,0.46964500006786913,0.4096379178446766,0.6594852347244734,0.5806958667790718
1424,0.44203482758690804,0.3639598720615535,0.6382527952491571,0.5206194181517151
1425,0.48348187719730906,0.3868403415501501,0.6729796592141323,0.589661899712185
1426,0.48024479744380255,0.39958019218096175,0.6545161016510016,0.5790184986221619
1427,0.4657965279074496,0.38788881855901697,0.6532393718898676,0.5773140773731315
1428,0.46888189006568576,0.37697541346637137,0.6625808276381011,0.5573706428255816
1429,0.49459205390110467,0.3787162126409878,0.6813780034538828,0.5808552745920129
1430,0.4881575376924717,0.3837547444190219,0.6847651071647218,0.5591558664106255
1431,0.4849467081268069,0.41121162760504326,0.674834138456454,0.5946642325978699
1432,0.48065279868701405,0.3910438267650921,0.6760546829890237,0.5822497477611163
1433,0.46629289665136153,0.3631898241389661,0.6532487871059138,0.5277734866973381
1434,0.47351233482745164,0.3984552321312369,0.6461391375461297,0.5718873028079156
1435,0.45558650778472026,0.3670027896078251,0.6391287811764104,0.5453930089972113
1436,0.456212616173085,0.36776369958303734,0.6703494333791851,0.5781553228253646
1437,0.4988113939821228,0.39699878951624906,0.7031523662280722,0.6023275061382112
1438,0.477907558309811,0.4064325395253959,0.6664095309240363,0.5854560312205402
1439,0.46335054686240024,0.38570486989836694,0.6363598360175488,0.5560831632017055
1440,0.4705488894597607,0.4098054302603971,0.6434009902170974,0.584658779009278
1441,0.47891152635987916,0.3808435744497863,0.6610342425941782,0.6049202574907017
1442,0.478313623745751,0.3911039549987853,0.6768303794735196,0.5891557319495926
1443,0.4741911648357926,0.3754428359517698,0.6590914960484741,0.5414997965003299
1444,0.49477836270290526,0.3952668191649239,0.7163646941010613,0.5993417054776111
1445,0.4656561220986604,0.37060162198549373,0.6593737748070015,0.5529110660230647
1446,0.46766640198527265,0.40173752979072447,0.6451642018791884,0.5723010961593092
1447,0.4646910975675819,0.39879103895455115,0.6448607653644792,0.5711335296786821
1448,0.4878120571122489,0.3880078927250816,0.6723772844207058,0.5962754842024327
1449,0.4930406708740633,0.4016521899917018,0.687120504486842,0.5736348472186837
1450,0.4738443743402128,0.39232990895502456,0.679509008274142,0.5823817474292734
1451,0.4455840597302533,0.3651717461101144,0.6249852346435882,0.5471136235850498
1452,0.47993968198723935,0.40202776187798434,0.6677747023212608,0.5859542977902624
1453,0.4976595911989207,0.41767846600724345,0.6838299150711525,0.6136145357563373
1454,0.4575708503608361,0.3639866797129487,0.6546807228063644,0.5414535085493617
1455,0.4587330878761081,0.3636902747230194,0.6642592403543222,0.5568215362208969
1456,0.43417951070054317,0.36497151634482583,0.6229538855015068,0.5469040158394529
1457,0.48274872839767974,0.40627695401663677,0.699393891076775,0.6103831582769479
1458,0.4885009594693927,0.39765206276752196,0.6960362521929758,0.5835291040836691
1459,0.46799650963434064,0.3777696022546724,0.670465930061295,0.5660022499374402
1460,0.4338388189907107,0.35696223737496474,0.6234346396330199,0.5344026648789195
1461,0.484138508304313,0.4055844744359023,0.6570967270793967,0.573450932348786
1462,0.4690528505522648,0.38606177578571,0.6605607788839136,0.581195636444352
1463,0.47257047041738665,0.40580518702347956,0.6521241509115878,0.6085428275966943
1464,0.4646318843679292,0.37899191269472415,0.6736107285967542,0.5734578600316899
1465,0.5193545493350491,0.457903987907876,0.6947822958061286,0.6584737092896034
1466,0.4664113681973106,0.37844895337146717,0.6715629918146494,0.575442291309421
1467,0.48156969351487444,0.4133467961605393,0.6717228231748361,0.5876144059717645
1468,0.4678742895460624,0.3828453128413634,0.6634073610451108,0.5766534085429217
1469,0.47791564119696545,0.3929937356086984,0.6911797892205849,0.5954915645932282
1470,0.48834000561902935,0.4049296230981226,0.6756548307206559,0.593163675640576
1471,0.4855138351056229,0.4000274310243933,0.669877591726994,0.6005488557152076
1472,0.4706207023121555,0.3745830744339746,0.672521622873979,0.569702119674801
1473,0.4524772597950355,0.3629139080629435,0.6193579898369856,0.5348853482371222
1474,0.48622486159766737,0.3987319482217242,0.6675921340746782,0.588449246164817
1475,0.4629648299653901,0.36529644893037294,0.6780812345503895,0.5535284468863931
1476,0.46271081742897785,0.3780497452910508,0.642597283907176,0.5532027238094924
1477,0.4638586617864147,0.37803267383404227,0.6514921095337698,0.5728616204239003
1478,0.476023828990741,0.39104352773513645,0.675833197288466,0.5889384458076723
1479,0.4673894391219469,0.3963237897103743,0.6522907252515452,0.5797942707323263
1480,0.4458096114168791,0.3512464510258185,0.6429002394576008,0.5568065431995423
1481,0.4837314501092803,0.4105317051682447,0.6810660240367913,0.5953860596544641
1482,0.4598870539916494,0.3809963411667489,0.6402093845433188,0.5619991061919704
1483,0.4733059664660569,0.3833176572352912,0.6541529958961112,0.5737662368241211
1484,0.4711020870860879,0.38833707551375446,0.6775053166163432,0.5899742966098701
1485,0.44580945744246875,0.3743438505514179,0.655689345948466,0.5603617716572843
1486,0.4660570885571723,0.3835658326555253,0.6526013074374085,0.5700375331639861
1487,0.44974396447463516,0.32884438732317645,0.6631466311436456,0.5189032350687844
1488,0.4661896670550653,0.36635751093973873,0.6334304388211592,0.5612971680041644
1489,0.44758406425381664,0.3611093409245591,0.6445853560247778,0.5510703812484494
1490,0.4697466373662256,0.388955292792095,0.6668555810309228,0.5727474886305247
1491,0.4591406065993601,0.3948173486758978,0.6415189032236137,0.5822826028906044
1492,0.45821090178142626,0.36456565265736274,0.6491521925272786,0.5521696572331922
1493,0.4426428205809552,0.3580106118755064,0.640538358126808,0.5598819636034789
1494,0.4484728112413127,0.36826968875368576,0.6382846114992807,0.5461537586827249
1495,0.4512487435577375,0.33060983338284733,0.6477365229430019,0.5005067969194683
1496,0.4529938117040196,0.37278130777357077,0.6341242659980507,0.5268826272358663
1497,0.47979766133129453,0.399502225407236,0.6743527572476462,0.5791706597171735
1498,0.47582902536444444,0.37883914790667805,0.6633897244520442,0.5927623546793633
1499,0.4948056132621722,0.39938073343276065,0.6800117641675203,0.5859411249228924
1500,0.47522536238535723,0.3766196291942199,0.6670897201671855,0.5698147842745175
1501,0.46941235713918134,0.37856967765637867,0.6655535404126668,0.5832214317977037
1502,0.4844210808410071,0.4226678386387541,0.6670919849522251,0.590483298328959
1503,0.44442914373031517,0.36692662961540423,0.6167564745034883,0.542243295189455
1504,0.47767488031578376,0.4072019247242573,0.6722726106915139,0.6056108774879183
1505,0.46710790498654164,0.371226809868505,0.6460707436467505,0.5660929306802062
1506,0.4670709266089372,0.37631612977119006,0.6682567813857282,0.5723581467116181
1507,0.4731382780146521,0.4257713800971744,0.6505034712295572,0.6038665598245767
1508,0.4666114142940591,0.3862130450751633,0.6713347874172647,0.5721595606478536
1509,0.45410377324707646,0.365681947799648,0.6593356495416727,0.5623652372307695
1510,0.4725184458778668,0.406049593441267,0.6525744056290361,0.5791814625199436
1511,0.4690070955774388,0.3753735715507874,0.6608237694386244,0.5578831749219706
1512,0.48214199788691214,0.39422239452185165,0.685665645837682,0.5680170284808631
1513,0.45681314984080906,0.38754278274469783,0.6464033718861282,0.5630521206599568
1514,0.4670269460007895,0.3690198446246253,0.6598953302944189,0.5432062422120285
1515,0.4393694843224625,0.33918451558878654,0.6341599130254676,0.5308847517410661
1516,0.4619815573731122,0.38027713818834114,0.6510906213830554,0.5539404734781723
1517,0.4603563236557128,0.41063463381674603,0.6435462274418543,0.5928959411864438
1518,0.4794401456635783,0.41274535501216264,0.6764210153936941,0.6160709534911317
1519,0.46139429192722564,0.40078942663022066,0.6526871812830863,0.5721858860619026
1520,0.486450782811449,0.4109374271515846,0.6797789937688246,0.5831364684235488
1521,0.4430579468436853,0.3560643460516244,0.6436765920516921,0.5509595152290114
1522,0.45115289736545355,0.3775065123773333,0.627628545766323,0.5332940431106565
1523,0.48093614727487555,0.40130947094580943,0.6697385611687318,0.5877397744780051
1524,0.44977486481983786,0.39489899803871803,0.6386299828336646,0.5843365293178481
1525,0.4756352766354488,0.4011423588035712,0.6405921504650567,0.5775305047878888
1526,0.46379662494734,0.38287623384010067,0.6553573190699962,0.593199010525067
1527,0.45406408530151576,0.37126965110344634,0.6521106193160897,0.5494175009410156
1528,0.4730996397186415,0.3978806380064434,0.6804503645533017,0.5983862541691761
1529,0.4590229148563186,0.3717611465347475,0.6525973301164515,0.5511153719144576
1530,0.46819827656749824,0.40255282488566596,0.647999345395202,0.581773281283438
1531,0.45596506563159733,0.3870408520611071,0.6357911436593207,0.5785122245925477
1532,0.47549580571157896,0.3905476379159311,0.6713815806936307,0.5642548582383589
1533,0.4503020477164135,0.3633372966874002,0.6217348932297114,0.5500631566846332
1534,0.4698464967897342,0.38152244059232326,0.6618969398320601,0.5484970204586307
1535,0.46062463825268374,0.3688361683745537,0.6464010504987546,0.5478069909747716
1536,0.4782863319931225,0.36534005119363183,0.6654714679356468,0.5518865235074033
1537,0.46809928050332006,0.3780795388409871,0.6487568428927838,0.5637837591555827
1538,0.46303928852962256,0.39450220503173766,0.6709410864370577,0.5843301591427473
1539,0.48406308269933307,0.39806622059882096,0.6838322710897065,0.5916303287218394
1540,0.4696567583333566,0.379671795120422,0.657586483235421,0.5629479816216489
1541,0.4619390860568332,0.36759641691479694,0.6388448884941077,0.5554229515821829
1542,0.4473547544135144,0.36331363162136526,0.6322966264544955,0.53709151643779
1543,0.4448275532365422,0.3643997519555346,0.6398081040023258,0.5383185742448728
1544,0.4690258758294416,0.38215739043880986,0.6563886063812745,0.5730088920360834
1545,0.4836247911583867,0.3871926612245546,0.6847197775797286,0.5668501814777688
1546,0.469918342412577,0.38898093840939846,0.6731131713051277,0.5777266509112546
1547,0.4627499162938659,0.378892291742109,0.6597700020698278,0.5631385853744566
1548,0.4777440423046964,0.3933657442186775,0.6834002523445523,0.5738234355957459
1549,0.44212004990613635,0.37482113425723024,0.6248680524316966,0.5604899874370416
1550,0.47229458799518714,0.3716795187546817,0.6896549503221967,0.5657949966230492
1551,0.46169481353434066,0.38222494722170536,0.669711699357107,0.5627886367961443
1552,0.48079536877209195,0.3870376560376606,0.6719805915757571,0.58463263170047
1553,0.4715742588365592,0.37418782607352946,0.659876117652168,0.5840306601958482
1554,0.5087519931693296,0.40559049713492384,0.6973533732493891,0.5879950318350172
1555,0.4833088590913678,0.3992346748752813,0.6713918262702545,0.5925076997340828
1556,0.4425351831068045,0.3426913277446824,0.618223541049533,0.52367869666958
1557,0.4634989292594745,0.387311418238495,0.6426126567470325,0.5750200741617147
1558,0.46091839558802344,0.3777567997288081,0.6451715910383832,0.5583424124390165
1559,0.4484300934722238,0.3757585499150282,0.6438359144142762,0.552300080938931
1560,0.4628905660673656,0.3833492388645336,0.6566028430279092,0.5650319877555031
1561,0.4747845808297257,0.3867303154175405,0.6689349370689089,0.5816169455572199
1562,0.46747805679564164,0.3997143049531611,0.6660117523650455,0.5860937163143041
1563,0.4635389960776093,0.37892061401146093,0.6602544333948553,0.5458418855614522
1564,0.4547083579772362,0.37407562964979874,0.6466110345007142,0.5521865334376135
1565,0.48368564402959724,0.3797413146756561,0.6674240888303606,0.5614517634104054
1566,0.495249277404254,0.39110249581315687,0.7045490383618681,0.5729777295465802
1567,0.49176049096378954,0.4112956022234391,0.6828185950459114,0.5866866217831616
1568,0.47400403000826985,0.3747312928676919,0.663145952968705,0.5483946662346726
1569,0.46174846538833136,0.39315841023910264,0.6456834565975653,0.5619374652868946
1570,0.4758003658928081,0.3961911356537891,0.6718334716792322,0.5945142363850083
1571,0.4594070484129411,0.3980525206130105,0.6369015126279333,0.58147716249971
1572,0.4655095312011264,0.37095765323835334,0.6661156635574238,0.5601721135423454
1573,0.49091883310576273,0.3920247034335274,0.683142783035107,0.5827610665700569
1574,0.4650273450574188,0.3853535703225483,0.6558157544233544,0.5695736133544849
1575,0.4829961912454612,0.3950567030210446,0.6798459462738577,0.591502203949018
1576,0.47622261771295205,0.3936007510956794,0.6717116618100316,0.579702713732545
1577,0.43331816117518956,0.3416398179087184,0.6326066197785731,0.52999899977268
1578,0.46721336712628414,0.3613364200660666,0.6713548652958337,0.5506389645985029
1579,0.5068900722762131,0.4316128680402223,0.6919552174340113,0.6312937799049441
1580,0.4832625724602626,0.4042772551738711,0.6628098331311486,0.5748435912488098
1581,0.4678935445160843,0.39745450735214183,0.6657343568659962,0.5834216197034854
1582,0.46480274891950324,0.3813747122969609,0.6642216853935636,0.5652699855779171
1583,0.4663742592958224,0.3723324829463445,0.6577459101492777,0.54974409682193
1584,0.46328818708654007,0.36083150214018694,0.6426645646333724,0.539982006662283
1585,0.4921972122507556,0.4111564314383807,0.6931151738982352,0.6087280328155581
1586,0.4702574954666713,0.3989474883961025,0.6515557921513911,0.5813040945545813
1587,0.48149064255067314,0.40619022462035725,0.6884471677578422,0.6121584008228674
1588,0.473462565607668,0.3984243849911646,0.6546493912100346,0.5809453963201588
1589,0.4565602665249073,0.36495851677308494,0.6602133222100995,0.5608819849439056
1590,0.4398724079300403,0.3429514608819498,0.6183776537218117,0.5099545545689985
1591,0.4670572148079347,0.39255183998965393,0.6545261088334218,0.5709751480727047
1592,0.47734501223489967,0.3779446096333018,0.6705422973737459,0.5594110723321357
1593,0.45464921899123795,0.3840194126159542,0.6410630339640212,0.5445154591244321
1594,0.46884811010453564,0.3741496175689621,0.665398195625986,0.5699685257334851
1595,0.45276002289341793,0.37986354897206925,0.641012299418768,0.5493690504251959
1596,0.4739171097021887,0.3956668779991976,0.647500908002317,0.5587211178364099
1597,0.4619829860150858,0.3823812607453958,0.659635210421136,0.5571639403013372
1598,0.4551978766616352,0.37799617436608196,0.6481871087763581,0.567398217183332
1599,0.4507543275122962,0.3920436076491236,0.6583204386103195,0.5914575080683971
1600,0.4758767149979343,0.39743279852362073,0.6739107065571581,0.5946583919890692
1601,0.46280091831778697,0.37640189104585997,0.6483364623590822,0.5685773710758263
1602,0.46839994530153667,0.41673032040665475,0.6447616385159693,0.6005480200054901
1603,0.46412972987407386,0.37684136638236054,0.6534101955272146,0.5521686629424664
1604,0.46273406308842213,0.3784888212460938,0.6462938746368271,0.572489288376972
1605,0.4633259530056475,0.3917313791195225,0.6582275903945017,0.5543003519643225
1606,0.46060340215864165,0.3945187991174338,0.6506643578628315,0.5717114188987672
1607,0.4587253458777268,0.39280688487297694,0.6486665691464507,0.582034191010479
1608,0.477402037985453,0.4102523221995342,0.6510452022252377,0.5899307804116717
1609,0.4762324687912168,0.38380876389214913,0.669435513205862,0.5514933677762784
1610,0.4620872595981305,0.36223881700582017,0.6518854045462968,0.5544369535067188
1611,0.46355630352854704,0.36034486815843725,0.6732402463308754,0.5640734552520084
1612,0.4680973473244124,0.3918719948925977,0.6735869779353143,0.5872513633946084
1613,0.4816371153583899,0.39245445574127785,0.6860678476532216,0.5837684866506851
1614,0.47351955365737464,0.3866672077592555,0.6616872796689837,0.5669510594469961
1615,0.4876594579905402,0.4098253500376267,0.6720879400670037,0.6066060128522232
1616,0.4688412053048518,0.39331501068451746,0.6736392544638536,0.5630400548116927
1617,0.4766345809610489,0.37921258755939247,0.6731206992156298,0.5605486623939816
1618,0.46032633406206597,0.40065375999301384,0.6497282655694581,0.5695674633157327
1619,0.4745254276418085,0.40183135252570457,0.6833183365707235,0.5826521791772562
1620,0.45549422531495215,0.3613672988267966,0.6459233557737426,0.5375882056945513
1621,0.4726749429510697,0.40538623124061146,0.6747075546619545,0.5750481666477892
1622,0.4584147384365415,0.38522546103604205,0.6399974204736383,0.5624198016297971
1623,0.47379299774094236,0.39010115482094976,0.6552926416420473,0.5576427407617869
1624,0.48575334501920703,0.3967170218158536,0.6693047940120016,0.5873349997759612
1625,0.46729663891350137,0.36060162990681266,0.6682212638449816,0.5571526146874685
1626,0.48081681333933707,0.38830119493441434,0.6723078255998537,0.5675403259440672
1627,0.45877366466110897,0.39156387548702076,0.6278025371809975,0.573344265934535
1628,0.4541896854180498,0.3846668825254496,0.6627985523086195,0.5726501050001493
1629,0.4763541819784757,0.3926169659020314,0.6818117099976578,0.5797991504300859
1630,0.4602667160790643,0.3796232639155398,0.6610396150238983,0.5465712970377761
1631,0.4604623504812603,0.3856534120254017,0.6546759346475121,0.5612522474698525
1632,0.46099559505672083,0.36723446640070395,0.6604558139429728,0.5536748649209745
1633,0.4590624964344066,0.3847996061463933,0.6345155086411405,0.556539594480983
1634,0.4746760025351699,0.42218811898359604,0.6617882614924977,0.6011992724483742
1635,0.4564413117269279,0.4036746990105024,0.6404698618944552,0.5938113688552187
1636,0.4715636538141071,0.36292180604710944,0.6640946942589582,0.5607133645756383
1637,0.4788154937066299,0.3681322397360608,0.6641628540662339,0.5550614569486347
1638,0.4717799574290625,0.38200647622830997,0.6750302262725124,0.5746674499011362
1639,0.45584707876936437,0.382046361098939,0.6347581016739141,0.5587566610616872
1640,0.45051855784373124,0.3652604651015972,0.641986539610881,0.5581578266118996
1641,0.44678178031775884,0.36159098757500074,0.6417451180815077,0.532335393225589
1642,0.46953802764319874,0.42313454874905065,0.6640706592759859,0.6089258479684038
1643,0.4742592607676065,0.39474872807080313,0.6497300362557776,0.5706716533642712
1644,0.44575349278805065,0.3691868040911788,0.6258678796662004,0.5300444001625968
1645,0.45702462061997184,0.37767300130992537,0.6461829349424991,0.5544853637155878
1646,0.5025074998651534,0.428797181770342,0.7043492711904176,0.6186008247415901
1647,0.4586832370823357,0.3678341942617268,0.6751600650233646,0.5519190810419702
1648,0.45820046310936674,0.36230271711313333,0.6533010222078358,0.5386938985937745
1649,0.44213255750908986,0.36329082538908913,0.6167589916398613,0.5603511564728968
1650,0.47563308103291024,0.3834566059065295,0.6518577731233401,0.5874798524129026
1651,0.4744311363257435,0.3898914144441471,0.6527919590911817,0.5938771998191739
1652,0.44503706837005386,0.3520123082731579,0.652986884579116,0.5466000994965905
1653,0.4700102680525996,0.38675568218357237,0.6481877519177558,0.5709790079995241
1654,0.47424365508220484,0.3944416211670015,0.6599808224106479,0.576446724332183
1655,0.47051254386088853,0.3654486585892068,0.6448735607088812,0.5366543275609715
1656,0.47785721131800835,0.3770111545706713,0.6709026698778793,0.564653806014358
1657,0.4667298932892911,0.3818474922536584,0.6557162271919179,0.5489086772088421
1658,0.49094273533529353,0.41008492709335803,0.6831110110090582,0.606022320721873
1659,0.48501635990799996,0.408919861039872,0.6702773007025001,0.6159125850866132
1660,0.4686503394272237,0.3734286148837908,0.6684587819560991,0.5567053466101783
1661,0.4707906881294222,0.38987428877644875,0.6675296476042006,0.5895021724962575
1662,0.45007420899859635,0.3600977726618535,0.6535911919191725,0.5350837045407861
1663,0.4537269347079218,0.3774128908463937,0.6727509988487358,0.5523967740438087
1664,0.4696155260164777,0.3842874928374419,0.6474784717817865,0.5668738475803501
1665,0.4865903196021282,0.4025657449803011,0.6850050426729177,0.5664982257763641
1666,0.4857769891415085,0.3910024193102348,0.6806896245055778,0.570034434466562
1667,0.4728613633973211,0.3919367678675051,0.65029988688884,0.5702094762405974
1668,0.48499260433674274,0.41473464339971555,0.6752174385755427,0.6065157109163849
1669,0.47283855744296716,0.39448736408920604,0.6855374521910855,0.5732644209740627
1670,0.4412759999627056,0.36985939565222026,0.6274976711670173,0.5453740725312621
1671,0.4758190514698177,0.38332533601077895,0.665368798144642,0.5612325471222779
1672,0.46611481118632,0.38105558197952355,0.6571460621989261,0.5810224346813931
1673,0.4659736168232874,0.39249974064771936,0.6665574400131109,0.5918265924730302
1674,0.45684893954662126,0.3699404470482848,0.6412544423140119,0.5768392078345698
1675,0.45154913965339194,0.37036729779037136,0.6405756789709136,0.5616032892103681
1676,0.46735240015989676,0.3791241483089472,0.679502305703834,0.5947644751584192
1677,0.45555043424108294,0.3566107599199659,0.6349530320839576,0.5394179032809489
1678,0.49138005638869725,0.4052873828940312,0.6897055815290906,0.5878287012759585
1679,0.4869829883691512,0.40254140763652485,0.6739837764562047,0.6016928944995765
1680,0.4636140858186883,0.3872494810870681,0.6492208945710505,0.5681173478972614
1681,0.46181986997119373,0.37534408181445894,0.6516440111486462,0.5614010984553964
1682,0.4506881597446628,0.3710268909635945,0.6464471629479063,0.5453611148154157
1683,0.4747286078523003,0.3883461603789268,0.6720996521446883,0.5776545779450384
1684,0.4645476946024906,0.3734041931848978,0.6545859698066344,0.5691455182361961
1685,0.49833468543308673,0.38902138466791325,0.7002161354756254,0.5703323829315863
1686,0.47056242243518054,0.37365324799947,0.6658202741652396,0.546598357522095
1687,0.4477569171221143,0.3599021088062698,0.6526302809046002,0.5619795570480247
1688,0.48522260331940653,0.37985981248571604,0.6821205570066706,0.5757022979916667
1689,0.45080477951202985,0.36558549557681086,0.646289969519561,0.5494389220397076
1690,0.4616214427109903,0.36533399220561275,0.6608847029143208,0.5542518063012505
1691,0.48598722422237683,0.3796046237073662,0.6776443015393487,0.5731124549746358
1692,0.47924242861675004,0.4092208843022345,0.6656954852675308,0.6058929049422854
1693,0.4985332019775522,0.40166013963889347,0.6921957777848244,0.579240840865079
1694,0.49344483085161234,0.4046940898644597,0.6851557325416566,0.5951541355096301
1695,0.45197970181522035,0.3670568233455291,0.638286117558281,0.5469747961467191
1696,0.45400791225165943,0.3734399768829291,0.6320902549007071,0.5327104929885841
1697,0.47353392572746217,0.3957019027084252,0.6595014217932517,0.575507307065669
1698,0.47678816230883636,0.4013479498516289,0.6673280831033239,0.6122443070411933
1699,0.46602107548622135,0.3858235883650696,0.6539259996736985,0.5620247843215429
1700,0.45271020070954227,0.3836321167423834,0.6332178673443815,0.5550862514108593
1701,0.48889808529061185,0.40727521351187046,0.676500900120942,0.606027977132763
1702,0.46912203275595943,0.369156761922299,0.6606786297628393,0.5390562172129632
1703,0.47096087234430983,0.4041014236405992,0.6625105446831906,0.58526586884246
1704,0.4423119746702449,0.35846426447516755,0.6427410343458035,0.5209204883071415
1705,0.4679978649538838,0.3895845900087271,0.6615671725405062,0.5598964849790075
1706,0.47704823871140056,0.3750827235484364,0.6733939723262583,0.5765048533514748
1707,0.47167737032149726,0.3967187413042406,0.6447453513056027,0.5818933432931581
1708,0.4777786685308695,0.41671428594910925,0.6600131703500638,0.6099376145290915
1709,0.4460236012162197,0.36688628972830234,0.6263158715520202,0.5651452757812385
1710,0.4858492227068737,0.39781010766381314,0.6657177403503303,0.5747464022694563
1711,0.4831998426671102,0.39969065192000036,0.6839909573473973,0.6038787890804244
1712,0.475766068164523,0.39073865653158163,0.6730522801224365,0.5824282723783378
1713,0.4701687807362023,0.3748088017928181,0.6601219992205728,0.5661595587237878
1714,0.4780751948213096,0.370366397908039,0.6703562279307428,0.5695960969903726
1715,0.4504606600599161,0.3788284521353153,0.6399875315890917,0.5516219411824892
1716,0.4512521485164546,0.3565548188317188,0.6543121968007951,0.5534044903507445
1717,0.45151739624387377,0.3693753216255655,0.6358027865075857,0.5524484466096142
1718,0.4720975175394369,0.38151308491171587,0.6575301211895929,0.60268225778972
1719,0.46430865223425566,0.37298636072024516,0.6402582040176219,0.5299525072987337
1720,0.4482329316207952,0.38981192269781995,0.6194612195903986,0.5629918551553401
1721,0.4441492311140676,0.3751985824592046,0.6426967550914856,0.5393086678642283
1722,0.48197987575809365,0.41062946389841987,0.6795251658949185,0.595190791361855
1723,0.4843788310389559,0.41746201950579237,0.66092027725807,0.601907129984673
1724,0.4633909990651779,0.3774418949695118,0.6530422829576554,0.5548767660620463
1725,0.45636555617313296,0.37507631713160106,0.6612235457246645,0.5702376018890567
1726,0.47508787646253997,0.39122675130083256,0.6575857523838239,0.5831158126930434
1727,0.4655042700862652,0.3790599569166702,0.6551592384594243,0.5791294669918682
1728,0.4898161857855623,0.4032865149149612,0.6836322681443917,0.6100119523228781
1729,0.47403848123402753,0.3874996878535994,0.6515467694050388,0.5489054371869548
1730,0.4936852492529112,0.4086719247965124,0.6808986281642457,0.5805009115087283
1731,0.477302743788648,0.38866953110417485,0.6676163760107533,0.5891955091021184
1732,0.45515551383458347,0.3775494803101595,0.6704318201321037,0.5532177732254148
1733,0.48124063188713917,0.39074708353809495,0.6690240381310592,0.5676740929618217
1734,0.46771637950086015,0.39734285017220194,0.6424484579164975,0.5794571946898089
1735,0.47636580280822494,0.40167167580496255,0.6579638643988464,0.5820465107410995
1736,0.48011353187803896,0.39032493252369943,0.6639908839960228,0.5704774783711243
1737,0.497631012553899,0.4191418351506552,0.7004760375414755,0.6343220233799844
1738,0.4583900728521098,0.36309434690208564,0.6352635193969498,0.5513342997688327
1739,0.4732041483634714,0.38535602842904415,0.6668194356922009,0.5822533799302066
1740,0.4427400322503442,0.36678706080363616,0.6451872820318894,0.526344674179322
1741,0.4627906846971728,0.3862294550765811,0.6509146510653492,0.5678204016579623
1742,0.48183627298903253,0.38148506148095584,0.6650808419522235,0.5507760455747867
1743,0.45361220832370497,0.35731192511333704,0.6481585687993637,0.5300530206185187
1744,0.45730584813888914,0.34985053928647447,0.6545783059395112,0.5295705432479546
1745,0.46797989449032273,0.3742537162206909,0.6576535980936699,0.5580400111245192
1746,0.47038557787369184,0.4054062573713385,0.6430638627691635,0.5866822548526331
1747,0.4697951632374424,0.38148158571186147,0.6626366956460038,0.5660773240294918
1748,0.4668140887652057,0.3756602535337831,0.6562750349219613,0.5552310794707873
1749,0.4720444381459929,0.37796808399760345,0.6684082205484606,0.5578256338490252
1750,0.45786166171346304,0.3922485051428966,0.6532704363364948,0.582419299697115
1751,0.4622659048199203,0.389172232855603,0.636107043275698,0.5769258905961965
1752,0.4805492298598893,0.39435099562399195,0.6733355073072379,0.5930902510768578
1753,0.4633835697475198,0.3800844542570977,0.6466315304726041,0.5667471669034175
1754,0.48098499294012637,0.3818555778169606,0.6788637413097081,0.5491620808991764
1755,0.4716141839968653,0.3722749039368765,0.6523835065022937,0.5472687010614969
1756,0.4813603273964484,0.41168692331881446,0.6693533455107301,0.601370580178633
1757,0.4785388569733201,0.41805834711360323,0.6593703663534733,0.6080239991426947
1758,0.4814550800022992,0.3954651350737787,0.6710828062874115,0.6028263793423433
1759,0.4915928120869953,0.4078757521985506,0.684225506851662,0.6021939734830717
1760,0.479510645163812,0.3973385084634931,0.6658876911549233,0.5834308386998517
1761,0.47856036889966225,0.39529517685961274,0.6711037757229209,0.5823310917417375
1762,0.48310092849409486,0.3971672281134025,0.6706993910501154,0.5898293108003535
1763,0.4751647796773834,0.39081626135358694,0.6507422164011553,0.5732516015150119
1764,0.4609399606213965,0.3802265942080523,0.6478642168099573,0.5535685968982517
1765,0.4835838020963567,0.40248139148187523,0.6798912040277713,0.5970518435838453
1766,0.46646288727058083,0.37300218882359154,0.6567586703258883,0.5619555325899311
1767,0.46561355069837945,0.37298579233022977,0.6507417004908229,0.5674283511641787
1768,0.46564515608930024,0.39183609729725555,0.6592948337151968,0.5761177966760547
1769,0.45392235922226454,0.3647233706411938,0.6427262654163352,0.5444844729194425
1770,0.4900397026569438,0.41651384774368216,0.6854798013586656,0.5945116878975366
1771,0.45804998342093556,0.375333262806058,0.6376839632961488,0.5487521813721785
1772,0.4701327084415147,0.3866776589847009,0.6601617273583187,0.5617898615935655
1773,0.47076790766399546,0.4093505503128481,0.6326999338418604,0.5838677201097674
1774,0.45359367163979303,0.370680469565493,0.6397008644013218,0.5520029218385105
1775,0.45580545823494406,0.3474579550032069,0.6468628928838895,0.5361074410481059
1776,0.4962165786438389,0.3875504798128241,0.670496575743415,0.5698346818404889
1777,0.4694922437384002,0.39579890574708043,0.6552882509089092,0.5641941840431997
1778,0.4576451786144142,0.37745376929540336,0.6402681085358323,0.5842176398255629
1779,0.46281339255990395,0.381845772266453,0.6653842045357179,0.5811331880688931
1780,0.4617410920897188,0.3841745420751587,0.6635253828865907,0.5571511817152248
1781,0.49609151745362484,0.4070097663035669,0.6722085991050253,0.5896254680253192
1782,0.45981217827037946,0.37434475260941796,0.6587551500666012,0.5516519813770914
1783,0.4403191505014389,0.3445331552828997,0.6510391724848689,0.5394098096747336
1784,0.4728557980623053,0.4019250075045305,0.668255737061486,0.5956346020807507
1785,0.46148293797762663,0.38373934510556706,0.6421456540089607,0.5591162928816925
1786,0.46493920795398536,0.38722193676878597,0.6711969485689238,0.5627861693796309
1787,0.44070595989712136,0.34092596781611423,0.6430168801393296,0.5198245368627213
1788,0.47445105836630524,0.3887285502530434,0.6735148335011921,0.5538587094104661
1789,0.46648359396091416,0.3820201976275351,0.6418777796828385,0.5570928100161034
1790,0.47455847515883304,0.3807601789420813,0.6712746579377592,0.5722981043819663
1791,0.49140363617260496,0.39441808218281266,0.690474663490717,0.576891503902955
1792,0.48290202087458645,0.4054349358983587,0.6531567604934371,0.5643041411889133
1793,0.47486865184063537,0.39767563821348495,0.6517592448081019,0.5710290626780125
1794,0.48150385868738904,0.404355981385165,0.6810352538434995,0.5898086872354309
1795,0.45158015032796556,0.37311676191710824,0.6461472098725715,0.542357281373289
1796,0.4590170983765087,0.37585321336097033,0.6390877757587052,0.5449139783145542
1797,0.45926766629688226,0.39668295110722757,0.6489772322193508,0.599699968023108
1798,0.4940398023386743,0.3818948469943745,0.7035988302635068,0.5865439981099644
1799,0.4795078264613583,0.3954661221369208,0.683951033248037,0.5868451268790391
1800,0.4536609954468058,0.36527588494920443,0.6382366962211524,0.566215701420571
1801,0.4576193097818138,0.38315541198699987,0.6322965372644443,0.5551242578644687
1802,0.4584105043682612,0.3856513200229809,0.6469130673617405,0.5792463934333805
1803,0.4735813597560191,0.37393163793598283,0.6714772135277827,0.5677908397938021
1804,0.4582633905848807,0.37065719092722577,0.6591358815456722,0.5671813909546131
1805,0.47458331550589383,0.39728618789970127,0.6705955059908634,0.5956034752402674
1806,0.4534110378486563,0.3546360081276328,0.6387386251680582,0.5353789927983866
1807,0.4897146600475084,0.40577470594071136,0.6877817969159262,0.5964281969680373
1808,0.4664749973832559,0.377079767953198,0.6520817669107162,0.564699089423446
1809,0.46930485441096537,0.3949680826633266,0.6540878384917137,0.5673186471435523
1810,0.4651164793386666,0.3939859645449057,0.6616714216744323,0.5782407144865932
1811,0.47871348525103496,0.3849179244063887,0.6769632216877646,0.5726286607559323
1812,0.4651795761489741,0.3694831158378761,0.6580596111585563,0.5629741499588028
1813,0.4620308508527137,0.40027980347592484,0.6455324746058431,0.5854727031609188
1814,0.4742761496120835,0.3666718537731481,0.6604992737666311,0.5609483860055368
1815,0.5056485682923163,0.4018739003373725,0.6975863388945673,0.6044553419540671
1816,0.4546592119607107,0.3756750235606875,0.6515595626732018,0.5655597705630143
1817,0.46442186359734533,0.34991886074104106,0.6712362178808785,0.5372278571466736
1818,0.4419741321274172,0.35685742268988163,0.6465222561050546,0.5468144780404117
1819,0.46782774407983174,0.3841740871356325,0.6768595556081625,0.5785103176461883
1820,0.4719107297377935,0.3715271135946099,0.6686946777729909,0.5541980889831623
1821,0.46009448143921594,0.3671317772145392,0.6657151089443951,0.5486700674931828
1822,0.4457997195984774,0.3747254158360074,0.6259537551185143,0.540234158086329
1823,0.4675082716724579,0.37821931219095456,0.6582852143136483,0.5929583234837038
1824,0.47889569580445024,0.39347321711000405,0.6562296287457194,0.564235230112957
1825,0.47500196735489364,0.3969364054484221,0.6650641841614936,0.588460596895799
1826,0.4557949904647629,0.3839729571079301,0.6398611210857521,0.5570497107837165
1827,0.44018664023662163,0.3510679561549495,0.6148966180754185,0.5384433581927591
1828,0.4576556027670863,0.39158431773024854,0.6450420857041977,0.568735229724753
1829,0.46147140943563103,0.39452974077189185,0.6595034026894826,0.557496900960602
1830,0.4589141771446804,0.3590217411718762,0.67215997672826,0.5453049979960097
1831,0.47218121458104795,0.3807545532283547,0.6688991921379434,0.5663798275533783
1832,0.4426554363456926,0.36787471381488224,0.6482827308390915,0.5328007488194454
1833,0.44623840289020406,0.3569192351670494,0.6232707532023588,0.5381747787795772
1834,0.48039927915341735,0.4050054048016305,0.6880505827479318,0.6166900675709988
1835,0.47491793702180957,0.4031578099792772,0.6504059241517923,0.5835672130337737
1836,0.4640770736913811,0.38776591253732273,0.6588241717154936,0.5697191170394705
1837,0.4741575407381711,0.395560397801841,0.6687050610055603,0.583739267052133
1838,0.4924700286956426,0.40081087549203775,0.6910809888271213,0.5878087596253875
1839,0.4730998824957835,0.3932151305951821,0.6600043531488204,0.5821589604050988
1840,0.48052639169189465,0.4055797380691612,0.6595640798047133,0.5728975113695001
1841,0.4825172626161819,0.40683801032514244,0.6767140244584987,0.6100785182879049
1842,0.4664449501003384,0.359316213976183,0.6719447290558647,0.5685196894289568
1843,0.47312689039099104,0.39604641071285235,0.6615817957983325,0.5840106330823535
1844,0.47003651848232014,0.3936536107224681,0.657603592312801,0.5958216037901894
1845,0.4772500504376601,0.391267680442631,0.6819092886646126,0.590649783250932
1846,0.463599478397583,0.36147023757982055,0.6503123339725183,0.5484093427599632
1847,0.46599297330025014,0.3957255954132733,0.6452485993928964,0.5765249056059355
1848,0.4617307348484092,0.356458827567735,0.6432663354298715,0.5766489376252587
1849,0.4746755570417802,0.3919902118169861,0.6907209555479286,0.5820278609402832
1850,0.45089384599197907,0.36667168444262516,0.6478791000496023,0.5620288238486228
1851,0.4835041653563006,0.3829946934849622,0.6771016786752712,0.5738194434956246
1852,0.45169047295145215,0.35537878947675566,0.6543046823187981,0.5408909241050203
1853,0.46168215613866775,0.3601883629459556,0.6555717074518651,0.5440473397070319
1854,0.4553696615657057,0.35826217547111483,0.6498007614774379,0.5282287573181845
1855,0.4833077410454524,0.4232622536225771,0.66570189489045,0.6104126024255977
1856,0.46916454391863854,0.37985707539061153,0.6558684175627262,0.5680399495153969
1857,0.47280764430811023,0.41166595113116533,0.65404163611496,0.5905369081234787
1858,0.47360827255764787,0.400014065053153,0.671401491362999,0.5878759772287201
1859,0.46121169464488704,0.35826605650919424,0.6798894829013963,0.5480048845723096
1860,0.46443240873737035,0.3560292303226927,0.6608181501822431,0.5586143018804041
1861,0.4716672493471341,0.3831257625281653,0.6685941349827996,0.5609454375706374
1862,0.4645853833375059,0.3751278259193777,0.6569163438993153,0.5488868520456813
1863,0.4720414975263609,0.3856001655897604,0.6573048075451838,0.5685322604142472
1864,0.47898129631563024,0.39015664069687145,0.6691761380021262,0.5833773335713115
1865,0.4987446926158572,0.4129705076477792,0.6865904180968303,0.5856302796563849
1866,0.4560821456048219,0.3531843763470909,0.6663884427877665,0.5531246221874069
1867,0.46158379472904243,0.36975041475418446,0.660336981053127,0.5783143228575295
1868,0.44532989074888496,0.34945852825026863,0.6640919388700588,0.5417363585544777
1869,0.45206617229588725,0.3819048195476642,0.6469087686745004,0.5580434750534933
1870,0.43732937764484886,0.3515240062497727,0.6283432273009598,0.5385084363147374
1871,0.4564482392815556,0.3815528259166557,0.6344943912220893,0.5603859972834362
1872,0.4742979625439196,0.3794985066275053,0.6571359520455083,0.5667237938479106
1873,0.4723668169180109,0.3630353064710305,0.6698171951003803,0.5586991476244696
1874,0.4714652625716714,0.38009362027768484,0.6612133209066915,0.5397174149936322
1875,0.4482972906049432,0.34442720542504207,0.6418800761691479,0.5419844892235202
1876,0.46388084934858753,0.39570418597320584,0.6442497073666349,0.574962144506045
1877,0.4864035027045468,0.3990753473840719,0.6675385943314295,0.5825222550863187
1878,0.4694583470800933,0.3727938833698532,0.6611985057439108,0.5605832859425764
1879,0.4775457657984812,0.3979244624868389,0.6613323474874339,0.5892862084256878
1880,0.44698647556654403,0.3732247650372137,0.6324933947209562,0.5518246987114165
1881,0.4577950449998633,0.3583652037173048,0.6578946347698073,0.5634272397563955
1882,0.4732995425046096,0.388993300601565,0.6539952780884349,0.5727359809779231
1883,0.4580068314448985,0.40063512480999186,0.6476434111625383,0.5679212668902942
1884,0.48511060243356213,0.38603966555996944,0.6821690825029244,0.5885592425591165
1885,0.47857285697941815,0.4147792321691258,0.6506933120301392,0.598887132131923
1886,0.4564762126726722,0.3914589730765347,0.6383711279416948,0.562401998804581
1887,0.46199249850255714,0.3858753520999667,0.6548436534841612,0.5757917635656541
1888,0.46543069170377394,0.38233234829870966,0.654664670753054,0.5494176891293541
1889,0.46707119825756005,0.37009469505200177,0.678149838035409,0.5496313691648742
1890,0.4763759968964317,0.39013369410336296,0.6625399048041971,0.5792813844692664
1891,0.46523443985977914,0.3674394365080651,0.6624698436316178,0.5523182167856714
1892,0.46820111496398653,0.38979750443219147,0.6424612628790981,0.5683683022134152
1893,0.4791919527016735,0.3890688067980592,0.6697036982271308,0.5677760035476469
1894,0.47475409580210376,0.3971462824361362,0.6617245959387706,0.5795496518849156
1895,0.4674015210527486,0.3781965828350998,0.6711871762150593,0.5888540400647663
1896,0.4789357777722485,0.3837896351416145,0.6654382375784744,0.5726246459699491
1897,0.503863812591917,0.40613454043708946,0.6901254385132276,0.5945427532654496
1898,0.4617649308063096,0.3974123459833688,0.6461936136428097,0.5850863569662945
1899,0.4649874925818476,0.3912030169193626,0.6434428160411719,0.5858238660063909
1900,0.4670316688582374,0.35707709661511816,0.649958657512559,0.5326428177064744
1901,0.43553398979107205,0.3351279223719925,0.644138506127775,0.5245002795028559
1902,0.4758868788189257,0.38762444621677555,0.6786772593733414,0.5654512516001382
1903,0.4690787229337962,0.3829193817445936,0.6610023112181792,0.5626690806883017
1904,0.47864783589758175,0.39192623581184965,0.6606853412048616,0.5736999781975093
1905,0.4613140394127064,0.3698875279769359,0.6546820954173799,0.5603660551201718
1906,0.4995556589929917,0.41039015076500013,0.6823884401795262,0.6048060549120454
1907,0.4468495349205846,0.36710659219914876,0.638121814207598,0.540596429419791
1908,0.44084137822374286,0.3711880781243224,0.6586907656191402,0.578570280944294
1909,0.44479526262351443,0.36970951326463497,0.6370303782294663,0.5343335863063708
1910,0.4888479747376936,0.3766341061411906,0.693473890076503,0.5731992053520626
1911,0.4672710754660508,0.40716710943070344,0.64296606032274,0.586028548641886
1912,0.455303005736886,0.36615008502859747,0.6585051219663828,0.5527019904743841
1913,0.463583018641051,0.3802329329401537,0.6469131383070545,0.5631706090246066
1914,0.46735014267893576,0.38159831128977,0.6504694520431704,0.5570008269024103
1915,0.46140040594229004,0.37595106136186707,0.6526257013423135,0.5609682610871829
1916,0.47237781133706325,0.38990130643876614,0.6663353110824609,0.5805479064261401
1917,0.4913596492477438,0.40415606853342156,0.672684862550056,0.6062772901861165
1918,0.47619461896959125,0.3963894181666566,0.6564572049982562,0.5764408506358054
1919,0.46220093305554943,0.37944233685097445,0.6483527068842233,0.5537330620102258
1920,0.4687506686456868,0.37899691531560176,0.6659641407602072,0.5689245410869943
1921,0.46700676268701635,0.39212677270456603,0.6577226599025606,0.5741477741442763
1922,0.4690266968235042,0.3960521238093034,0.6557687768658571,0.5767745689405295
1923,0.49079245681942224,0.41190543934323176,0.6782717875951393,0.5975542784870951
1924,0.4463286974190242,0.3691519713022901,0.6332919987656291,0.5569199811220762
1925,0.4711029876374882,0.390430222427351,0.663033622587445,0.5895024884350852
1926,0.4815394235138333,0.40430875111861414,0.6856515717139364,0.6038666677579277
1927,0.47813391558179635,0.40573325938359156,0.6561362344939963,0.5861736496743323
1928,0.4779240561662247,0.4024641416251423,0.6749295216509686,0.6017059690480681
1929,0.4553137689997309,0.3654906485637978,0.6316056414113788,0.5456598086069276
1930,0.4913105778449922,0.4112950952725941,0.6893978525615341,0.6228996526632359
1931,0.4522435835225225,0.39030222317739455,0.6331977288243782,0.5758826515496621
1932,0.4923357183671853,0.40339625780114113,0.6848773125626476,0.5994948877685101
1933,0.47080241600557554,0.367668682417393,0.6629961247312337,0.5401787686329532
1934,0.47851949720937476,0.37935290260006904,0.680195280615737,0.5556538430340442
1935,0.4796780800213011,0.3808148608852924,0.6632982047812137,0.5755849747431038
1936,0.4750466697790809,0.39551783150683045,0.672026233738991,0.5973848308224307
1937,0.460590941363352,0.3827940849848716,0.6521968450674156,0.5599103330435804
1938,0.4487499323757045,0.37132134150825646,0.6309357943739132,0.5382966139111168
1939,0.458222032117581,0.36989368200357803,0.6603217946395145,0.5702236069921428
1940,0.4822528263363938,0.4048343884667558,0.6695623310331155,0.5911186697159442
1941,0.4605943375293634,0.3715111151150008,0.6537933104348083,0.5470596202202562
1942,0.47566446805548407,0.38197406040364157,0.6801520347528198,0.5665459516799247
1943,0.46830623022775,0.37910469558811943,0.6666793440868191,0.5583101998008283
1944,0.47165147480055797,0.4010987695599525,0.6599689824909146,0.590709281853728
1945,0.4636842041077576,0.38467107404154516,0.6626022802773787,0.5553970563576915
1946,0.45410757015132125,0.3652586180015506,0.6585315764061687,0.5381181122999604
1947,0.4662742146102746,0.39719579638770874,0.6746633845805614,0.5717525216912277
1948,0.4656289680979934,0.37786154910201786,0.6529978173718589,0.5750853690647523
1949,0.4724062781048219,0.3836040776765096,0.6506740595879767,0.5662340081706824
1950,0.482930555128478,0.40345393134401525,0.6815209471478503,0.6120770812450659
1951,0.48339824679054644,0.40547332866585517,0.6803130552558728,0.5948502934787394
1952,0.4931189195454858,0.40819535321480777,0.6796712685890277,0.608746175752908
1953,0.4768091095525781,0.38084730274454504,0.6742618592949894,0.5576056899068583
1954,0.45277987780935064,0.38238183763666717,0.6524035803081262,0.5720814887380128
1955,0.459812594564746,0.3837854739795585,0.654958828043548,0.5842270900481331
1956,0.45829259949265044,0.3738519835627209,0.6643239527313862,0.5401436422233897
1957,0.4648083646395086,0.37177840260172584,0.6631849277790656,0.5577283453595079
1958,0.4571965390560883,0.3648617529234401,0.6465599775105291,0.5546069303523403
1959,0.43911504146767927,0.3586288562191624,0.640550663786738,0.552705287265138
1960,0.47681274184569955,0.38238450500226545,0.6724950804916411,0.5598242824618027
1961,0.48188255134216307,0.40612685560865097,0.6689961825991635,0.572693806516405
1962,0.43090651327434965,0.36782475042018165,0.616176128714671,0.5387141172271608
1963,0.4758531450463555,0.3949315335454462,0.6659407002993329,0.6062585514295828
1964,0.4566956844093784,0.3805105638118311,0.6437535861791783,0.5684432656655368
1965,0.4514137384103705,0.33715420694378745,0.6413508862460806,0.523590954720736
1966,0.4872911783829268,0.4198377252091267,0.6779714535720126,0.6162460530660798
1967,0.4695623623323749,0.37339689759824296,0.6605109601876463,0.5710533392578443
1968,0.48489832682487805,0.3923297835358018,0.6809752082157426,0.5848387882063149
1969,0.4616567786262402,0.37545702848778634,0.6589444997742827,0.5668476055808801
1970,0.4991178894711655,0.41361455707076156,0.7146499620698772,0.592308247526095
1971,0.4990776705826055,0.42786321296969576,0.685419303571215,0.6181539608210043
1972,0.4770398987673044,0.398660212365209,0.6686768350842653,0.5911877833430158
1973,0.4730515925870856,0.3678814870729836,0.665741238742593,0.5740408476685683
1974,0.46903300404687365,0.40514208864541007,0.6457242578767326,0.5930793660373931
1975,0.4748487459967088,0.3833107616519413,0.6650829256633662,0.5779775013901043
1976,0.47734816196604996,0.36988694232015334,0.6641480417544631,0.5751042396596424
1977,0.4919120652059391,0.41321452022560423,0.6761914036876036,0.5881773573774894
1978,0.48090391358095025,0.4070839946060373,0.6751503104438766,0.5834880289877638
1979,0.4711974754408821,0.3965191971318691,0.6543668089397161,0.5821190128249808
1980,0.4684795752053881,0.3885597588230723,0.6671528612542489,0.5599382154720716
1981,0.44698759439347946,0.3415408064442824,0.6379737903470802,0.5281111707824878
1982,0.4712386192395144,0.3880544344118771,0.6546670213452597,0.5697809979172236
1983,0.4653088718312937,0.3778518483543487,0.6678463219440137,0.5837688764385843
1984,0.46056079763595076,0.3855207023721141,0.6538251113016438,0.5764237213975973
1985,0.47354983150936253,0.3822835365209582,0.6714097927513554,0.5638614753971098
1986,0.44965052874315226,0.3805486451433999,0.6252509988840891,0.5417628711879898
1987,0.4591838617880461,0.3804700566393831,0.6596653826462011,0.5750929484479194
1988,0.4956693155936786,0.41121651098795775,0.6953407644240002,0.610439770374629
1989,0.4998579908473003,0.4215311086132486,0.7115110695098399,0.6102277432964467
1990,0.4696467710776312,0.426030766689096,0.6432089275028606,0.6093796992675762
1991,0.46899788356538535,0.3668450540566908,0.6534038402587707,0.5678506678689451
1992,0.4673303081482505,0.3800409329972739,0.6553903767034238,0.559451317308811
1993,0.48225181217145985,0.37753009371886637,0.6627532981935013,0.5778620731825161
1994,0.46441951258565023,0.39171501600452435,0.6449835266202932,0.5754515262237538
1995,0.469237905402355,0.3973747269965955,0.653829366272607,0.578548256068551
1996,0.45934147507524625,0.3735049736778888,0.6483138352790749,0.5624688865789248
1997,0.4488196180768221,0.3734283625570154,0.6309658654927224,0.5526901165732905
1998,0.46218716122077086,0.39972828198845967,0.6423979425002865,0.5610627590761257
1999,0.48120509132557693,0.4104664185415781,0.6599116711370635,0.5778885691798014
