modelo,precision,umbral,frontera,rep,img_idx,ms
yolov8_det,FP32,comun,A,0,0,11.54320000205189
yolov8_det,FP32,comun,A,0,1,12.12179999856744
yolov8_det,FP32,comun,A,0,2,10.790999993332662
yolov8_det,FP32,comun,A,0,3,14.835800000582822
yolov8_det,FP32,comun,A,0,4,12.62539999152068
yolov8_det,FP32,comun,A,0,5,11.084700003266335
yolov8_det,FP32,comun,A,0,6,10.837699999683537
yolov8_det,FP32,comun,A,0,7,16.774099989561364
yolov8_det,FP32,comun,A,0,8,10.848600009921938
yolov8_det,FP32,comun,A,0,9,10.803500001202337
yolov8_det,FP32,comun,A,0,10,12.659300002269447
yolov8_det,FP32,comun,A,0,11,13.21520000055898
yolov8_det,FP32,comun,A,0,12,12.474100003601052
yolov8_det,FP32,comun,A,0,13,11.841499988804571
yolov8_det,FP32,comun,A,0,14,10.397700010798872
yolov8_det,FP32,comun,A,0,15,11.522600005264394
yolov8_det,FP32,comun,A,0,16,12.139700003899634
yolov8_det,FP32,comun,A,0,17,11.317500000586733
yolov8_det,FP32,comun,A,0,18,13.398499999311753
yolov8_det,FP32,comun,A,0,19,13.009499991312623
yolov8_det,FP32,comun,A,0,20,11.55119999020826
yolov8_det,FP32,comun,A,0,21,12.141700004576705
yolov8_det,FP32,comun,A,0,22,10.711700000683777
yolov8_det,FP32,comun,A,0,23,9.918999989167787
yolov8_det,FP32,comun,A,0,24,10.304900002665818
yolov8_det,FP32,comun,A,0,25,10.419700003694743
yolov8_det,FP32,comun,A,0,26,10.460899997269735
yolov8_det,FP32,comun,A,0,27,10.27409998641815
yolov8_det,FP32,comun,A,0,28,10.87579999875743
yolov8_det,FP32,comun,A,0,29,14.14860000659246
yolov8_det,FP32,comun,A,0,30,10.89190000493545
yolov8_det,FP32,comun,A,0,31,11.640500000794418
yolov8_det,FP32,comun,A,0,32,11.95960000040941
yolov8_det,FP32,comun,A,0,33,10.481899997103028
yolov8_det,FP32,comun,A,0,34,13.018300000112504
yolov8_det,FP32,comun,A,0,35,10.353700010455213
yolov8_det,FP32,comun,A,0,36,10.484600003110245
yolov8_det,FP32,comun,A,0,37,12.356600011116825
yolov8_det,FP32,comun,A,0,38,11.195499988389201
yolov8_det,FP32,comun,A,0,39,14.40409998758696
yolov8_det,FP32,comun,A,0,40,10.357399994973093
yolov8_det,FP32,comun,A,0,41,10.568600002443418
yolov8_det,FP32,comun,A,0,42,19.969999993918464
yolov8_det,FP32,comun,A,0,43,10.6934000068577
yolov8_det,FP32,comun,A,0,44,11.303399995085783
yolov8_det,FP32,comun,A,0,45,10.498800009372644
yolov8_det,FP32,comun,A,0,46,11.553899996215478
yolov8_det,FP32,comun,A,0,47,11.53129999875091
yolov8_det,FP32,comun,A,0,48,10.692399999243207
yolov8_det,FP32,comun,A,0,49,21.30839999881573
yolov8_det,FP32,comun,A,0,50,10.465200000908226
yolov8_det,FP32,comun,A,0,51,11.6861999995308
yolov8_det,FP32,comun,A,0,52,11.125599994556978
yolov8_det,FP32,comun,A,0,53,19.269500000518747
yolov8_det,FP32,comun,A,0,54,11.559999999008141
yolov8_det,FP32,comun,A,0,55,12.153899995610118
yolov8_det,FP32,comun,A,0,56,12.788799998816103
yolov8_det,FP32,comun,A,0,57,12.837799993576482
yolov8_det,FP32,comun,A,0,58,10.473000002093613
yolov8_det,FP32,comun,A,0,59,10.783199992147274
yolov8_det,FP32,comun,A,0,60,11.176500003784895
yolov8_det,FP32,comun,A,0,61,10.89349998801481
yolov8_det,FP32,comun,A,0,62,11.370799998985603
yolov8_det,FP32,comun,A,0,63,10.477999996510334
yolov8_det,FP32,comun,A,0,64,12.101600004825741
yolov8_det,FP32,comun,A,0,65,11.39859999238979
yolov8_det,FP32,comun,A,0,66,12.02329999068752
yolov8_det,FP32,comun,A,0,67,10.054999991552904
yolov8_det,FP32,comun,A,0,68,11.003299994627014
yolov8_det,FP32,comun,A,0,69,10.980899998685345
yolov8_det,FP32,comun,A,0,70,11.60830000299029
yolov8_det,FP32,comun,A,0,71,11.221299995668232
yolov8_det,FP32,comun,A,0,72,11.662999997497536
yolov8_det,FP32,comun,A,0,73,10.615699997288175
yolov8_det,FP32,comun,A,0,74,11.749700002837926
yolov8_det,FP32,comun,A,0,75,10.324500006390736
yolov8_det,FP32,comun,A,0,76,10.48090000404045
yolov8_det,FP32,comun,A,0,77,11.290700000245124
yolov8_det,FP32,comun,A,0,78,18.642700000782497
yolov8_det,FP32,comun,A,0,79,10.73569999425672
yolov8_det,FP32,comun,A,0,80,11.65499999478925
yolov8_det,FP32,comun,A,0,81,14.328199991723523
yolov8_det,FP32,comun,A,0,82,14.02189998771064
yolov8_det,FP32,comun,A,0,83,14.988800001447089
yolov8_det,FP32,comun,A,0,84,11.36160000169184
yolov8_det,FP32,comun,A,0,85,10.24160000088159
yolov8_det,FP32,comun,A,0,86,10.505700003704987
yolov8_det,FP32,comun,A,0,87,11.095499998191372
yolov8_det,FP32,comun,A,0,88,11.641599994618446
yolov8_det,FP32,comun,A,0,89,10.667000009561889
yolov8_det,FP32,comun,A,0,90,11.21590001275763
yolov8_det,FP32,comun,A,0,91,11.659800002234988
yolov8_det,FP32,comun,A,0,92,10.571999999228865
yolov8_det,FP32,comun,A,0,93,10.154299990972504
yolov8_det,FP32,comun,A,0,94,13.214300008257851
yolov8_det,FP32,comun,A,0,95,10.332600009860471
yolov8_det,FP32,comun,A,0,96,15.986099999281578
yolov8_det,FP32,comun,A,0,97,15.150399995036423
yolov8_det,FP32,comun,A,0,98,10.311799996998161
yolov8_det,FP32,comun,A,0,99,11.7142000090098
yolov8_det,FP32,comun,A,0,100,11.350100001436658
yolov8_det,FP32,comun,A,0,101,11.299400008283556
yolov8_det,FP32,comun,A,0,102,12.391399999614805
yolov8_det,FP32,comun,A,0,103,11.084500001743436
yolov8_det,FP32,comun,A,0,104,10.764799997559749
yolov8_det,FP32,comun,A,0,105,15.436900008353405
yolov8_det,FP32,comun,A,0,106,11.131399995065294
yolov8_det,FP32,comun,A,0,107,9.984300006181002
yolov8_det,FP32,comun,A,0,108,10.427599991089664
yolov8_det,FP32,comun,A,0,109,11.822599990409799
yolov8_det,FP32,comun,A,0,110,10.38759999210015
yolov8_det,FP32,comun,A,0,111,16.84160000877455
yolov8_det,FP32,comun,A,0,112,10.60759999381844
yolov8_det,FP32,comun,A,0,113,10.25340000342112
yolov8_det,FP32,comun,A,0,114,10.417499986942858
yolov8_det,FP32,comun,A,0,115,11.194099992280826
yolov8_det,FP32,comun,A,0,116,12.053300000843592
yolov8_det,FP32,comun,A,0,117,14.132800002698787
yolov8_det,FP32,comun,A,0,118,11.638700001640245
yolov8_det,FP32,comun,A,0,119,11.52530001127161
yolov8_det,FP32,comun,A,0,120,11.086500002420507
yolov8_det,FP32,comun,A,0,121,11.667899991152808
yolov8_det,FP32,comun,A,0,122,12.466100000892766
yolov8_det,FP32,comun,A,0,123,13.066699990304187
yolov8_det,FP32,comun,A,0,124,14.948500000173226
yolov8_det,FP32,comun,A,0,125,10.741599995526485
yolov8_det,FP32,comun,A,0,126,10.376300007919781
yolov8_det,FP32,comun,A,0,127,10.441199992783368
yolov8_det,FP32,comun,A,0,128,11.541300002136268
yolov8_det,FP32,comun,A,0,129,14.109700001426972
yolov8_det,FP32,comun,A,0,130,11.436399989179336
yolov8_det,FP32,comun,A,0,131,11.00689999293536
yolov8_det,FP32,comun,A,0,132,11.650800006464124
yolov8_det,FP32,comun,A,0,133,10.35859998955857
yolov8_det,FP32,comun,A,0,134,10.482400000910275
yolov8_det,FP32,comun,A,0,135,10.141400009160861
yolov8_det,FP32,comun,A,0,136,10.456300005898811
yolov8_det,FP32,comun,A,0,137,10.20530000096187
yolov8_det,FP32,comun,A,0,138,11.11869998567272
yolov8_det,FP32,comun,A,0,139,11.619699987932108
yolov8_det,FP32,comun,A,0,140,10.663699998985976
yolov8_det,FP32,comun,A,0,141,10.48300000547897
yolov8_det,FP32,comun,A,0,142,10.482800003956072
yolov8_det,FP32,comun,A,0,143,11.47800000035204
yolov8_det,FP32,comun,A,0,144,10.17580000916496
yolov8_det,FP32,comun,A,0,145,10.931900003924966
yolov8_det,FP32,comun,A,0,146,10.728599998401478
yolov8_det,FP32,comun,A,0,147,11.37880000169389
yolov8_det,FP32,comun,A,0,148,12.810299987904727
yolov8_det,FP32,comun,A,0,149,10.892999998759478
yolov8_det,FP32,comun,A,0,150,11.450999998487532
yolov8_det,FP32,comun,A,0,151,11.42400001117494
yolov8_det,FP32,comun,A,0,152,11.49650001025293
yolov8_det,FP32,comun,A,0,153,10.892899997998029
yolov8_det,FP32,comun,A,0,154,10.943700006464496
yolov8_det,FP32,comun,A,0,155,11.603000006289221
yolov8_det,FP32,comun,A,0,156,10.653800010913983
yolov8_det,FP32,comun,A,0,157,16.244600003119558
yolov8_det,FP32,comun,A,0,158,12.06110000202898
yolov8_det,FP32,comun,A,0,159,12.22250000864733
yolov8_det,FP32,comun,A,0,160,11.625600003753789
yolov8_det,FP32,comun,A,0,161,16.936499989242293
yolov8_det,FP32,comun,A,0,162,11.506399998324923
yolov8_det,FP32,comun,A,0,163,11.712499996065162
yolov8_det,FP32,comun,A,0,164,10.51799999549985
yolov8_det,FP32,comun,A,0,165,10.469899993040599
yolov8_det,FP32,comun,A,0,166,13.081500001135282
yolov8_det,FP32,comun,A,0,167,15.395900001749396
yolov8_det,FP32,comun,A,0,168,10.332200006814674
yolov8_det,FP32,comun,A,0,169,15.910500005702488
yolov8_det,FP32,comun,A,0,170,11.82630000403151
yolov8_det,FP32,comun,A,0,171,10.514599998714402
yolov8_det,FP32,comun,A,0,172,11.481099994853139
yolov8_det,FP32,comun,A,0,173,13.956800001324154
yolov8_det,FP32,comun,A,0,174,11.902600002940744
yolov8_det,FP32,comun,A,0,175,11.530799994943663
yolov8_det,FP32,comun,A,0,176,9.853200012003072
yolov8_det,FP32,comun,A,0,177,11.251899995841086
yolov8_det,FP32,comun,A,0,178,11.524600005941465
yolov8_det,FP32,comun,A,0,179,11.873399998876266
yolov8_det,FP32,comun,A,0,180,10.548900012508966
yolov8_det,FP32,comun,A,0,181,16.80800000031013
yolov8_det,FP32,comun,A,0,182,10.127200002898462
yolov8_det,FP32,comun,A,0,183,11.656700007733889
yolov8_det,FP32,comun,A,0,184,10.744400002295151
yolov8_det,FP32,comun,A,0,185,10.090099996887147
yolov8_det,FP32,comun,A,0,186,21.430900000268593
yolov8_det,FP32,comun,A,0,187,10.79629999003373
yolov8_det,FP32,comun,A,0,188,11.186500007170253
yolov8_det,FP32,comun,A,0,189,9.92759999644477
yolov8_det,FP32,comun,A,0,190,10.974399992846884
yolov8_det,FP32,comun,A,0,191,10.21279999986291
yolov8_det,FP32,comun,A,0,192,10.461400001076981
yolov8_det,FP32,comun,A,0,193,9.686600009445101
yolov8_det,FP32,comun,A,0,194,11.303399995085783
yolov8_det,FP32,comun,A,0,195,11.169499994139187
yolov8_det,FP32,comun,A,0,196,11.665700003504753
yolov8_det,FP32,comun,A,0,197,10.876900007133372
yolov8_det,FP32,comun,A,0,198,14.10629999008961
yolov8_det,FP32,comun,A,0,199,11.566899993340485
yolov8_det,FP32,comun,A,0,200,14.126199996098876
yolov8_det,FP32,comun,A,0,201,12.178100005257875
yolov8_det,FP32,comun,A,0,202,15.31760000216309
yolov8_det,FP32,comun,A,0,203,11.508900002809241
yolov8_det,FP32,comun,A,0,204,10.398500002338551
yolov8_det,FP32,comun,A,0,205,11.349599997629412
yolov8_det,FP32,comun,A,0,206,11.328700013109483
yolov8_det,FP32,comun,A,0,207,11.003399995388463
yolov8_det,FP32,comun,A,0,208,10.64089999999851
yolov8_det,FP32,comun,A,0,209,10.577599998214282
yolov8_det,FP32,comun,A,0,210,11.519300009240396
yolov8_det,FP32,comun,A,0,211,14.299500006018206
yolov8_det,FP32,comun,A,0,212,13.999500006320886
yolov8_det,FP32,comun,A,0,213,11.614100003498606
yolov8_det,FP32,comun,A,0,214,11.567900000954978
yolov8_det,FP32,comun,A,0,215,11.810099997092038
yolov8_det,FP32,comun,A,0,216,11.240399995585904
yolov8_det,FP32,comun,A,0,217,10.36319999548141
yolov8_det,FP32,comun,A,0,218,11.186400006408803
yolov8_det,FP32,comun,A,0,219,11.303000006591901
yolov8_det,FP32,comun,A,0,220,11.13709999481216
yolov8_det,FP32,comun,A,0,221,11.46310000331141
yolov8_det,FP32,comun,A,0,222,11.763000002247281
yolov8_det,FP32,comun,A,0,223,10.398500002338551
yolov8_det,FP32,comun,A,0,224,10.365900001488626
yolov8_det,FP32,comun,A,0,225,10.910099998000078
yolov8_det,FP32,comun,A,0,226,13.665999998920597
yolov8_det,FP32,comun,A,0,227,10.325900002499111
yolov8_det,FP32,comun,A,0,228,9.381999989273027
yolov8_det,FP32,comun,A,0,229,11.640700002317317
yolov8_det,FP32,comun,A,0,230,10.78820000111591
yolov8_det,FP32,comun,A,0,231,10.612199999741279
yolov8_det,FP32,comun,A,0,232,11.511599994264543
yolov8_det,FP32,comun,A,0,233,10.559300004388206
yolov8_det,FP32,comun,A,0,234,12.85729999653995
yolov8_det,FP32,comun,A,0,235,10.40889999421779
yolov8_det,FP32,comun,A,0,236,10.696900004404597
yolov8_det,FP32,comun,A,0,237,10.274400003254414
yolov8_det,FP32,comun,A,0,238,10.651000004145317
yolov8_det,FP32,comun,A,0,239,12.136399993323721
yolov8_det,FP32,comun,A,0,240,12.466899992432445
yolov8_det,FP32,comun,A,0,241,11.769200005801395
yolov8_det,FP32,comun,A,0,242,14.212599999154918
yolov8_det,FP32,comun,A,0,243,11.291699993307702
yolov8_det,FP32,comun,A,0,244,12.22849999612663
yolov8_det,FP32,comun,A,0,245,12.121599997044541
yolov8_det,FP32,comun,A,0,246,10.50020000548102
yolov8_det,FP32,comun,A,0,247,11.84310000098776
yolov8_det,FP32,comun,A,0,248,11.367500002961606
yolov8_det,FP32,comun,A,0,249,10.160699996049516
yolov8_det,FP32,comun,A,0,250,14.417300000786781
yolov8_det,FP32,comun,A,0,251,10.672500007785857
yolov8_det,FP32,comun,A,0,252,11.41500000085216
yolov8_det,FP32,comun,A,0,253,10.32449999183882
yolov8_det,FP32,comun,A,0,254,12.633899998036213
yolov8_det,FP32,comun,A,0,255,11.586699998588301
yolov8_det,FP32,comun,A,0,256,10.43059999938123
yolov8_det,FP32,comun,A,0,257,16.559900002903305
yolov8_det,FP32,comun,A,0,258,11.544499997398816
yolov8_det,FP32,comun,A,0,259,10.965699999360368
yolov8_det,FP32,comun,A,0,260,12.291699997149408
yolov8_det,FP32,comun,A,0,261,11.58759999088943
yolov8_det,FP32,comun,A,0,262,10.51720000396017
yolov8_det,FP32,comun,A,0,263,11.143299998366274
yolov8_det,FP32,comun,A,0,264,11.45949999045115
yolov8_det,FP32,comun,A,0,265,15.59090000228025
yolov8_det,FP32,comun,A,0,266,10.474399998201989
yolov8_det,FP32,comun,A,0,267,10.450500005390495
yolov8_det,FP32,comun,A,0,268,12.682199987466447
yolov8_det,FP32,comun,A,0,269,11.003699997672811
yolov8_det,FP32,comun,A,0,270,11.2410000001546
yolov8_det,FP32,comun,A,0,271,10.784999991301447
yolov8_det,FP32,comun,A,0,272,10.38890000199899
yolov8_det,FP32,comun,A,0,273,11.412599997129291
yolov8_det,FP32,comun,A,0,274,10.840000002644956
yolov8_det,FP32,comun,A,0,275,11.17639998847153
yolov8_det,FP32,comun,A,0,276,10.039400003734045
yolov8_det,FP32,comun,A,0,277,10.466300009284168
yolov8_det,FP32,comun,A,0,278,10.091700009070337
yolov8_det,FP32,comun,A,0,279,9.986699995351955
yolov8_det,FP32,comun,A,0,280,11.302699989755638
yolov8_det,FP32,comun,A,0,281,11.600700003327802
yolov8_det,FP32,comun,A,0,282,10.956300000543706
yolov8_det,FP32,comun,A,0,283,10.951200005365536
yolov8_det,FP32,comun,A,0,284,11.495399987325072
yolov8_det,FP32,comun,A,0,285,11.363300000084564
yolov8_det,FP32,comun,A,0,286,9.95800000964664
yolov8_det,FP32,comun,A,0,287,10.243400000035763
yolov8_det,FP32,comun,A,0,288,11.290499998722225
yolov8_det,FP32,comun,A,0,289,10.77880000229925
yolov8_det,FP32,comun,A,0,290,10.551100000157021
yolov8_det,FP32,comun,A,0,291,10.330800010706298
yolov8_det,FP32,comun,A,0,292,11.520000000018626
yolov8_det,FP32,comun,A,0,293,11.399700000765733
yolov8_det,FP32,comun,A,0,294,11.488600008306094
yolov8_det,FP32,comun,A,0,295,10.055300008389167
yolov8_det,FP32,comun,A,0,296,17.252299992833287
yolov8_det,FP32,comun,A,0,297,11.993299995083362
yolov8_det,FP32,comun,A,0,298,10.080899999593385
yolov8_det,FP32,comun,A,0,299,13.328799992450513
yolov8_det,FP32,comun,A,0,300,12.00539999990724
yolov8_det,FP32,comun,A,0,301,14.153500000247732
yolov8_det,FP32,comun,A,0,302,11.70770000317134
yolov8_det,FP32,comun,A,0,303,10.610999990603887
yolov8_det,FP32,comun,A,0,304,10.11639999342151
yolov8_det,FP32,comun,A,0,305,10.26020001154393
yolov8_det,FP32,comun,A,0,306,10.245900004520081
yolov8_det,FP32,comun,A,0,307,10.341999994125217
yolov8_det,FP32,comun,A,0,308,10.83709999511484
yolov8_det,FP32,comun,A,0,309,10.028800010331906
yolov8_det,FP32,comun,A,0,310,10.584400006337091
yolov8_det,FP32,comun,A,0,311,10.12899998750072
yolov8_det,FP32,comun,A,0,312,11.964300007093698
yolov8_det,FP32,comun,A,0,313,11.274499993305653
yolov8_det,FP32,comun,A,0,314,11.48680000915192
yolov8_det,FP32,comun,A,0,315,10.433899995405227
yolov8_det,FP32,comun,A,0,316,11.041799996746704
yolov8_det,FP32,comun,A,0,317,10.459899989655241
yolov8_det,FP32,comun,A,0,318,10.402500003692694
yolov8_det,FP32,comun,A,0,319,10.822199998074211
yolov8_det,FP32,comun,A,0,320,10.72299999941606
yolov8_det,FP32,comun,A,0,321,10.15870000992436
yolov8_det,FP32,comun,A,0,322,11.532600008649752
yolov8_det,FP32,comun,A,0,323,11.321900004986674
yolov8_det,FP32,comun,A,0,324,14.227500010747463
yolov8_det,FP32,comun,A,0,325,10.748300002887845
yolov8_det,FP32,comun,A,0,326,11.819999999715947
yolov8_det,FP32,comun,A,0,327,14.152100004139356
yolov8_det,FP32,comun,A,0,328,10.231600012048148
yolov8_det,FP32,comun,A,0,329,12.561199997435324
yolov8_det,FP32,comun,A,0,330,10.167000000365078
yolov8_det,FP32,comun,A,0,331,10.100600004079752
yolov8_det,FP32,comun,A,0,332,11.451600003056228
yolov8_det,FP32,comun,A,0,333,11.40619999205228
yolov8_det,FP32,comun,A,0,334,14.627399999881163
yolov8_det,FP32,comun,A,0,335,12.180099991383031
yolov8_det,FP32,comun,A,0,336,11.495300001115538
yolov8_det,FP32,comun,A,0,337,11.026599997421727
yolov8_det,FP32,comun,A,0,338,10.958300001220778
yolov8_det,FP32,comun,A,0,339,10.228999992250465
yolov8_det,FP32,comun,A,0,340,12.759200006257743
yolov8_det,FP32,comun,A,0,341,12.768599990522489
yolov8_det,FP32,comun,A,0,342,10.841400013305247
yolov8_det,FP32,comun,A,0,343,11.574600008316338
yolov8_det,FP32,comun,A,0,344,10.213900008238852
yolov8_det,FP32,comun,A,0,345,12.456500000553206
yolov8_det,FP32,comun,A,0,346,10.31279999006074
yolov8_det,FP32,comun,A,0,347,10.333800004445948
yolov8_det,FP32,comun,A,0,348,10.154000003240071
yolov8_det,FP32,comun,A,0,349,10.206399994785897
yolov8_det,FP32,comun,A,0,350,14.230199987650849
yolov8_det,FP32,comun,A,0,351,14.613299994380213
yolov8_det,FP32,comun,A,0,352,11.465000003227033
yolov8_det,FP32,comun,A,0,353,11.826299989479594
yolov8_det,FP32,comun,A,0,354,10.80530000035651
yolov8_det,FP32,comun,A,0,355,11.459799992735498
yolov8_det,FP32,comun,A,0,356,11.929699991014786
yolov8_det,FP32,comun,A,0,357,10.518100010813214
yolov8_det,FP32,comun,A,0,358,11.53949998843018
yolov8_det,FP32,comun,A,0,359,11.279800004558638
yolov8_det,FP32,comun,A,0,360,11.110899999039248
yolov8_det,FP32,comun,A,0,361,15.433299995493144
yolov8_det,FP32,comun,A,0,362,10.246299993013963
yolov8_det,FP32,comun,A,0,363,11.748899996746331
yolov8_det,FP32,comun,A,0,364,10.869000005186535
yolov8_det,FP32,comun,A,0,365,11.25730000785552
yolov8_det,FP32,comun,A,0,366,10.08009999350179
yolov8_det,FP32,comun,A,0,367,10.19570000062231
yolov8_det,FP32,comun,A,0,368,10.80309999815654
yolov8_det,FP32,comun,A,0,369,10.578200002782978
yolov8_det,FP32,comun,A,0,370,14.20200000575278
yolov8_det,FP32,comun,A,0,371,10.934700010693632
yolov8_det,FP32,comun,A,0,372,10.580500005744398
yolov8_det,FP32,comun,A,0,373,11.3400999980513
yolov8_det,FP32,comun,B,0,0,30.357000010553747
yolov8_det,FP32,comun,B,0,1,24.672200001077726
yolov8_det,FP32,comun,B,0,2,25.59109999856446
yolov8_det,FP32,comun,B,0,3,73.24539999535773
yolov8_det,FP32,comun,B,0,4,23.771899999701418
yolov8_det,FP32,comun,B,0,5,22.091199993155897
yolov8_det,FP32,comun,B,0,6,22.811400005593896
yolov8_det,FP32,comun,B,0,7,22.73569999670144
yolov8_det,FP32,comun,B,0,8,21.34620001015719
yolov8_det,FP32,comun,B,0,9,63.83060000371188
yolov8_det,FP32,comun,B,0,10,22.16749999206513
yolov8_det,FP32,comun,B,0,11,22.65349999652244
yolov8_det,FP32,comun,B,0,12,23.450000007869676
yolov8_det,FP32,comun,B,0,13,22.423000002163462
yolov8_det,FP32,comun,B,0,14,22.926699995878153
yolov8_det,FP32,comun,B,0,15,23.4545999992406
yolov8_det,FP32,comun,B,0,16,21.539499997743405
yolov8_det,FP32,comun,B,0,17,23.708900000201538
yolov8_det,FP32,comun,B,0,18,27.063300003646873
yolov8_det,FP32,comun,B,0,19,25.252499995986
yolov8_det,FP32,comun,B,0,20,24.62589999777265
yolov8_det,FP32,comun,B,0,21,23.411899994243868
yolov8_det,FP32,comun,B,0,22,23.425600011250935
yolov8_det,FP32,comun,B,0,23,35.71950001060031
yolov8_det,FP32,comun,B,0,24,28.61039999697823
yolov8_det,FP32,comun,B,0,25,26.613299996824935
yolov8_det,FP32,comun,B,0,26,21.101999998791143
yolov8_det,FP32,comun,B,0,27,21.003199988626875
yolov8_det,FP32,comun,B,0,28,67.68330000340939
yolov8_det,FP32,comun,B,0,29,23.446299994247966
yolov8_det,FP32,comun,B,0,30,22.42130000377074
yolov8_det,FP32,comun,B,0,31,22.101399998064153
yolov8_det,FP32,comun,B,0,32,20.970800003851764
yolov8_det,FP32,comun,B,0,33,59.01850000373088
yolov8_det,FP32,comun,B,0,34,23.87379998981487
yolov8_det,FP32,comun,B,0,35,20.773299998836592
yolov8_det,FP32,comun,B,0,36,22.49510001274757
yolov8_det,FP32,comun,B,0,37,24.19690000533592
yolov8_det,FP32,comun,B,0,38,22.80609999434091
yolov8_det,FP32,comun,B,0,39,19.029999995836988
yolov8_det,FP32,comun,B,0,40,22.649999998975545
yolov8_det,FP32,comun,B,0,41,21.722999998019077
yolov8_det,FP32,comun,B,0,42,28.335900002275594
yolov8_det,FP32,comun,B,0,43,21.02490000834223
yolov8_det,FP32,comun,B,0,44,20.099999994272366
yolov8_det,FP32,comun,B,0,45,22.66849999432452
yolov8_det,FP32,comun,B,0,46,24.718899992876686
yolov8_det,FP32,comun,B,0,47,23.19149998947978
yolov8_det,FP32,comun,B,0,48,21.770199993625283
yolov8_det,FP32,comun,B,0,49,24.219900005846284
yolov8_det,FP32,comun,B,0,50,22.13369999662973
yolov8_det,FP32,comun,B,0,51,23.415399991790764
yolov8_det,FP32,comun,B,0,52,58.346899997559376
yolov8_det,FP32,comun,B,0,53,21.91369999491144
yolov8_det,FP32,comun,B,0,54,22.75730000110343
yolov8_det,FP32,comun,B,0,55,21.74939999531489
yolov8_det,FP32,comun,B,0,56,21.053599994047545
yolov8_det,FP32,comun,B,0,57,19.84470000024885
yolov8_det,FP32,comun,B,0,58,21.160399992368184
yolov8_det,FP32,comun,B,0,59,29.224999991129152
yolov8_det,FP32,comun,B,0,60,62.43009999161586
yolov8_det,FP32,comun,B,0,61,23.764700003084727
yolov8_det,FP32,comun,B,0,62,24.849199995514937
yolov8_det,FP32,comun,B,0,63,21.92549999745097
yolov8_det,FP32,comun,B,0,64,22.95300000696443
yolov8_det,FP32,comun,B,0,65,21.69080000021495
yolov8_det,FP32,comun,B,0,66,20.641499999328516
yolov8_det,FP32,comun,B,0,67,19.970099994679913
yolov8_det,FP32,comun,B,0,68,22.744799993233755
yolov8_det,FP32,comun,B,0,69,25.976599994464777
yolov8_det,FP32,comun,B,0,70,22.423699992941692
yolov8_det,FP32,comun,B,0,71,21.129600005224347
yolov8_det,FP32,comun,B,0,72,22.23450000747107
yolov8_det,FP32,comun,B,0,73,21.533199993427843
yolov8_det,FP32,comun,B,0,74,21.232400002190843
yolov8_det,FP32,comun,B,0,75,22.198500009835698
yolov8_det,FP32,comun,B,0,76,20.686500007286668
yolov8_det,FP32,comun,B,0,77,30.5549000040628
yolov8_det,FP32,comun,B,0,78,22.60549999482464
yolov8_det,FP32,comun,B,0,79,23.08269999048207
yolov8_det,FP32,comun,B,0,80,59.02519999654032
yolov8_det,FP32,comun,B,0,81,24.77540000109002
yolov8_det,FP32,comun,B,0,82,23.67450000019744
yolov8_det,FP32,comun,B,0,83,22.42110000224784
yolov8_det,FP32,comun,B,0,84,22.51080000132788
yolov8_det,FP32,comun,B,0,85,29.984199994942173
yolov8_det,FP32,comun,B,0,86,33.05959999852348
yolov8_det,FP32,comun,B,0,87,22.35070000460837
yolov8_det,FP32,comun,B,0,88,22.717100000591017
yolov8_det,FP32,comun,B,0,89,22.594699999899603
yolov8_det,FP32,comun,B,0,90,20.457100006751716
yolov8_det,FP32,comun,B,0,91,24.20430000347551
yolov8_det,FP32,comun,B,0,92,22.21280000230763
yolov8_det,FP32,comun,B,0,93,22.756400008802302
yolov8_det,FP32,comun,B,0,94,22.959599999012426
yolov8_det,FP32,comun,B,0,95,24.846600004821084
yolov8_det,FP32,comun,B,0,96,25.206999998772517
yolov8_det,FP32,comun,B,0,97,22.332499996991828
yolov8_det,FP32,comun,B,0,98,22.585200000321493
yolov8_det,FP32,comun,B,0,99,26.334800000768155
yolov8_det,FP32,comun,B,0,100,29.88339999865275
yolov8_det,FP32,comun,B,0,101,27.12829998927191
yolov8_det,FP32,comun,B,0,102,26.229299997794442
yolov8_det,FP32,comun,B,0,103,22.567100008018315
yolov8_det,FP32,comun,B,0,104,25.359300008858554
yolov8_det,FP32,comun,B,0,105,23.594099999172613
yolov8_det,FP32,comun,B,0,106,25.457099996856414
yolov8_det,FP32,comun,B,0,107,24.110800004564226
yolov8_det,FP32,comun,B,0,108,24.43479999783449
yolov8_det,FP32,comun,B,0,109,23.412999988067895
yolov8_det,FP32,comun,B,0,110,24.261899990960956
yolov8_det,FP32,comun,B,0,111,23.78790000511799
yolov8_det,FP32,comun,B,0,112,21.566999988863245
yolov8_det,FP32,comun,B,0,113,26.862600003369153
yolov8_det,FP32,comun,B,0,114,23.117000004276633
yolov8_det,FP32,comun,B,0,115,22.857200005091727
yolov8_det,FP32,comun,B,0,116,23.95729999989271
yolov8_det,FP32,comun,B,0,117,25.069399998756126
yolov8_det,FP32,comun,B,0,118,21.982499994919635
yolov8_det,FP32,comun,B,0,119,25.795099994866177
yolov8_det,FP32,comun,B,0,120,22.27390000189189
yolov8_det,FP32,comun,B,0,121,22.198800012120046
yolov8_det,FP32,comun,B,0,122,21.875200007343665
yolov8_det,FP32,comun,B,0,123,21.004900001571514
yolov8_det,FP32,comun,B,0,124,24.309899992658757
yolov8_det,FP32,comun,B,0,125,24.832900002365932
yolov8_det,FP32,comun,B,0,126,23.745200000121258
yolov8_det,FP32,comun,B,0,127,22.191199997905642
yolov8_det,FP32,comun,B,0,128,21.726900013163686
yolov8_det,FP32,comun,B,0,129,23.054399993270636
yolov8_det,FP32,comun,B,0,130,23.386600005324
yolov8_det,FP32,comun,B,0,131,24.33619998919312
yolov8_det,FP32,comun,B,0,132,23.961499988217838
yolov8_det,FP32,comun,B,0,133,25.486200000159442
yolov8_det,FP32,comun,B,0,134,22.065900004236028
yolov8_det,FP32,comun,B,0,135,20.45580001140479
yolov8_det,FP32,comun,B,0,136,30.066299994359724
yolov8_det,FP32,comun,B,0,137,20.963999995728955
yolov8_det,FP32,comun,B,0,138,21.46550000179559
yolov8_det,FP32,comun,B,0,139,21.917599995504133
yolov8_det,FP32,comun,B,0,140,22.231900002225302
yolov8_det,FP32,comun,B,0,141,23.13230000436306
yolov8_det,FP32,comun,B,0,142,23.80879998963792
yolov8_det,FP32,comun,B,0,143,22.710799996275455
yolov8_det,FP32,comun,B,0,144,33.49650000745896
yolov8_det,FP32,comun,B,0,145,23.7807000085013
yolov8_det,FP32,comun,B,0,146,22.877499999594875
yolov8_det,FP32,comun,B,0,147,26.50730000459589
yolov8_det,FP32,comun,B,0,148,32.8157000039937
yolov8_det,FP32,comun,B,0,149,34.25199999765027
yolov8_det,FP32,comun,B,0,150,22.358800008078106
yolov8_det,FP32,comun,B,0,151,23.670599999604747
yolov8_det,FP32,comun,B,0,152,23.23060001072008
yolov8_det,FP32,comun,B,0,153,22.01980000245385
yolov8_det,FP32,comun,B,0,154,20.675799998571165
yolov8_det,FP32,comun,B,0,155,21.03940000233706
yolov8_det,FP32,comun,B,0,156,24.106700002448633
yolov8_det,FP32,comun,B,0,157,24.500100000295788
yolov8_det,FP32,comun,B,0,158,23.903199995402247
yolov8_det,FP32,comun,B,0,159,22.509799993713386
yolov8_det,FP32,comun,B,0,160,21.013200006564148
yolov8_det,FP32,comun,B,0,161,21.08540000335779
yolov8_det,FP32,comun,B,0,162,23.398599994834512
yolov8_det,FP32,comun,B,0,163,22.400200003175996
yolov8_det,FP32,comun,B,0,164,21.93230000557378
yolov8_det,FP32,comun,B,0,165,25.24210000410676
yolov8_det,FP32,comun,B,0,166,24.724399991100654
yolov8_det,FP32,comun,B,0,167,23.70419999351725
yolov8_det,FP32,comun,B,0,168,24.940299990703352
yolov8_det,FP32,comun,B,0,169,22.516900004120544
yolov8_det,FP32,comun,B,0,170,21.252599995932542
yolov8_det,FP32,comun,B,0,171,23.814000000129454
yolov8_det,FP32,comun,B,0,172,24.547599998186342
yolov8_det,FP32,comun,B,0,173,23.325999994995072
yolov8_det,FP32,comun,B,0,174,24.70359999279026
yolov8_det,FP32,comun,B,0,175,21.643300002324395
yolov8_det,FP32,comun,B,0,176,21.669499998097308
yolov8_det,FP32,comun,B,0,177,23.87079999607522
yolov8_det,FP32,comun,B,0,178,24.034900008700788
yolov8_det,FP32,comun,B,0,179,24.404600000707433
yolov8_det,FP32,comun,B,0,180,24.390199992922135
yolov8_det,FP32,comun,B,0,181,23.36500000092201
yolov8_det,FP32,comun,B,0,182,22.35389999987092
yolov8_det,FP32,comun,B,0,183,25.019099994096905
yolov8_det,FP32,comun,B,0,184,27.113200005260296
yolov8_det,FP32,comun,B,0,185,22.43770001223311
yolov8_det,FP32,comun,B,0,186,21.850999997695908
yolov8_det,FP32,comun,B,0,187,32.68380000372417
yolov8_det,FP32,comun,B,0,188,22.94479998818133
yolov8_det,FP32,comun,B,0,189,24.399000001722015
yolov8_det,FP32,comun,B,0,190,22.75389998976607
yolov8_det,FP32,comun,B,0,191,21.27979999931995
yolov8_det,FP32,comun,B,0,192,22.13789999950677
yolov8_det,FP32,comun,B,0,193,20.978500004275702
yolov8_det,FP32,comun,B,0,194,22.97129998623859
yolov8_det,FP32,comun,B,0,195,24.889799999073148
yolov8_det,FP32,comun,B,0,196,26.448500007973053
yolov8_det,FP32,comun,B,0,197,23.39290000963956
yolov8_det,FP32,comun,B,0,198,24.01090000057593
yolov8_det,FP32,comun,B,0,199,23.10770000622142
yolov8_det,FP32,comun,B,0,200,67.31489999219775
yolov8_det,FP32,comun,B,0,201,32.42599999066442
yolov8_det,FP32,comun,B,0,202,23.670499998843297
yolov8_det,FP32,comun,B,0,203,25.015699997311458
yolov8_det,FP32,comun,B,0,204,25.440199999138713
yolov8_det,FP32,comun,B,0,205,23.929300004965626
yolov8_det,FP32,comun,B,0,206,22.558199998456985
yolov8_det,FP32,comun,B,0,207,59.622100001433864
yolov8_det,FP32,comun,B,0,208,23.809399994206615
yolov8_det,FP32,comun,B,0,209,25.043599991477095
yolov8_det,FP32,comun,B,0,210,26.230699993902817
yolov8_det,FP32,comun,B,0,211,22.64489998924546
yolov8_det,FP32,comun,B,0,212,20.016800001030788
yolov8_det,FP32,comun,B,0,213,24.203799999668263
yolov8_det,FP32,comun,B,0,214,24.840900005074218
yolov8_det,FP32,comun,B,0,215,22.672199993394315
yolov8_det,FP32,comun,B,0,216,25.030000004335307
yolov8_det,FP32,comun,B,0,217,25.412200004211627
yolov8_det,FP32,comun,B,0,218,24.353200002224185
yolov8_det,FP32,comun,B,0,219,22.950400001718663
yolov8_det,FP32,comun,B,0,220,23.040000000037253
yolov8_det,FP32,comun,B,0,221,23.22960000310559
yolov8_det,FP32,comun,B,0,222,28.775999991921708
yolov8_det,FP32,comun,B,0,223,26.052799992612563
yolov8_det,FP32,comun,B,0,224,23.231799990753643
yolov8_det,FP32,comun,B,0,225,25.766199993086047
yolov8_det,FP32,comun,B,0,226,22.457099999883212
yolov8_det,FP32,comun,B,0,227,25.77319998817984
yolov8_det,FP32,comun,B,0,228,22.378499998012558
yolov8_det,FP32,comun,B,0,229,22.52030000090599
yolov8_det,FP32,comun,B,0,230,29.54899999895133
yolov8_det,FP32,comun,B,0,231,27.33930000977125
yolov8_det,FP32,comun,B,0,232,23.18199998990167
yolov8_det,FP32,comun,B,0,233,21.58380000037141
yolov8_det,FP32,comun,B,0,234,25.280599991674535
yolov8_det,FP32,comun,B,0,235,26.726999989477918
yolov8_det,FP32,comun,B,0,236,21.06120000826195
yolov8_det,FP32,comun,B,0,237,27.016599997295998
yolov8_det,FP32,comun,B,0,238,22.598499999730848
yolov8_det,FP32,comun,B,0,239,24.78029999474529
yolov8_det,FP32,comun,B,0,240,22.90309999079909
yolov8_det,FP32,comun,B,0,241,19.83279999694787
yolov8_det,FP32,comun,B,0,242,23.122200000216253
yolov8_det,FP32,comun,B,0,243,25.69299998867791
yolov8_det,FP32,comun,B,0,244,66.69160000456031
yolov8_det,FP32,comun,B,0,245,23.142700010794215
yolov8_det,FP32,comun,B,0,246,21.71450000605546
yolov8_det,FP32,comun,B,0,247,22.671600003377534
yolov8_det,FP32,comun,B,0,248,56.41399999149144
yolov8_det,FP32,comun,B,0,249,25.130699999863282
yolov8_det,FP32,comun,B,0,250,21.889900002861395
yolov8_det,FP32,comun,B,0,251,23.485199999413453
yolov8_det,FP32,comun,B,0,252,26.61430000443943
yolov8_det,FP32,comun,B,0,253,19.629600006737746
yolov8_det,FP32,comun,B,0,254,22.46339998964686
yolov8_det,FP32,comun,B,0,255,22.87390000128653
yolov8_det,FP32,comun,B,0,256,22.421400004532188
yolov8_det,FP32,comun,B,0,257,23.74740000232123
yolov8_det,FP32,comun,B,0,258,21.48759999545291
yolov8_det,FP32,comun,B,0,259,24.465199996484444
yolov8_det,FP32,comun,B,0,260,22.98180000798311
yolov8_det,FP32,comun,B,0,261,22.468200011644512
yolov8_det,FP32,comun,B,0,262,24.623600009363145
yolov8_det,FP32,comun,B,0,263,23.365400003967807
yolov8_det,FP32,comun,B,0,264,24.205999987316318
yolov8_det,FP32,comun,B,0,265,24.50220000173431
yolov8_det,FP32,comun,B,0,266,24.197200007620268
yolov8_det,FP32,comun,B,0,267,23.61180000298191
yolov8_det,FP32,comun,B,0,268,23.47899999585934
yolov8_det,FP32,comun,B,0,269,20.245799998519942
yolov8_det,FP32,comun,B,0,270,22.93229999486357
yolov8_det,FP32,comun,B,0,271,21.49309999367688
yolov8_det,FP32,comun,B,0,272,24.85619999060873
yolov8_det,FP32,comun,B,0,273,22.5468999997247
yolov8_det,FP32,comun,B,0,274,22.33019999403041
yolov8_det,FP32,comun,B,0,275,24.824100008117966
yolov8_det,FP32,comun,B,0,276,24.39310000045225
yolov8_det,FP32,comun,B,0,277,22.862600002554245
yolov8_det,FP32,comun,B,0,278,21.22199999575969
yolov8_det,FP32,comun,B,0,279,22.577600000659004
yolov8_det,FP32,comun,B,0,280,25.94130000215955
yolov8_det,FP32,comun,B,0,281,24.0843999927165
yolov8_det,FP32,comun,B,0,282,27.829900005599484
yolov8_det,FP32,comun,B,0,283,23.840099995140918
yolov8_det,FP32,comun,B,0,284,24.783999993815087
yolov8_det,FP32,comun,B,0,285,23.126800006139092
yolov8_det,FP32,comun,B,0,286,24.69340000243392
yolov8_det,FP32,comun,B,0,287,23.741199998767115
yolov8_det,FP32,comun,B,0,288,20.002699995529838
yolov8_det,FP32,comun,B,0,289,25.140999990981072
yolov8_det,FP32,comun,B,0,290,23.55159999569878
yolov8_det,FP32,comun,B,0,291,24.22179999120999
yolov8_det,FP32,comun,B,0,292,22.551599991857074
yolov8_det,FP32,comun,B,0,293,23.98739999625832
yolov8_det,FP32,comun,B,0,294,26.19829999457579
yolov8_det,FP32,comun,B,0,295,23.617799990461208
yolov8_det,FP32,comun,B,0,296,25.313000005553477
yolov8_det,FP32,comun,B,0,297,26.290599998901598
yolov8_det,FP32,comun,B,0,298,22.64140000625048
yolov8_det,FP32,comun,B,0,299,23.24320000479929
yolov8_det,FP32,comun,B,0,300,22.107000011601485
yolov8_det,FP32,comun,B,0,301,23.67690000392031
yolov8_det,FP32,comun,B,0,302,23.50999999907799
yolov8_det,FP32,comun,B,0,303,24.48700000240933
yolov8_det,FP32,comun,B,0,304,23.52729999984149
yolov8_det,FP32,comun,B,0,305,24.221700005000457
yolov8_det,FP32,comun,B,0,306,23.24640000006184
yolov8_det,FP32,comun,B,0,307,26.71399999235291
yolov8_det,FP32,comun,B,0,308,24.781300002359785
yolov8_det,FP32,comun,B,0,309,24.337999988347292
yolov8_det,FP32,comun,B,0,310,17.762400006176904
yolov8_det,FP32,comun,B,0,311,25.330400007078424
yolov8_det,FP32,comun,B,0,312,24.606899998616427
yolov8_det,FP32,comun,B,0,313,22.89520000340417
yolov8_det,FP32,comun,B,0,314,23.977500008186325
yolov8_det,FP32,comun,B,0,315,22.512499999720603
yolov8_det,FP32,comun,B,0,316,24.621999997179955
yolov8_det,FP32,comun,B,0,317,25.766300008399412
yolov8_det,FP32,comun,B,0,318,32.891100010601804
yolov8_det,FP32,comun,B,0,319,25.120399994193576
yolov8_det,FP32,comun,B,0,320,24.201399995945394
yolov8_det,FP32,comun,B,0,321,23.860200002673082
yolov8_det,FP32,comun,B,0,322,27.14249999553431
yolov8_det,FP32,comun,B,0,323,23.894899990409613
yolov8_det,FP32,comun,B,0,324,23.66440001060255
yolov8_det,FP32,comun,B,0,325,22.199400002136827
yolov8_det,FP32,comun,B,0,326,23.740999997244217
yolov8_det,FP32,comun,B,0,327,23.609900003066286
yolov8_det,FP32,comun,B,0,328,24.774799996521324
yolov8_det,FP32,comun,B,0,329,22.853699992992915
yolov8_det,FP32,comun,B,0,330,25.008299999171868
yolov8_det,FP32,comun,B,0,331,26.25409999745898
yolov8_det,FP32,comun,B,0,332,23.215599998366088
yolov8_det,FP32,comun,B,0,333,23.339899998973124
yolov8_det,FP32,comun,B,0,334,24.777300001005642
yolov8_det,FP32,comun,B,0,335,22.44580000115093
yolov8_det,FP32,comun,B,0,336,24.073299995507114
yolov8_det,FP32,comun,B,0,337,22.405600000638515
yolov8_det,FP32,comun,B,0,338,21.906800000579096
yolov8_det,FP32,comun,B,0,339,24.904999998398125
yolov8_det,FP32,comun,B,0,340,24.00639999541454
yolov8_det,FP32,comun,B,0,341,26.740500004962087
yolov8_det,FP32,comun,B,0,342,21.672500006388873
yolov8_det,FP32,comun,B,0,343,19.47499999369029
yolov8_det,FP32,comun,B,0,344,24.938699993072078
yolov8_det,FP32,comun,B,0,345,26.020899997092783
yolov8_det,FP32,comun,B,0,346,24.677699999301694
yolov8_det,FP32,comun,B,0,347,23.551800011773594
yolov8_det,FP32,comun,B,0,348,24.557299999287352
yolov8_det,FP32,comun,B,0,349,23.915099998703226
yolov8_det,FP32,comun,B,0,350,24.00839999609161
yolov8_det,FP32,comun,B,0,351,23.455300004570745
yolov8_det,FP32,comun,B,0,352,21.572700003162026
yolov8_det,FP32,comun,B,0,353,25.715499999932945
yolov8_det,FP32,comun,B,0,354,24.171700002625585
yolov8_det,FP32,comun,B,0,355,22.17979999841191
yolov8_det,FP32,comun,B,0,356,23.0602999945404
yolov8_det,FP32,comun,B,0,357,28.387199999997392
yolov8_det,FP32,comun,B,0,358,24.679000009200536
yolov8_det,FP32,comun,B,0,359,23.022900000796653
yolov8_det,FP32,comun,B,0,360,20.026500002131797
yolov8_det,FP32,comun,B,0,361,23.802299998351373
yolov8_det,FP32,comun,B,0,362,25.980900012655184
yolov8_det,FP32,comun,B,0,363,28.989300000830553
yolov8_det,FP32,comun,B,0,364,25.478199997451156
yolov8_det,FP32,comun,B,0,365,27.397099998779595
yolov8_det,FP32,comun,B,0,366,21.597300001303665
yolov8_det,FP32,comun,B,0,367,23.869500000728294
yolov8_det,FP32,comun,B,0,368,21.459499999764375
yolov8_det,FP32,comun,B,0,369,25.983700004871935
yolov8_det,FP32,comun,B,0,370,25.552100007189438
yolov8_det,FP32,comun,B,0,371,23.84739999251906
yolov8_det,FP32,comun,B,0,372,23.348200003965758
yolov8_det,FP32,comun,B,0,373,23.05089999572374
yolov8_det,FP32,comun,A,1,0,14.963099994929507
yolov8_det,FP32,comun,A,1,1,14.525499995215796
yolov8_det,FP32,comun,A,1,2,13.838399987434968
yolov8_det,FP32,comun,A,1,3,21.633600001223385
yolov8_det,FP32,comun,A,1,4,14.202999998815358
yolov8_det,FP32,comun,A,1,5,13.612499998998828
yolov8_det,FP32,comun,A,1,6,13.806899994960986
yolov8_det,FP32,comun,A,1,7,13.914700000896119
yolov8_det,FP32,comun,A,1,8,13.723000010941178
yolov8_det,FP32,comun,A,1,9,13.68489999731537
yolov8_det,FP32,comun,A,1,10,16.451400006189942
yolov8_det,FP32,comun,A,1,11,18.096799991326407
yolov8_det,FP32,comun,A,1,12,13.023799998336472
yolov8_det,FP32,comun,A,1,13,13.658299998496659
yolov8_det,FP32,comun,A,1,14,13.096199996653013
yolov8_det,FP32,comun,A,1,15,13.473399987560697
yolov8_det,FP32,comun,A,1,16,13.376799994148314
yolov8_det,FP32,comun,A,1,17,13.291700000991113
yolov8_det,FP32,comun,A,1,18,13.162200004444458
yolov8_det,FP32,comun,A,1,19,13.194800005294383
yolov8_det,FP32,comun,A,1,20,13.083600002573803
yolov8_det,FP32,comun,A,1,21,13.461499998811632
yolov8_det,FP32,comun,A,1,22,13.315899996086955
yolov8_det,FP32,comun,A,1,23,13.36339999397751
yolov8_det,FP32,comun,A,1,24,13.78419999673497
yolov8_det,FP32,comun,A,1,25,12.557000009110197
yolov8_det,FP32,comun,A,1,26,12.565299999550916
yolov8_det,FP32,comun,A,1,27,12.562699994305149
yolov8_det,FP32,comun,A,1,28,12.397600003168918
yolov8_det,FP32,comun,A,1,29,13.202699992689304
yolov8_det,FP32,comun,A,1,30,16.879899994819425
yolov8_det,FP32,comun,A,1,31,13.863599990145303
yolov8_det,FP32,comun,A,1,32,14.097799998125993
yolov8_det,FP32,comun,A,1,33,12.326800002483651
yolov8_det,FP32,comun,A,1,34,12.723100007860921
yolov8_det,FP32,comun,A,1,35,13.624800005345605
yolov8_det,FP32,comun,A,1,36,12.390999996569008
yolov8_det,FP32,comun,A,1,37,12.41440000012517
yolov8_det,FP32,comun,A,1,38,12.212100002216175
yolov8_det,FP32,comun,A,1,39,12.128900008974597
yolov8_det,FP32,comun,A,1,40,12.333099992247298
yolov8_det,FP32,comun,A,1,41,11.895899995579384
yolov8_det,FP32,comun,A,1,42,11.77589999861084
yolov8_det,FP32,comun,A,1,43,11.902600002940744
yolov8_det,FP32,comun,A,1,44,11.834300006739795
yolov8_det,FP32,comun,A,1,45,12.612699996680021
yolov8_det,FP32,comun,A,1,46,12.85519999510143
yolov8_det,FP32,comun,A,1,47,12.086000002454966
yolov8_det,FP32,comun,A,1,48,12.274199994863011
yolov8_det,FP32,comun,A,1,49,11.556099998415448
yolov8_det,FP32,comun,A,1,50,11.439099995186552
yolov8_det,FP32,comun,A,1,51,10.487699997611344
yolov8_det,FP32,comun,A,1,52,10.486500003025867
yolov8_det,FP32,comun,A,1,53,11.473899998236448
yolov8_det,FP32,comun,A,1,54,10.22450000164099
yolov8_det,FP32,comun,A,1,55,11.177099993801676
yolov8_det,FP32,comun,A,1,56,12.618799999472685
yolov8_det,FP32,comun,A,1,57,10.207300001638941
yolov8_det,FP32,comun,A,1,58,10.880600006203167
yolov8_det,FP32,comun,A,1,59,11.299799996777438
yolov8_det,FP32,comun,A,1,60,10.327300013159402
yolov8_det,FP32,comun,A,1,61,11.268599992035888
yolov8_det,FP32,comun,A,1,62,11.218200001167133
yolov8_det,FP32,comun,A,1,63,10.804100005771033
yolov8_det,FP32,comun,A,1,64,10.262700001476333
yolov8_det,FP32,comun,A,1,65,11.617399999522604
yolov8_det,FP32,comun,A,1,66,10.624700007610954
yolov8_det,FP32,comun,A,1,67,11.625800005276687
yolov8_det,FP32,comun,A,1,68,15.971200002240948
yolov8_det,FP32,comun,A,1,69,12.724400003207847
yolov8_det,FP32,comun,A,1,70,11.469700009911321
yolov8_det,FP32,comun,A,1,71,15.591300005326048
yolov8_det,FP32,comun,A,1,72,11.31879999593366
yolov8_det,FP32,comun,A,1,73,12.465799998608418
yolov8_det,FP32,comun,A,1,74,11.485800001537427
yolov8_det,FP32,comun,A,1,75,14.556699999957345
yolov8_det,FP32,comun,A,1,76,11.73719999496825
yolov8_det,FP32,comun,A,1,77,10.304399998858571
yolov8_det,FP32,comun,A,1,78,11.472699989099056
yolov8_det,FP32,comun,A,1,79,10.183199992752634
yolov8_det,FP32,comun,A,1,80,10.79060000483878
yolov8_det,FP32,comun,A,1,81,10.320999994291924
yolov8_det,FP32,comun,A,1,82,11.001799997757189
yolov8_det,FP32,comun,A,1,83,11.0082000028342
yolov8_det,FP32,comun,A,1,84,10.206299994024448
yolov8_det,FP32,comun,A,1,85,10.24370000232011
yolov8_det,FP32,comun,A,1,86,11.36180000321474
yolov8_det,FP32,comun,A,1,87,11.080299998866394
yolov8_det,FP32,comun,A,1,88,10.340000008000061
yolov8_det,FP32,comun,A,1,89,10.581300011835992
yolov8_det,FP32,comun,A,1,90,10.317599997506477
yolov8_det,FP32,comun,A,1,91,10.465400002431124
yolov8_det,FP32,comun,A,1,92,10.538699993048795
yolov8_det,FP32,comun,A,1,93,10.168100008741021
yolov8_det,FP32,comun,A,1,94,11.179199995240197
yolov8_det,FP32,comun,A,1,95,15.816800005268306
yolov8_det,FP32,comun,A,1,96,13.501800000085495
yolov8_det,FP32,comun,A,1,97,11.524700006702915
yolov8_det,FP32,comun,A,1,98,10.557799992966466
yolov8_det,FP32,comun,A,1,99,11.419100002967753
yolov8_det,FP32,comun,A,1,100,11.303599996608682
yolov8_det,FP32,comun,A,1,101,10.648800001945347
yolov8_det,FP32,comun,A,1,102,10.957299993606284
yolov8_det,FP32,comun,A,1,103,10.26520000596065
yolov8_det,FP32,comun,A,1,104,10.546299992711283
yolov8_det,FP32,comun,A,1,105,10.42079999751877
yolov8_det,FP32,comun,A,1,106,10.337300001992844
yolov8_det,FP32,comun,A,1,107,10.4356999945594
yolov8_det,FP32,comun,A,1,108,10.282099989126436
yolov8_det,FP32,comun,A,1,109,10.583800001768395
yolov8_det,FP32,comun,A,1,110,10.150200003408827
yolov8_det,FP32,comun,A,1,111,11.526500005857088
yolov8_det,FP32,comun,A,1,112,10.157299999264069
yolov8_det,FP32,comun,A,1,113,10.366000002250075
yolov8_det,FP32,comun,A,1,114,11.628500011283904
yolov8_det,FP32,comun,A,1,115,12.879799993243068
yolov8_det,FP32,comun,A,1,116,12.890799989691004
yolov8_det,FP32,comun,A,1,117,11.711800005286932
yolov8_det,FP32,comun,A,1,118,10.553700005402789
yolov8_det,FP32,comun,A,1,119,10.192599991569296
yolov8_det,FP32,comun,A,1,120,12.125599998398684
yolov8_det,FP32,comun,A,1,121,10.800299991387874
yolov8_det,FP32,comun,A,1,122,11.342700003297068
yolov8_det,FP32,comun,A,1,123,10.979700004099868
yolov8_det,FP32,comun,A,1,124,10.513100001844577
yolov8_det,FP32,comun,A,1,125,10.705299995606765
yolov8_det,FP32,comun,A,1,126,10.465300001669675
yolov8_det,FP32,comun,A,1,127,12.705700006335974
yolov8_det,FP32,comun,A,1,128,11.687999998684973
yolov8_det,FP32,comun,A,1,129,11.474500002805144
yolov8_det,FP32,comun,A,1,130,10.451599999214523
yolov8_det,FP32,comun,A,1,131,11.883200000738725
yolov8_det,FP32,comun,A,1,132,11.700600007316098
yolov8_det,FP32,comun,A,1,133,12.577200002851896
yolov8_det,FP32,comun,A,1,134,11.716299995896406
yolov8_det,FP32,comun,A,1,135,10.960700004943646
yolov8_det,FP32,comun,A,1,136,13.357200004975311
yolov8_det,FP32,comun,A,1,137,12.0914000144694
yolov8_det,FP32,comun,A,1,138,11.63269999960903
yolov8_det,FP32,comun,A,1,139,11.160099995322526
yolov8_det,FP32,comun,A,1,140,10.59420000819955
yolov8_det,FP32,comun,A,1,141,10.347300005378202
yolov8_det,FP32,comun,A,1,142,10.472200010553934
yolov8_det,FP32,comun,A,1,143,11.038299999199808
yolov8_det,FP32,comun,A,1,144,11.464199997135438
yolov8_det,FP32,comun,A,1,145,10.907100004260428
yolov8_det,FP32,comun,A,1,146,10.281499999109656
yolov8_det,FP32,comun,A,1,147,12.131900002714247
yolov8_det,FP32,comun,A,1,148,11.72989999759011
yolov8_det,FP32,comun,A,1,149,11.605799998505972
yolov8_det,FP32,comun,A,1,150,11.936900002183393
yolov8_det,FP32,comun,A,1,151,14.115800004219636
yolov8_det,FP32,comun,A,1,152,11.802200009697117
yolov8_det,FP32,comun,A,1,153,11.702499992679805
yolov8_det,FP32,comun,A,1,154,11.918300006072968
yolov8_det,FP32,comun,A,1,155,11.883400002261624
yolov8_det,FP32,comun,A,1,156,13.851199997588992
yolov8_det,FP32,comun,A,1,157,11.83810000657104
yolov8_det,FP32,comun,A,1,158,11.800599997513928
yolov8_det,FP32,comun,A,1,159,11.107900005299598
yolov8_det,FP32,comun,A,1,160,10.961299994960427
yolov8_det,FP32,comun,A,1,161,10.14739999664016
yolov8_det,FP32,comun,A,1,162,14.088099997024983
yolov8_det,FP32,comun,A,1,163,11.1474999866914
yolov8_det,FP32,comun,A,1,164,10.385600005974993
yolov8_det,FP32,comun,A,1,165,11.831900003016926
yolov8_det,FP32,comun,A,1,166,15.945899998769164
yolov8_det,FP32,comun,A,1,167,12.3950999986846
yolov8_det,FP32,comun,A,1,168,10.576799992122687
yolov8_det,FP32,comun,A,1,169,10.852699997485615
yolov8_det,FP32,comun,A,1,170,12.323500006459653
yolov8_det,FP32,comun,A,1,171,16.965600007097237
yolov8_det,FP32,comun,A,1,172,12.891199992736802
yolov8_det,FP32,comun,A,1,173,10.223799996310845
yolov8_det,FP32,comun,A,1,174,10.206799997831695
yolov8_det,FP32,comun,A,1,175,10.702100000344217
yolov8_det,FP32,comun,A,1,176,10.836299989023246
yolov8_det,FP32,comun,A,1,177,10.806499994941987
yolov8_det,FP32,comun,A,1,178,12.978800004930235
yolov8_det,FP32,comun,A,1,179,10.77860000077635
yolov8_det,FP32,comun,A,1,180,9.942899996531196
yolov8_det,FP32,comun,A,1,181,18.209200003184378
yolov8_det,FP32,comun,A,1,182,14.169699992635287
yolov8_det,FP32,comun,A,1,183,10.999999998603016
yolov8_det,FP32,comun,A,1,184,12.698300008196384
yolov8_det,FP32,comun,A,1,185,11.45879999967292
yolov8_det,FP32,comun,A,1,186,10.717400000430644
yolov8_det,FP32,comun,A,1,187,10.487899999134243
yolov8_det,FP32,comun,A,1,188,12.376200000289828
yolov8_det,FP32,comun,A,1,189,9.967899997718632
yolov8_det,FP32,comun,A,1,190,10.478099997271784
yolov8_det,FP32,comun,A,1,191,10.43339999159798
yolov8_det,FP32,comun,A,1,192,11.452999999164604
yolov8_det,FP32,comun,A,1,193,16.97559999593068
yolov8_det,FP32,comun,A,1,194,14.476000011200085
yolov8_det,FP32,comun,A,1,195,11.74689999606926
yolov8_det,FP32,comun,A,1,196,10.28890001180116
yolov8_det,FP32,comun,A,1,197,12.285999997402541
yolov8_det,FP32,comun,A,1,198,11.122700001578778
yolov8_det,FP32,comun,A,1,199,10.055500009912066
yolov8_det,FP32,comun,A,1,200,10.01709999400191
yolov8_det,FP32,comun,A,1,201,10.894699997152202
yolov8_det,FP32,comun,A,1,202,12.051800003973767
yolov8_det,FP32,comun,A,1,203,10.246199992252514
yolov8_det,FP32,comun,A,1,204,10.317100008251145
yolov8_det,FP32,comun,A,1,205,9.928600004059263
yolov8_det,FP32,comun,A,1,206,11.650600004941225
yolov8_det,FP32,comun,A,1,207,11.709200000041164
yolov8_det,FP32,comun,A,1,208,11.576300006709062
yolov8_det,FP32,comun,A,1,209,11.452000006102026
yolov8_det,FP32,comun,A,1,210,10.847899990039878
yolov8_det,FP32,comun,A,1,211,11.757400003261864
yolov8_det,FP32,comun,A,1,212,10.60900000447873
yolov8_det,FP32,comun,A,1,213,11.853999996674247
yolov8_det,FP32,comun,A,1,214,10.411499999463558
yolov8_det,FP32,comun,A,1,215,10.299700006726198
yolov8_det,FP32,comun,A,1,216,10.634000005666167
yolov8_det,FP32,comun,A,1,217,10.088800001540221
yolov8_det,FP32,comun,A,1,218,10.132499999599531
yolov8_det,FP32,comun,A,1,219,11.188899996341206
yolov8_det,FP32,comun,A,1,220,9.977699999581091
yolov8_det,FP32,comun,A,1,221,10.179300006711856
yolov8_det,FP32,comun,A,1,222,10.423400002764538
yolov8_det,FP32,comun,A,1,223,14.890000005834736
yolov8_det,FP32,comun,A,1,224,10.950000010780059
yolov8_det,FP32,comun,A,1,225,11.16399999591522
yolov8_det,FP32,comun,A,1,226,10.195499999099411
yolov8_det,FP32,comun,A,1,227,11.186299991095439
yolov8_det,FP32,comun,A,1,228,10.113200012710877
yolov8_det,FP32,comun,A,1,229,10.110700008226559
yolov8_det,FP32,comun,A,1,230,14.3516000098316
yolov8_det,FP32,comun,A,1,231,11.678299997583963
yolov8_det,FP32,comun,A,1,232,14.186200001859106
yolov8_det,FP32,comun,A,1,233,13.344200007850304
yolov8_det,FP32,comun,A,1,234,10.41339999937918
yolov8_det,FP32,comun,A,1,235,11.658299990813248
yolov8_det,FP32,comun,A,1,236,11.775700011639856
yolov8_det,FP32,comun,A,1,237,10.64599999517668
yolov8_det,FP32,comun,A,1,238,10.360700005549006
yolov8_det,FP32,comun,A,1,239,11.318199991364963
yolov8_det,FP32,comun,A,1,240,10.566900004050694
yolov8_det,FP32,comun,A,1,241,10.43579999532085
yolov8_det,FP32,comun,A,1,242,13.499599997885525
yolov8_det,FP32,comun,A,1,243,10.522000011405908
yolov8_det,FP32,comun,A,1,244,11.324399994919077
yolov8_det,FP32,comun,A,1,245,10.393999997177161
yolov8_det,FP32,comun,A,1,246,9.704700001748279
yolov8_det,FP32,comun,A,1,247,11.845899993204512
yolov8_det,FP32,comun,A,1,248,10.316200001398101
yolov8_det,FP32,comun,A,1,249,11.381399992387742
yolov8_det,FP32,comun,A,1,250,10.54380000277888
yolov8_det,FP32,comun,A,1,251,11.342799989506602
yolov8_det,FP32,comun,A,1,252,14.368300006026402
yolov8_det,FP32,comun,A,1,253,10.188600004767068
yolov8_det,FP32,comun,A,1,254,10.310700003174134
yolov8_det,FP32,comun,A,1,255,11.357100011082366
yolov8_det,FP32,comun,A,1,256,13.109699997585267
yolov8_det,FP32,comun,A,1,257,14.27759999933187
yolov8_det,FP32,comun,A,1,258,10.280700007569976
yolov8_det,FP32,comun,A,1,259,10.869400008232333
yolov8_det,FP32,comun,A,1,260,10.450400004629046
yolov8_det,FP32,comun,A,1,261,10.405799999716692
yolov8_det,FP32,comun,A,1,262,10.499399999389425
yolov8_det,FP32,comun,A,1,263,10.755600000265986
yolov8_det,FP32,comun,A,1,264,11.488699994515628
yolov8_det,FP32,comun,A,1,265,11.154599997098558
yolov8_det,FP32,comun,A,1,266,15.403099998366088
yolov8_det,FP32,comun,A,1,267,15.439900002093054
yolov8_det,FP32,comun,A,1,268,11.78329999675043
yolov8_det,FP32,comun,A,1,269,11.460800000349991
yolov8_det,FP32,comun,A,1,270,11.940399999730289
yolov8_det,FP32,comun,A,1,271,11.733399995137006
yolov8_det,FP32,comun,A,1,272,12.844299999414943
yolov8_det,FP32,comun,A,1,273,12.252500004251488
yolov8_det,FP32,comun,A,1,274,13.876700002583675
yolov8_det,FP32,comun,A,1,275,12.757000004057772
yolov8_det,FP32,comun,A,1,276,11.561499995877966
yolov8_det,FP32,comun,A,1,277,18.00599999842234
yolov8_det,FP32,comun,A,1,278,10.468199994647875
yolov8_det,FP32,comun,A,1,279,11.714899999788031
yolov8_det,FP32,comun,A,1,280,11.392300002626143
yolov8_det,FP32,comun,A,1,281,15.564399989671074
yolov8_det,FP32,comun,A,1,282,13.637300013215281
yolov8_det,FP32,comun,A,1,283,10.138500001630746
yolov8_det,FP32,comun,A,1,284,11.505200003739446
yolov8_det,FP32,comun,A,1,285,10.255899993353523
yolov8_det,FP32,comun,A,1,286,10.932000004686415
yolov8_det,FP32,comun,A,1,287,11.128099999041297
yolov8_det,FP32,comun,A,1,288,16.204100000322796
yolov8_det,FP32,comun,A,1,289,10.845299999346025
yolov8_det,FP32,comun,A,1,290,10.263600008329377
yolov8_det,FP32,comun,A,1,291,10.482600002433173
yolov8_det,FP32,comun,A,1,292,13.289499998791143
yolov8_det,FP32,comun,A,1,293,11.515899997903034
yolov8_det,FP32,comun,A,1,294,10.180700002820231
yolov8_det,FP32,comun,A,1,295,10.14759999816306
yolov8_det,FP32,comun,A,1,296,10.777799994684756
yolov8_det,FP32,comun,A,1,297,14.97910000034608
yolov8_det,FP32,comun,A,1,298,12.442699997336604
yolov8_det,FP32,comun,A,1,299,11.389399995096028
yolov8_det,FP32,comun,A,1,300,11.450799996964633
yolov8_det,FP32,comun,A,1,301,11.711500003002584
yolov8_det,FP32,comun,A,1,302,11.399999988498166
yolov8_det,FP32,comun,A,1,303,12.078300002031028
yolov8_det,FP32,comun,A,1,304,10.381000000052154
yolov8_det,FP32,comun,A,1,305,10.801800002809614
yolov8_det,FP32,comun,A,1,306,10.247800004435703
yolov8_det,FP32,comun,A,1,307,10.204000005614944
yolov8_det,FP32,comun,A,1,308,10.690899987821467
yolov8_det,FP32,comun,A,1,309,10.183399994275533
yolov8_det,FP32,comun,A,1,310,10.816699999850243
yolov8_det,FP32,comun,A,1,311,9.568400011630729
yolov8_det,FP32,comun,A,1,312,10.355100006563589
yolov8_det,FP32,comun,A,1,313,10.268700003507547
yolov8_det,FP32,comun,A,1,314,16.20129999355413
yolov8_det,FP32,comun,A,1,315,12.80189999670256
yolov8_det,FP32,comun,A,1,316,10.35050000064075
yolov8_det,FP32,comun,A,1,317,10.250399995129555
yolov8_det,FP32,comun,A,1,318,10.120699997060001
yolov8_det,FP32,comun,A,1,319,11.45580000593327
yolov8_det,FP32,comun,A,1,320,10.297400003764778
yolov8_det,FP32,comun,A,1,321,10.457900003530085
yolov8_det,FP32,comun,A,1,322,10.870599988265894
yolov8_det,FP32,comun,A,1,323,10.498799994820729
yolov8_det,FP32,comun,A,1,324,12.936300001456402
yolov8_det,FP32,comun,A,1,325,10.919799999101087
yolov8_det,FP32,comun,A,1,326,11.33359999221284
yolov8_det,FP32,comun,A,1,327,11.367900006007403
yolov8_det,FP32,comun,A,1,328,15.974599999026395
yolov8_det,FP32,comun,A,1,329,12.397700003930368
yolov8_det,FP32,comun,A,1,330,11.19799999287352
yolov8_det,FP32,comun,A,1,331,11.134699991089292
yolov8_det,FP32,comun,A,1,332,10.312900005374104
yolov8_det,FP32,comun,A,1,333,10.210799999185838
yolov8_det,FP32,comun,A,1,334,14.420599996810779
yolov8_det,FP32,comun,A,1,335,10.241399999358691
yolov8_det,FP32,comun,A,1,336,10.22299999021925
yolov8_det,FP32,comun,A,1,337,10.256400011712685
yolov8_det,FP32,comun,A,1,338,10.580000001937151
yolov8_det,FP32,comun,A,1,339,10.232800006633624
yolov8_det,FP32,comun,A,1,340,10.437699995236471
yolov8_det,FP32,comun,A,1,341,10.975400000461377
yolov8_det,FP32,comun,A,1,342,11.575500000617467
yolov8_det,FP32,comun,A,1,343,14.268600003561005
yolov8_det,FP32,comun,A,1,344,11.825200010207482
yolov8_det,FP32,comun,A,1,345,10.957700011203997
yolov8_det,FP32,comun,A,1,346,12.31299999926705
yolov8_det,FP32,comun,A,1,347,10.89579999097623
yolov8_det,FP32,comun,A,1,348,11.512400000356138
yolov8_det,FP32,comun,A,1,349,10.603499991702847
yolov8_det,FP32,comun,A,1,350,10.289400001056492
yolov8_det,FP32,comun,A,1,351,11.890099995071068
yolov8_det,FP32,comun,A,1,352,10.706999993999489
yolov8_det,FP32,comun,A,1,353,10.259200003929436
yolov8_det,FP32,comun,A,1,354,11.116900001070462
yolov8_det,FP32,comun,A,1,355,13.079400014248677
yolov8_det,FP32,comun,A,1,356,10.437699995236471
yolov8_det,FP32,comun,A,1,357,11.398300004657358
yolov8_det,FP32,comun,A,1,358,10.362799992435612
yolov8_det,FP32,comun,A,1,359,10.305899995728396
yolov8_det,FP32,comun,A,1,360,10.402500003692694
yolov8_det,FP32,comun,A,1,361,10.448200002429076
yolov8_det,FP32,comun,A,1,362,11.041999998269603
yolov8_det,FP32,comun,A,1,363,14.28769998892676
yolov8_det,FP32,comun,A,1,364,14.046600001165643
yolov8_det,FP32,comun,A,1,365,11.616400006460026
yolov8_det,FP32,comun,A,1,366,12.725000007776543
yolov8_det,FP32,comun,A,1,367,15.026900000520982
yolov8_det,FP32,comun,A,1,368,10.607200005324557
yolov8_det,FP32,comun,A,1,369,10.773999994853511
yolov8_det,FP32,comun,A,1,370,11.248900002101436
yolov8_det,FP32,comun,A,1,371,13.74559999385383
yolov8_det,FP32,comun,A,1,372,11.641399993095547
yolov8_det,FP32,comun,A,1,373,10.681599989766255
yolov8_det,FP32,comun,B,1,0,30.831599986413494
yolov8_det,FP32,comun,B,1,1,21.254699997371063
yolov8_det,FP32,comun,B,1,2,25.51530000346247
yolov8_det,FP32,comun,B,1,3,28.357499992125668
yolov8_det,FP32,comun,B,1,4,25.94859999953769
yolov8_det,FP32,comun,B,1,5,22.40200000233017
yolov8_det,FP32,comun,B,1,6,27.197199990041554
yolov8_det,FP32,comun,B,1,7,22.92469999520108
yolov8_det,FP32,comun,B,1,8,21.67449999251403
yolov8_det,FP32,comun,B,1,9,22.863299993332475
yolov8_det,FP32,comun,B,1,10,22.393899998860434
yolov8_det,FP32,comun,B,1,11,22.85719999053981
yolov8_det,FP32,comun,B,1,12,23.948999994900078
yolov8_det,FP32,comun,B,1,13,23.513899999670684
yolov8_det,FP32,comun,B,1,14,23.307499999646097
yolov8_det,FP32,comun,B,1,15,24.36660000239499
yolov8_det,FP32,comun,B,1,16,21.81890000065323
yolov8_det,FP32,comun,B,1,17,24.612799999886192
yolov8_det,FP32,comun,B,1,18,26.13019999989774
yolov8_det,FP32,comun,B,1,19,25.68089999840595
yolov8_det,FP32,comun,B,1,20,26.81769999617245
yolov8_det,FP32,comun,B,1,21,26.648600003682077
yolov8_det,FP32,comun,B,1,22,28.004399995552376
yolov8_det,FP32,comun,B,1,23,28.77289999742061
yolov8_det,FP32,comun,B,1,24,33.49879999586847
yolov8_det,FP32,comun,B,1,25,23.780299990903586
yolov8_det,FP32,comun,B,1,26,20.758300001034513
yolov8_det,FP32,comun,B,1,27,21.322000000509433
yolov8_det,FP32,comun,B,1,28,21.50410000467673
yolov8_det,FP32,comun,B,1,29,25.5135000043083
yolov8_det,FP32,comun,B,1,30,22.61650000582449
yolov8_det,FP32,comun,B,1,31,22.13789999950677
yolov8_det,FP32,comun,B,1,32,21.036399994045496
yolov8_det,FP32,comun,B,1,33,22.108399993157946
yolov8_det,FP32,comun,B,1,34,23.79110000038054
yolov8_det,FP32,comun,B,1,35,21.428199994261377
yolov8_det,FP32,comun,B,1,36,23.00850000756327
yolov8_det,FP32,comun,B,1,37,24.170600008801557
yolov8_det,FP32,comun,B,1,38,22.831800000858493
yolov8_det,FP32,comun,B,1,39,19.76779999677092
yolov8_det,FP32,comun,B,1,40,23.337299993727356
yolov8_det,FP32,comun,B,1,41,26.027500003692694
yolov8_det,FP32,comun,B,1,42,24.2658999923151
yolov8_det,FP32,comun,B,1,43,22.275399998761714
yolov8_det,FP32,comun,B,1,44,20.15430000028573
yolov8_det,FP32,comun,B,1,45,22.257400007219985
yolov8_det,FP32,comun,B,1,46,24.569000001065433
yolov8_det,FP32,comun,B,1,47,23.589700009324588
yolov8_det,FP32,comun,B,1,48,21.757399998023175
yolov8_det,FP32,comun,B,1,49,25.615600010496564
yolov8_det,FP32,comun,B,1,50,21.93309999711346
yolov8_det,FP32,comun,B,1,51,23.9506999932928
yolov8_det,FP32,comun,B,1,52,20.65359998960048
yolov8_det,FP32,comun,B,1,53,22.777400008635595
yolov8_det,FP32,comun,B,1,54,27.711599992471747
yolov8_det,FP32,comun,B,1,55,26.950000014039688
yolov8_det,FP32,comun,B,1,56,26.107800003956072
yolov8_det,FP32,comun,B,1,57,21.27049998671282
yolov8_det,FP32,comun,B,1,58,22.030799998901784
yolov8_det,FP32,comun,B,1,59,24.7079999971902
yolov8_det,FP32,comun,B,1,60,25.99779999582097
yolov8_det,FP32,comun,B,1,61,23.711500005447306
yolov8_det,FP32,comun,B,1,62,25.191099994117394
yolov8_det,FP32,comun,B,1,63,22.24789999308996
yolov8_det,FP32,comun,B,1,64,23.29509999253787
yolov8_det,FP32,comun,B,1,65,22.487399997771718
yolov8_det,FP32,comun,B,1,66,21.48559999477584
yolov8_det,FP32,comun,B,1,67,20.47350000066217
yolov8_det,FP32,comun,B,1,68,23.387900000670925
yolov8_det,FP32,comun,B,1,69,30.509599993820302
yolov8_det,FP32,comun,B,1,70,22.683000002871267
yolov8_det,FP32,comun,B,1,71,21.670999994967133
yolov8_det,FP32,comun,B,1,72,21.98580000549555
yolov8_det,FP32,comun,B,1,73,22.23980000417214
yolov8_det,FP32,comun,B,1,74,22.105199997895397
yolov8_det,FP32,comun,B,1,75,22.867899999255314
yolov8_det,FP32,comun,B,1,76,21.129499989910983
yolov8_det,FP32,comun,B,1,77,31.722500003525056
yolov8_det,FP32,comun,B,1,78,27.201000004424714
yolov8_det,FP32,comun,B,1,79,28.16589998838026
yolov8_det,FP32,comun,B,1,80,35.141500004101545
yolov8_det,FP32,comun,B,1,81,27.348499992513098
yolov8_det,FP32,comun,B,1,82,23.503899996285327
yolov8_det,FP32,comun,B,1,83,34.075399991706945
yolov8_det,FP32,comun,B,1,84,24.936399990110658
yolov8_det,FP32,comun,B,1,85,22.405700001399964
yolov8_det,FP32,comun,B,1,86,22.397799999453127
yolov8_det,FP32,comun,B,1,87,26.537000012467615
yolov8_det,FP32,comun,B,1,88,23.94260000437498
yolov8_det,FP32,comun,B,1,89,22.1841000020504
yolov8_det,FP32,comun,B,1,90,20.950900012394413
yolov8_det,FP32,comun,B,1,91,23.727399995550513
yolov8_det,FP32,comun,B,1,92,21.736299997428432
yolov8_det,FP32,comun,B,1,93,22.272700007306412
yolov8_det,FP32,comun,B,1,94,22.63469999888912
yolov8_det,FP32,comun,B,1,95,25.68190000602044
yolov8_det,FP32,comun,B,1,96,24.3077000050107
yolov8_det,FP32,comun,B,1,97,21.725999991758727
yolov8_det,FP32,comun,B,1,98,22.727400006260723
yolov8_det,FP32,comun,B,1,99,22.31970000138972
yolov8_det,FP32,comun,B,1,100,24.759699997957796
yolov8_det,FP32,comun,B,1,101,22.913799999514595
yolov8_det,FP32,comun,B,1,102,22.966500007896684
yolov8_det,FP32,comun,B,1,103,18.837099996744655
yolov8_det,FP32,comun,B,1,104,21.776999987196177
yolov8_det,FP32,comun,B,1,105,22.184900008141994
yolov8_det,FP32,comun,B,1,106,32.7194999990752
yolov8_det,FP32,comun,B,1,107,29.378200008068234
yolov8_det,FP32,comun,B,1,108,24.69409999321215
yolov8_det,FP32,comun,B,1,109,23.122099999454804
yolov8_det,FP32,comun,B,1,110,24.519399987184443
yolov8_det,FP32,comun,B,1,111,23.174899994046427
yolov8_det,FP32,comun,B,1,112,21.35729999281466
yolov8_det,FP32,comun,B,1,113,30.50559999246616
yolov8_det,FP32,comun,B,1,114,26.929999992717057
yolov8_det,FP32,comun,B,1,115,25.817000001552515
yolov8_det,FP32,comun,B,1,116,27.44840001105331
yolov8_det,FP32,comun,B,1,117,25.146500003756955
yolov8_det,FP32,comun,B,1,118,21.338699996704236
yolov8_det,FP32,comun,B,1,119,26.10050000657793
yolov8_det,FP32,comun,B,1,120,21.996600000420585
yolov8_det,FP32,comun,B,1,121,21.710099987103604
yolov8_det,FP32,comun,B,1,122,24.692599996342324
yolov8_det,FP32,comun,B,1,123,25.829299993347377
yolov8_det,FP32,comun,B,1,124,29.318799992324784
yolov8_det,FP32,comun,B,1,125,25.367700000060722
yolov8_det,FP32,comun,B,1,126,23.14400000614114
yolov8_det,FP32,comun,B,1,127,21.938599995337427
yolov8_det,FP32,comun,B,1,128,21.55510000011418
yolov8_det,FP32,comun,B,1,129,22.964799994952045
yolov8_det,FP32,comun,B,1,130,22.683300005155616
yolov8_det,FP32,comun,B,1,131,27.10289999959059
yolov8_det,FP32,comun,B,1,132,26.230300005408935
yolov8_det,FP32,comun,B,1,133,23.770600004354492
yolov8_det,FP32,comun,B,1,134,21.883499997784384
yolov8_det,FP32,comun,B,1,135,19.35560000129044
yolov8_det,FP32,comun,B,1,136,29.589300000225194
yolov8_det,FP32,comun,B,1,137,24.500400002580136
yolov8_det,FP32,comun,B,1,138,21.30639999813866
yolov8_det,FP32,comun,B,1,139,21.520399997825734
yolov8_det,FP32,comun,B,1,140,21.85089999693446
yolov8_det,FP32,comun,B,1,141,21.972699993057176
yolov8_det,FP32,comun,B,1,142,20.267300002160482
yolov8_det,FP32,comun,B,1,143,19.677099990076385
yolov8_det,FP32,comun,B,1,144,20.672900005592965
yolov8_det,FP32,comun,B,1,145,23.240100010298193
yolov8_det,FP32,comun,B,1,146,22.71060000930447
yolov8_det,FP32,comun,B,1,147,24.713899998459965
yolov8_det,FP32,comun,B,1,148,23.692799994023517
yolov8_det,FP32,comun,B,1,149,23.171900000306778
yolov8_det,FP32,comun,B,1,150,21.422100006020628
yolov8_det,FP32,comun,B,1,151,23.23979999346193
yolov8_det,FP32,comun,B,1,152,23.89460000267718
yolov8_det,FP32,comun,B,1,153,21.757000009529293
yolov8_det,FP32,comun,B,1,154,20.143000001553446
yolov8_det,FP32,comun,B,1,155,21.24780000303872
yolov8_det,FP32,comun,B,1,156,34.23050000856165
yolov8_det,FP32,comun,B,1,157,24.690800011740066
yolov8_det,FP32,comun,B,1,158,23.23429999523796
yolov8_det,FP32,comun,B,1,159,22.73070000228472
yolov8_det,FP32,comun,B,1,160,22.906300000613555
yolov8_det,FP32,comun,B,1,161,24.33289999316912
yolov8_det,FP32,comun,B,1,162,25.770599997485988
yolov8_det,FP32,comun,B,1,163,23.992200003704056
yolov8_det,FP32,comun,B,1,164,21.305100002791733
yolov8_det,FP32,comun,B,1,165,24.791200004983693
yolov8_det,FP32,comun,B,1,166,24.254300005850382
yolov8_det,FP32,comun,B,1,167,23.969000001670793
yolov8_det,FP32,comun,B,1,168,24.792900003376417
yolov8_det,FP32,comun,B,1,169,23.27169998898171
yolov8_det,FP32,comun,B,1,170,21.05409999785479
yolov8_det,FP32,comun,B,1,171,23.53249999578111
yolov8_det,FP32,comun,B,1,172,24.637299997266382
yolov8_det,FP32,comun,B,1,173,22.903899996890686
yolov8_det,FP32,comun,B,1,174,23.949599999468774
yolov8_det,FP32,comun,B,1,175,21.345900007872842
yolov8_det,FP32,comun,B,1,176,21.322000000509433
yolov8_det,FP32,comun,B,1,177,23.36469999863766
yolov8_det,FP32,comun,B,1,178,23.731799999950454
yolov8_det,FP32,comun,B,1,179,24.76109999406617
yolov8_det,FP32,comun,B,1,180,23.937999998452142
yolov8_det,FP32,comun,B,1,181,22.993299993686378
yolov8_det,FP32,comun,B,1,182,21.94710000185296
yolov8_det,FP32,comun,B,1,183,22.2772000124678
yolov8_det,FP32,comun,B,1,184,22.343599994201213
yolov8_det,FP32,comun,B,1,185,22.662299990770407
yolov8_det,FP32,comun,B,1,186,24.583399994298816
yolov8_det,FP32,comun,B,1,187,33.09559999615885
yolov8_det,FP32,comun,B,1,188,22.347499994793907
yolov8_det,FP32,comun,B,1,189,23.24850000150036
yolov8_det,FP32,comun,B,1,190,22.81169999332633
yolov8_det,FP32,comun,B,1,191,20.923299991409294
yolov8_det,FP32,comun,B,1,192,25.68310000060592
yolov8_det,FP32,comun,B,1,193,23.198900002171285
yolov8_det,FP32,comun,B,1,194,25.610800003050826
yolov8_det,FP32,comun,B,1,195,24.106199998641387
yolov8_det,FP32,comun,B,1,196,24.302399993757717
yolov8_det,FP32,comun,B,1,197,23.284599999897182
yolov8_det,FP32,comun,B,1,198,23.711300003924407
yolov8_det,FP32,comun,B,1,199,22.988600001554005
yolov8_det,FP32,comun,B,1,200,24.359500006539747
yolov8_det,FP32,comun,B,1,201,21.91649998712819
yolov8_det,FP32,comun,B,1,202,23.162500001490116
yolov8_det,FP32,comun,B,1,203,27.438899996923283
yolov8_det,FP32,comun,B,1,204,34.07340000558179
yolov8_det,FP32,comun,B,1,205,23.214200002257712
yolov8_det,FP32,comun,B,1,206,22.73659998900257
yolov8_det,FP32,comun,B,1,207,19.954999996116385
yolov8_det,FP32,comun,B,1,208,23.282399997697212
yolov8_det,FP32,comun,B,1,209,24.542399987694807
yolov8_det,FP32,comun,B,1,210,28.929099993547425
yolov8_det,FP32,comun,B,1,211,25.550899998052046
yolov8_det,FP32,comun,B,1,212,22.38999999826774
yolov8_det,FP32,comun,B,1,213,24.496199999703094
yolov8_det,FP32,comun,B,1,214,24.539100006222725
yolov8_det,FP32,comun,B,1,215,22.5924000114901
yolov8_det,FP32,comun,B,1,216,24.883799997041933
yolov8_det,FP32,comun,B,1,217,24.69520000158809
yolov8_det,FP32,comun,B,1,218,23.940200000652112
yolov8_det,FP32,comun,B,1,219,32.98750000249129
yolov8_det,FP32,comun,B,1,220,23.250499987625517
yolov8_det,FP32,comun,B,1,221,22.355399996740744
yolov8_det,FP32,comun,B,1,222,25.655499994172715
yolov8_det,FP32,comun,B,1,223,22.581500001251698
yolov8_det,FP32,comun,B,1,224,21.784399999887682
yolov8_det,FP32,comun,B,1,225,27.713900009985082
yolov8_det,FP32,comun,B,1,226,25.523299991618842
yolov8_det,FP32,comun,B,1,227,23.12490000622347
yolov8_det,FP32,comun,B,1,228,21.684699997422285
yolov8_det,FP32,comun,B,1,229,22.493699987535365
yolov8_det,FP32,comun,B,1,230,29.14030000101775
yolov8_det,FP32,comun,B,1,231,33.311700011836365
yolov8_det,FP32,comun,B,1,232,23.900300002424046
yolov8_det,FP32,comun,B,1,233,23.747299987007864
yolov8_det,FP32,comun,B,1,234,25.38999999524094
yolov8_det,FP32,comun,B,1,235,23.136899995733984
yolov8_det,FP32,comun,B,1,236,16.993400000501424
yolov8_det,FP32,comun,B,1,237,24.55289999488741
yolov8_det,FP32,comun,B,1,238,22.13359999586828
yolov8_det,FP32,comun,B,1,239,27.159100005519576
yolov8_det,FP32,comun,B,1,240,24.82639999652747
yolov8_det,FP32,comun,B,1,241,23.720199998933822
yolov8_det,FP32,comun,B,1,242,26.762000008602627
yolov8_det,FP32,comun,B,1,243,27.381199994124472
yolov8_det,FP32,comun,B,1,244,28.84759999869857
yolov8_det,FP32,comun,B,1,245,23.353399999905378
yolov8_det,FP32,comun,B,1,246,20.624700002372265
yolov8_det,FP32,comun,B,1,247,22.33539998997003
yolov8_det,FP32,comun,B,1,248,19.40610000747256
yolov8_det,FP32,comun,B,1,249,24.503599997842684
yolov8_det,FP32,comun,B,1,250,22.200799998245202
yolov8_det,FP32,comun,B,1,251,23.233300002175383
yolov8_det,FP32,comun,B,1,252,22.40940000046976
yolov8_det,FP32,comun,B,1,253,19.061200000578538
yolov8_det,FP32,comun,B,1,254,21.667900000466034
yolov8_det,FP32,comun,B,1,255,22.506300010718405
yolov8_det,FP32,comun,B,1,256,22.192000003997236
yolov8_det,FP32,comun,B,1,257,23.397000011755154
yolov8_det,FP32,comun,B,1,258,21.565700008068234
yolov8_det,FP32,comun,B,1,259,24.199399995268323
yolov8_det,FP32,comun,B,1,260,22.284499995294027
yolov8_det,FP32,comun,B,1,261,22.54489999904763
yolov8_det,FP32,comun,B,1,262,24.08050000667572
yolov8_det,FP32,comun,B,1,263,29.9426000128733
yolov8_det,FP32,comun,B,1,264,26.062500008265488
yolov8_det,FP32,comun,B,1,265,24.968699988676235
yolov8_det,FP32,comun,B,1,266,32.24179999961052
yolov8_det,FP32,comun,B,1,267,30.451099999481812
yolov8_det,FP32,comun,B,1,268,26.80059999693185
yolov8_det,FP32,comun,B,1,269,20.13450000958983
yolov8_det,FP32,comun,B,1,270,22.524200001498684
yolov8_det,FP32,comun,B,1,271,21.745399993960746
yolov8_det,FP32,comun,B,1,272,23.90709999599494
yolov8_det,FP32,comun,B,1,273,22.437699997681193
yolov8_det,FP32,comun,B,1,274,24.587699997937307
yolov8_det,FP32,comun,B,1,275,31.31279999797698
yolov8_det,FP32,comun,B,1,276,24.454600003082305
yolov8_det,FP32,comun,B,1,277,22.801600003731437
yolov8_det,FP32,comun,B,1,278,21.195599998463877
yolov8_det,FP32,comun,B,1,279,22.89730000484269
yolov8_det,FP32,comun,B,1,280,23.920899999211542
yolov8_det,FP32,comun,B,1,281,23.818799993023276
yolov8_det,FP32,comun,B,1,282,26.91850000701379
yolov8_det,FP32,comun,B,1,283,23.528699995949864
yolov8_det,FP32,comun,B,1,284,24.549299996579066
yolov8_det,FP32,comun,B,1,285,23.740500007988885
yolov8_det,FP32,comun,B,1,286,22.17370001017116
yolov8_det,FP32,comun,B,1,287,23.667099987505935
yolov8_det,FP32,comun,B,1,288,18.93049999489449
yolov8_det,FP32,comun,B,1,289,25.07980000518728
yolov8_det,FP32,comun,B,1,290,34.50619999784976
yolov8_det,FP32,comun,B,1,291,33.72230000968557
yolov8_det,FP32,comun,B,1,292,31.907399999909103
yolov8_det,FP32,comun,B,1,293,28.29580000252463
yolov8_det,FP32,comun,B,1,294,25.007399992318824
yolov8_det,FP32,comun,B,1,295,22.741900000255555
yolov8_det,FP32,comun,B,1,296,24.876199997379445
yolov8_det,FP32,comun,B,1,297,26.39640000415966
yolov8_det,FP32,comun,B,1,298,23.380400001769885
yolov8_det,FP32,comun,B,1,299,24.08139999897685
yolov8_det,FP32,comun,B,1,300,31.012299994472414
yolov8_det,FP32,comun,B,1,301,28.19959999760613
yolov8_det,FP32,comun,B,1,302,26.09699999447912
yolov8_det,FP32,comun,B,1,303,23.863100010203198
yolov8_det,FP32,comun,B,1,304,23.42869999120012
yolov8_det,FP32,comun,B,1,305,24.332699991646223
yolov8_det,FP32,comun,B,1,306,30.928800013498403
yolov8_det,FP32,comun,B,1,307,26.67390000715386
yolov8_det,FP32,comun,B,1,308,24.68879999651108
yolov8_det,FP32,comun,B,1,309,24.055899993982166
yolov8_det,FP32,comun,B,1,310,17.346299995551817
yolov8_det,FP32,comun,B,1,311,33.01780000037979
yolov8_det,FP32,comun,B,1,312,33.475199990789406
yolov8_det,FP32,comun,B,1,313,23.093399999197572
yolov8_det,FP32,comun,B,1,314,29.117599988239817
yolov8_det,FP32,comun,B,1,315,22.5499999942258
yolov8_det,FP32,comun,B,1,316,24.29919999849517
yolov8_det,FP32,comun,B,1,317,22.040199997718446
yolov8_det,FP32,comun,B,1,318,24.339299998246133
yolov8_det,FP32,comun,B,1,319,24.969100006273948
yolov8_det,FP32,comun,B,1,320,23.862100002588704
yolov8_det,FP32,comun,B,1,321,23.228100006235763
yolov8_det,FP32,comun,B,1,322,24.837699995259754
yolov8_det,FP32,comun,B,1,323,22.50859999912791
yolov8_det,FP32,comun,B,1,324,23.398800010909326
yolov8_det,FP32,comun,B,1,325,22.032799999578856
yolov8_det,FP32,comun,B,1,326,23.69620000536088
yolov8_det,FP32,comun,B,1,327,23.196299996925518
yolov8_det,FP32,comun,B,1,328,24.705100004212
yolov8_det,FP32,comun,B,1,329,22.836100004496984
yolov8_det,FP32,comun,B,1,330,25.270600002841093
yolov8_det,FP32,comun,B,1,331,26.699800000642426
yolov8_det,FP32,comun,B,1,332,22.973400002229027
yolov8_det,FP32,comun,B,1,333,22.553300004801713
yolov8_det,FP32,comun,B,1,334,24.535000004107133
yolov8_det,FP32,comun,B,1,335,23.213299995404668
yolov8_det,FP32,comun,B,1,336,23.610799995367415
yolov8_det,FP32,comun,B,1,337,21.62460000545252
yolov8_det,FP32,comun,B,1,338,21.56680000189226
yolov8_det,FP32,comun,B,1,339,24.92579999670852
yolov8_det,FP32,comun,B,1,340,23.606099988683127
yolov8_det,FP32,comun,B,1,341,25.62210000178311
yolov8_det,FP32,comun,B,1,342,21.711899986257777
yolov8_det,FP32,comun,B,1,343,26.76659999997355
yolov8_det,FP32,comun,B,1,344,23.62780000839848
yolov8_det,FP32,comun,B,1,345,25.779299990972504
yolov8_det,FP32,comun,B,1,346,33.605599994189106
yolov8_det,FP32,comun,B,1,347,24.089899990940467
yolov8_det,FP32,comun,B,1,348,24.62210001249332
yolov8_det,FP32,comun,B,1,349,23.481700001866557
yolov8_det,FP32,comun,B,1,350,23.46100000431761
yolov8_det,FP32,comun,B,1,351,23.206700003356673
yolov8_det,FP32,comun,B,1,352,21.620399988023564
yolov8_det,FP32,comun,B,1,353,25.6805999961216
yolov8_det,FP32,comun,B,1,354,23.719000004348345
yolov8_det,FP32,comun,B,1,355,21.974899995257147
yolov8_det,FP32,comun,B,1,356,23.08640000410378
yolov8_det,FP32,comun,B,1,357,29.14440000313334
yolov8_det,FP32,comun,B,1,358,35.29509999498259
yolov8_det,FP32,comun,B,1,359,30.239400002756156
yolov8_det,FP32,comun,B,1,360,20.140499997069128
yolov8_det,FP32,comun,B,1,361,23.893599995062687
yolov8_det,FP32,comun,B,1,362,24.93099999264814
yolov8_det,FP32,comun,B,1,363,24.225999994087033
yolov8_det,FP32,comun,B,1,364,33.68629999749828
yolov8_det,FP32,comun,B,1,365,26.046200000564568
yolov8_det,FP32,comun,B,1,366,21.311799995601177
yolov8_det,FP32,comun,B,1,367,23.983200007933192
yolov8_det,FP32,comun,B,1,368,21.437799994600937
yolov8_det,FP32,comun,B,1,369,26.003299994044937
yolov8_det,FP32,comun,B,1,370,25.126900000032037
yolov8_det,FP32,comun,B,1,371,23.814000000129454
yolov8_det,FP32,comun,B,1,372,23.33389999694191
yolov8_det,FP32,comun,B,1,373,23.2391000026837
yolov8_det,FP32,comun,A,2,0,15.337200005888008
yolov8_det,FP32,comun,A,2,1,14.849099999992177
yolov8_det,FP32,comun,A,2,2,14.627299999119714
yolov8_det,FP32,comun,A,2,3,16.40429999679327
yolov8_det,FP32,comun,A,2,4,16.507299995282665
yolov8_det,FP32,comun,A,2,5,14.406400005100295
yolov8_det,FP32,comun,A,2,6,14.724699998623691
yolov8_det,FP32,comun,A,2,7,13.984800010803156
yolov8_det,FP32,comun,A,2,8,14.155400000163354
yolov8_det,FP32,comun,A,2,9,13.593600000604056
yolov8_det,FP32,comun,A,2,10,13.444600001093931
yolov8_det,FP32,comun,A,2,11,13.51069999509491
yolov8_det,FP32,comun,A,2,12,15.49249999516178
yolov8_det,FP32,comun,A,2,13,13.465500000165775
yolov8_det,FP32,comun,A,2,14,13.613400005851872
yolov8_det,FP32,comun,A,2,15,13.5691999894334
yolov8_det,FP32,comun,A,2,16,13.385700003709644
yolov8_det,FP32,comun,A,2,17,20.446799986530095
yolov8_det,FP32,comun,A,2,18,14.09960001183208
yolov8_det,FP32,comun,A,2,19,13.7135999975726
yolov8_det,FP32,comun,A,2,20,13.504000002285466
yolov8_det,FP32,comun,A,2,21,13.363300007767975
yolov8_det,FP32,comun,A,2,22,12.933799996972084
yolov8_det,FP32,comun,A,2,23,14.825100006419234
yolov8_det,FP32,comun,A,2,24,12.513299996498972
yolov8_det,FP32,comun,A,2,25,12.76990000042133
yolov8_det,FP32,comun,A,2,26,14.482099999440834
yolov8_det,FP32,comun,A,2,27,12.55279999168124
yolov8_det,FP32,comun,A,2,28,20.057400004589
yolov8_det,FP32,comun,A,2,29,16.223899991018698
yolov8_det,FP32,comun,A,2,30,14.571699997759424
yolov8_det,FP32,comun,A,2,31,12.413300006301142
yolov8_det,FP32,comun,A,2,32,12.43879999674391
yolov8_det,FP32,comun,A,2,33,12.126700006774627
yolov8_det,FP32,comun,A,2,34,12.219899988849647
yolov8_det,FP32,comun,A,2,35,14.774399998714216
yolov8_det,FP32,comun,A,2,36,12.498999989475124
yolov8_det,FP32,comun,A,2,37,12.213900001370348
yolov8_det,FP32,comun,A,2,38,12.219900003401563
yolov8_det,FP32,comun,A,2,39,17.072600006940775
yolov8_det,FP32,comun,A,2,40,11.887500004377216
yolov8_det,FP32,comun,A,2,41,12.148699999670498
yolov8_det,FP32,comun,A,2,42,12.056700012180954
yolov8_det,FP32,comun,A,2,43,11.950700005399995
yolov8_det,FP32,comun,A,2,44,12.265600002137944
yolov8_det,FP32,comun,A,2,45,13.788900003419258
yolov8_det,FP32,comun,A,2,46,11.76090000080876
yolov8_det,FP32,comun,A,2,47,12.040100002195686
yolov8_det,FP32,comun,A,2,48,12.195300005259924
yolov8_det,FP32,comun,A,2,49,12.007299999822862
yolov8_det,FP32,comun,A,2,50,12.255599998752587
yolov8_det,FP32,comun,A,2,51,14.732899988302961
yolov8_det,FP32,comun,A,2,52,11.69349999690894
yolov8_det,FP32,comun,A,2,53,22.28619999368675
yolov8_det,FP32,comun,A,2,54,10.495900001842529
yolov8_det,FP32,comun,A,2,55,10.857800007215701
yolov8_det,FP32,comun,A,2,56,13.675900001544505
yolov8_det,FP32,comun,A,2,57,11.03270000021439
yolov8_det,FP32,comun,A,2,58,11.851000002934597
yolov8_det,FP32,comun,A,2,59,10.269600010360591
yolov8_det,FP32,comun,A,2,60,10.357299994211644
yolov8_det,FP32,comun,A,2,61,10.350800002925098
yolov8_det,FP32,comun,A,2,62,10.473000002093613
yolov8_det,FP32,comun,A,2,63,10.43999999819789
yolov8_det,FP32,comun,A,2,64,10.501999990083277
yolov8_det,FP32,comun,A,2,65,11.456300009740517
yolov8_det,FP32,comun,A,2,66,10.963799999444745
yolov8_det,FP32,comun,A,2,67,9.425100011867471
yolov8_det,FP32,comun,A,2,68,10.86100000247825
yolov8_det,FP32,comun,A,2,69,10.275200009346008
yolov8_det,FP32,comun,A,2,70,10.816800000611693
yolov8_det,FP32,comun,A,2,71,10.868700002902187
yolov8_det,FP32,comun,A,2,72,10.349000003770925
yolov8_det,FP32,comun,A,2,73,10.38600000902079
yolov8_det,FP32,comun,A,2,74,21.405899999081157
yolov8_det,FP32,comun,A,2,75,15.211700010695495
yolov8_det,FP32,comun,A,2,76,10.465899991686456
yolov8_det,FP32,comun,A,2,77,10.508499995921738
yolov8_det,FP32,comun,A,2,78,10.610099998302758
yolov8_det,FP32,comun,A,2,79,10.323299997253343
yolov8_det,FP32,comun,A,2,80,11.163399991346523
yolov8_det,FP32,comun,A,2,81,11.449300000094809
yolov8_det,FP32,comun,A,2,82,12.436400007572956
yolov8_det,FP32,comun,A,2,83,11.77810000081081
yolov8_det,FP32,comun,A,2,84,10.27349999640137
yolov8_det,FP32,comun,A,2,85,11.017700002412312
yolov8_det,FP32,comun,A,2,86,13.933599999290891
yolov8_det,FP32,comun,A,2,87,10.64839999889955
yolov8_det,FP32,comun,A,2,88,10.295100000803359
yolov8_det,FP32,comun,A,2,89,11.346500003128313
yolov8_det,FP32,comun,A,2,90,14.167799992719665
yolov8_det,FP32,comun,A,2,91,11.699199996655807
yolov8_det,FP32,comun,A,2,92,10.914500002400018
yolov8_det,FP32,comun,A,2,93,13.00989999435842
yolov8_det,FP32,comun,A,2,94,10.245800003758632
yolov8_det,FP32,comun,A,2,95,10.460500008775853
yolov8_det,FP32,comun,A,2,96,10.484100013854913
yolov8_det,FP32,comun,A,2,97,10.763099999167025
yolov8_det,FP32,comun,A,2,98,11.721000002580695
yolov8_det,FP32,comun,A,2,99,11.774600003263913
yolov8_det,FP32,comun,A,2,100,10.433400006149895
yolov8_det,FP32,comun,A,2,101,10.6625000044005
yolov8_det,FP32,comun,A,2,102,11.59199999528937
yolov8_det,FP32,comun,A,2,103,11.382500000763685
yolov8_det,FP32,comun,A,2,104,11.065500002587214
yolov8_det,FP32,comun,A,2,105,14.75019998906646
yolov8_det,FP32,comun,A,2,106,13.450900005409494
yolov8_det,FP32,comun,A,2,107,10.346900002332404
yolov8_det,FP32,comun,A,2,108,11.246699999901466
yolov8_det,FP32,comun,A,2,109,10.534800007008016
yolov8_det,FP32,comun,A,2,110,10.357000006479211
yolov8_det,FP32,comun,A,2,111,10.275799999362789
yolov8_det,FP32,comun,A,2,112,11.180500005139038
yolov8_det,FP32,comun,A,2,113,13.622399987070821
yolov8_det,FP32,comun,A,2,114,10.688000009395182
yolov8_det,FP32,comun,A,2,115,10.320500005036592
yolov8_det,FP32,comun,A,2,116,10.431700007757172
yolov8_det,FP32,comun,A,2,117,13.813600002322346
yolov8_det,FP32,comun,A,2,118,11.482800007797778
yolov8_det,FP32,comun,A,2,119,10.436299999128096
yolov8_det,FP32,comun,A,2,120,12.017499990179203
yolov8_det,FP32,comun,A,2,121,10.634899997967295
yolov8_det,FP32,comun,A,2,122,11.417600006097928
yolov8_det,FP32,comun,A,2,123,10.911799996392801
yolov8_det,FP32,comun,A,2,124,11.940599986701272
yolov8_det,FP32,comun,A,2,125,11.44180000119377
yolov8_det,FP32,comun,A,2,126,11.299799996777438
yolov8_det,FP32,comun,A,2,127,13.869700007489882
yolov8_det,FP32,comun,A,2,128,10.671100011677481
yolov8_det,FP32,comun,A,2,129,10.36000000021886
yolov8_det,FP32,comun,A,2,130,11.702099989634007
yolov8_det,FP32,comun,A,2,131,11.673000000882894
yolov8_det,FP32,comun,A,2,132,11.828000002424233
yolov8_det,FP32,comun,A,2,133,12.060499997460283
yolov8_det,FP32,comun,A,2,134,11.851200004457496
yolov8_det,FP32,comun,A,2,135,11.816199999884702
yolov8_det,FP32,comun,A,2,136,11.61359999969136
yolov8_det,FP32,comun,A,2,137,12.229699990712106
yolov8_det,FP32,comun,A,2,138,10.429500005557202
yolov8_det,FP32,comun,A,2,139,10.393599994131364
yolov8_det,FP32,comun,A,2,140,10.147900000447407
yolov8_det,FP32,comun,A,2,141,10.485399994649924
yolov8_det,FP32,comun,A,2,142,14.269000006606802
yolov8_det,FP32,comun,A,2,143,13.12340000004042
yolov8_det,FP32,comun,A,2,144,10.593700004392304
yolov8_det,FP32,comun,A,2,145,16.23490000201855
yolov8_det,FP32,comun,A,2,146,10.233900000457652
yolov8_det,FP32,comun,A,2,147,17.675499999313615
yolov8_det,FP32,comun,A,2,148,11.27950000227429
yolov8_det,FP32,comun,A,2,149,21.94009999220725
yolov8_det,FP32,comun,A,2,150,11.479799999506213
yolov8_det,FP32,comun,A,2,151,10.830400002305396
yolov8_det,FP32,comun,A,2,152,10.77639999857638
yolov8_det,FP32,comun,A,2,153,10.168099994189106
yolov8_det,FP32,comun,A,2,154,10.17120000324212
yolov8_det,FP32,comun,A,2,155,10.773899994092062
yolov8_det,FP32,comun,A,2,156,11.326799998641945
yolov8_det,FP32,comun,A,2,157,10.370199990575202
yolov8_det,FP32,comun,A,2,158,11.663600002066232
yolov8_det,FP32,comun,A,2,159,10.098900005687028
yolov8_det,FP32,comun,A,2,160,12.164399988250807
yolov8_det,FP32,comun,A,2,161,12.43800000520423
yolov8_det,FP32,comun,A,2,162,10.129899994353764
yolov8_det,FP32,comun,A,2,163,12.893100007204339
yolov8_det,FP32,comun,A,2,164,10.242599993944168
yolov8_det,FP32,comun,A,2,165,10.347300005378202
yolov8_det,FP32,comun,A,2,166,11.674200010020286
yolov8_det,FP32,comun,A,2,167,13.63149999815505
yolov8_det,FP32,comun,A,2,168,11.2410000001546
yolov8_det,FP32,comun,A,2,169,10.436700002173893
yolov8_det,FP32,comun,A,2,170,13.873700008844025
yolov8_det,FP32,comun,A,2,171,10.512399996514432
yolov8_det,FP32,comun,A,2,172,10.23499999428168
yolov8_det,FP32,comun,A,2,173,10.34760000766255
yolov8_det,FP32,comun,A,2,174,10.773799993330613
yolov8_det,FP32,comun,A,2,175,10.141999999177642
yolov8_det,FP32,comun,A,2,176,11.005099993781187
yolov8_det,FP32,comun,A,2,177,11.240499996347353
yolov8_det,FP32,comun,A,2,178,11.917499999981374
yolov8_det,FP32,comun,A,2,179,10.910600001807325
yolov8_det,FP32,comun,A,2,180,10.792200002470054
yolov8_det,FP32,comun,A,2,181,11.489399999845773
yolov8_det,FP32,comun,A,2,182,12.044400005834177
yolov8_det,FP32,comun,A,2,183,12.268599995877594
yolov8_det,FP32,comun,A,2,184,12.168699991889298
yolov8_det,FP32,comun,A,2,185,10.62679999449756
yolov8_det,FP32,comun,A,2,186,10.670799994841218
yolov8_det,FP32,comun,A,2,187,10.497999988729134
yolov8_det,FP32,comun,A,2,188,11.066999999457039
yolov8_det,FP32,comun,A,2,189,10.427800007164478
yolov8_det,FP32,comun,A,2,190,10.397999998531304
yolov8_det,FP32,comun,A,2,191,10.605999996187165
yolov8_det,FP32,comun,A,2,192,10.50760000362061
yolov8_det,FP32,comun,A,2,193,10.513599991099909
yolov8_det,FP32,comun,A,2,194,10.752800008049235
yolov8_det,FP32,comun,A,2,195,10.70899999467656
yolov8_det,FP32,comun,A,2,196,14.691200005472638
yolov8_det,FP32,comun,A,2,197,11.190600009285845
yolov8_det,FP32,comun,A,2,198,10.376299993367866
yolov8_det,FP32,comun,A,2,199,10.069999989354983
yolov8_det,FP32,comun,A,2,200,12.042699992889538
yolov8_det,FP32,comun,A,2,201,10.066899994853884
yolov8_det,FP32,comun,A,2,202,10.283399999025278
yolov8_det,FP32,comun,A,2,203,10.341000001062639
yolov8_det,FP32,comun,A,2,204,11.027000000467524
yolov8_det,FP32,comun,A,2,205,10.149299996555783
yolov8_det,FP32,comun,A,2,206,11.518900006194599
yolov8_det,FP32,comun,A,2,207,10.370699994382448
yolov8_det,FP32,comun,A,2,208,13.576999990618788
yolov8_det,FP32,comun,A,2,209,10.200500008068047
yolov8_det,FP32,comun,A,2,210,10.240599993267097
yolov8_det,FP32,comun,A,2,211,14.597400004277006
yolov8_det,FP32,comun,A,2,212,10.283900002832524
yolov8_det,FP32,comun,A,2,213,11.408000005758367
yolov8_det,FP32,comun,A,2,214,11.073900008341298
yolov8_det,FP32,comun,A,2,215,10.479100004886277
yolov8_det,FP32,comun,A,2,216,11.186100004124455
yolov8_det,FP32,comun,A,2,217,11.232000004383735
yolov8_det,FP32,comun,A,2,218,11.761600006138906
yolov8_det,FP32,comun,A,2,219,12.482200007070787
yolov8_det,FP32,comun,A,2,220,10.179799995967187
yolov8_det,FP32,comun,A,2,221,10.200499993516132
yolov8_det,FP32,comun,A,2,222,10.255200002575293
yolov8_det,FP32,comun,A,2,223,10.497700000996701
yolov8_det,FP32,comun,A,2,224,10.383200002252124
yolov8_det,FP32,comun,A,2,225,11.031899994122796
yolov8_det,FP32,comun,A,2,226,12.056699997629039
yolov8_det,FP32,comun,A,2,227,10.534400003962219
yolov8_det,FP32,comun,A,2,228,10.373899989644997
yolov8_det,FP32,comun,A,2,229,10.618400003295392
yolov8_det,FP32,comun,A,2,230,10.298399996827357
yolov8_det,FP32,comun,A,2,231,11.599400007980876
yolov8_det,FP32,comun,A,2,232,12.027799995848909
yolov8_det,FP32,comun,A,2,233,12.651700002606958
yolov8_det,FP32,comun,A,2,234,10.487799998372793
yolov8_det,FP32,comun,A,2,235,13.898600009270012
yolov8_det,FP32,comun,A,2,236,13.732499995967373
yolov8_det,FP32,comun,A,2,237,14.819800009718165
yolov8_det,FP32,comun,A,2,238,10.272100000292994
yolov8_det,FP32,comun,A,2,239,10.667900001863018
yolov8_det,FP32,comun,A,2,240,10.611600009724498
yolov8_det,FP32,comun,A,2,241,10.435999996843748
yolov8_det,FP32,comun,A,2,242,10.371600001235493
yolov8_det,FP32,comun,A,2,243,10.57649998983834
yolov8_det,FP32,comun,A,2,244,11.357000010320917
yolov8_det,FP32,comun,A,2,245,16.2488000059966
yolov8_det,FP32,comun,A,2,246,10.027200012700632
yolov8_det,FP32,comun,A,2,247,12.91299999866169
yolov8_det,FP32,comun,A,2,248,10.776299997814931
yolov8_det,FP32,comun,A,2,249,10.62169999931939
yolov8_det,FP32,comun,A,2,250,10.263800009852275
yolov8_det,FP32,comun,A,2,251,22.090999991632998
yolov8_det,FP32,comun,A,2,252,11.660599993774667
yolov8_det,FP32,comun,A,2,253,15.665699989767745
yolov8_det,FP32,comun,A,2,254,11.274799995590001
yolov8_det,FP32,comun,A,2,255,12.595599997439422
yolov8_det,FP32,comun,A,2,256,10.46900000073947
yolov8_det,FP32,comun,A,2,257,13.665299993590452
yolov8_det,FP32,comun,A,2,258,13.97529999667313
yolov8_det,FP32,comun,A,2,259,15.146599995205179
yolov8_det,FP32,comun,A,2,260,11.783300011302345
yolov8_det,FP32,comun,A,2,261,12.543500008177944
yolov8_det,FP32,comun,A,2,262,11.842299994896166
yolov8_det,FP32,comun,A,2,263,11.660300006042235
yolov8_det,FP32,comun,A,2,264,12.072700003045611
yolov8_det,FP32,comun,A,2,265,13.455499996780418
yolov8_det,FP32,comun,A,2,266,10.322999994968995
yolov8_det,FP32,comun,A,2,267,10.576000000583008
yolov8_det,FP32,comun,A,2,268,11.999599999398924
yolov8_det,FP32,comun,A,2,269,10.296599997673184
yolov8_det,FP32,comun,A,2,270,10.322100002667867
yolov8_det,FP32,comun,A,2,271,10.809599989443086
yolov8_det,FP32,comun,A,2,272,10.81049999629613
yolov8_det,FP32,comun,A,2,273,11.164499999722466
yolov8_det,FP32,comun,A,2,274,11.325799991027452
yolov8_det,FP32,comun,A,2,275,10.192900008405559
yolov8_det,FP32,comun,A,2,276,11.15350000327453
yolov8_det,FP32,comun,A,2,277,15.062999998917803
yolov8_det,FP32,comun,A,2,278,12.109700008295476
yolov8_det,FP32,comun,A,2,279,10.674000004655682
yolov8_det,FP32,comun,A,2,280,11.624999999185093
yolov8_det,FP32,comun,A,2,281,11.255999997956678
yolov8_det,FP32,comun,A,2,282,10.59190000523813
yolov8_det,FP32,comun,A,2,283,11.6719999932684
yolov8_det,FP32,comun,A,2,284,10.253200001898222
yolov8_det,FP32,comun,A,2,285,10.382899999967776
yolov8_det,FP32,comun,A,2,286,10.551799990935251
yolov8_det,FP32,comun,A,2,287,13.915400006226264
yolov8_det,FP32,comun,A,2,288,20.43220000632573
yolov8_det,FP32,comun,A,2,289,15.887799992924556
yolov8_det,FP32,comun,A,2,290,10.220299998763949
yolov8_det,FP32,comun,A,2,291,14.487599997664802
yolov8_det,FP32,comun,A,2,292,10.254100008751266
yolov8_det,FP32,comun,A,2,293,10.837499998160638
yolov8_det,FP32,comun,A,2,294,11.033100003260188
yolov8_det,FP32,comun,A,2,295,11.355999988154508
yolov8_det,FP32,comun,A,2,296,14.99750000948552
yolov8_det,FP32,comun,A,2,297,13.19820000207983
yolov8_det,FP32,comun,A,2,298,10.669499999494292
yolov8_det,FP32,comun,A,2,299,11.528000002726912
yolov8_det,FP32,comun,A,2,300,10.578799992799759
yolov8_det,FP32,comun,A,2,301,10.445599997183308
yolov8_det,FP32,comun,A,2,302,10.761300000012852
yolov8_det,FP32,comun,A,2,303,10.48599999921862
yolov8_det,FP32,comun,A,2,304,14.399099993170239
yolov8_det,FP32,comun,A,2,305,13.68180000281427
yolov8_det,FP32,comun,A,2,306,15.30429998820182
yolov8_det,FP32,comun,A,2,307,10.425100001157261
yolov8_det,FP32,comun,A,2,308,15.083099991898052
yolov8_det,FP32,comun,A,2,309,15.877099998760968
yolov8_det,FP32,comun,A,2,310,10.623099995427765
yolov8_det,FP32,comun,A,2,311,9.53049999952782
yolov8_det,FP32,comun,A,2,312,10.575700012850575
yolov8_det,FP32,comun,A,2,313,10.495399998035282
yolov8_det,FP32,comun,A,2,314,10.525899997446686
yolov8_det,FP32,comun,A,2,315,11.475500010419637
yolov8_det,FP32,comun,A,2,316,11.274199991021305
yolov8_det,FP32,comun,A,2,317,10.407800000393763
yolov8_det,FP32,comun,A,2,318,10.907699994277209
yolov8_det,FP32,comun,A,2,319,11.283899992122315
yolov8_det,FP32,comun,A,2,320,11.612100002821535
yolov8_det,FP32,comun,A,2,321,11.181199995917268
yolov8_det,FP32,comun,A,2,322,20.9815999987768
yolov8_det,FP32,comun,A,2,323,10.490100001334213
yolov8_det,FP32,comun,A,2,324,17.13480000034906
yolov8_det,FP32,comun,A,2,325,10.506999999051914
yolov8_det,FP32,comun,A,2,326,10.32459999260027
yolov8_det,FP32,comun,A,2,327,10.453499999130145
yolov8_det,FP32,comun,A,2,328,15.548199997283518
yolov8_det,FP32,comun,A,2,329,10.892300007981248
yolov8_det,FP32,comun,A,2,330,10.58690001082141
yolov8_det,FP32,comun,A,2,331,18.506199994590133
yolov8_det,FP32,comun,A,2,332,11.110399995232001
yolov8_det,FP32,comun,A,2,333,10.4979000025196
yolov8_det,FP32,comun,A,2,334,10.566299999481998
yolov8_det,FP32,comun,A,2,335,16.40509998833295
yolov8_det,FP32,comun,A,2,336,22.056200003135018
yolov8_det,FP32,comun,A,2,337,10.8098000055179
yolov8_det,FP32,comun,A,2,338,11.437000008299947
yolov8_det,FP32,comun,A,2,339,10.497600000235252
yolov8_det,FP32,comun,A,2,340,17.85040000686422
yolov8_det,FP32,comun,A,2,341,14.185299995006062
yolov8_det,FP32,comun,A,2,342,11.63049999740906
yolov8_det,FP32,comun,A,2,343,11.767000003601424
yolov8_det,FP32,comun,A,2,344,13.221100001828745
yolov8_det,FP32,comun,A,2,345,11.730400001397356
yolov8_det,FP32,comun,A,2,346,11.542199994437397
yolov8_det,FP32,comun,A,2,347,11.974900000495836
yolov8_det,FP32,comun,A,2,348,11.866700006066822
yolov8_det,FP32,comun,A,2,349,11.757200001738966
yolov8_det,FP32,comun,A,2,350,11.129400008940138
yolov8_det,FP32,comun,A,2,351,10.698599988245405
yolov8_det,FP32,comun,A,2,352,10.650699987309054
yolov8_det,FP32,comun,A,2,353,10.342100009438582
yolov8_det,FP32,comun,A,2,354,11.858300000312738
yolov8_det,FP32,comun,A,2,355,10.48609999998007
yolov8_det,FP32,comun,A,2,356,10.647899995092303
yolov8_det,FP32,comun,A,2,357,10.670199990272522
yolov8_det,FP32,comun,A,2,358,16.683699999703094
yolov8_det,FP32,comun,A,2,359,10.426299995742738
yolov8_det,FP32,comun,A,2,360,10.135900010936894
yolov8_det,FP32,comun,A,2,361,10.322000001906417
yolov8_det,FP32,comun,A,2,362,10.48689999151975
yolov8_det,FP32,comun,A,2,363,10.530899991863407
yolov8_det,FP32,comun,A,2,364,10.532899992540479
yolov8_det,FP32,comun,A,2,365,14.139100007014349
yolov8_det,FP32,comun,A,2,366,13.917799995397218
yolov8_det,FP32,comun,A,2,367,12.51800000318326
yolov8_det,FP32,comun,A,2,368,12.282499999855645
yolov8_det,FP32,comun,A,2,369,10.214199995971285
yolov8_det,FP32,comun,A,2,370,13.847700000042096
yolov8_det,FP32,comun,A,2,371,12.594900006661192
yolov8_det,FP32,comun,A,2,372,10.249999992083758
yolov8_det,FP32,comun,A,2,373,10.17629999842029
yolov8_det,FP32,comun,B,2,0,32.057399992481805
yolov8_det,FP32,comun,B,2,1,20.81200000247918
yolov8_det,FP32,comun,B,2,2,21.821099988301285
yolov8_det,FP32,comun,B,2,3,25.305500006652437
yolov8_det,FP32,comun,B,2,4,24.174000005587004
yolov8_det,FP32,comun,B,2,5,23.589499993249774
yolov8_det,FP32,comun,B,2,6,24.095599990687333
yolov8_det,FP32,comun,B,2,7,35.682199988514185
yolov8_det,FP32,comun,B,2,8,21.83070000319276
yolov8_det,FP32,comun,B,2,9,22.772700001951307
yolov8_det,FP32,comun,B,2,10,22.7113000000827
yolov8_det,FP32,comun,B,2,11,22.951899998588488
yolov8_det,FP32,comun,B,2,12,24.43989999301266
yolov8_det,FP32,comun,B,2,13,22.52170001156628
yolov8_det,FP32,comun,B,2,14,23.415699994075112
yolov8_det,FP32,comun,B,2,15,23.386199987726286
yolov8_det,FP32,comun,B,2,16,23.683899999014102
yolov8_det,FP32,comun,B,2,17,23.882399997091852
yolov8_det,FP32,comun,B,2,18,21.53859999089036
yolov8_det,FP32,comun,B,2,19,21.781000003102235
yolov8_det,FP32,comun,B,2,20,28.684899996733293
yolov8_det,FP32,comun,B,2,21,33.125900008599274
yolov8_det,FP32,comun,B,2,22,33.05730001011398
yolov8_det,FP32,comun,B,2,23,28.7829999870155
yolov8_det,FP32,comun,B,2,24,25.02000000094995
yolov8_det,FP32,comun,B,2,25,22.894699999596924
yolov8_det,FP32,comun,B,2,26,20.51059999212157
yolov8_det,FP32,comun,B,2,27,21.23040000151377
yolov8_det,FP32,comun,B,2,28,21.660300000803545
yolov8_det,FP32,comun,B,2,29,22.671800004900433
yolov8_det,FP32,comun,B,2,30,22.496300007333048
yolov8_det,FP32,comun,B,2,31,22.43349999480415
yolov8_det,FP32,comun,B,2,32,22.819799996796064
yolov8_det,FP32,comun,B,2,33,22.063800002797507
yolov8_det,FP32,comun,B,2,34,25.097199992160313
yolov8_det,FP32,comun,B,2,35,20.69889999984298
yolov8_det,FP32,comun,B,2,36,23.095199998351745
yolov8_det,FP32,comun,B,2,37,24.17619999323506
yolov8_det,FP32,comun,B,2,38,22.343099990393966
yolov8_det,FP32,comun,B,2,39,19.402899997658096
yolov8_det,FP32,comun,B,2,40,22.998400003416464
yolov8_det,FP32,comun,B,2,41,22.143200010759756
yolov8_det,FP32,comun,B,2,42,22.533600000315346
yolov8_det,FP32,comun,B,2,43,21.458600007463247
yolov8_det,FP32,comun,B,2,44,19.50290000240784
yolov8_det,FP32,comun,B,2,45,21.91129999118857
yolov8_det,FP32,comun,B,2,46,24.25509999739006
yolov8_det,FP32,comun,B,2,47,22.9754000029061
yolov8_det,FP32,comun,B,2,48,21.26519999001175
yolov8_det,FP32,comun,B,2,49,34.87799999129493
yolov8_det,FP32,comun,B,2,50,22.42619999742601
yolov8_det,FP32,comun,B,2,51,23.864999995566905
yolov8_det,FP32,comun,B,2,52,19.65419999032747
yolov8_det,FP32,comun,B,2,53,22.362000003340654
yolov8_det,FP32,comun,B,2,54,23.18040000682231
yolov8_det,FP32,comun,B,2,55,21.94930000405293
yolov8_det,FP32,comun,B,2,56,21.147599996766075
yolov8_det,FP32,comun,B,2,57,20.22390000638552
yolov8_det,FP32,comun,B,2,58,21.432200010167435
yolov8_det,FP32,comun,B,2,59,28.267700006836094
yolov8_det,FP32,comun,B,2,60,25.9076000074856
yolov8_det,FP32,comun,B,2,61,23.15439999802038
yolov8_det,FP32,comun,B,2,62,25.24440000706818
yolov8_det,FP32,comun,B,2,63,26.24120000109542
yolov8_det,FP32,comun,B,2,64,26.49199998995755
yolov8_det,FP32,comun,B,2,65,25.177500006975606
yolov8_det,FP32,comun,B,2,66,24.24119999341201
yolov8_det,FP32,comun,B,2,67,22.774900004151277
yolov8_det,FP32,comun,B,2,68,26.76680000149645
yolov8_det,FP32,comun,B,2,69,26.512199998251162
yolov8_det,FP32,comun,B,2,70,22.57239999016747
yolov8_det,FP32,comun,B,2,71,21.25599999271799
yolov8_det,FP32,comun,B,2,72,21.973099996102974
yolov8_det,FP32,comun,B,2,73,21.952700000838377
yolov8_det,FP32,comun,B,2,74,21.827999997185543
yolov8_det,FP32,comun,B,2,75,22.206699999514967
yolov8_det,FP32,comun,B,2,76,20.610899999155663
yolov8_det,FP32,comun,B,2,77,30.968199993367307
yolov8_det,FP32,comun,B,2,78,23.237700006575324
yolov8_det,FP32,comun,B,2,79,23.259399997186847
yolov8_det,FP32,comun,B,2,80,23.490499996114522
yolov8_det,FP32,comun,B,2,81,23.547100005089305
yolov8_det,FP32,comun,B,2,82,23.576999999932013
yolov8_det,FP32,comun,B,2,83,22.530000002007
yolov8_det,FP32,comun,B,2,84,22.441900000558235
yolov8_det,FP32,comun,B,2,85,22.27689999563154
yolov8_det,FP32,comun,B,2,86,22.877800001879223
yolov8_det,FP32,comun,B,2,87,21.68849999725353
yolov8_det,FP32,comun,B,2,88,22.30349999445025
yolov8_det,FP32,comun,B,2,89,27.086199988843873
yolov8_det,FP32,comun,B,2,90,20.487300003878772
yolov8_det,FP32,comun,B,2,91,24.091800005408004
yolov8_det,FP32,comun,B,2,92,21.704799990402535
yolov8_det,FP32,comun,B,2,93,22.810099995695055
yolov8_det,FP32,comun,B,2,94,23.20029999827966
yolov8_det,FP32,comun,B,2,95,24.876499999663793
yolov8_det,FP32,comun,B,2,96,24.42929999961052
yolov8_det,FP32,comun,B,2,97,21.988400010741316
yolov8_det,FP32,comun,B,2,98,22.84510000026785
yolov8_det,FP32,comun,B,2,99,22.97980000730604
yolov8_det,FP32,comun,B,2,100,25.112300005275756
yolov8_det,FP32,comun,B,2,101,23.85730000969488
yolov8_det,FP32,comun,B,2,102,22.91970000078436
yolov8_det,FP32,comun,B,2,103,19.041299994569272
yolov8_det,FP32,comun,B,2,104,21.99799999652896
yolov8_det,FP32,comun,B,2,105,22.044500001356937
yolov8_det,FP32,comun,B,2,106,22.296900002402253
yolov8_det,FP32,comun,B,2,107,35.12899999623187
yolov8_det,FP32,comun,B,2,108,24.80179999838583
yolov8_det,FP32,comun,B,2,109,22.96539999952074
yolov8_det,FP32,comun,B,2,110,24.489299990818836
yolov8_det,FP32,comun,B,2,111,23.3410999935586
yolov8_det,FP32,comun,B,2,112,23.300400003790855
yolov8_det,FP32,comun,B,2,113,26.49470001051668
yolov8_det,FP32,comun,B,2,114,23.146099993027747
yolov8_det,FP32,comun,B,2,115,32.11580000061076
yolov8_det,FP32,comun,B,2,116,33.93069999583531
yolov8_det,FP32,comun,B,2,117,25.258800000301562
yolov8_det,FP32,comun,B,2,118,21.941099999821745
yolov8_det,FP32,comun,B,2,119,25.32729999802541
yolov8_det,FP32,comun,B,2,120,21.98350000253413
yolov8_det,FP32,comun,B,2,121,21.894899997278117
yolov8_det,FP32,comun,B,2,122,21.59189998928923
yolov8_det,FP32,comun,B,2,123,21.375900003477
yolov8_det,FP32,comun,B,2,124,28.86590000707656
yolov8_det,FP32,comun,B,2,125,28.454500003135763
yolov8_det,FP32,comun,B,2,126,27.33309999166522
yolov8_det,FP32,comun,B,2,127,32.765900003141724
yolov8_det,FP32,comun,B,2,128,21.66110000689514
yolov8_det,FP32,comun,B,2,129,22.94110000366345
yolov8_det,FP32,comun,B,2,130,22.807899993495084
yolov8_det,FP32,comun,B,2,131,23.87319999979809
yolov8_det,FP32,comun,B,2,132,23.95460000843741
yolov8_det,FP32,comun,B,2,133,24.814200005494058
yolov8_det,FP32,comun,B,2,134,25.619399995775893
yolov8_det,FP32,comun,B,2,135,19.29359999485314
yolov8_det,FP32,comun,B,2,136,29.79359999881126
yolov8_det,FP32,comun,B,2,137,20.78770000662189
yolov8_det,FP32,comun,B,2,138,21.416000003227964
yolov8_det,FP32,comun,B,2,139,22.04980001260992
yolov8_det,FP32,comun,B,2,140,21.4101000019582
yolov8_det,FP32,comun,B,2,141,22.037699993234128
yolov8_det,FP32,comun,B,2,142,20.35420000902377
yolov8_det,FP32,comun,B,2,143,20.232900002156384
yolov8_det,FP32,comun,B,2,144,21.048800001153722
yolov8_det,FP32,comun,B,2,145,23.55159999569878
yolov8_det,FP32,comun,B,2,146,22.60720000776928
yolov8_det,FP32,comun,B,2,147,25.076000005356036
yolov8_det,FP32,comun,B,2,148,23.052599994116463
yolov8_det,FP32,comun,B,2,149,23.044200002914295
yolov8_det,FP32,comun,B,2,150,21.55650001077447
yolov8_det,FP32,comun,B,2,151,23.733200010610744
yolov8_det,FP32,comun,B,2,152,23.206099998787977
yolov8_det,FP32,comun,B,2,153,21.972699993057176
yolov8_det,FP32,comun,B,2,154,23.665999993681908
yolov8_det,FP32,comun,B,2,155,23.509299993747845
yolov8_det,FP32,comun,B,2,156,26.08419999887701
yolov8_det,FP32,comun,B,2,157,27.094699995359406
yolov8_det,FP32,comun,B,2,158,25.981099999626167
yolov8_det,FP32,comun,B,2,159,24.41670000553131
yolov8_det,FP32,comun,B,2,160,22.53950000158511
yolov8_det,FP32,comun,B,2,161,24.246500004664995
yolov8_det,FP32,comun,B,2,162,25.41989999008365
yolov8_det,FP32,comun,B,2,163,23.762900003930554
yolov8_det,FP32,comun,B,2,164,21.07189998787362
yolov8_det,FP32,comun,B,2,165,24.627399994642474
yolov8_det,FP32,comun,B,2,166,24.240200000349432
yolov8_det,FP32,comun,B,2,167,23.652699994272552
yolov8_det,FP32,comun,B,2,168,24.665999997523613
yolov8_det,FP32,comun,B,2,169,22.231800001463853
yolov8_det,FP32,comun,B,2,170,21.361099992645904
yolov8_det,FP32,comun,B,2,171,23.719399992842227
yolov8_det,FP32,comun,B,2,172,24.423599999863654
yolov8_det,FP32,comun,B,2,173,22.883900004671887
yolov8_det,FP32,comun,B,2,174,23.9646999980323
yolov8_det,FP32,comun,B,2,175,22.33870000054594
yolov8_det,FP32,comun,B,2,176,22.51740000792779
yolov8_det,FP32,comun,B,2,177,26.987400007783435
yolov8_det,FP32,comun,B,2,178,27.643699999316595
yolov8_det,FP32,comun,B,2,179,26.97239999542944
yolov8_det,FP32,comun,B,2,180,29.99509999062866
yolov8_det,FP32,comun,B,2,181,26.201300002867356
yolov8_det,FP32,comun,B,2,182,22.319900002912618
yolov8_det,FP32,comun,B,2,183,21.7387000011513
yolov8_det,FP32,comun,B,2,184,22.46920000470709
yolov8_det,FP32,comun,B,2,185,22.7998999907868
yolov8_det,FP32,comun,B,2,186,21.511800005100667
yolov8_det,FP32,comun,B,2,187,34.06629999517463
yolov8_det,FP32,comun,B,2,188,22.692599988658912
yolov8_det,FP32,comun,B,2,189,23.326800001086667
yolov8_det,FP32,comun,B,2,190,22.746600006939843
yolov8_det,FP32,comun,B,2,191,20.867100000032224
yolov8_det,FP32,comun,B,2,192,21.82550000725314
yolov8_det,FP32,comun,B,2,193,20.80480000586249
yolov8_det,FP32,comun,B,2,194,22.362999996403232
yolov8_det,FP32,comun,B,2,195,23.49300000059884
yolov8_det,FP32,comun,B,2,196,24.364600001717918
yolov8_det,FP32,comun,B,2,197,23.284999988391064
yolov8_det,FP32,comun,B,2,198,23.71589999529533
yolov8_det,FP32,comun,B,2,199,22.6830999890808
yolov8_det,FP32,comun,B,2,200,24.30560000357218
yolov8_det,FP32,comun,B,2,201,21.5431999968132
yolov8_det,FP32,comun,B,2,202,23.22880001156591
yolov8_det,FP32,comun,B,2,203,24.75609999964945
yolov8_det,FP32,comun,B,2,204,28.90240000851918
yolov8_det,FP32,comun,B,2,205,26.448600008734502
yolov8_det,FP32,comun,B,2,206,23.397700002533384
yolov8_det,FP32,comun,B,2,207,20.059000002220273
yolov8_det,FP32,comun,B,2,208,23.22909999929834
yolov8_det,FP32,comun,B,2,209,24.763800000073388
yolov8_det,FP32,comun,B,2,210,26.4205999992555
yolov8_det,FP32,comun,B,2,211,22.482800006400794
yolov8_det,FP32,comun,B,2,212,19.942700004321523
yolov8_det,FP32,comun,B,2,213,23.694199990131892
yolov8_det,FP32,comun,B,2,214,24.546700005885214
yolov8_det,FP32,comun,B,2,215,22.63900000252761
yolov8_det,FP32,comun,B,2,216,25.56489998823963
yolov8_det,FP32,comun,B,2,217,24.75609999964945
yolov8_det,FP32,comun,B,2,218,24.084000004222617
yolov8_det,FP32,comun,B,2,219,22.958599991397932
yolov8_det,FP32,comun,B,2,220,22.659599999315105
yolov8_det,FP32,comun,B,2,221,22.1361000003526
yolov8_det,FP32,comun,B,2,222,25.94900000258349
yolov8_det,FP32,comun,B,2,223,22.676699998555705
yolov8_det,FP32,comun,B,2,224,21.12840001063887
yolov8_det,FP32,comun,B,2,225,25.64120000170078
yolov8_det,FP32,comun,B,2,226,22.628199993050657
yolov8_det,FP32,comun,B,2,227,22.250399997574277
yolov8_det,FP32,comun,B,2,228,21.657800010871142
yolov8_det,FP32,comun,B,2,229,22.38210001087282
yolov8_det,FP32,comun,B,2,230,29.24830000847578
yolov8_det,FP32,comun,B,2,231,27.009299999917857
yolov8_det,FP32,comun,B,2,232,22.761000000173226
yolov8_det,FP32,comun,B,2,233,25.41239999118261
yolov8_det,FP32,comun,B,2,234,25.21020000858698
yolov8_det,FP32,comun,B,2,235,23.472000000765547
yolov8_det,FP32,comun,B,2,236,21.50249999249354
yolov8_det,FP32,comun,B,2,237,27.34010000131093
yolov8_det,FP32,comun,B,2,238,22.630500010563992
yolov8_det,FP32,comun,B,2,239,24.42220000375528
yolov8_det,FP32,comun,B,2,240,22.711099998559803
yolov8_det,FP32,comun,B,2,241,19.623899992438965
yolov8_det,FP32,comun,B,2,242,23.28269999998156
yolov8_det,FP32,comun,B,2,243,25.436100011575036
yolov8_det,FP32,comun,B,2,244,26.825799999642186
yolov8_det,FP32,comun,B,2,245,22.676399996271357
yolov8_det,FP32,comun,B,2,246,20.84149999427609
yolov8_det,FP32,comun,B,2,247,22.63070001208689
yolov8_det,FP32,comun,B,2,248,18.765600005281158
yolov8_det,FP32,comun,B,2,249,27.228600010857917
yolov8_det,FP32,comun,B,2,250,21.700700002838857
yolov8_det,FP32,comun,B,2,251,22.82470000500325
yolov8_det,FP32,comun,B,2,252,22.231599999940954
yolov8_det,FP32,comun,B,2,253,19.598400001996197
yolov8_det,FP32,comun,B,2,254,21.48270000179764
yolov8_det,FP32,comun,B,2,255,22.63810001022648
yolov8_det,FP32,comun,B,2,256,21.909200004301965
yolov8_det,FP32,comun,B,2,257,23.815300010028295
yolov8_det,FP32,comun,B,2,258,21.249099998385645
yolov8_det,FP32,comun,B,2,259,24.35259999765549
yolov8_det,FP32,comun,B,2,260,22.335999994538724
yolov8_det,FP32,comun,B,2,261,22.184600005857646
yolov8_det,FP32,comun,B,2,262,24.05180000641849
yolov8_det,FP32,comun,B,2,263,23.314600010053255
yolov8_det,FP32,comun,B,2,264,24.162799993064255
yolov8_det,FP32,comun,B,2,265,25.37299999676179
yolov8_det,FP32,comun,B,2,266,24.938800008385442
yolov8_det,FP32,comun,B,2,267,23.49819999653846
yolov8_det,FP32,comun,B,2,268,23.204099998110905
yolov8_det,FP32,comun,B,2,269,20.115299994358793
yolov8_det,FP32,comun,B,2,270,22.818800003733486
yolov8_det,FP32,comun,B,2,271,21.80699999735225
yolov8_det,FP32,comun,B,2,272,23.96989999397192
yolov8_det,FP32,comun,B,2,273,22.303300007479265
yolov8_det,FP32,comun,B,2,274,21.931999988737516
yolov8_det,FP32,comun,B,2,275,24.26249999552965
yolov8_det,FP32,comun,B,2,276,24.00590000615921
yolov8_det,FP32,comun,B,2,277,22.599699994316325
yolov8_det,FP32,comun,B,2,278,20.896000001812354
yolov8_det,FP32,comun,B,2,279,22.226400004001334
yolov8_det,FP32,comun,B,2,280,23.520799994003028
yolov8_det,FP32,comun,B,2,281,23.827900004107505
yolov8_det,FP32,comun,B,2,282,26.90880000591278
yolov8_det,FP32,comun,B,2,283,23.554999992484227
yolov8_det,FP32,comun,B,2,284,24.85539999906905
yolov8_det,FP32,comun,B,2,285,22.85890000348445
yolov8_det,FP32,comun,B,2,286,21.978099990519695
yolov8_det,FP32,comun,B,2,287,23.38650000456255
yolov8_det,FP32,comun,B,2,288,19.130900007439777
yolov8_det,FP32,comun,B,2,289,24.898699994082563
yolov8_det,FP32,comun,B,2,290,23.10179999039974
yolov8_det,FP32,comun,B,2,291,23.953900003107265
yolov8_det,FP32,comun,B,2,292,22.21389999613166
yolov8_det,FP32,comun,B,2,293,24.026799990679137
yolov8_det,FP32,comun,B,2,294,24.800400002277456
yolov8_det,FP32,comun,B,2,295,22.682099996018223
yolov8_det,FP32,comun,B,2,296,24.955999993835576
yolov8_det,FP32,comun,B,2,297,26.45710000069812
yolov8_det,FP32,comun,B,2,298,22.693300008540973
yolov8_det,FP32,comun,B,2,299,22.804300009738654
yolov8_det,FP32,comun,B,2,300,21.474399996805005
yolov8_det,FP32,comun,B,2,301,23.335699996096082
yolov8_det,FP32,comun,B,2,302,21.780900002340786
yolov8_det,FP32,comun,B,2,303,24.034199988818727
yolov8_det,FP32,comun,B,2,304,23.147900006733835
yolov8_det,FP32,comun,B,2,305,24.00340000167489
yolov8_det,FP32,comun,B,2,306,26.644099998520687
yolov8_det,FP32,comun,B,2,307,28.487099989433773
yolov8_det,FP32,comun,B,2,308,26.186199989751913
yolov8_det,FP32,comun,B,2,309,23.75910000409931
yolov8_det,FP32,comun,B,2,310,17.395499991835095
yolov8_det,FP32,comun,B,2,311,24.960900002042763
yolov8_det,FP32,comun,B,2,312,23.84360000723973
yolov8_det,FP32,comun,B,2,313,22.551199988811277
yolov8_det,FP32,comun,B,2,314,26.215100006083958
yolov8_det,FP32,comun,B,2,315,22.514500000397675
yolov8_det,FP32,comun,B,2,316,24.373299995204434
yolov8_det,FP32,comun,B,2,317,21.981700003379956
yolov8_det,FP32,comun,B,2,318,23.492000007536262
yolov8_det,FP32,comun,B,2,319,24.588100000983104
yolov8_det,FP32,comun,B,2,320,23.83219999319408
yolov8_det,FP32,comun,B,2,321,23.337699996773154
yolov8_det,FP32,comun,B,2,322,24.585999999544583
yolov8_det,FP32,comun,B,2,323,22.338499999023043
yolov8_det,FP32,comun,B,2,324,23.524499993072823
yolov8_det,FP32,comun,B,2,325,21.96620000177063
yolov8_det,FP32,comun,B,2,326,23.57169998867903
yolov8_det,FP32,comun,B,2,327,23.403099999995902
yolov8_det,FP32,comun,B,2,328,24.832399998558685
yolov8_det,FP32,comun,B,2,329,23.14710000064224
yolov8_det,FP32,comun,B,2,330,25.00809999764897
yolov8_det,FP32,comun,B,2,331,25.676699995528907
yolov8_det,FP32,comun,B,2,332,22.714799997629598
yolov8_det,FP32,comun,B,2,333,22.611899999901652
yolov8_det,FP32,comun,B,2,334,24.157299994840287
yolov8_det,FP32,comun,B,2,335,22.151099998154677
yolov8_det,FP32,comun,B,2,336,23.648700007470325
yolov8_det,FP32,comun,B,2,337,21.379199999500997
yolov8_det,FP32,comun,B,2,338,22.142100002383813
yolov8_det,FP32,comun,B,2,339,24.61839999887161
yolov8_det,FP32,comun,B,2,340,22.49320001283195
yolov8_det,FP32,comun,B,2,341,25.994399999035522
yolov8_det,FP32,comun,B,2,342,21.168400009628385
yolov8_det,FP32,comun,B,2,343,18.96330001181923
yolov8_det,FP32,comun,B,2,344,23.094800009857863
yolov8_det,FP32,comun,B,2,345,25.567700009560212
yolov8_det,FP32,comun,B,2,346,24.183100002119318
yolov8_det,FP32,comun,B,2,347,23.396299991873093
yolov8_det,FP32,comun,B,2,348,24.597800002084114
yolov8_det,FP32,comun,B,2,349,25.5957000044873
yolov8_det,FP32,comun,B,2,350,23.65099999587983
yolov8_det,FP32,comun,B,2,351,23.04839999123942
yolov8_det,FP32,comun,B,2,352,21.214699998381548
yolov8_det,FP32,comun,B,2,353,25.26150000630878
yolov8_det,FP32,comun,B,2,354,23.766799989971332
yolov8_det,FP32,comun,B,2,355,21.945600004983135
yolov8_det,FP32,comun,B,2,356,22.578399992198683
yolov8_det,FP32,comun,B,2,357,34.11969999433495
yolov8_det,FP32,comun,B,2,358,29.304099996807054
yolov8_det,FP32,comun,B,2,359,22.65840000472963
yolov8_det,FP32,comun,B,2,360,20.64859999518376
yolov8_det,FP32,comun,B,2,361,24.15369999653194
yolov8_det,FP32,comun,B,2,362,35.5039999994915
yolov8_det,FP32,comun,B,2,363,24.125399999320507
yolov8_det,FP32,comun,B,2,364,23.34790000168141
yolov8_det,FP32,comun,B,2,365,25.647400005254894
yolov8_det,FP32,comun,B,2,366,21.290400007274002
yolov8_det,FP32,comun,B,2,367,24.46040000359062
yolov8_det,FP32,comun,B,2,368,21.142800003872253
yolov8_det,FP32,comun,B,2,369,25.979199999710545
yolov8_det,FP32,comun,B,2,370,25.163700003759004
yolov8_det,FP32,comun,B,2,371,23.631199990632012
yolov8_det,FP32,comun,B,2,372,23.074900003848597
yolov8_det,FP32,comun,B,2,373,23.118900004192255
faster_rcnn,FP32,comun,A,0,0,173.20269999618176
faster_rcnn,FP32,comun,A,0,1,185.1371999946423
faster_rcnn,FP32,comun,A,0,2,174.58330000226852
faster_rcnn,FP32,comun,A,0,3,178.95879999559838
faster_rcnn,FP32,comun,A,0,4,183.4857999929227
faster_rcnn,FP32,comun,A,0,5,179.9097999901278
faster_rcnn,FP32,comun,A,0,6,178.40000000433065
faster_rcnn,FP32,comun,A,0,7,183.15609999990556
faster_rcnn,FP32,comun,A,0,8,183.2564999931492
faster_rcnn,FP32,comun,A,0,9,176.601600003778
faster_rcnn,FP32,comun,A,0,10,175.76460000418592
faster_rcnn,FP32,comun,A,0,11,181.11659999703988
faster_rcnn,FP32,comun,A,0,12,177.882399992086
faster_rcnn,FP32,comun,A,0,13,181.94919999223202
faster_rcnn,FP32,comun,A,0,14,178.09239999041893
faster_rcnn,FP32,comun,A,0,15,185.15770000522025
faster_rcnn,FP32,comun,A,0,16,182.60149999696296
faster_rcnn,FP32,comun,A,0,17,181.80729998857714
faster_rcnn,FP32,comun,A,0,18,179.74960000719875
faster_rcnn,FP32,comun,A,0,19,189.42080000124406
faster_rcnn,FP32,comun,A,0,20,182.41980001039337
faster_rcnn,FP32,comun,A,0,21,180.62480000662617
faster_rcnn,FP32,comun,A,0,22,191.9837000023108
faster_rcnn,FP32,comun,A,0,23,185.7352999941213
faster_rcnn,FP32,comun,A,0,24,181.2865999963833
faster_rcnn,FP32,comun,A,0,25,174.62669999804348
faster_rcnn,FP32,comun,A,0,26,172.15280000527855
faster_rcnn,FP32,comun,A,0,27,180.91500000446104
faster_rcnn,FP32,comun,A,0,28,175.71959999622777
faster_rcnn,FP32,comun,A,0,29,177.12829999800306
faster_rcnn,FP32,comun,A,0,30,187.8521000035107
faster_rcnn,FP32,comun,A,0,31,184.509300001082
faster_rcnn,FP32,comun,A,0,32,185.87960000149906
faster_rcnn,FP32,comun,A,0,33,185.9420999971917
faster_rcnn,FP32,comun,A,0,34,172.82799999520648
faster_rcnn,FP32,comun,A,0,35,177.32919999980368
faster_rcnn,FP32,comun,A,0,36,186.24520000594202
faster_rcnn,FP32,comun,A,0,37,175.76920001010876
faster_rcnn,FP32,comun,A,0,38,180.1153999986127
faster_rcnn,FP32,comun,A,0,39,184.4759000086924
faster_rcnn,FP32,comun,A,0,40,185.87590000242926
faster_rcnn,FP32,comun,A,0,41,188.88489999517333
faster_rcnn,FP32,comun,A,0,42,182.60930001270026
faster_rcnn,FP32,comun,A,0,43,186.42700000782497
faster_rcnn,FP32,comun,A,0,44,179.97350000950973
faster_rcnn,FP32,comun,A,0,45,177.9019999958109
faster_rcnn,FP32,comun,A,0,46,190.29569999838714
faster_rcnn,FP32,comun,A,0,47,166.8883999955142
faster_rcnn,FP32,comun,A,0,48,179.5451000070898
faster_rcnn,FP32,comun,A,0,49,172.79640000197105
faster_rcnn,FP32,comun,A,0,50,181.1978000041563
faster_rcnn,FP32,comun,A,0,51,178.91139999846928
faster_rcnn,FP32,comun,A,0,52,177.47749999398366
faster_rcnn,FP32,comun,A,0,53,186.1751000105869
faster_rcnn,FP32,comun,A,0,54,181.80560000473633
faster_rcnn,FP32,comun,A,0,55,176.7820999957621
faster_rcnn,FP32,comun,A,0,56,183.73269999574404
faster_rcnn,FP32,comun,A,0,57,182.2146999911638
faster_rcnn,FP32,comun,A,0,58,176.2384000030579
faster_rcnn,FP32,comun,A,0,59,166.57100000884384
faster_rcnn,FP32,comun,A,0,60,172.95710000325926
faster_rcnn,FP32,comun,A,0,61,182.3337999958312
faster_rcnn,FP32,comun,A,0,62,171.96549999061972
faster_rcnn,FP32,comun,A,0,63,183.07359999744222
faster_rcnn,FP32,comun,A,0,64,188.4998000023188
faster_rcnn,FP32,comun,A,0,65,184.2884000070626
faster_rcnn,FP32,comun,A,0,66,185.39959999907296
faster_rcnn,FP32,comun,A,0,67,179.7935999929905
faster_rcnn,FP32,comun,A,0,68,178.883800006588
faster_rcnn,FP32,comun,A,0,69,171.93240000051446
faster_rcnn,FP32,comun,A,0,70,184.1998999880161
faster_rcnn,FP32,comun,A,0,71,178.4668999898713
faster_rcnn,FP32,comun,A,0,72,180.38449999585282
faster_rcnn,FP32,comun,A,0,73,177.170599999954
faster_rcnn,FP32,comun,A,0,74,179.12270000670105
faster_rcnn,FP32,comun,A,0,75,185.25779999617953
faster_rcnn,FP32,comun,A,0,76,176.46760000206996
faster_rcnn,FP32,comun,A,0,77,159.30100000696257
faster_rcnn,FP32,comun,A,0,78,174.2178000131389
faster_rcnn,FP32,comun,A,0,79,184.06809998850804
faster_rcnn,FP32,comun,A,0,80,170.08630000054836
faster_rcnn,FP32,comun,A,0,81,175.6932999996934
faster_rcnn,FP32,comun,A,0,82,175.02809999859892
faster_rcnn,FP32,comun,A,0,83,186.65190000319853
faster_rcnn,FP32,comun,A,0,84,172.93010000139475
faster_rcnn,FP32,comun,A,0,85,186.9762999995146
faster_rcnn,FP32,comun,A,0,86,183.89010000100825
faster_rcnn,FP32,comun,A,0,87,178.62370000511874
faster_rcnn,FP32,comun,A,0,88,178.40079999587033
faster_rcnn,FP32,comun,A,0,89,181.70200000167824
faster_rcnn,FP32,comun,A,0,90,171.59209999954328
faster_rcnn,FP32,comun,A,0,91,184.7360999963712
faster_rcnn,FP32,comun,A,0,92,180.31880000489764
faster_rcnn,FP32,comun,A,0,93,178.59589999716263
faster_rcnn,FP32,comun,A,0,94,189.07750000653323
faster_rcnn,FP32,comun,A,0,95,177.3232999985339
faster_rcnn,FP32,comun,A,0,96,182.9920000018319
faster_rcnn,FP32,comun,A,0,97,187.26030000834726
faster_rcnn,FP32,comun,A,0,98,178.9295999915339
faster_rcnn,FP32,comun,A,0,99,176.97849999240134
faster_rcnn,FP32,comun,A,0,100,175.72269999072887
faster_rcnn,FP32,comun,A,0,101,189.71079999755602
faster_rcnn,FP32,comun,A,0,102,190.80969999777153
faster_rcnn,FP32,comun,A,0,103,186.9138999900315
faster_rcnn,FP32,comun,A,0,104,182.14849999640137
faster_rcnn,FP32,comun,A,0,105,174.86349999671802
faster_rcnn,FP32,comun,A,0,106,182.80229999800213
faster_rcnn,FP32,comun,A,0,107,187.87480000173673
faster_rcnn,FP32,comun,A,0,108,164.41080000367947
faster_rcnn,FP32,comun,A,0,109,174.78050000499934
faster_rcnn,FP32,comun,A,0,110,170.51579999679234
faster_rcnn,FP32,comun,A,0,111,185.35179999889806
faster_rcnn,FP32,comun,A,0,112,183.68570000166073
faster_rcnn,FP32,comun,A,0,113,173.19829999178182
faster_rcnn,FP32,comun,A,0,114,185.5475999909686
faster_rcnn,FP32,comun,A,0,115,189.63930000609253
faster_rcnn,FP32,comun,A,0,116,185.82559999777004
faster_rcnn,FP32,comun,A,0,117,182.5851000030525
faster_rcnn,FP32,comun,A,0,118,177.0574999973178
faster_rcnn,FP32,comun,A,0,119,186.25800000154413
faster_rcnn,FP32,comun,A,0,120,180.68659999698866
faster_rcnn,FP32,comun,A,0,121,187.23440000030678
faster_rcnn,FP32,comun,A,0,122,187.26769999193493
faster_rcnn,FP32,comun,A,0,123,184.3959999969229
faster_rcnn,FP32,comun,A,0,124,190.23760000709444
faster_rcnn,FP32,comun,A,0,125,182.74750000273343
faster_rcnn,FP32,comun,A,0,126,184.6637999988161
faster_rcnn,FP32,comun,A,0,127,184.70739999611396
faster_rcnn,FP32,comun,A,0,128,180.35179999424145
faster_rcnn,FP32,comun,A,0,129,187.31690000277013
faster_rcnn,FP32,comun,A,0,130,180.68040000798646
faster_rcnn,FP32,comun,A,0,131,183.19339999288786
faster_rcnn,FP32,comun,A,0,132,172.71210000035353
faster_rcnn,FP32,comun,A,0,133,171.9578000047477
faster_rcnn,FP32,comun,A,0,134,174.7433000127785
faster_rcnn,FP32,comun,A,0,135,177.41039999236818
faster_rcnn,FP32,comun,A,0,136,173.47939999308437
faster_rcnn,FP32,comun,A,0,137,177.6912000059383
faster_rcnn,FP32,comun,A,0,138,177.18779999995604
faster_rcnn,FP32,comun,A,0,139,185.09259998972993
faster_rcnn,FP32,comun,A,0,140,185.20920000446495
faster_rcnn,FP32,comun,A,0,141,184.70280000474304
faster_rcnn,FP32,comun,A,0,142,173.22710000735242
faster_rcnn,FP32,comun,A,0,143,187.9546999989543
faster_rcnn,FP32,comun,A,0,144,182.20219999784604
faster_rcnn,FP32,comun,A,0,145,162.51119998923969
faster_rcnn,FP32,comun,A,0,146,185.6264999951236
faster_rcnn,FP32,comun,A,0,147,179.1194999968866
faster_rcnn,FP32,comun,A,0,148,184.44029999955092
faster_rcnn,FP32,comun,A,0,149,185.0479999993695
faster_rcnn,FP32,comun,A,0,150,173.1526999938069
faster_rcnn,FP32,comun,A,0,151,182.15939999208786
faster_rcnn,FP32,comun,A,0,152,185.27020000328775
faster_rcnn,FP32,comun,A,0,153,179.78120000043418
faster_rcnn,FP32,comun,A,0,154,180.8784999884665
faster_rcnn,FP32,comun,A,0,155,184.15889999596402
faster_rcnn,FP32,comun,A,0,156,174.35180000029504
faster_rcnn,FP32,comun,A,0,157,172.1655000001192
faster_rcnn,FP32,comun,A,0,158,183.64940000174101
faster_rcnn,FP32,comun,A,0,159,181.8479999928968
faster_rcnn,FP32,comun,A,0,160,188.62760000047274
faster_rcnn,FP32,comun,A,0,161,186.14489999890793
faster_rcnn,FP32,comun,A,0,162,178.06589999236166
faster_rcnn,FP32,comun,A,0,163,186.37379999563564
faster_rcnn,FP32,comun,A,0,164,185.8933000039542
faster_rcnn,FP32,comun,A,0,165,187.53989999822807
faster_rcnn,FP32,comun,A,0,166,183.1079999974463
faster_rcnn,FP32,comun,A,0,167,163.88269999879412
faster_rcnn,FP32,comun,A,0,168,181.70970000210218
faster_rcnn,FP32,comun,A,0,169,183.36779999663122
faster_rcnn,FP32,comun,A,0,170,191.69970000803005
faster_rcnn,FP32,comun,A,0,171,172.79660000349395
faster_rcnn,FP32,comun,A,0,172,174.11140000331216
faster_rcnn,FP32,comun,A,0,173,173.65110000537243
faster_rcnn,FP32,comun,A,0,174,184.73019999510143
faster_rcnn,FP32,comun,A,0,175,185.4133000015281
faster_rcnn,FP32,comun,A,0,176,179.7458000073675
faster_rcnn,FP32,comun,A,0,177,186.42279999039602
faster_rcnn,FP32,comun,A,0,178,181.9341000082204
faster_rcnn,FP32,comun,A,0,179,184.36980000115
faster_rcnn,FP32,comun,A,0,180,185.65099999250378
faster_rcnn,FP32,comun,A,0,181,181.48349999682978
faster_rcnn,FP32,comun,A,0,182,166.49030000553466
faster_rcnn,FP32,comun,A,0,183,185.60140000772662
faster_rcnn,FP32,comun,A,0,184,185.63049999647774
faster_rcnn,FP32,comun,A,0,185,181.21969999629073
faster_rcnn,FP32,comun,A,0,186,178.6086000065552
faster_rcnn,FP32,comun,A,0,187,147.6388000010047
faster_rcnn,FP32,comun,A,0,188,183.6369999946328
faster_rcnn,FP32,comun,A,0,189,176.1564000044018
faster_rcnn,FP32,comun,A,0,190,172.43999999482185
faster_rcnn,FP32,comun,A,0,191,193.70010000420734
faster_rcnn,FP32,comun,A,0,192,184.787399994093
faster_rcnn,FP32,comun,A,0,193,185.2043999970192
faster_rcnn,FP32,comun,A,0,194,184.96529999538325
faster_rcnn,FP32,comun,A,0,195,183.62290000368375
faster_rcnn,FP32,comun,A,0,196,174.2684999917401
faster_rcnn,FP32,comun,A,0,197,173.77399999531917
faster_rcnn,FP32,comun,A,0,198,168.2619000057457
faster_rcnn,FP32,comun,A,0,199,182.13879999530036
faster_rcnn,FP32,comun,A,0,200,183.31429999670945
faster_rcnn,FP32,comun,A,0,201,178.3313000050839
faster_rcnn,FP32,comun,A,0,202,183.27150000550319
faster_rcnn,FP32,comun,A,0,203,173.51739999139681
faster_rcnn,FP32,comun,A,0,204,174.84189999231603
faster_rcnn,FP32,comun,A,0,205,178.34850000508595
faster_rcnn,FP32,comun,A,0,206,180.77800000901334
faster_rcnn,FP32,comun,A,0,207,166.18949999974575
faster_rcnn,FP32,comun,A,0,208,182.5168999930611
faster_rcnn,FP32,comun,A,0,209,177.1911999967415
faster_rcnn,FP32,comun,A,0,210,174.70789999060798
faster_rcnn,FP32,comun,A,0,211,181.9554999965476
faster_rcnn,FP32,comun,A,0,212,185.7465999928536
faster_rcnn,FP32,comun,A,0,213,178.46120000467636
faster_rcnn,FP32,comun,A,0,214,184.61650000244845
faster_rcnn,FP32,comun,A,0,215,182.98480000521522
faster_rcnn,FP32,comun,A,0,216,171.76029999973252
faster_rcnn,FP32,comun,A,0,217,171.5507000044454
faster_rcnn,FP32,comun,A,0,218,192.25270001334138
faster_rcnn,FP32,comun,A,0,219,184.02339999738615
faster_rcnn,FP32,comun,A,0,220,184.39890000445303
faster_rcnn,FP32,comun,A,0,221,181.25590001000091
faster_rcnn,FP32,comun,A,0,222,172.32670000521466
faster_rcnn,FP32,comun,A,0,223,188.8998999929754
faster_rcnn,FP32,comun,A,0,224,174.0538000012748
faster_rcnn,FP32,comun,A,0,225,168.96739999356214
faster_rcnn,FP32,comun,A,0,226,175.19850000098813
faster_rcnn,FP32,comun,A,0,227,186.70160000328906
faster_rcnn,FP32,comun,A,0,228,171.60479999438394
faster_rcnn,FP32,comun,A,0,229,186.30480000865646
faster_rcnn,FP32,comun,A,0,230,156.3023000053363
faster_rcnn,FP32,comun,A,0,231,150.93489999708254
faster_rcnn,FP32,comun,A,0,232,182.90269999124575
faster_rcnn,FP32,comun,A,0,233,188.48379999690223
faster_rcnn,FP32,comun,A,0,234,172.56839999754447
faster_rcnn,FP32,comun,A,0,235,185.45330000051763
faster_rcnn,FP32,comun,A,0,236,179.62350000743754
faster_rcnn,FP32,comun,A,0,237,182.1493999887025
faster_rcnn,FP32,comun,A,0,238,187.87959999463055
faster_rcnn,FP32,comun,A,0,239,185.7087000098545
faster_rcnn,FP32,comun,A,0,240,181.10230000456795
faster_rcnn,FP32,comun,A,0,241,181.86660000355914
faster_rcnn,FP32,comun,A,0,242,185.0616000010632
faster_rcnn,FP32,comun,A,0,243,169.89770000509452
faster_rcnn,FP32,comun,A,0,244,157.7806999994209
faster_rcnn,FP32,comun,A,0,245,189.26909999572672
faster_rcnn,FP32,comun,A,0,246,185.87050000496674
faster_rcnn,FP32,comun,A,0,247,182.5124000024516
faster_rcnn,FP32,comun,A,0,248,159.08159999526106
faster_rcnn,FP32,comun,A,0,249,179.4644000037806
faster_rcnn,FP32,comun,A,0,250,185.67609999445267
faster_rcnn,FP32,comun,A,0,251,174.89159999240655
faster_rcnn,FP32,comun,A,0,252,186.00339999829885
faster_rcnn,FP32,comun,A,0,253,162.38199999497738
faster_rcnn,FP32,comun,A,0,254,190.18289999803528
faster_rcnn,FP32,comun,A,0,255,181.0879999975441
faster_rcnn,FP32,comun,A,0,256,186.09920000017155
faster_rcnn,FP32,comun,A,0,257,186.24379999528173
faster_rcnn,FP32,comun,A,0,258,187.0472000009613
faster_rcnn,FP32,comun,A,0,259,169.4753000047058
faster_rcnn,FP32,comun,A,0,260,182.84339999081567
faster_rcnn,FP32,comun,A,0,261,176.93439999129623
faster_rcnn,FP32,comun,A,0,262,186.08660000609234
faster_rcnn,FP32,comun,A,0,263,187.28449998889118
faster_rcnn,FP32,comun,A,0,264,186.8211999972118
faster_rcnn,FP32,comun,A,0,265,182.34540001139976
faster_rcnn,FP32,comun,A,0,266,177.9343000089284
faster_rcnn,FP32,comun,A,0,267,172.54449999018107
faster_rcnn,FP32,comun,A,0,268,184.5539999922039
faster_rcnn,FP32,comun,A,0,269,182.61699999857228
faster_rcnn,FP32,comun,A,0,270,176.0126000008313
faster_rcnn,FP32,comun,A,0,271,184.79489999299403
faster_rcnn,FP32,comun,A,0,272,185.71269999665674
faster_rcnn,FP32,comun,A,0,273,181.77880000439472
faster_rcnn,FP32,comun,A,0,274,194.73039999138564
faster_rcnn,FP32,comun,A,0,275,176.642799997353
faster_rcnn,FP32,comun,A,0,276,183.6014000000432
faster_rcnn,FP32,comun,A,0,277,183.48940000578295
faster_rcnn,FP32,comun,A,0,278,183.84439998771995
faster_rcnn,FP32,comun,A,0,279,185.72110000241082
faster_rcnn,FP32,comun,A,0,280,187.06769999698736
faster_rcnn,FP32,comun,A,0,281,182.14069999521598
faster_rcnn,FP32,comun,A,0,282,173.15470000903588
faster_rcnn,FP32,comun,A,0,283,184.57409999973606
faster_rcnn,FP32,comun,A,0,284,181.1967999965418
faster_rcnn,FP32,comun,A,0,285,186.2392000039108
faster_rcnn,FP32,comun,A,0,286,189.33670000114944
faster_rcnn,FP32,comun,A,0,287,176.64920000243
faster_rcnn,FP32,comun,A,0,288,179.75599999772385
faster_rcnn,FP32,comun,A,0,289,188.71309999667574
faster_rcnn,FP32,comun,A,0,290,188.8065000093775
faster_rcnn,FP32,comun,A,0,291,183.41559999680612
faster_rcnn,FP32,comun,A,0,292,184.19250000442844
faster_rcnn,FP32,comun,A,0,293,185.3895999956876
faster_rcnn,FP32,comun,A,0,294,179.84029999934137
faster_rcnn,FP32,comun,A,0,295,182.4678999983007
faster_rcnn,FP32,comun,A,0,296,177.01069999020547
faster_rcnn,FP32,comun,A,0,297,173.78560001088772
faster_rcnn,FP32,comun,A,0,298,174.06309999933
faster_rcnn,FP32,comun,A,0,299,189.0002000000095
faster_rcnn,FP32,comun,A,0,300,177.9487000021618
faster_rcnn,FP32,comun,A,0,301,182.77329999546055
faster_rcnn,FP32,comun,A,0,302,184.762499993667
faster_rcnn,FP32,comun,A,0,303,176.49559999699704
faster_rcnn,FP32,comun,A,0,304,184.68859999848064
faster_rcnn,FP32,comun,A,0,305,185.0679999915883
faster_rcnn,FP32,comun,A,0,306,185.86880000657402
faster_rcnn,FP32,comun,A,0,307,173.16020000725985
faster_rcnn,FP32,comun,A,0,308,186.3893999980064
faster_rcnn,FP32,comun,A,0,309,181.20070001168642
faster_rcnn,FP32,comun,A,0,310,178.60620000283234
faster_rcnn,FP32,comun,A,0,311,172.95229999581352
faster_rcnn,FP32,comun,A,0,312,187.7527999895392
faster_rcnn,FP32,comun,A,0,313,189.97189999208786
faster_rcnn,FP32,comun,A,0,314,179.1154000093229
faster_rcnn,FP32,comun,A,0,315,184.24059999233577
faster_rcnn,FP32,comun,A,0,316,173.4013999957824
faster_rcnn,FP32,comun,A,0,317,179.3265999876894
faster_rcnn,FP32,comun,A,0,318,179.67539999517612
faster_rcnn,FP32,comun,A,0,319,177.7548999962164
faster_rcnn,FP32,comun,A,0,320,194.34820000606123
faster_rcnn,FP32,comun,A,0,321,186.28579999494832
faster_rcnn,FP32,comun,A,0,322,178.05930000031367
faster_rcnn,FP32,comun,A,0,323,187.10579999606125
faster_rcnn,FP32,comun,A,0,324,180.50280000898056
faster_rcnn,FP32,comun,A,0,325,186.91689999832306
faster_rcnn,FP32,comun,A,0,326,175.10789999505505
faster_rcnn,FP32,comun,A,0,327,188.91480000456795
faster_rcnn,FP32,comun,A,0,328,175.41450000135228
faster_rcnn,FP32,comun,A,0,329,188.09630000032485
faster_rcnn,FP32,comun,A,0,330,168.02379999717232
faster_rcnn,FP32,comun,A,0,331,182.97000000893604
faster_rcnn,FP32,comun,A,0,332,182.3556000017561
faster_rcnn,FP32,comun,A,0,333,186.9788000039989
faster_rcnn,FP32,comun,A,0,334,182.97710000479128
faster_rcnn,FP32,comun,A,0,335,183.42570000095293
faster_rcnn,FP32,comun,A,0,336,177.78280000493396
faster_rcnn,FP32,comun,A,0,337,185.51529999240302
faster_rcnn,FP32,comun,A,0,338,185.37099999957718
faster_rcnn,FP32,comun,A,0,339,184.35880000470206
faster_rcnn,FP32,comun,A,0,340,188.12489999982063
faster_rcnn,FP32,comun,A,0,341,166.38339999190066
faster_rcnn,FP32,comun,A,0,342,178.20409999694675
faster_rcnn,FP32,comun,A,0,343,187.7223000046797
faster_rcnn,FP32,comun,A,0,344,175.88479998812545
faster_rcnn,FP32,comun,A,0,345,169.94250001152977
faster_rcnn,FP32,comun,A,0,346,178.21280000498518
faster_rcnn,FP32,comun,A,0,347,187.64269999519456
faster_rcnn,FP32,comun,A,0,348,190.94859999313485
faster_rcnn,FP32,comun,A,0,349,188.16950000473298
faster_rcnn,FP32,comun,A,0,350,187.16719999792986
faster_rcnn,FP32,comun,A,0,351,190.76299999142066
faster_rcnn,FP32,comun,A,0,352,187.08379998861346
faster_rcnn,FP32,comun,A,0,353,187.2672000026796
faster_rcnn,FP32,comun,A,0,354,184.81249999604188
faster_rcnn,FP32,comun,A,0,355,190.20040000032168
faster_rcnn,FP32,comun,A,0,356,187.09880000096746
faster_rcnn,FP32,comun,A,0,357,173.8894000009168
faster_rcnn,FP32,comun,A,0,358,187.1955000096932
faster_rcnn,FP32,comun,A,0,359,180.89150000014342
faster_rcnn,FP32,comun,A,0,360,182.22120001155417
faster_rcnn,FP32,comun,A,0,361,186.3485999929253
faster_rcnn,FP32,comun,A,0,362,185.67179999081418
faster_rcnn,FP32,comun,A,0,363,183.60619999293704
faster_rcnn,FP32,comun,A,0,364,195.29719999991357
faster_rcnn,FP32,comun,A,0,365,190.0274000072386
faster_rcnn,FP32,comun,A,0,366,186.5486000024248
faster_rcnn,FP32,comun,A,0,367,200.76609999523498
faster_rcnn,FP32,comun,A,0,368,203.17789999535307
faster_rcnn,FP32,comun,A,0,369,178.39850000746083
faster_rcnn,FP32,comun,A,0,370,190.19419999676757
faster_rcnn,FP32,comun,A,0,371,201.66729998891242
faster_rcnn,FP32,comun,A,0,372,195.08170000335667
faster_rcnn,FP32,comun,A,0,373,192.78520000807475
faster_rcnn,FP32,comun,B,0,0,214.03920000011567
faster_rcnn,FP32,comun,B,0,1,205.15749999321997
faster_rcnn,FP32,comun,B,0,2,211.73710000584833
faster_rcnn,FP32,comun,B,0,3,208.25060000061058
faster_rcnn,FP32,comun,B,0,4,206.06129999214318
faster_rcnn,FP32,comun,B,0,5,200.24080001167022
faster_rcnn,FP32,comun,B,0,6,201.3854000106221
faster_rcnn,FP32,comun,B,0,7,219.51930000795983
faster_rcnn,FP32,comun,B,0,8,208.2931000040844
faster_rcnn,FP32,comun,B,0,9,202.54209999984596
faster_rcnn,FP32,comun,B,0,10,210.74760000919923
faster_rcnn,FP32,comun,B,0,11,208.1285000022035
faster_rcnn,FP32,comun,B,0,12,207.81910000368953
faster_rcnn,FP32,comun,B,0,13,215.31789998698514
faster_rcnn,FP32,comun,B,0,14,219.0610999969067
faster_rcnn,FP32,comun,B,0,15,219.27310001046862
faster_rcnn,FP32,comun,B,0,16,206.99010000680573
faster_rcnn,FP32,comun,B,0,17,212.85890000581276
faster_rcnn,FP32,comun,B,0,18,206.70929999323562
faster_rcnn,FP32,comun,B,0,19,210.2158000052441
faster_rcnn,FP32,comun,B,0,20,211.71239999239333
faster_rcnn,FP32,comun,B,0,21,206.49779999803286
faster_rcnn,FP32,comun,B,0,22,214.16909999970812
faster_rcnn,FP32,comun,B,0,23,211.97859999665525
faster_rcnn,FP32,comun,B,0,24,213.19660000153817
faster_rcnn,FP32,comun,B,0,25,182.27930000284687
faster_rcnn,FP32,comun,B,0,26,204.26100000622682
faster_rcnn,FP32,comun,B,0,27,210.69759999227244
faster_rcnn,FP32,comun,B,0,28,197.6654000027338
faster_rcnn,FP32,comun,B,0,29,204.32520000031218
faster_rcnn,FP32,comun,B,0,30,209.60130001185462
faster_rcnn,FP32,comun,B,0,31,203.5887000092771
faster_rcnn,FP32,comun,B,0,32,201.88029999553692
faster_rcnn,FP32,comun,B,0,33,210.0298000004841
faster_rcnn,FP32,comun,B,0,34,197.5598999997601
faster_rcnn,FP32,comun,B,0,35,208.05459999246523
faster_rcnn,FP32,comun,B,0,36,209.45999999821652
faster_rcnn,FP32,comun,B,0,37,195.94569999026135
faster_rcnn,FP32,comun,B,0,38,203.08520000253338
faster_rcnn,FP32,comun,B,0,39,203.83940001192968
faster_rcnn,FP32,comun,B,0,40,209.44130000134464
faster_rcnn,FP32,comun,B,0,41,200.22210000024643
faster_rcnn,FP32,comun,B,0,42,207.04140000452753
faster_rcnn,FP32,comun,B,0,43,203.17269999941345
faster_rcnn,FP32,comun,B,0,44,205.97440001438372
faster_rcnn,FP32,comun,B,0,45,204.41969999228604
faster_rcnn,FP32,comun,B,0,46,207.59890000044834
faster_rcnn,FP32,comun,B,0,47,190.0005999923451
faster_rcnn,FP32,comun,B,0,48,199.26280000072438
faster_rcnn,FP32,comun,B,0,49,193.07730000582524
faster_rcnn,FP32,comun,B,0,50,198.38269999308977
faster_rcnn,FP32,comun,B,0,51,199.1027999902144
faster_rcnn,FP32,comun,B,0,52,198.35590000730008
faster_rcnn,FP32,comun,B,0,53,198.37169999664184
faster_rcnn,FP32,comun,B,0,54,200.35069998994004
faster_rcnn,FP32,comun,B,0,55,196.71780000498984
faster_rcnn,FP32,comun,B,0,56,202.18069999828003
faster_rcnn,FP32,comun,B,0,57,200.18960000015795
faster_rcnn,FP32,comun,B,0,58,209.758699988015
faster_rcnn,FP32,comun,B,0,59,191.48170000698883
faster_rcnn,FP32,comun,B,0,60,194.15320000553038
faster_rcnn,FP32,comun,B,0,61,195.11179999972228
faster_rcnn,FP32,comun,B,0,62,192.4972999986494
faster_rcnn,FP32,comun,B,0,63,200.9078999981284
faster_rcnn,FP32,comun,B,0,64,207.69680000375956
faster_rcnn,FP32,comun,B,0,65,203.94560000568163
faster_rcnn,FP32,comun,B,0,66,200.317199996789
faster_rcnn,FP32,comun,B,0,67,205.22610000625718
faster_rcnn,FP32,comun,B,0,68,206.0364000062691
faster_rcnn,FP32,comun,B,0,69,200.0149999948917
faster_rcnn,FP32,comun,B,0,70,201.28250001289416
faster_rcnn,FP32,comun,B,0,71,187.5677999923937
faster_rcnn,FP32,comun,B,0,72,201.3200999936089
faster_rcnn,FP32,comun,B,0,73,199.91450000088662
faster_rcnn,FP32,comun,B,0,74,205.5831999896327
faster_rcnn,FP32,comun,B,0,75,200.6499000126496
faster_rcnn,FP32,comun,B,0,76,200.72690000233706
faster_rcnn,FP32,comun,B,0,77,179.2812000057893
faster_rcnn,FP32,comun,B,0,78,192.82870000461116
faster_rcnn,FP32,comun,B,0,79,207.55589999316726
faster_rcnn,FP32,comun,B,0,80,196.9351000007009
faster_rcnn,FP32,comun,B,0,81,203.67450000776444
faster_rcnn,FP32,comun,B,0,82,208.81340000778437
faster_rcnn,FP32,comun,B,0,83,202.55819999147207
faster_rcnn,FP32,comun,B,0,84,206.1424999992596
faster_rcnn,FP32,comun,B,0,85,203.78539999364875
faster_rcnn,FP32,comun,B,0,86,191.80150001193397
faster_rcnn,FP32,comun,B,0,87,197.24969999515451
faster_rcnn,FP32,comun,B,0,88,203.46569998946507
faster_rcnn,FP32,comun,B,0,89,203.8699000113411
faster_rcnn,FP32,comun,B,0,90,195.53939999605063
faster_rcnn,FP32,comun,B,0,91,206.81770000373945
faster_rcnn,FP32,comun,B,0,92,201.14370000374038
faster_rcnn,FP32,comun,B,0,93,207.37660001032054
faster_rcnn,FP32,comun,B,0,94,206.3522000098601
faster_rcnn,FP32,comun,B,0,95,199.3540999974357
faster_rcnn,FP32,comun,B,0,96,203.51949999167118
faster_rcnn,FP32,comun,B,0,97,206.3449999986915
faster_rcnn,FP32,comun,B,0,98,192.6606999913929
faster_rcnn,FP32,comun,B,0,99,212.12750000995584
faster_rcnn,FP32,comun,B,0,100,199.23510000808164
faster_rcnn,FP32,comun,B,0,101,205.92560000659432
faster_rcnn,FP32,comun,B,0,102,205.55210000020452
faster_rcnn,FP32,comun,B,0,103,195.94849999703
faster_rcnn,FP32,comun,B,0,104,205.42440000281204
faster_rcnn,FP32,comun,B,0,105,200.2645000029588
faster_rcnn,FP32,comun,B,0,106,203.0401000083657
faster_rcnn,FP32,comun,B,0,107,204.09199999994598
faster_rcnn,FP32,comun,B,0,108,203.04619999660645
faster_rcnn,FP32,comun,B,0,109,205.22370000253431
faster_rcnn,FP32,comun,B,0,110,191.10559999535326
faster_rcnn,FP32,comun,B,0,111,205.31359998858534
faster_rcnn,FP32,comun,B,0,112,210.8734000066761
faster_rcnn,FP32,comun,B,0,113,195.33940000110306
faster_rcnn,FP32,comun,B,0,114,203.85249999526422
faster_rcnn,FP32,comun,B,0,115,198.9021000044886
faster_rcnn,FP32,comun,B,0,116,200.00769999751355
faster_rcnn,FP32,comun,B,0,117,203.80780000414234
faster_rcnn,FP32,comun,B,0,118,197.23039999371395
faster_rcnn,FP32,comun,B,0,119,285.0565999979153
faster_rcnn,FP32,comun,B,0,120,204.94299998972565
faster_rcnn,FP32,comun,B,0,121,206.95619999605697
faster_rcnn,FP32,comun,B,0,122,210.8818999986397
faster_rcnn,FP32,comun,B,0,123,206.06589999806602
faster_rcnn,FP32,comun,B,0,124,202.83870000275783
faster_rcnn,FP32,comun,B,0,125,201.00230000389274
faster_rcnn,FP32,comun,B,0,126,199.88919999741483
faster_rcnn,FP32,comun,B,0,127,205.22909999999683
faster_rcnn,FP32,comun,B,0,128,208.6288999998942
faster_rcnn,FP32,comun,B,0,129,197.5961999996798
faster_rcnn,FP32,comun,B,0,130,207.37990000634454
faster_rcnn,FP32,comun,B,0,131,206.80820000416134
faster_rcnn,FP32,comun,B,0,132,189.17789999977686
faster_rcnn,FP32,comun,B,0,133,194.36850000056438
faster_rcnn,FP32,comun,B,0,134,206.29250000638422
faster_rcnn,FP32,comun,B,0,135,199.43100000091363
faster_rcnn,FP32,comun,B,0,136,195.54660000721924
faster_rcnn,FP32,comun,B,0,137,199.75800000247546
faster_rcnn,FP32,comun,B,0,138,203.98399999248795
faster_rcnn,FP32,comun,B,0,139,195.8433999971021
faster_rcnn,FP32,comun,B,0,140,208.1383999902755
faster_rcnn,FP32,comun,B,0,141,204.12909999140538
faster_rcnn,FP32,comun,B,0,142,200.13919999473728
faster_rcnn,FP32,comun,B,0,143,202.57070001389366
faster_rcnn,FP32,comun,B,0,144,195.37859999400098
faster_rcnn,FP32,comun,B,0,145,192.01519999478478
faster_rcnn,FP32,comun,B,0,146,197.1514000033494
faster_rcnn,FP32,comun,B,0,147,207.047900010366
faster_rcnn,FP32,comun,B,0,148,210.2794999955222
faster_rcnn,FP32,comun,B,0,149,206.56849999795668
faster_rcnn,FP32,comun,B,0,150,198.81449999229517
faster_rcnn,FP32,comun,B,0,151,194.45429999905173
faster_rcnn,FP32,comun,B,0,152,211.90600001136772
faster_rcnn,FP32,comun,B,0,153,201.00749999983236
faster_rcnn,FP32,comun,B,0,154,204.26689999294467
faster_rcnn,FP32,comun,B,0,155,200.54020000679884
faster_rcnn,FP32,comun,B,0,156,196.24839999596588
faster_rcnn,FP32,comun,B,0,157,193.2177000126103
faster_rcnn,FP32,comun,B,0,158,206.53129999118391
faster_rcnn,FP32,comun,B,0,159,203.76600000599865
faster_rcnn,FP32,comun,B,0,160,203.58450000640005
faster_rcnn,FP32,comun,B,0,161,205.2279999916209
faster_rcnn,FP32,comun,B,0,162,199.83869999123272
faster_rcnn,FP32,comun,B,0,163,200.5531000031624
faster_rcnn,FP32,comun,B,0,164,204.18139999674167
faster_rcnn,FP32,comun,B,0,165,208.78329999686684
faster_rcnn,FP32,comun,B,0,166,212.8755000012461
faster_rcnn,FP32,comun,B,0,167,195.62879999284633
faster_rcnn,FP32,comun,B,0,168,204.7061999910511
faster_rcnn,FP32,comun,B,0,169,209.71819999977015
faster_rcnn,FP32,comun,B,0,170,208.26929999748245
faster_rcnn,FP32,comun,B,0,171,198.03610000235494
faster_rcnn,FP32,comun,B,0,172,191.13459999789484
faster_rcnn,FP32,comun,B,0,173,202.10629999928642
faster_rcnn,FP32,comun,B,0,174,216.2761999934446
faster_rcnn,FP32,comun,B,0,175,202.91559999168385
faster_rcnn,FP32,comun,B,0,176,204.40570000209846
faster_rcnn,FP32,comun,B,0,177,194.81870000890922
faster_rcnn,FP32,comun,B,0,178,205.1763000054052
faster_rcnn,FP32,comun,B,0,179,203.12420000846032
faster_rcnn,FP32,comun,B,0,180,209.087900002487
faster_rcnn,FP32,comun,B,0,181,205.09869999659713
faster_rcnn,FP32,comun,B,0,182,193.91370000084862
faster_rcnn,FP32,comun,B,0,183,213.67060000193305
faster_rcnn,FP32,comun,B,0,184,208.0926000053296
faster_rcnn,FP32,comun,B,0,185,198.5156000009738
faster_rcnn,FP32,comun,B,0,186,207.49469999282155
faster_rcnn,FP32,comun,B,0,187,181.97800000780262
faster_rcnn,FP32,comun,B,0,188,213.33689999300987
faster_rcnn,FP32,comun,B,0,189,217.7705999929458
faster_rcnn,FP32,comun,B,0,190,196.91189999866765
faster_rcnn,FP32,comun,B,0,191,201.30190000054426
faster_rcnn,FP32,comun,B,0,192,200.79669999540783
faster_rcnn,FP32,comun,B,0,193,203.61270000285003
faster_rcnn,FP32,comun,B,0,194,201.9631000002846
faster_rcnn,FP32,comun,B,0,195,207.10549999785144
faster_rcnn,FP32,comun,B,0,196,191.26809999579564
faster_rcnn,FP32,comun,B,0,197,196.40000000072177
faster_rcnn,FP32,comun,B,0,198,192.34449999930803
faster_rcnn,FP32,comun,B,0,199,205.69529999920633
faster_rcnn,FP32,comun,B,0,200,212.51399999891873
faster_rcnn,FP32,comun,B,0,201,212.53340000112075
faster_rcnn,FP32,comun,B,0,202,213.71660000295378
faster_rcnn,FP32,comun,B,0,203,204.44440000574104
faster_rcnn,FP32,comun,B,0,204,196.55380000767764
faster_rcnn,FP32,comun,B,0,205,209.38079999177717
faster_rcnn,FP32,comun,B,0,206,207.61019999918062
faster_rcnn,FP32,comun,B,0,207,194.83120000222698
faster_rcnn,FP32,comun,B,0,208,214.0510000026552
faster_rcnn,FP32,comun,B,0,209,200.05449999007396
faster_rcnn,FP32,comun,B,0,210,194.57510000211187
faster_rcnn,FP32,comun,B,0,211,206.55569998780265
faster_rcnn,FP32,comun,B,0,212,195.10519999312237
faster_rcnn,FP32,comun,B,0,213,202.28519999363925
faster_rcnn,FP32,comun,B,0,214,199.06790000095498
faster_rcnn,FP32,comun,B,0,215,199.20879999699537
faster_rcnn,FP32,comun,B,0,216,186.82979998993687
faster_rcnn,FP32,comun,B,0,217,194.79880000289995
faster_rcnn,FP32,comun,B,0,218,199.76400000450667
faster_rcnn,FP32,comun,B,0,219,202.8691000014078
faster_rcnn,FP32,comun,B,0,220,200.86200001242105
faster_rcnn,FP32,comun,B,0,221,202.42010000220034
faster_rcnn,FP32,comun,B,0,222,186.26139999832958
faster_rcnn,FP32,comun,B,0,223,201.97910000570118
faster_rcnn,FP32,comun,B,0,224,205.13039999059401
faster_rcnn,FP32,comun,B,0,225,195.0829999987036
faster_rcnn,FP32,comun,B,0,226,198.8846000022022
faster_rcnn,FP32,comun,B,0,227,202.42760000110138
faster_rcnn,FP32,comun,B,0,228,185.99620000168215
faster_rcnn,FP32,comun,B,0,229,193.40119999833405
faster_rcnn,FP32,comun,B,0,230,172.5999999907799
faster_rcnn,FP32,comun,B,0,231,167.68020000017714
faster_rcnn,FP32,comun,B,0,232,199.11590000265278
faster_rcnn,FP32,comun,B,0,233,198.35050000983756
faster_rcnn,FP32,comun,B,0,234,195.84990000294056
faster_rcnn,FP32,comun,B,0,235,204.16540000587702
faster_rcnn,FP32,comun,B,0,236,181.91640000441112
faster_rcnn,FP32,comun,B,0,237,204.310400004033
faster_rcnn,FP32,comun,B,0,238,197.7446999953827
faster_rcnn,FP32,comun,B,0,239,202.54969999950845
faster_rcnn,FP32,comun,B,0,240,202.59859999350738
faster_rcnn,FP32,comun,B,0,241,186.6907999938121
faster_rcnn,FP32,comun,B,0,242,197.29419999930542
faster_rcnn,FP32,comun,B,0,243,194.25529999716673
faster_rcnn,FP32,comun,B,0,244,178.11969999456778
faster_rcnn,FP32,comun,B,0,245,200.21369999449234
faster_rcnn,FP32,comun,B,0,246,198.22669999848586
faster_rcnn,FP32,comun,B,0,247,195.21130000066478
faster_rcnn,FP32,comun,B,0,248,173.63369998929556
faster_rcnn,FP32,comun,B,0,249,196.93849999748636
faster_rcnn,FP32,comun,B,0,250,191.36950001120567
faster_rcnn,FP32,comun,B,0,251,190.6401000014739
faster_rcnn,FP32,comun,B,0,252,204.2819999915082
faster_rcnn,FP32,comun,B,0,253,175.38130001048557
faster_rcnn,FP32,comun,B,0,254,204.09290000679903
faster_rcnn,FP32,comun,B,0,255,191.09799999569077
faster_rcnn,FP32,comun,B,0,256,194.47860000946093
faster_rcnn,FP32,comun,B,0,257,204.30599999963306
faster_rcnn,FP32,comun,B,0,258,201.52789998974185
faster_rcnn,FP32,comun,B,0,259,187.8051000094274
faster_rcnn,FP32,comun,B,0,260,200.53859999461565
faster_rcnn,FP32,comun,B,0,261,201.6293000051519
faster_rcnn,FP32,comun,B,0,262,200.81589999608696
faster_rcnn,FP32,comun,B,0,263,202.58519999333657
faster_rcnn,FP32,comun,B,0,264,198.53320000402164
faster_rcnn,FP32,comun,B,0,265,197.72029999876395
faster_rcnn,FP32,comun,B,0,266,195.44060000043828
faster_rcnn,FP32,comun,B,0,267,187.11650000477675
faster_rcnn,FP32,comun,B,0,268,204.4896999868797
faster_rcnn,FP32,comun,B,0,269,192.0892000052845
faster_rcnn,FP32,comun,B,0,270,203.21409999451134
faster_rcnn,FP32,comun,B,0,271,212.01099999598227
faster_rcnn,FP32,comun,B,0,272,210.69410000927746
faster_rcnn,FP32,comun,B,0,273,198.43619999301154
faster_rcnn,FP32,comun,B,0,274,202.05590000841767
faster_rcnn,FP32,comun,B,0,275,199.76740000129212
faster_rcnn,FP32,comun,B,0,276,202.5885000039125
faster_rcnn,FP32,comun,B,0,277,190.81070000538602
faster_rcnn,FP32,comun,B,0,278,206.69189999171067
faster_rcnn,FP32,comun,B,0,279,195.2132000005804
faster_rcnn,FP32,comun,B,0,280,203.33129999926314
faster_rcnn,FP32,comun,B,0,281,198.43540000147186
faster_rcnn,FP32,comun,B,0,282,195.69520000368357
faster_rcnn,FP32,comun,B,0,283,200.12440001301002
faster_rcnn,FP32,comun,B,0,284,194.82060000882484
faster_rcnn,FP32,comun,B,0,285,201.04639999044593
faster_rcnn,FP32,comun,B,0,286,199.63549998647068
faster_rcnn,FP32,comun,B,0,287,200.34719999239314
faster_rcnn,FP32,comun,B,0,288,191.00379999144934
faster_rcnn,FP32,comun,B,0,289,204.59929999196902
faster_rcnn,FP32,comun,B,0,290,200.12100000167266
faster_rcnn,FP32,comun,B,0,291,202.52249999612104
faster_rcnn,FP32,comun,B,0,292,199.71780000196304
faster_rcnn,FP32,comun,B,0,293,200.35650000500027
faster_rcnn,FP32,comun,B,0,294,202.91409999481402
faster_rcnn,FP32,comun,B,0,295,191.7946000030497
faster_rcnn,FP32,comun,B,0,296,203.44090000435244
faster_rcnn,FP32,comun,B,0,297,188.5004000068875
faster_rcnn,FP32,comun,B,0,298,195.38000000466127
faster_rcnn,FP32,comun,B,0,299,201.4673999947263
faster_rcnn,FP32,comun,B,0,300,197.86780000140425
faster_rcnn,FP32,comun,B,0,301,193.92799999332055
faster_rcnn,FP32,comun,B,0,302,202.70589999563526
faster_rcnn,FP32,comun,B,0,303,197.67100000171922
faster_rcnn,FP32,comun,B,0,304,200.05800000217278
faster_rcnn,FP32,comun,B,0,305,199.62739999755286
faster_rcnn,FP32,comun,B,0,306,196.1453999974765
faster_rcnn,FP32,comun,B,0,307,191.14830000035
faster_rcnn,FP32,comun,B,0,308,204.15410000714473
faster_rcnn,FP32,comun,B,0,309,204.20670000021346
faster_rcnn,FP32,comun,B,0,310,179.17339999985415
faster_rcnn,FP32,comun,B,0,311,181.91339999611955
faster_rcnn,FP32,comun,B,0,312,209.33300000615418
faster_rcnn,FP32,comun,B,0,313,200.77079998736735
faster_rcnn,FP32,comun,B,0,314,205.4768999951193
faster_rcnn,FP32,comun,B,0,315,203.0376999900909
faster_rcnn,FP32,comun,B,0,316,187.39749999076594
faster_rcnn,FP32,comun,B,0,317,199.66389999899548
faster_rcnn,FP32,comun,B,0,318,186.07640000118408
faster_rcnn,FP32,comun,B,0,319,177.63150000246242
faster_rcnn,FP32,comun,B,0,320,205.22920000075828
faster_rcnn,FP32,comun,B,0,321,202.18369999201968
faster_rcnn,FP32,comun,B,0,322,186.9579999911366
faster_rcnn,FP32,comun,B,0,323,195.90720000269357
faster_rcnn,FP32,comun,B,0,324,205.10199999262113
faster_rcnn,FP32,comun,B,0,325,208.30169999680948
faster_rcnn,FP32,comun,B,0,326,199.69530000525992
faster_rcnn,FP32,comun,B,0,327,199.68900000094436
faster_rcnn,FP32,comun,B,0,328,190.35299999814015
faster_rcnn,FP32,comun,B,0,329,198.52809999429155
faster_rcnn,FP32,comun,B,0,330,188.1851999933133
faster_rcnn,FP32,comun,B,0,331,203.52520000596996
faster_rcnn,FP32,comun,B,0,332,205.35109999764245
faster_rcnn,FP32,comun,B,0,333,198.79010001022834
faster_rcnn,FP32,comun,B,0,334,197.78210000367835
faster_rcnn,FP32,comun,B,0,335,202.57530000526458
faster_rcnn,FP32,comun,B,0,336,187.4041999981273
faster_rcnn,FP32,comun,B,0,337,198.73580000421498
faster_rcnn,FP32,comun,B,0,338,197.72280000324827
faster_rcnn,FP32,comun,B,0,339,200.99949999712408
faster_rcnn,FP32,comun,B,0,340,207.9026999999769
faster_rcnn,FP32,comun,B,0,341,196.68459999957122
faster_rcnn,FP32,comun,B,0,342,186.81940001260955
faster_rcnn,FP32,comun,B,0,343,201.16139999299776
faster_rcnn,FP32,comun,B,0,344,191.9726000051014
faster_rcnn,FP32,comun,B,0,345,198.6285000020871
faster_rcnn,FP32,comun,B,0,346,198.05550000455696
faster_rcnn,FP32,comun,B,0,347,203.30389999435283
faster_rcnn,FP32,comun,B,0,348,213.6529999988852
faster_rcnn,FP32,comun,B,0,349,204.55030001176056
faster_rcnn,FP32,comun,B,0,350,209.17210000334308
faster_rcnn,FP32,comun,B,0,351,200.79439999244642
faster_rcnn,FP32,comun,B,0,352,195.9663999878103
faster_rcnn,FP32,comun,B,0,353,201.07239999924786
faster_rcnn,FP32,comun,B,0,354,194.5018000114942
faster_rcnn,FP32,comun,B,0,355,195.00940000580158
faster_rcnn,FP32,comun,B,0,356,198.4420999942813
faster_rcnn,FP32,comun,B,0,357,186.60100000852253
faster_rcnn,FP32,comun,B,0,358,204.74289999401662
faster_rcnn,FP32,comun,B,0,359,185.32729998696595
faster_rcnn,FP32,comun,B,0,360,188.57379999826662
faster_rcnn,FP32,comun,B,0,361,199.39660000090953
faster_rcnn,FP32,comun,B,0,362,203.48250000097323
faster_rcnn,FP32,comun,B,0,363,209.8575999989407
faster_rcnn,FP32,comun,B,0,364,203.72190000489354
faster_rcnn,FP32,comun,B,0,365,195.35340000584256
faster_rcnn,FP32,comun,B,0,366,186.2027000024682
faster_rcnn,FP32,comun,B,0,367,201.32249999733176
faster_rcnn,FP32,comun,B,0,368,194.68619998951908
faster_rcnn,FP32,comun,B,0,369,188.6649999942165
faster_rcnn,FP32,comun,B,0,370,200.36799999070354
faster_rcnn,FP32,comun,B,0,371,201.70590000634547
faster_rcnn,FP32,comun,B,0,372,196.69379999686498
faster_rcnn,FP32,comun,B,0,373,204.2626000038581
faster_rcnn,FP32,comun,A,1,0,182.2147000057157
faster_rcnn,FP32,comun,A,1,1,180.43980000948068
faster_rcnn,FP32,comun,A,1,2,185.44209998799488
faster_rcnn,FP32,comun,A,1,3,179.43530000047758
faster_rcnn,FP32,comun,A,1,4,182.67500000365544
faster_rcnn,FP32,comun,A,1,5,183.67559999751393
faster_rcnn,FP32,comun,A,1,6,188.23470000643283
faster_rcnn,FP32,comun,A,1,7,186.20029999874532
faster_rcnn,FP32,comun,A,1,8,185.06730000081006
faster_rcnn,FP32,comun,A,1,9,170.87719999835826
faster_rcnn,FP32,comun,A,1,10,178.34110000694636
faster_rcnn,FP32,comun,A,1,11,191.0340000031283
faster_rcnn,FP32,comun,A,1,12,186.020399996778
faster_rcnn,FP32,comun,A,1,13,199.11849999334663
faster_rcnn,FP32,comun,A,1,14,183.25560000084806
faster_rcnn,FP32,comun,A,1,15,183.67939999734517
faster_rcnn,FP32,comun,A,1,16,184.67670000973158
faster_rcnn,FP32,comun,A,1,17,187.2002999880351
faster_rcnn,FP32,comun,A,1,18,189.0692000015406
faster_rcnn,FP32,comun,A,1,19,196.1592000006931
faster_rcnn,FP32,comun,A,1,20,189.68799999856856
faster_rcnn,FP32,comun,A,1,21,186.69609999051318
faster_rcnn,FP32,comun,A,1,22,192.2920999932103
faster_rcnn,FP32,comun,A,1,23,190.0791000080062
faster_rcnn,FP32,comun,A,1,24,189.84760000603274
faster_rcnn,FP32,comun,A,1,25,174.5190000074217
faster_rcnn,FP32,comun,A,1,26,186.3084000069648
faster_rcnn,FP32,comun,A,1,27,183.2198000047356
faster_rcnn,FP32,comun,A,1,28,181.32909999985714
faster_rcnn,FP32,comun,A,1,29,187.6015999878291
faster_rcnn,FP32,comun,A,1,30,180.82340000546537
faster_rcnn,FP32,comun,A,1,31,183.47869999706745
faster_rcnn,FP32,comun,A,1,32,187.74540000595152
faster_rcnn,FP32,comun,A,1,33,192.77350000629667
faster_rcnn,FP32,comun,A,1,34,168.46020000230055
faster_rcnn,FP32,comun,A,1,35,187.7193999971496
faster_rcnn,FP32,comun,A,1,36,188.7327999866102
faster_rcnn,FP32,comun,A,1,37,175.73189998802263
faster_rcnn,FP32,comun,A,1,38,178.8061999977799
faster_rcnn,FP32,comun,A,1,39,189.50960000802297
faster_rcnn,FP32,comun,A,1,40,181.8067999993218
faster_rcnn,FP32,comun,A,1,41,184.64210000820458
faster_rcnn,FP32,comun,A,1,42,186.38600000122096
faster_rcnn,FP32,comun,A,1,43,191.6843999933917
faster_rcnn,FP32,comun,A,1,44,185.0780999957351
faster_rcnn,FP32,comun,A,1,45,177.48529999516904
faster_rcnn,FP32,comun,A,1,46,181.9787999993423
faster_rcnn,FP32,comun,A,1,47,170.43069998908322
faster_rcnn,FP32,comun,A,1,48,179.80749999696855
faster_rcnn,FP32,comun,A,1,49,175.29830000421498
faster_rcnn,FP32,comun,A,1,50,185.06689999776427
faster_rcnn,FP32,comun,A,1,51,183.585699996911
faster_rcnn,FP32,comun,A,1,52,179.29230000299867
faster_rcnn,FP32,comun,A,1,53,186.90570000035223
faster_rcnn,FP32,comun,A,1,54,190.37500000558794
faster_rcnn,FP32,comun,A,1,55,178.10560000361875
faster_rcnn,FP32,comun,A,1,56,185.5512999900384
faster_rcnn,FP32,comun,A,1,57,188.68590000784025
faster_rcnn,FP32,comun,A,1,58,185.76839999877848
faster_rcnn,FP32,comun,A,1,59,174.71289999957662
faster_rcnn,FP32,comun,A,1,60,174.49910000141244
faster_rcnn,FP32,comun,A,1,61,181.3279999914812
faster_rcnn,FP32,comun,A,1,62,173.30899999069516
faster_rcnn,FP32,comun,A,1,63,187.917599992943
faster_rcnn,FP32,comun,A,1,64,186.84229999780655
faster_rcnn,FP32,comun,A,1,65,182.69380000128876
faster_rcnn,FP32,comun,A,1,66,185.64840000180993
faster_rcnn,FP32,comun,A,1,67,181.05369999830145
faster_rcnn,FP32,comun,A,1,68,184.97560000105295
faster_rcnn,FP32,comun,A,1,69,174.52119999506976
faster_rcnn,FP32,comun,A,1,70,188.0053999921074
faster_rcnn,FP32,comun,A,1,71,181.33229999511968
faster_rcnn,FP32,comun,A,1,72,184.24059999233577
faster_rcnn,FP32,comun,A,1,73,186.12080000457354
faster_rcnn,FP32,comun,A,1,74,187.9105999978492
faster_rcnn,FP32,comun,A,1,75,181.48709999513812
faster_rcnn,FP32,comun,A,1,76,186.33480000426061
faster_rcnn,FP32,comun,A,1,77,149.82000000600237
faster_rcnn,FP32,comun,A,1,78,172.04609999316745
faster_rcnn,FP32,comun,A,1,79,183.02500000572763
faster_rcnn,FP32,comun,A,1,80,173.06770000141114
faster_rcnn,FP32,comun,A,1,81,184.51680001453497
faster_rcnn,FP32,comun,A,1,82,180.59309999807738
faster_rcnn,FP32,comun,A,1,83,191.34069999563508
faster_rcnn,FP32,comun,A,1,84,186.3312999921618
faster_rcnn,FP32,comun,A,1,85,193.7739999993937
faster_rcnn,FP32,comun,A,1,86,191.50570000056177
faster_rcnn,FP32,comun,A,1,87,183.58789999911096
faster_rcnn,FP32,comun,A,1,88,187.86879999970552
faster_rcnn,FP32,comun,A,1,89,185.86640000285115
faster_rcnn,FP32,comun,A,1,90,182.96060001011938
faster_rcnn,FP32,comun,A,1,91,179.47740000090562
faster_rcnn,FP32,comun,A,1,92,195.17249999626074
faster_rcnn,FP32,comun,A,1,93,192.03370000468567
faster_rcnn,FP32,comun,A,1,94,201.76379999611527
faster_rcnn,FP32,comun,A,1,95,181.4326999883633
faster_rcnn,FP32,comun,A,1,96,182.46650000219233
faster_rcnn,FP32,comun,A,1,97,187.34360000235029
faster_rcnn,FP32,comun,A,1,98,176.57380001037382
faster_rcnn,FP32,comun,A,1,99,188.81609999516513
faster_rcnn,FP32,comun,A,1,100,173.59679999935906
faster_rcnn,FP32,comun,A,1,101,187.07339999673422
faster_rcnn,FP32,comun,A,1,102,189.28520000190474
faster_rcnn,FP32,comun,A,1,103,189.28920000325888
faster_rcnn,FP32,comun,A,1,104,184.95330000587273
faster_rcnn,FP32,comun,A,1,105,183.49130000569858
faster_rcnn,FP32,comun,A,1,106,183.68099999497645
faster_rcnn,FP32,comun,A,1,107,175.37450000236277
faster_rcnn,FP32,comun,A,1,108,176.45929999707732
faster_rcnn,FP32,comun,A,1,109,188.69100000301842
faster_rcnn,FP32,comun,A,1,110,181.40600000333507
faster_rcnn,FP32,comun,A,1,111,180.88870000792667
faster_rcnn,FP32,comun,A,1,112,187.6343000039924
faster_rcnn,FP32,comun,A,1,113,173.2004999939818
faster_rcnn,FP32,comun,A,1,114,183.19320000591688
faster_rcnn,FP32,comun,A,1,115,188.7907000054838
faster_rcnn,FP32,comun,A,1,116,183.55280000832863
faster_rcnn,FP32,comun,A,1,117,184.91930000891443
faster_rcnn,FP32,comun,A,1,118,176.37639999156818
faster_rcnn,FP32,comun,A,1,119,180.59940000239294
faster_rcnn,FP32,comun,A,1,120,173.6218000005465
faster_rcnn,FP32,comun,A,1,121,176.34990000806283
faster_rcnn,FP32,comun,A,1,122,185.56230000103824
faster_rcnn,FP32,comun,A,1,123,187.53019999712706
faster_rcnn,FP32,comun,A,1,124,181.97249999502674
faster_rcnn,FP32,comun,A,1,125,179.13509999925736
faster_rcnn,FP32,comun,A,1,126,187.97030000132509
faster_rcnn,FP32,comun,A,1,127,184.61240000033285
faster_rcnn,FP32,comun,A,1,128,184.83489999198355
faster_rcnn,FP32,comun,A,1,129,176.62769999878947
faster_rcnn,FP32,comun,A,1,130,187.84130000858568
faster_rcnn,FP32,comun,A,1,131,183.886300001177
faster_rcnn,FP32,comun,A,1,132,169.02090000803582
faster_rcnn,FP32,comun,A,1,133,172.146500000963
faster_rcnn,FP32,comun,A,1,134,184.8360000003595
faster_rcnn,FP32,comun,A,1,135,179.62870000337716
faster_rcnn,FP32,comun,A,1,136,175.22859999735374
faster_rcnn,FP32,comun,A,1,137,184.25200000638142
faster_rcnn,FP32,comun,A,1,138,183.23249999957625
faster_rcnn,FP32,comun,A,1,139,184.81199999223463
faster_rcnn,FP32,comun,A,1,140,184.13980001059826
faster_rcnn,FP32,comun,A,1,141,183.26859999797307
faster_rcnn,FP32,comun,A,1,142,180.19889999413863
faster_rcnn,FP32,comun,A,1,143,184.9017000058666
faster_rcnn,FP32,comun,A,1,144,181.36780000349972
faster_rcnn,FP32,comun,A,1,145,167.8509000048507
faster_rcnn,FP32,comun,A,1,146,176.2077000021236
faster_rcnn,FP32,comun,A,1,147,184.09899999096524
faster_rcnn,FP32,comun,A,1,148,186.67219999770168
faster_rcnn,FP32,comun,A,1,149,185.82030000106897
faster_rcnn,FP32,comun,A,1,150,185.57899999723304
faster_rcnn,FP32,comun,A,1,151,181.53289999463595
faster_rcnn,FP32,comun,A,1,152,185.68229999800678
faster_rcnn,FP32,comun,A,1,153,185.02270001044963
faster_rcnn,FP32,comun,A,1,154,181.41029999242164
faster_rcnn,FP32,comun,A,1,155,181.95740001101512
faster_rcnn,FP32,comun,A,1,156,173.8037000031909
faster_rcnn,FP32,comun,A,1,157,175.4367999965325
faster_rcnn,FP32,comun,A,1,158,187.5861000007717
faster_rcnn,FP32,comun,A,1,159,184.25229999411386
faster_rcnn,FP32,comun,A,1,160,184.21700000180863
faster_rcnn,FP32,comun,A,1,161,190.0712999922689
faster_rcnn,FP32,comun,A,1,162,181.46059999708086
faster_rcnn,FP32,comun,A,1,163,184.2112000013003
faster_rcnn,FP32,comun,A,1,164,181.6606999927899
faster_rcnn,FP32,comun,A,1,165,185.94319999101572
faster_rcnn,FP32,comun,A,1,166,186.0071999981301
faster_rcnn,FP32,comun,A,1,167,172.60639999585692
faster_rcnn,FP32,comun,A,1,168,189.17650000366848
faster_rcnn,FP32,comun,A,1,169,179.02789999789093
faster_rcnn,FP32,comun,A,1,170,197.7160999958869
faster_rcnn,FP32,comun,A,1,171,173.9444000122603
faster_rcnn,FP32,comun,A,1,172,166.34099998918828
faster_rcnn,FP32,comun,A,1,173,176.4982000022428
faster_rcnn,FP32,comun,A,1,174,175.37449998781085
faster_rcnn,FP32,comun,A,1,175,187.7643000043463
faster_rcnn,FP32,comun,A,1,176,180.54580000170972
faster_rcnn,FP32,comun,A,1,177,180.62379999901168
faster_rcnn,FP32,comun,A,1,178,179.81780000263825
faster_rcnn,FP32,comun,A,1,179,181.00639998738188
faster_rcnn,FP32,comun,A,1,180,184.5848999946611
faster_rcnn,FP32,comun,A,1,181,185.54000000585802
faster_rcnn,FP32,comun,A,1,182,171.2444000004325
faster_rcnn,FP32,comun,A,1,183,190.17309999617282
faster_rcnn,FP32,comun,A,1,184,186.25119999342132
faster_rcnn,FP32,comun,A,1,185,184.0302999917185
faster_rcnn,FP32,comun,A,1,186,183.89930001285393
faster_rcnn,FP32,comun,A,1,187,149.19250000093598
faster_rcnn,FP32,comun,A,1,188,178.78260000725277
faster_rcnn,FP32,comun,A,1,189,179.8133999982383
faster_rcnn,FP32,comun,A,1,190,163.93979999702424
faster_rcnn,FP32,comun,A,1,191,181.02600000565872
faster_rcnn,FP32,comun,A,1,192,184.21209999360144
faster_rcnn,FP32,comun,A,1,193,182.7878000040073
faster_rcnn,FP32,comun,A,1,194,184.60490000143182
faster_rcnn,FP32,comun,A,1,195,180.27560001064558
faster_rcnn,FP32,comun,A,1,196,170.17450000275858
faster_rcnn,FP32,comun,A,1,197,171.5777000063099
faster_rcnn,FP32,comun,A,1,198,171.76009999820963
faster_rcnn,FP32,comun,A,1,199,178.06769999151584
faster_rcnn,FP32,comun,A,1,200,183.66209999658167
faster_rcnn,FP32,comun,A,1,201,188.3425999985775
faster_rcnn,FP32,comun,A,1,202,177.57590000110213
faster_rcnn,FP32,comun,A,1,203,172.9635999945458
faster_rcnn,FP32,comun,A,1,204,174.39749999903142
faster_rcnn,FP32,comun,A,1,205,183.31699998816475
faster_rcnn,FP32,comun,A,1,206,183.45019999833312
faster_rcnn,FP32,comun,A,1,207,178.85009999736212
faster_rcnn,FP32,comun,A,1,208,184.7122000035597
faster_rcnn,FP32,comun,A,1,209,175.9506000089459
faster_rcnn,FP32,comun,A,1,210,170.44149999856018
faster_rcnn,FP32,comun,A,1,211,185.92619999253657
faster_rcnn,FP32,comun,A,1,212,184.27849998988677
faster_rcnn,FP32,comun,A,1,213,183.06020001182333
faster_rcnn,FP32,comun,A,1,214,177.6153999962844
faster_rcnn,FP32,comun,A,1,215,183.4481000114465
faster_rcnn,FP32,comun,A,1,216,167.29830000258517
faster_rcnn,FP32,comun,A,1,217,172.66050000034738
faster_rcnn,FP32,comun,A,1,218,186.68610000167973
faster_rcnn,FP32,comun,A,1,219,188.2134000043152
faster_rcnn,FP32,comun,A,1,220,178.88790000870358
faster_rcnn,FP32,comun,A,1,221,184.28240000503138
faster_rcnn,FP32,comun,A,1,222,177.88170000130776
faster_rcnn,FP32,comun,A,1,223,188.2191999902716
faster_rcnn,FP32,comun,A,1,224,187.65769999299664
faster_rcnn,FP32,comun,A,1,225,164.67880000709556
faster_rcnn,FP32,comun,A,1,226,186.495299989474
faster_rcnn,FP32,comun,A,1,227,190.7121999975061
faster_rcnn,FP32,comun,A,1,228,169.27070000383537
faster_rcnn,FP32,comun,A,1,229,184.2976999905659
faster_rcnn,FP32,comun,A,1,230,151.63729999039788
faster_rcnn,FP32,comun,A,1,231,147.7661000099033
faster_rcnn,FP32,comun,A,1,232,181.6596999997273
faster_rcnn,FP32,comun,A,1,233,189.63209999492392
faster_rcnn,FP32,comun,A,1,234,180.8580999932019
faster_rcnn,FP32,comun,A,1,235,185.55999999807682
faster_rcnn,FP32,comun,A,1,236,169.53640000429004
faster_rcnn,FP32,comun,A,1,237,184.06629998935387
faster_rcnn,FP32,comun,A,1,238,181.45089999597985
faster_rcnn,FP32,comun,A,1,239,178.8047000009101
faster_rcnn,FP32,comun,A,1,240,181.4619000069797
faster_rcnn,FP32,comun,A,1,241,176.4712000003783
faster_rcnn,FP32,comun,A,1,242,174.9240000062855
faster_rcnn,FP32,comun,A,1,243,172.81280001043342
faster_rcnn,FP32,comun,A,1,244,164.00780000549275
faster_rcnn,FP32,comun,A,1,245,194.61229999433272
faster_rcnn,FP32,comun,A,1,246,185.66529999952763
faster_rcnn,FP32,comun,A,1,247,187.7262000052724
faster_rcnn,FP32,comun,A,1,248,162.53279999364167
faster_rcnn,FP32,comun,A,1,249,182.95269999362063
faster_rcnn,FP32,comun,A,1,250,184.02149999747053
faster_rcnn,FP32,comun,A,1,251,181.01120000937954
faster_rcnn,FP32,comun,A,1,252,187.46010000177193
faster_rcnn,FP32,comun,A,1,253,161.93299999576993
faster_rcnn,FP32,comun,A,1,254,187.69299999985378
faster_rcnn,FP32,comun,A,1,255,185.29690000286791
faster_rcnn,FP32,comun,A,1,256,186.94119999418035
faster_rcnn,FP32,comun,A,1,257,186.26609999046195
faster_rcnn,FP32,comun,A,1,258,187.72800000442658
faster_rcnn,FP32,comun,A,1,259,169.6042999974452
faster_rcnn,FP32,comun,A,1,260,184.24610000511166
faster_rcnn,FP32,comun,A,1,261,186.6883000038797
faster_rcnn,FP32,comun,A,1,262,180.84319999616127
faster_rcnn,FP32,comun,A,1,263,185.32680001226254
faster_rcnn,FP32,comun,A,1,264,187.46180000016466
faster_rcnn,FP32,comun,A,1,265,176.20780000288505
faster_rcnn,FP32,comun,A,1,266,181.15600000601262
faster_rcnn,FP32,comun,A,1,267,174.94129999249708
faster_rcnn,FP32,comun,A,1,268,186.18410000635777
faster_rcnn,FP32,comun,A,1,269,185.81880000419915
faster_rcnn,FP32,comun,A,1,270,181.17130000609905
faster_rcnn,FP32,comun,A,1,271,182.7915000030771
faster_rcnn,FP32,comun,A,1,272,188.54560000181664
faster_rcnn,FP32,comun,A,1,273,181.21339999197517
faster_rcnn,FP32,comun,A,1,274,190.50419999985024
faster_rcnn,FP32,comun,A,1,275,181.93999999493826
faster_rcnn,FP32,comun,A,1,276,178.3789000037359
faster_rcnn,FP32,comun,A,1,277,178.15150000387803
faster_rcnn,FP32,comun,A,1,278,183.3106999984011
faster_rcnn,FP32,comun,A,1,279,179.55670000810642
faster_rcnn,FP32,comun,A,1,280,182.53479999839328
faster_rcnn,FP32,comun,A,1,281,181.4126999961445
faster_rcnn,FP32,comun,A,1,282,171.84599999745842
faster_rcnn,FP32,comun,A,1,283,175.9858000004897
faster_rcnn,FP32,comun,A,1,284,176.97599998791702
faster_rcnn,FP32,comun,A,1,285,177.46220000844914
faster_rcnn,FP32,comun,A,1,286,183.29020000237506
faster_rcnn,FP32,comun,A,1,287,187.0682000007946
faster_rcnn,FP32,comun,A,1,288,173.60350000672042
faster_rcnn,FP32,comun,A,1,289,183.50320000899956
faster_rcnn,FP32,comun,A,1,290,185.07120000140276
faster_rcnn,FP32,comun,A,1,291,185.46470000001136
faster_rcnn,FP32,comun,A,1,292,185.57799998961855
faster_rcnn,FP32,comun,A,1,293,182.9007000051206
faster_rcnn,FP32,comun,A,1,294,184.63139999948908
faster_rcnn,FP32,comun,A,1,295,180.1773999904981
faster_rcnn,FP32,comun,A,1,296,180.08930000360124
faster_rcnn,FP32,comun,A,1,297,171.3335999957053
faster_rcnn,FP32,comun,A,1,298,180.4993999976432
faster_rcnn,FP32,comun,A,1,299,174.35489999479614
faster_rcnn,FP32,comun,A,1,300,184.55620000895578
faster_rcnn,FP32,comun,A,1,301,183.84019999939483
faster_rcnn,FP32,comun,A,1,302,185.1530999992974
faster_rcnn,FP32,comun,A,1,303,184.6875000046566
faster_rcnn,FP32,comun,A,1,304,178.70590000529774
faster_rcnn,FP32,comun,A,1,305,184.16630000865553
faster_rcnn,FP32,comun,A,1,306,181.70070000633132
faster_rcnn,FP32,comun,A,1,307,173.7544999923557
faster_rcnn,FP32,comun,A,1,308,184.00839999958407
faster_rcnn,FP32,comun,A,1,309,188.277699999162
faster_rcnn,FP32,comun,A,1,310,174.91549999976996
faster_rcnn,FP32,comun,A,1,311,172.8492000111146
faster_rcnn,FP32,comun,A,1,312,189.74980000348296
faster_rcnn,FP32,comun,A,1,313,181.3862999988487
faster_rcnn,FP32,comun,A,1,314,186.14879999950062
faster_rcnn,FP32,comun,A,1,315,177.4742999987211
faster_rcnn,FP32,comun,A,1,316,173.65100000461098
faster_rcnn,FP32,comun,A,1,317,184.21369999123272
faster_rcnn,FP32,comun,A,1,318,169.81479999958538
faster_rcnn,FP32,comun,A,1,319,173.05579999811016
faster_rcnn,FP32,comun,A,1,320,188.389199989615
faster_rcnn,FP32,comun,A,1,321,181.91509999451227
faster_rcnn,FP32,comun,A,1,322,176.12589999043848
faster_rcnn,FP32,comun,A,1,323,179.63919999601785
faster_rcnn,FP32,comun,A,1,324,172.55869999644347
faster_rcnn,FP32,comun,A,1,325,185.06150000030175
faster_rcnn,FP32,comun,A,1,326,178.69500000961125
faster_rcnn,FP32,comun,A,1,327,189.26410000131
faster_rcnn,FP32,comun,A,1,328,174.58500000066124
faster_rcnn,FP32,comun,A,1,329,184.08619999536313
faster_rcnn,FP32,comun,A,1,330,171.12350001116283
faster_rcnn,FP32,comun,A,1,331,175.16229998727795
faster_rcnn,FP32,comun,A,1,332,185.834399992018
faster_rcnn,FP32,comun,A,1,333,182.60039998858701
faster_rcnn,FP32,comun,A,1,334,187.3217999964254
faster_rcnn,FP32,comun,A,1,335,183.43560000357684
faster_rcnn,FP32,comun,A,1,336,179.88250000053085
faster_rcnn,FP32,comun,A,1,337,188.38409999443684
faster_rcnn,FP32,comun,A,1,338,187.5988999963738
faster_rcnn,FP32,comun,A,1,339,181.43089998920914
faster_rcnn,FP32,comun,A,1,340,190.32979999610689
faster_rcnn,FP32,comun,A,1,341,174.57390000345185
faster_rcnn,FP32,comun,A,1,342,177.54849999619182
faster_rcnn,FP32,comun,A,1,343,185.2247999922838
faster_rcnn,FP32,comun,A,1,344,170.11320000165142
faster_rcnn,FP32,comun,A,1,345,173.8469999982044
faster_rcnn,FP32,comun,A,1,346,187.6542999962112
faster_rcnn,FP32,comun,A,1,347,186.09219999052584
faster_rcnn,FP32,comun,A,1,348,190.40859999950044
faster_rcnn,FP32,comun,A,1,349,185.0689999992028
faster_rcnn,FP32,comun,A,1,350,179.0727999905357
faster_rcnn,FP32,comun,A,1,351,189.65420000313316
faster_rcnn,FP32,comun,A,1,352,186.50180000986438
faster_rcnn,FP32,comun,A,1,353,189.0583000058541
faster_rcnn,FP32,comun,A,1,354,187.50889999500941
faster_rcnn,FP32,comun,A,1,355,186.62310000217985
faster_rcnn,FP32,comun,A,1,356,185.6069000059506
faster_rcnn,FP32,comun,A,1,357,171.37760001060087
faster_rcnn,FP32,comun,A,1,358,185.79610000597313
faster_rcnn,FP32,comun,A,1,359,172.38639999413863
faster_rcnn,FP32,comun,A,1,360,170.06600000604521
faster_rcnn,FP32,comun,A,1,361,185.53860000974964
faster_rcnn,FP32,comun,A,1,362,185.0521000014851
faster_rcnn,FP32,comun,A,1,363,184.72549998841714
faster_rcnn,FP32,comun,A,1,364,183.01210000936408
faster_rcnn,FP32,comun,A,1,365,168.01910000503995
faster_rcnn,FP32,comun,A,1,366,173.32650000753347
faster_rcnn,FP32,comun,A,1,367,184.67680001049303
faster_rcnn,FP32,comun,A,1,368,188.0998999986332
faster_rcnn,FP32,comun,A,1,369,173.64560000714846
faster_rcnn,FP32,comun,A,1,370,187.66539999342058
faster_rcnn,FP32,comun,A,1,371,186.413099989295
faster_rcnn,FP32,comun,A,1,372,177.93030000757426
faster_rcnn,FP32,comun,A,1,373,184.3592999939574
faster_rcnn,FP32,comun,B,1,0,204.47640000202227
faster_rcnn,FP32,comun,B,1,1,199.21040000917856
faster_rcnn,FP32,comun,B,1,2,192.36570000066422
faster_rcnn,FP32,comun,B,1,3,200.52050000231247
faster_rcnn,FP32,comun,B,1,4,193.10200000472832
faster_rcnn,FP32,comun,B,1,5,189.0261999942595
faster_rcnn,FP32,comun,B,1,6,188.89150000177324
faster_rcnn,FP32,comun,B,1,7,202.68360000045504
faster_rcnn,FP32,comun,B,1,8,194.34410000394564
faster_rcnn,FP32,comun,B,1,9,186.7917000054149
faster_rcnn,FP32,comun,B,1,10,191.42010000359733
faster_rcnn,FP32,comun,B,1,11,204.2173000081675
faster_rcnn,FP32,comun,B,1,12,203.86220001091715
faster_rcnn,FP32,comun,B,1,13,196.21829999960028
faster_rcnn,FP32,comun,B,1,14,198.74070001242217
faster_rcnn,FP32,comun,B,1,15,201.48960000369698
faster_rcnn,FP32,comun,B,1,16,202.52950000576675
faster_rcnn,FP32,comun,B,1,17,204.73219999985304
faster_rcnn,FP32,comun,B,1,18,199.50629999220837
faster_rcnn,FP32,comun,B,1,19,197.4785000056727
faster_rcnn,FP32,comun,B,1,20,201.09890001185704
faster_rcnn,FP32,comun,B,1,21,191.57219999760855
faster_rcnn,FP32,comun,B,1,22,197.3291999893263
faster_rcnn,FP32,comun,B,1,23,205.21970000118017
faster_rcnn,FP32,comun,B,1,24,197.5988999911351
faster_rcnn,FP32,comun,B,1,25,188.12539998907596
faster_rcnn,FP32,comun,B,1,26,202.34879999770783
faster_rcnn,FP32,comun,B,1,27,202.33479999296833
faster_rcnn,FP32,comun,B,1,28,192.5169000023743
faster_rcnn,FP32,comun,B,1,29,198.22560000466183
faster_rcnn,FP32,comun,B,1,30,200.41360000323039
faster_rcnn,FP32,comun,B,1,31,201.7821999907028
faster_rcnn,FP32,comun,B,1,32,199.99559999268968
faster_rcnn,FP32,comun,B,1,33,201.66389999212697
faster_rcnn,FP32,comun,B,1,34,183.85590000252705
faster_rcnn,FP32,comun,B,1,35,190.40429999586195
faster_rcnn,FP32,comun,B,1,36,201.79170000483282
faster_rcnn,FP32,comun,B,1,37,189.26610000198707
faster_rcnn,FP32,comun,B,1,38,199.28379998600576
faster_rcnn,FP32,comun,B,1,39,196.92319999739993
faster_rcnn,FP32,comun,B,1,40,198.08000000193715
faster_rcnn,FP32,comun,B,1,41,203.43449999927543
faster_rcnn,FP32,comun,B,1,42,201.62180000625085
faster_rcnn,FP32,comun,B,1,43,197.0010000077309
faster_rcnn,FP32,comun,B,1,44,198.12060000549536
faster_rcnn,FP32,comun,B,1,45,190.92249999812339
faster_rcnn,FP32,comun,B,1,46,203.83379999839235
faster_rcnn,FP32,comun,B,1,47,182.75580000772607
faster_rcnn,FP32,comun,B,1,48,196.2948000000324
faster_rcnn,FP32,comun,B,1,49,182.07840000104625
faster_rcnn,FP32,comun,B,1,50,196.35839998954907
faster_rcnn,FP32,comun,B,1,51,196.13009999739006
faster_rcnn,FP32,comun,B,1,52,183.56069999572355
faster_rcnn,FP32,comun,B,1,53,201.12610000069253
faster_rcnn,FP32,comun,B,1,54,193.07259999914095
faster_rcnn,FP32,comun,B,1,55,194.92340000579134
faster_rcnn,FP32,comun,B,1,56,192.24109999777284
faster_rcnn,FP32,comun,B,1,57,194.58049999957439
faster_rcnn,FP32,comun,B,1,58,194.63260000338778
faster_rcnn,FP32,comun,B,1,59,190.1903000107268
faster_rcnn,FP32,comun,B,1,60,191.3745000056224
faster_rcnn,FP32,comun,B,1,61,200.35850000567734
faster_rcnn,FP32,comun,B,1,62,189.54579999262933
faster_rcnn,FP32,comun,B,1,63,192.57939999806695
faster_rcnn,FP32,comun,B,1,64,201.4437000034377
faster_rcnn,FP32,comun,B,1,65,197.6961000036681
faster_rcnn,FP32,comun,B,1,66,202.7094999939436
faster_rcnn,FP32,comun,B,1,67,199.62390000000596
faster_rcnn,FP32,comun,B,1,68,199.38759999058675
faster_rcnn,FP32,comun,B,1,69,188.2404000061797
faster_rcnn,FP32,comun,B,1,70,197.39750000007916
faster_rcnn,FP32,comun,B,1,71,183.5092999972403
faster_rcnn,FP32,comun,B,1,72,202.60079999570735
faster_rcnn,FP32,comun,B,1,73,200.52500000747386
faster_rcnn,FP32,comun,B,1,74,198.84969999839086
faster_rcnn,FP32,comun,B,1,75,199.77659999858588
faster_rcnn,FP32,comun,B,1,76,196.48339999548625
faster_rcnn,FP32,comun,B,1,77,170.54809999535792
faster_rcnn,FP32,comun,B,1,78,191.2956000014674
faster_rcnn,FP32,comun,B,1,79,204.69539999612607
faster_rcnn,FP32,comun,B,1,80,181.55870000191499
faster_rcnn,FP32,comun,B,1,81,199.0090000035707
faster_rcnn,FP32,comun,B,1,82,200.73229999979958
faster_rcnn,FP32,comun,B,1,83,200.41950000450015
faster_rcnn,FP32,comun,B,1,84,198.1590000068536
faster_rcnn,FP32,comun,B,1,85,202.75840000249445
faster_rcnn,FP32,comun,B,1,86,203.87060000211932
faster_rcnn,FP32,comun,B,1,87,203.53099999192636
faster_rcnn,FP32,comun,B,1,88,207.78169999539386
faster_rcnn,FP32,comun,B,1,89,203.2966000115266
faster_rcnn,FP32,comun,B,1,90,191.40290000359528
faster_rcnn,FP32,comun,B,1,91,197.87810000707395
faster_rcnn,FP32,comun,B,1,92,197.4222999997437
faster_rcnn,FP32,comun,B,1,93,201.85749999654945
faster_rcnn,FP32,comun,B,1,94,195.3393000003416
faster_rcnn,FP32,comun,B,1,95,197.0553999999538
faster_rcnn,FP32,comun,B,1,96,196.6318000049796
faster_rcnn,FP32,comun,B,1,97,200.49390000349376
faster_rcnn,FP32,comun,B,1,98,189.1749000060372
faster_rcnn,FP32,comun,B,1,99,197.20359999337234
faster_rcnn,FP32,comun,B,1,100,186.17859999358188
faster_rcnn,FP32,comun,B,1,101,204.80949999182485
faster_rcnn,FP32,comun,B,1,102,203.36260000476614
faster_rcnn,FP32,comun,B,1,103,190.1889000000665
faster_rcnn,FP32,comun,B,1,104,198.55039998947177
faster_rcnn,FP32,comun,B,1,105,199.55439999466762
faster_rcnn,FP32,comun,B,1,106,196.3015999936033
faster_rcnn,FP32,comun,B,1,107,198.88529999298044
faster_rcnn,FP32,comun,B,1,108,191.87520000559743
faster_rcnn,FP32,comun,B,1,109,203.53260000410955
faster_rcnn,FP32,comun,B,1,110,187.53459998697508
faster_rcnn,FP32,comun,B,1,111,202.73720000113826
faster_rcnn,FP32,comun,B,1,112,201.06229999510106
faster_rcnn,FP32,comun,B,1,113,191.1301999934949
faster_rcnn,FP32,comun,B,1,114,194.35930000327062
faster_rcnn,FP32,comun,B,1,115,202.9222999990452
faster_rcnn,FP32,comun,B,1,116,200.17840000218712
faster_rcnn,FP32,comun,B,1,117,192.79489999462385
faster_rcnn,FP32,comun,B,1,118,196.244899998419
faster_rcnn,FP32,comun,B,1,119,199.9985000002198
faster_rcnn,FP32,comun,B,1,120,199.5223999983864
faster_rcnn,FP32,comun,B,1,121,195.05840000056196
faster_rcnn,FP32,comun,B,1,122,196.97200000518933
faster_rcnn,FP32,comun,B,1,123,201.4371000113897
faster_rcnn,FP32,comun,B,1,124,199.28299999446608
faster_rcnn,FP32,comun,B,1,125,201.48519999929704
faster_rcnn,FP32,comun,B,1,126,192.80319999961648
faster_rcnn,FP32,comun,B,1,127,198.11379999737255
faster_rcnn,FP32,comun,B,1,128,200.4659999947762
faster_rcnn,FP32,comun,B,1,129,202.30789999186527
faster_rcnn,FP32,comun,B,1,130,201.40679999894928
faster_rcnn,FP32,comun,B,1,131,201.44250000885222
faster_rcnn,FP32,comun,B,1,132,187.54519999492913
faster_rcnn,FP32,comun,B,1,133,189.91729999834206
faster_rcnn,FP32,comun,B,1,134,203.4960000019055
faster_rcnn,FP32,comun,B,1,135,193.92279999738093
faster_rcnn,FP32,comun,B,1,136,190.93129999237135
faster_rcnn,FP32,comun,B,1,137,194.39619999320712
faster_rcnn,FP32,comun,B,1,138,192.15190000250004
faster_rcnn,FP32,comun,B,1,139,191.66979999863543
faster_rcnn,FP32,comun,B,1,140,197.54560000728816
faster_rcnn,FP32,comun,B,1,141,196.18040000204928
faster_rcnn,FP32,comun,B,1,142,191.78769999416545
faster_rcnn,FP32,comun,B,1,143,197.26030000310857
faster_rcnn,FP32,comun,B,1,144,194.8749000002863
faster_rcnn,FP32,comun,B,1,145,185.43830000271555
faster_rcnn,FP32,comun,B,1,146,198.60670001071412
faster_rcnn,FP32,comun,B,1,147,205.6763000000501
faster_rcnn,FP32,comun,B,1,148,199.81530000222847
faster_rcnn,FP32,comun,B,1,149,203.60799999616574
faster_rcnn,FP32,comun,B,1,150,198.1004999979632
faster_rcnn,FP32,comun,B,1,151,190.1786000089487
faster_rcnn,FP32,comun,B,1,152,202.69879999978002
faster_rcnn,FP32,comun,B,1,153,200.4875999991782
faster_rcnn,FP32,comun,B,1,154,198.19070000085048
faster_rcnn,FP32,comun,B,1,155,200.7718999957433
faster_rcnn,FP32,comun,B,1,156,187.8846000035992
faster_rcnn,FP32,comun,B,1,157,186.71789999643806
faster_rcnn,FP32,comun,B,1,158,201.81630000297446
faster_rcnn,FP32,comun,B,1,159,196.58109999727458
faster_rcnn,FP32,comun,B,1,160,200.1596000045538
faster_rcnn,FP32,comun,B,1,161,202.13640001020394
faster_rcnn,FP32,comun,B,1,162,189.65089999255724
faster_rcnn,FP32,comun,B,1,163,188.52459998743143
faster_rcnn,FP32,comun,B,1,164,197.23119999980554
faster_rcnn,FP32,comun,B,1,165,191.64780000573955
faster_rcnn,FP32,comun,B,1,166,201.2684000073932
faster_rcnn,FP32,comun,B,1,167,188.00420001207385
faster_rcnn,FP32,comun,B,1,168,205.9984999941662
faster_rcnn,FP32,comun,B,1,169,202.48849999916274
faster_rcnn,FP32,comun,B,1,170,198.7541999988025
faster_rcnn,FP32,comun,B,1,171,189.06939998851158
faster_rcnn,FP32,comun,B,1,172,189.6506000048248
faster_rcnn,FP32,comun,B,1,173,207.6468000013847
faster_rcnn,FP32,comun,B,1,174,213.6148999998113
faster_rcnn,FP32,comun,B,1,175,200.76479999988806
faster_rcnn,FP32,comun,B,1,176,199.42449999507517
faster_rcnn,FP32,comun,B,1,177,199.96790000004694
faster_rcnn,FP32,comun,B,1,178,199.12960000510793
faster_rcnn,FP32,comun,B,1,179,208.58350000344217
faster_rcnn,FP32,comun,B,1,180,205.72379999794066
faster_rcnn,FP32,comun,B,1,181,199.94099999894388
faster_rcnn,FP32,comun,B,1,182,192.16469999810215
faster_rcnn,FP32,comun,B,1,183,196.98189999326132
faster_rcnn,FP32,comun,B,1,184,197.02520000282675
faster_rcnn,FP32,comun,B,1,185,200.69369999691844
faster_rcnn,FP32,comun,B,1,186,192.72730000375304
faster_rcnn,FP32,comun,B,1,187,177.06830000679474
faster_rcnn,FP32,comun,B,1,188,197.9453999956604
faster_rcnn,FP32,comun,B,1,189,197.5761999929091
faster_rcnn,FP32,comun,B,1,190,188.7923000031151
faster_rcnn,FP32,comun,B,1,191,191.6787999944063
faster_rcnn,FP32,comun,B,1,192,197.92130000132602
faster_rcnn,FP32,comun,B,1,193,198.5902000014903
faster_rcnn,FP32,comun,B,1,194,200.58469999639783
faster_rcnn,FP32,comun,B,1,195,201.84660000086296
faster_rcnn,FP32,comun,B,1,196,188.46299999859184
faster_rcnn,FP32,comun,B,1,197,190.65689999843016
faster_rcnn,FP32,comun,B,1,198,187.1324999956414
faster_rcnn,FP32,comun,B,1,199,201.30330001120456
faster_rcnn,FP32,comun,B,1,200,202.9824000055669
faster_rcnn,FP32,comun,B,1,201,200.87589998729527
faster_rcnn,FP32,comun,B,1,202,201.11290000204463
faster_rcnn,FP32,comun,B,1,203,188.05959999735933
faster_rcnn,FP32,comun,B,1,204,199.7267999977339
faster_rcnn,FP32,comun,B,1,205,196.9124000024749
faster_rcnn,FP32,comun,B,1,206,198.93090000550728
faster_rcnn,FP32,comun,B,1,207,190.93630000134
faster_rcnn,FP32,comun,B,1,208,201.18079999519978
faster_rcnn,FP32,comun,B,1,209,196.50040000851732
faster_rcnn,FP32,comun,B,1,210,190.81710001046304
faster_rcnn,FP32,comun,B,1,211,200.5020000069635
faster_rcnn,FP32,comun,B,1,212,199.98600000690203
faster_rcnn,FP32,comun,B,1,213,202.69099999859463
faster_rcnn,FP32,comun,B,1,214,200.81789999676403
faster_rcnn,FP32,comun,B,1,215,203.22110000415705
faster_rcnn,FP32,comun,B,1,216,187.01900000451133
faster_rcnn,FP32,comun,B,1,217,189.18689999554772
faster_rcnn,FP32,comun,B,1,218,200.54190000519156
faster_rcnn,FP32,comun,B,1,219,197.68759999715257
faster_rcnn,FP32,comun,B,1,220,197.64969999960158
faster_rcnn,FP32,comun,B,1,221,196.84590000542812
faster_rcnn,FP32,comun,B,1,222,191.8238000071142
faster_rcnn,FP32,comun,B,1,223,198.03880000836216
faster_rcnn,FP32,comun,B,1,224,191.89970000297762
faster_rcnn,FP32,comun,B,1,225,195.30269999813754
faster_rcnn,FP32,comun,B,1,226,203.47279999987222
faster_rcnn,FP32,comun,B,1,227,205.2516999974614
faster_rcnn,FP32,comun,B,1,228,182.9794000077527
faster_rcnn,FP32,comun,B,1,229,199.33899999887217
faster_rcnn,FP32,comun,B,1,230,175.80440000165254
faster_rcnn,FP32,comun,B,1,231,165.06080000544898
faster_rcnn,FP32,comun,B,1,232,203.75980000244454
faster_rcnn,FP32,comun,B,1,233,200.90239999990445
faster_rcnn,FP32,comun,B,1,234,199.48869998916052
faster_rcnn,FP32,comun,B,1,235,204.07799999520648
faster_rcnn,FP32,comun,B,1,236,190.02889998955652
faster_rcnn,FP32,comun,B,1,237,203.8178000075277
faster_rcnn,FP32,comun,B,1,238,203.13809999788646
faster_rcnn,FP32,comun,B,1,239,202.2341999982018
faster_rcnn,FP32,comun,B,1,240,206.9882000068901
faster_rcnn,FP32,comun,B,1,241,191.39520000317134
faster_rcnn,FP32,comun,B,1,242,198.84909999382216
faster_rcnn,FP32,comun,B,1,243,193.55710000672843
faster_rcnn,FP32,comun,B,1,244,178.31660000956617
faster_rcnn,FP32,comun,B,1,245,202.62820000061765
faster_rcnn,FP32,comun,B,1,246,200.29340000473894
faster_rcnn,FP32,comun,B,1,247,203.6146999889752
faster_rcnn,FP32,comun,B,1,248,169.47009999421425
faster_rcnn,FP32,comun,B,1,249,205.33320000686217
faster_rcnn,FP32,comun,B,1,250,201.77509999484755
faster_rcnn,FP32,comun,B,1,251,197.1722000016598
faster_rcnn,FP32,comun,B,1,252,204.28540000284556
faster_rcnn,FP32,comun,B,1,253,174.10640000889543
faster_rcnn,FP32,comun,B,1,254,203.30660000036005
faster_rcnn,FP32,comun,B,1,255,198.92340000660624
faster_rcnn,FP32,comun,B,1,256,206.6837000020314
faster_rcnn,FP32,comun,B,1,257,203.07079999474809
faster_rcnn,FP32,comun,B,1,258,199.4233000004897
faster_rcnn,FP32,comun,B,1,259,190.37609999941196
faster_rcnn,FP32,comun,B,1,260,202.06779999716673
faster_rcnn,FP32,comun,B,1,261,201.34590000088792
faster_rcnn,FP32,comun,B,1,262,205.74360000318848
faster_rcnn,FP32,comun,B,1,263,201.79089999874122
faster_rcnn,FP32,comun,B,1,264,205.70730000326876
faster_rcnn,FP32,comun,B,1,265,197.37969999550842
faster_rcnn,FP32,comun,B,1,266,202.84549999632873
faster_rcnn,FP32,comun,B,1,267,189.53410000540316
faster_rcnn,FP32,comun,B,1,268,205.69209998939186
faster_rcnn,FP32,comun,B,1,269,196.11889999941923
faster_rcnn,FP32,comun,B,1,270,198.03959999990184
faster_rcnn,FP32,comun,B,1,271,199.03039999189787
faster_rcnn,FP32,comun,B,1,272,202.84549999632873
faster_rcnn,FP32,comun,B,1,273,198.283600009745
faster_rcnn,FP32,comun,B,1,274,205.62779999454506
faster_rcnn,FP32,comun,B,1,275,204.17840000300203
faster_rcnn,FP32,comun,B,1,276,204.57829999213573
faster_rcnn,FP32,comun,B,1,277,204.65790000162087
faster_rcnn,FP32,comun,B,1,278,207.0598999998765
faster_rcnn,FP32,comun,B,1,279,192.54659999569412
faster_rcnn,FP32,comun,B,1,280,195.31159999314696
faster_rcnn,FP32,comun,B,1,281,198.11610000033397
faster_rcnn,FP32,comun,B,1,282,190.8836000075098
faster_rcnn,FP32,comun,B,1,283,201.03170000948012
faster_rcnn,FP32,comun,B,1,284,206.621899997117
faster_rcnn,FP32,comun,B,1,285,198.37959999858867
faster_rcnn,FP32,comun,B,1,286,200.98529999086168
faster_rcnn,FP32,comun,B,1,287,202.68439999199472
faster_rcnn,FP32,comun,B,1,288,191.73130000126548
faster_rcnn,FP32,comun,B,1,289,200.58819999394473
faster_rcnn,FP32,comun,B,1,290,201.00680000905413
faster_rcnn,FP32,comun,B,1,291,199.63129999814555
faster_rcnn,FP32,comun,B,1,292,202.59590000205208
faster_rcnn,FP32,comun,B,1,293,204.14119999622926
faster_rcnn,FP32,comun,B,1,294,208.24290000018664
faster_rcnn,FP32,comun,B,1,295,201.98560001153965
faster_rcnn,FP32,comun,B,1,296,204.78759999969043
faster_rcnn,FP32,comun,B,1,297,187.0030999998562
faster_rcnn,FP32,comun,B,1,298,209.07989999977872
faster_rcnn,FP32,comun,B,1,299,198.26850001118146
faster_rcnn,FP32,comun,B,1,300,199.00390000839252
faster_rcnn,FP32,comun,B,1,301,201.2232999986736
faster_rcnn,FP32,comun,B,1,302,202.59660000738222
faster_rcnn,FP32,comun,B,1,303,200.90010001149494
faster_rcnn,FP32,comun,B,1,304,202.20279999193735
faster_rcnn,FP32,comun,B,1,305,202.0734999969136
faster_rcnn,FP32,comun,B,1,306,204.02440000907518
faster_rcnn,FP32,comun,B,1,307,192.18899999395944
faster_rcnn,FP32,comun,B,1,308,202.6935999892885
faster_rcnn,FP32,comun,B,1,309,215.19509999779984
faster_rcnn,FP32,comun,B,1,310,187.91269999928772
faster_rcnn,FP32,comun,B,1,311,192.2636999952374
faster_rcnn,FP32,comun,B,1,312,201.42749999649823
faster_rcnn,FP32,comun,B,1,313,200.70879999548197
faster_rcnn,FP32,comun,B,1,314,197.19449999684002
faster_rcnn,FP32,comun,B,1,315,202.1284999937052
faster_rcnn,FP32,comun,B,1,316,188.0996999971103
faster_rcnn,FP32,comun,B,1,317,199.2721000133315
faster_rcnn,FP32,comun,B,1,318,191.49389999802224
faster_rcnn,FP32,comun,B,1,319,191.6207000031136
faster_rcnn,FP32,comun,B,1,320,207.361699998728
faster_rcnn,FP32,comun,B,1,321,208.46789999632165
faster_rcnn,FP32,comun,B,1,322,191.27290000324138
faster_rcnn,FP32,comun,B,1,323,195.91209999634884
faster_rcnn,FP32,comun,B,1,324,204.64759999595117
faster_rcnn,FP32,comun,B,1,325,200.8874999883119
faster_rcnn,FP32,comun,B,1,326,189.03639999916777
faster_rcnn,FP32,comun,B,1,327,206.39750000555068
faster_rcnn,FP32,comun,B,1,328,185.8724999910919
faster_rcnn,FP32,comun,B,1,329,201.114299998153
faster_rcnn,FP32,comun,B,1,330,191.45059998845682
faster_rcnn,FP32,comun,B,1,331,204.2446999985259
faster_rcnn,FP32,comun,B,1,332,204.39250000345055
faster_rcnn,FP32,comun,B,1,333,203.10529999551363
faster_rcnn,FP32,comun,B,1,334,202.14049999776762
faster_rcnn,FP32,comun,B,1,335,195.88880000810605
faster_rcnn,FP32,comun,B,1,336,186.30870000924915
faster_rcnn,FP32,comun,B,1,337,198.83950000803452
faster_rcnn,FP32,comun,B,1,338,190.9808000054909
faster_rcnn,FP32,comun,B,1,339,198.06969999626745
faster_rcnn,FP32,comun,B,1,340,204.55710000533145
faster_rcnn,FP32,comun,B,1,341,189.81470000289846
faster_rcnn,FP32,comun,B,1,342,200.28440000896808
faster_rcnn,FP32,comun,B,1,343,196.52379999752156
faster_rcnn,FP32,comun,B,1,344,182.52590000338387
faster_rcnn,FP32,comun,B,1,345,192.07549998827744
faster_rcnn,FP32,comun,B,1,346,190.0998999917647
faster_rcnn,FP32,comun,B,1,347,200.671999991755
faster_rcnn,FP32,comun,B,1,348,204.04640000197105
faster_rcnn,FP32,comun,B,1,349,200.63700000173412
faster_rcnn,FP32,comun,B,1,350,198.4431000018958
faster_rcnn,FP32,comun,B,1,351,206.32250000198837
faster_rcnn,FP32,comun,B,1,352,195.4875999945216
faster_rcnn,FP32,comun,B,1,353,201.87439999426715
faster_rcnn,FP32,comun,B,1,354,202.9989000002388
faster_rcnn,FP32,comun,B,1,355,203.3285000070464
faster_rcnn,FP32,comun,B,1,356,201.41290000174195
faster_rcnn,FP32,comun,B,1,357,191.16059999214485
faster_rcnn,FP32,comun,B,1,358,198.21459999366198
faster_rcnn,FP32,comun,B,1,359,191.5238999936264
faster_rcnn,FP32,comun,B,1,360,192.32329999795184
faster_rcnn,FP32,comun,B,1,361,204.4675999932224
faster_rcnn,FP32,comun,B,1,362,209.71819999977015
faster_rcnn,FP32,comun,B,1,363,199.14359999529552
faster_rcnn,FP32,comun,B,1,364,203.18449998740107
faster_rcnn,FP32,comun,B,1,365,193.61360000038985
faster_rcnn,FP32,comun,B,1,366,184.42119999963325
faster_rcnn,FP32,comun,B,1,367,201.41120000334922
faster_rcnn,FP32,comun,B,1,368,207.22520000708755
faster_rcnn,FP32,comun,B,1,369,191.88310000754427
faster_rcnn,FP32,comun,B,1,370,205.1899000070989
faster_rcnn,FP32,comun,B,1,371,201.4822000055574
faster_rcnn,FP32,comun,B,1,372,201.01530000101775
faster_rcnn,FP32,comun,B,1,373,199.0034999907948
faster_rcnn,FP32,comun,A,2,0,181.49909999920055
faster_rcnn,FP32,comun,A,2,1,186.01489999855403
faster_rcnn,FP32,comun,A,2,2,181.6203000053065
faster_rcnn,FP32,comun,A,2,3,182.7278999990085
faster_rcnn,FP32,comun,A,2,4,187.2094999998808
faster_rcnn,FP32,comun,A,2,5,183.146499999566
faster_rcnn,FP32,comun,A,2,6,185.79660000978038
faster_rcnn,FP32,comun,A,2,7,185.85959999472834
faster_rcnn,FP32,comun,A,2,8,184.44409999938216
faster_rcnn,FP32,comun,A,2,9,169.01909999432974
faster_rcnn,FP32,comun,A,2,10,173.53440000442788
faster_rcnn,FP32,comun,A,2,11,185.79899999895133
faster_rcnn,FP32,comun,A,2,12,181.0756000049878
faster_rcnn,FP32,comun,A,2,13,180.95439999888185
faster_rcnn,FP32,comun,A,2,14,181.96760000137147
faster_rcnn,FP32,comun,A,2,15,186.14019999222364
faster_rcnn,FP32,comun,A,2,16,186.66510000184644
faster_rcnn,FP32,comun,A,2,17,186.09859999560285
faster_rcnn,FP32,comun,A,2,18,181.188700007624
faster_rcnn,FP32,comun,A,2,19,185.0503000023309
faster_rcnn,FP32,comun,A,2,20,184.58680000912864
faster_rcnn,FP32,comun,A,2,21,179.05890000110958
faster_rcnn,FP32,comun,A,2,22,189.23679999716114
faster_rcnn,FP32,comun,A,2,23,185.71079999674112
faster_rcnn,FP32,comun,A,2,24,184.36689999361988
faster_rcnn,FP32,comun,A,2,25,163.3937999868067
faster_rcnn,FP32,comun,A,2,26,182.71609999646898
faster_rcnn,FP32,comun,A,2,27,182.64790000102948
faster_rcnn,FP32,comun,A,2,28,177.03409999376163
faster_rcnn,FP32,comun,A,2,29,178.50899999029934
faster_rcnn,FP32,comun,A,2,30,178.35010000271723
faster_rcnn,FP32,comun,A,2,31,185.64969999715686
faster_rcnn,FP32,comun,A,2,32,186.0445000056643
faster_rcnn,FP32,comun,A,2,33,185.58440000924747
faster_rcnn,FP32,comun,A,2,34,167.20179999538232
faster_rcnn,FP32,comun,A,2,35,183.19650000194088
faster_rcnn,FP32,comun,A,2,36,185.7546000101138
faster_rcnn,FP32,comun,A,2,37,171.0929999971995
faster_rcnn,FP32,comun,A,2,38,186.61340000107884
faster_rcnn,FP32,comun,A,2,39,176.48909999115858
faster_rcnn,FP32,comun,A,2,40,179.72530001134146
faster_rcnn,FP32,comun,A,2,41,192.26109998999164
faster_rcnn,FP32,comun,A,2,42,174.53329999989364
faster_rcnn,FP32,comun,A,2,43,183.5719000082463
faster_rcnn,FP32,comun,A,2,44,186.0636999917915
faster_rcnn,FP32,comun,A,2,45,178.81659998965915
faster_rcnn,FP32,comun,A,2,46,186.97850000171456
faster_rcnn,FP32,comun,A,2,47,166.24639999645296
faster_rcnn,FP32,comun,A,2,48,189.32639999547973
faster_rcnn,FP32,comun,A,2,49,170.07720000401605
faster_rcnn,FP32,comun,A,2,50,183.75250000099186
faster_rcnn,FP32,comun,A,2,51,177.58940000203438
faster_rcnn,FP32,comun,A,2,52,177.02149999968242
faster_rcnn,FP32,comun,A,2,53,184.58230000396725
faster_rcnn,FP32,comun,A,2,54,183.71700000716373
faster_rcnn,FP32,comun,A,2,55,180.9209000057308
faster_rcnn,FP32,comun,A,2,56,178.69380000047386
faster_rcnn,FP32,comun,A,2,57,187.38439999287948
faster_rcnn,FP32,comun,A,2,58,185.85690000327304
faster_rcnn,FP32,comun,A,2,59,175.28140000649728
faster_rcnn,FP32,comun,A,2,60,170.38939999474678
faster_rcnn,FP32,comun,A,2,61,185.13820000225678
faster_rcnn,FP32,comun,A,2,62,173.42989999451675
faster_rcnn,FP32,comun,A,2,63,184.53139999473933
faster_rcnn,FP32,comun,A,2,64,186.76959999720566
faster_rcnn,FP32,comun,A,2,65,185.49309999798425
faster_rcnn,FP32,comun,A,2,66,186.38510000891984
faster_rcnn,FP32,comun,A,2,67,183.33430000348017
faster_rcnn,FP32,comun,A,2,68,189.53639999381267
faster_rcnn,FP32,comun,A,2,69,175.86499999742955
faster_rcnn,FP32,comun,A,2,70,180.14869999024086
faster_rcnn,FP32,comun,A,2,71,176.8581000069389
faster_rcnn,FP32,comun,A,2,72,177.35819998779334
faster_rcnn,FP32,comun,A,2,73,188.44430000171997
faster_rcnn,FP32,comun,A,2,74,184.71190000127535
faster_rcnn,FP32,comun,A,2,75,181.56709999311715
faster_rcnn,FP32,comun,A,2,76,185.81770001037512
faster_rcnn,FP32,comun,A,2,77,143.71910000045318
faster_rcnn,FP32,comun,A,2,78,181.8955999915488
faster_rcnn,FP32,comun,A,2,79,193.15659999847412
faster_rcnn,FP32,comun,A,2,80,175.63309999241028
faster_rcnn,FP32,comun,A,2,81,187.12109999614768
faster_rcnn,FP32,comun,A,2,82,183.1460999965202
faster_rcnn,FP32,comun,A,2,83,187.0156999939354
faster_rcnn,FP32,comun,A,2,84,187.18409999564756
faster_rcnn,FP32,comun,A,2,85,182.20509999082424
faster_rcnn,FP32,comun,A,2,86,183.97109999204986
faster_rcnn,FP32,comun,A,2,87,184.6903999976348
faster_rcnn,FP32,comun,A,2,88,193.9120000024559
faster_rcnn,FP32,comun,A,2,89,183.4103999863146
faster_rcnn,FP32,comun,A,2,90,177.49060000642203
faster_rcnn,FP32,comun,A,2,91,184.66450000414625
faster_rcnn,FP32,comun,A,2,92,176.55289999675006
faster_rcnn,FP32,comun,A,2,93,180.32970000058413
faster_rcnn,FP32,comun,A,2,94,185.40020000364166
faster_rcnn,FP32,comun,A,2,95,171.19890000321902
faster_rcnn,FP32,comun,A,2,96,185.86430000141263
faster_rcnn,FP32,comun,A,2,97,183.8936999993166
faster_rcnn,FP32,comun,A,2,98,178.6022000014782
faster_rcnn,FP32,comun,A,2,99,182.7021000062814
faster_rcnn,FP32,comun,A,2,100,174.967300001299
faster_rcnn,FP32,comun,A,2,101,185.62099999689963
faster_rcnn,FP32,comun,A,2,102,185.84049999481067
faster_rcnn,FP32,comun,A,2,103,183.1607000058284
faster_rcnn,FP32,comun,A,2,104,184.25190000561997
faster_rcnn,FP32,comun,A,2,105,184.1290000011213
faster_rcnn,FP32,comun,A,2,106,179.27040001086425
faster_rcnn,FP32,comun,A,2,107,185.15589999151416
faster_rcnn,FP32,comun,A,2,108,175.81059999065474
faster_rcnn,FP32,comun,A,2,109,174.47300000640098
faster_rcnn,FP32,comun,A,2,110,175.68240000400692
faster_rcnn,FP32,comun,A,2,111,180.51120000018273
faster_rcnn,FP32,comun,A,2,112,184.42590000631753
faster_rcnn,FP32,comun,A,2,113,176.29110001144
faster_rcnn,FP32,comun,A,2,114,185.61919999774545
faster_rcnn,FP32,comun,A,2,115,185.97609999415
faster_rcnn,FP32,comun,A,2,116,177.6609000080498
faster_rcnn,FP32,comun,A,2,117,182.7423000067938
faster_rcnn,FP32,comun,A,2,118,182.32760000682902
faster_rcnn,FP32,comun,A,2,119,182.73380000027828
faster_rcnn,FP32,comun,A,2,120,186.73820000549313
faster_rcnn,FP32,comun,A,2,121,181.07900000177324
faster_rcnn,FP32,comun,A,2,122,189.8289999953704
faster_rcnn,FP32,comun,A,2,123,184.2800000013085
faster_rcnn,FP32,comun,A,2,124,185.4380000004312
faster_rcnn,FP32,comun,A,2,125,181.7769000044791
faster_rcnn,FP32,comun,A,2,126,176.32990000129212
faster_rcnn,FP32,comun,A,2,127,186.1203000007663
faster_rcnn,FP32,comun,A,2,128,184.53880000743084
faster_rcnn,FP32,comun,A,2,129,177.40640000556596
faster_rcnn,FP32,comun,A,2,130,176.82330000388902
faster_rcnn,FP32,comun,A,2,131,185.3700000065146
faster_rcnn,FP32,comun,A,2,132,171.55810000258498
faster_rcnn,FP32,comun,A,2,133,168.81230000581127
faster_rcnn,FP32,comun,A,2,134,177.6705999945989
faster_rcnn,FP32,comun,A,2,135,189.57010000303853
faster_rcnn,FP32,comun,A,2,136,171.73259999253787
faster_rcnn,FP32,comun,A,2,137,184.00860000110697
faster_rcnn,FP32,comun,A,2,138,184.68059999577235
faster_rcnn,FP32,comun,A,2,139,183.96070000017062
faster_rcnn,FP32,comun,A,2,140,183.98960000195075
faster_rcnn,FP32,comun,A,2,141,183.98719999822788
faster_rcnn,FP32,comun,A,2,142,181.80710000160616
faster_rcnn,FP32,comun,A,2,143,185.41970000660513
faster_rcnn,FP32,comun,A,2,144,176.54789998778142
faster_rcnn,FP32,comun,A,2,145,175.90039999049623
faster_rcnn,FP32,comun,A,2,146,185.09730001096614
faster_rcnn,FP32,comun,A,2,147,174.80650001380127
faster_rcnn,FP32,comun,A,2,148,185.39559999771882
faster_rcnn,FP32,comun,A,2,149,187.10020001162775
faster_rcnn,FP32,comun,A,2,150,180.1833999925293
faster_rcnn,FP32,comun,A,2,151,184.56660000083502
faster_rcnn,FP32,comun,A,2,152,181.52130000817124
faster_rcnn,FP32,comun,A,2,153,179.62990001251455
faster_rcnn,FP32,comun,A,2,154,186.54589999641757
faster_rcnn,FP32,comun,A,2,155,184.97249999199994
faster_rcnn,FP32,comun,A,2,156,168.39310000068508
faster_rcnn,FP32,comun,A,2,157,162.18910001043696
faster_rcnn,FP32,comun,A,2,158,191.28559999808203
faster_rcnn,FP32,comun,A,2,159,181.97499999951106
faster_rcnn,FP32,comun,A,2,160,179.64830000710208
faster_rcnn,FP32,comun,A,2,161,187.11590000020806
faster_rcnn,FP32,comun,A,2,162,178.71670000022277
faster_rcnn,FP32,comun,A,2,163,179.8424000007799
faster_rcnn,FP32,comun,A,2,164,180.50240000593476
faster_rcnn,FP32,comun,A,2,165,179.92860000231303
faster_rcnn,FP32,comun,A,2,166,184.44270000327379
faster_rcnn,FP32,comun,A,2,167,173.2655999949202
faster_rcnn,FP32,comun,A,2,168,185.28940000396688
faster_rcnn,FP32,comun,A,2,169,191.28899999486748
faster_rcnn,FP32,comun,A,2,170,182.93179999454878
faster_rcnn,FP32,comun,A,2,171,173.12969999329653
faster_rcnn,FP32,comun,A,2,172,164.95109999959823
faster_rcnn,FP32,comun,A,2,173,173.09039999963716
faster_rcnn,FP32,comun,A,2,174,178.6707999999635
faster_rcnn,FP32,comun,A,2,175,185.60120000620373
faster_rcnn,FP32,comun,A,2,176,183.02250000124332
faster_rcnn,FP32,comun,A,2,177,187.60019999172073
faster_rcnn,FP32,comun,A,2,178,183.45979999867268
faster_rcnn,FP32,comun,A,2,179,176.4707999973325
faster_rcnn,FP32,comun,A,2,180,177.58789999061264
faster_rcnn,FP32,comun,A,2,181,185.4615000047488
faster_rcnn,FP32,comun,A,2,182,167.01330000068992
faster_rcnn,FP32,comun,A,2,183,187.39200000709388
faster_rcnn,FP32,comun,A,2,184,180.30540000472683
faster_rcnn,FP32,comun,A,2,185,180.76770000334363
faster_rcnn,FP32,comun,A,2,186,183.3327000058489
faster_rcnn,FP32,comun,A,2,187,142.94590000645258
faster_rcnn,FP32,comun,A,2,188,183.8382999994792
faster_rcnn,FP32,comun,A,2,189,180.714900008752
faster_rcnn,FP32,comun,A,2,190,165.8915000007255
faster_rcnn,FP32,comun,A,2,191,182.42109999118838
faster_rcnn,FP32,comun,A,2,192,184.90719998953864
faster_rcnn,FP32,comun,A,2,193,183.55470000824425
faster_rcnn,FP32,comun,A,2,194,181.16789999476168
faster_rcnn,FP32,comun,A,2,195,183.14560000726487
faster_rcnn,FP32,comun,A,2,196,170.00249998818617
faster_rcnn,FP32,comun,A,2,197,173.8236999954097
faster_rcnn,FP32,comun,A,2,198,179.96239999774843
faster_rcnn,FP32,comun,A,2,199,185.53719999908935
faster_rcnn,FP32,comun,A,2,200,182.89009999716654
faster_rcnn,FP32,comun,A,2,201,176.0162999999011
faster_rcnn,FP32,comun,A,2,202,186.46719999378547
faster_rcnn,FP32,comun,A,2,203,172.08319999917876
faster_rcnn,FP32,comun,A,2,204,173.68680000072345
faster_rcnn,FP32,comun,A,2,205,182.51720000989735
faster_rcnn,FP32,comun,A,2,206,184.88179999985732
faster_rcnn,FP32,comun,A,2,207,177.642199996626
faster_rcnn,FP32,comun,A,2,208,182.2641000035219
faster_rcnn,FP32,comun,A,2,209,176.8618000060087
faster_rcnn,FP32,comun,A,2,210,172.94140000012703
faster_rcnn,FP32,comun,A,2,211,180.82829999912065
faster_rcnn,FP32,comun,A,2,212,186.8460999976378
faster_rcnn,FP32,comun,A,2,213,183.01210000936408
faster_rcnn,FP32,comun,A,2,214,174.84659999900032
faster_rcnn,FP32,comun,A,2,215,184.2283000005409
faster_rcnn,FP32,comun,A,2,216,166.11960000591353
faster_rcnn,FP32,comun,A,2,217,171.94659999222495
faster_rcnn,FP32,comun,A,2,218,182.4616999947466
faster_rcnn,FP32,comun,A,2,219,185.36579998908564
faster_rcnn,FP32,comun,A,2,220,184.92100000730716
faster_rcnn,FP32,comun,A,2,221,174.2655999987619
faster_rcnn,FP32,comun,A,2,222,170.30129999329802
faster_rcnn,FP32,comun,A,2,223,179.20659999072086
faster_rcnn,FP32,comun,A,2,224,185.73680000554305
faster_rcnn,FP32,comun,A,2,225,173.9061000116635
faster_rcnn,FP32,comun,A,2,226,183.22220000845846
faster_rcnn,FP32,comun,A,2,227,186.6541000053985
faster_rcnn,FP32,comun,A,2,228,170.5973000061931
faster_rcnn,FP32,comun,A,2,229,180.18380001012702
faster_rcnn,FP32,comun,A,2,230,151.3396000082139
faster_rcnn,FP32,comun,A,2,231,141.02329999150243
faster_rcnn,FP32,comun,A,2,232,174.10329999984242
faster_rcnn,FP32,comun,A,2,233,184.48429999989457
faster_rcnn,FP32,comun,A,2,234,178.95460000727326
faster_rcnn,FP32,comun,A,2,235,185.86800000048243
faster_rcnn,FP32,comun,A,2,236,173.62829999183305
faster_rcnn,FP32,comun,A,2,237,182.42989999998827
faster_rcnn,FP32,comun,A,2,238,185.7894000131637
faster_rcnn,FP32,comun,A,2,239,184.82910000602715
faster_rcnn,FP32,comun,A,2,240,178.36069999611937
faster_rcnn,FP32,comun,A,2,241,181.07700000109617
faster_rcnn,FP32,comun,A,2,242,182.44950000371318
faster_rcnn,FP32,comun,A,2,243,175.57760000636335
faster_rcnn,FP32,comun,A,2,244,158.82900000724476
faster_rcnn,FP32,comun,A,2,245,189.00459998985752
faster_rcnn,FP32,comun,A,2,246,184.02669999341015
faster_rcnn,FP32,comun,A,2,247,184.3427999992855
faster_rcnn,FP32,comun,A,2,248,156.4615999959642
faster_rcnn,FP32,comun,A,2,249,178.65320001146756
faster_rcnn,FP32,comun,A,2,250,179.3862999911653
faster_rcnn,FP32,comun,A,2,251,183.6598999943817
faster_rcnn,FP32,comun,A,2,252,189.58830001065508
faster_rcnn,FP32,comun,A,2,253,161.15630000422243
faster_rcnn,FP32,comun,A,2,254,187.45789999957196
faster_rcnn,FP32,comun,A,2,255,182.8769999992801
faster_rcnn,FP32,comun,A,2,256,182.18859999615233
faster_rcnn,FP32,comun,A,2,257,187.10699999064673
faster_rcnn,FP32,comun,A,2,258,179.7346999956062
faster_rcnn,FP32,comun,A,2,259,172.2907000075793
faster_rcnn,FP32,comun,A,2,260,179.94800000451505
faster_rcnn,FP32,comun,A,2,261,179.6069000120042
faster_rcnn,FP32,comun,A,2,262,185.14919999870472
faster_rcnn,FP32,comun,A,2,263,187.6473000011174
faster_rcnn,FP32,comun,A,2,264,190.45519999053795
faster_rcnn,FP32,comun,A,2,265,175.1708000083454
faster_rcnn,FP32,comun,A,2,266,176.4108000061242
faster_rcnn,FP32,comun,A,2,267,172.10340000747237
faster_rcnn,FP32,comun,A,2,268,185.55270000069868
faster_rcnn,FP32,comun,A,2,269,182.9271000024164
faster_rcnn,FP32,comun,A,2,270,183.44979999528732
faster_rcnn,FP32,comun,A,2,271,181.91809998825192
faster_rcnn,FP32,comun,A,2,272,187.41379999846686
faster_rcnn,FP32,comun,A,2,273,186.69430000591092
faster_rcnn,FP32,comun,A,2,274,184.6570000052452
faster_rcnn,FP32,comun,A,2,275,180.0502999976743
faster_rcnn,FP32,comun,A,2,276,185.41459999687504
faster_rcnn,FP32,comun,A,2,277,179.2128000088269
faster_rcnn,FP32,comun,A,2,278,180.46819999290165
faster_rcnn,FP32,comun,A,2,279,182.7761000022292
faster_rcnn,FP32,comun,A,2,280,186.24219999765046
faster_rcnn,FP32,comun,A,2,281,172.56530000304338
faster_rcnn,FP32,comun,A,2,282,172.42989999067504
faster_rcnn,FP32,comun,A,2,283,182.6817000110168
faster_rcnn,FP32,comun,A,2,284,181.68959999457002
faster_rcnn,FP32,comun,A,2,285,182.043299995712
faster_rcnn,FP32,comun,A,2,286,186.52400000428315
faster_rcnn,FP32,comun,A,2,287,173.433699994348
faster_rcnn,FP32,comun,A,2,288,171.73889999685343
faster_rcnn,FP32,comun,A,2,289,186.66019999363925
faster_rcnn,FP32,comun,A,2,290,186.10500000067987
faster_rcnn,FP32,comun,A,2,291,185.29490000219084
faster_rcnn,FP32,comun,A,2,292,186.28850000095554
faster_rcnn,FP32,comun,A,2,293,174.99850000604056
faster_rcnn,FP32,comun,A,2,294,182.1804999926826
faster_rcnn,FP32,comun,A,2,295,181.2863999948604
faster_rcnn,FP32,comun,A,2,296,189.26970000029542
faster_rcnn,FP32,comun,A,2,297,170.0163000059547
faster_rcnn,FP32,comun,A,2,298,183.4684999921592
faster_rcnn,FP32,comun,A,2,299,181.25989999680314
faster_rcnn,FP32,comun,A,2,300,183.84129999321885
faster_rcnn,FP32,comun,A,2,301,183.51509999774862
faster_rcnn,FP32,comun,A,2,302,186.0065999935614
faster_rcnn,FP32,comun,A,2,303,184.57319999288302
faster_rcnn,FP32,comun,A,2,304,182.07389999588486
faster_rcnn,FP32,comun,A,2,305,179.4711999973515
faster_rcnn,FP32,comun,A,2,306,183.80750001233537
faster_rcnn,FP32,comun,A,2,307,170.12770001019817
faster_rcnn,FP32,comun,A,2,308,182.0585000095889
faster_rcnn,FP32,comun,A,2,309,185.0096999987727
faster_rcnn,FP32,comun,A,2,310,174.42969999683555
faster_rcnn,FP32,comun,A,2,311,165.479499992216
faster_rcnn,FP32,comun,A,2,312,179.78109999967273
faster_rcnn,FP32,comun,A,2,313,183.95020000752993
faster_rcnn,FP32,comun,A,2,314,188.44410000019707
faster_rcnn,FP32,comun,A,2,315,185.85789999633562
faster_rcnn,FP32,comun,A,2,316,169.22310000518337
faster_rcnn,FP32,comun,A,2,317,183.14550000650343
faster_rcnn,FP32,comun,A,2,318,174.34219999995548
faster_rcnn,FP32,comun,A,2,319,170.36980000557378
faster_rcnn,FP32,comun,A,2,320,190.32330000482034
faster_rcnn,FP32,comun,A,2,321,184.68739998934325
faster_rcnn,FP32,comun,A,2,322,164.79500000423286
faster_rcnn,FP32,comun,A,2,323,182.81650000426453
faster_rcnn,FP32,comun,A,2,324,185.0743999966653
faster_rcnn,FP32,comun,A,2,325,178.37480000162032
faster_rcnn,FP32,comun,A,2,326,178.03429999912623
faster_rcnn,FP32,comun,A,2,327,186.16240000119433
faster_rcnn,FP32,comun,A,2,328,169.8850999964634
faster_rcnn,FP32,comun,A,2,329,185.52539999654982
faster_rcnn,FP32,comun,A,2,330,166.77729999355506
faster_rcnn,FP32,comun,A,2,331,173.5742000018945
faster_rcnn,FP32,comun,A,2,332,184.73819999780972
faster_rcnn,FP32,comun,A,2,333,181.15459999535233
faster_rcnn,FP32,comun,A,2,334,174.97670000011567
faster_rcnn,FP32,comun,A,2,335,183.9548999996623
faster_rcnn,FP32,comun,A,2,336,162.01689999434166
faster_rcnn,FP32,comun,A,2,337,185.77199999708682
faster_rcnn,FP32,comun,A,2,338,177.92769998777658
faster_rcnn,FP32,comun,A,2,339,178.37699998926837
faster_rcnn,FP32,comun,A,2,340,177.9314000013983
faster_rcnn,FP32,comun,A,2,341,167.8022999985842
faster_rcnn,FP32,comun,A,2,342,179.14700000255834
faster_rcnn,FP32,comun,A,2,343,185.42969999543857
faster_rcnn,FP32,comun,A,2,344,172.4339000065811
faster_rcnn,FP32,comun,A,2,345,170.1446999941254
faster_rcnn,FP32,comun,A,2,346,185.2291000104742
faster_rcnn,FP32,comun,A,2,347,179.0340000006836
faster_rcnn,FP32,comun,A,2,348,186.05060000845697
faster_rcnn,FP32,comun,A,2,349,173.97960000380408
faster_rcnn,FP32,comun,A,2,350,178.9773999917088
faster_rcnn,FP32,comun,A,2,351,184.56529999093618
faster_rcnn,FP32,comun,A,2,352,188.1227999983821
faster_rcnn,FP32,comun,A,2,353,185.34770001133438
faster_rcnn,FP32,comun,A,2,354,178.6930999951437
faster_rcnn,FP32,comun,A,2,355,189.0702000091551
faster_rcnn,FP32,comun,A,2,356,186.7589999892516
faster_rcnn,FP32,comun,A,2,357,165.3336000017589
faster_rcnn,FP32,comun,A,2,358,184.16760000400245
faster_rcnn,FP32,comun,A,2,359,168.052599998191
faster_rcnn,FP32,comun,A,2,360,177.530700006173
faster_rcnn,FP32,comun,A,2,361,183.78939999092836
faster_rcnn,FP32,comun,A,2,362,177.48949999804609
faster_rcnn,FP32,comun,A,2,363,188.31379999755882
faster_rcnn,FP32,comun,A,2,364,183.95379999128636
faster_rcnn,FP32,comun,A,2,365,171.950600008131
faster_rcnn,FP32,comun,A,2,366,177.9311999998754
faster_rcnn,FP32,comun,A,2,367,184.73909999011084
faster_rcnn,FP32,comun,A,2,368,187.4284999939846
faster_rcnn,FP32,comun,A,2,369,173.94430001149885
faster_rcnn,FP32,comun,A,2,370,182.005399998161
faster_rcnn,FP32,comun,A,2,371,180.75490000774153
faster_rcnn,FP32,comun,A,2,372,185.48639999062289
faster_rcnn,FP32,comun,A,2,373,182.45249999745283
faster_rcnn,FP32,comun,B,2,0,200.73340000817552
faster_rcnn,FP32,comun,B,2,1,203.45779998751823
faster_rcnn,FP32,comun,B,2,2,200.07580000674352
faster_rcnn,FP32,comun,B,2,3,200.4127999971388
faster_rcnn,FP32,comun,B,2,4,203.6169999919366
faster_rcnn,FP32,comun,B,2,5,190.9274999925401
faster_rcnn,FP32,comun,B,2,6,208.63480000116397
faster_rcnn,FP32,comun,B,2,7,204.8384000081569
faster_rcnn,FP32,comun,B,2,8,195.5928999959724
faster_rcnn,FP32,comun,B,2,9,187.77829999453388
faster_rcnn,FP32,comun,B,2,10,195.71870000800118
faster_rcnn,FP32,comun,B,2,11,195.2371000079438
faster_rcnn,FP32,comun,B,2,12,191.41349999699742
faster_rcnn,FP32,comun,B,2,13,200.87230000353884
faster_rcnn,FP32,comun,B,2,14,200.0629999965895
faster_rcnn,FP32,comun,B,2,15,199.15020000189543
faster_rcnn,FP32,comun,B,2,16,203.24339999933727
faster_rcnn,FP32,comun,B,2,17,209.94419998896774
faster_rcnn,FP32,comun,B,2,18,203.00500000303145
faster_rcnn,FP32,comun,B,2,19,199.59509999898728
faster_rcnn,FP32,comun,B,2,20,205.15310000337195
faster_rcnn,FP32,comun,B,2,21,191.17800000822172
faster_rcnn,FP32,comun,B,2,22,207.75570000114385
faster_rcnn,FP32,comun,B,2,23,204.7006000066176
faster_rcnn,FP32,comun,B,2,24,204.92429999285378
faster_rcnn,FP32,comun,B,2,25,194.051300000865
faster_rcnn,FP32,comun,B,2,26,199.9913000036031
faster_rcnn,FP32,comun,B,2,27,204.19399999082088
faster_rcnn,FP32,comun,B,2,28,188.60000000859145
faster_rcnn,FP32,comun,B,2,29,206.24959999986459
faster_rcnn,FP32,comun,B,2,30,191.19500000670087
faster_rcnn,FP32,comun,B,2,31,200.75370000267867
faster_rcnn,FP32,comun,B,2,32,198.7908999872161
faster_rcnn,FP32,comun,B,2,33,209.99429999210406
faster_rcnn,FP32,comun,B,2,34,194.28910000715405
faster_rcnn,FP32,comun,B,2,35,204.1194000048563
faster_rcnn,FP32,comun,B,2,36,198.6458000028506
faster_rcnn,FP32,comun,B,2,37,189.70220000483096
faster_rcnn,FP32,comun,B,2,38,209.5642000058433
faster_rcnn,FP32,comun,B,2,39,200.55689998844173
faster_rcnn,FP32,comun,B,2,40,200.9566999913659
faster_rcnn,FP32,comun,B,2,41,204.72009999502916
faster_rcnn,FP32,comun,B,2,42,196.63640001090243
faster_rcnn,FP32,comun,B,2,43,202.9332000092836
faster_rcnn,FP32,comun,B,2,44,196.36020000325516
faster_rcnn,FP32,comun,B,2,45,196.7482000036398
faster_rcnn,FP32,comun,B,2,46,201.53220000793226
faster_rcnn,FP32,comun,B,2,47,191.4080999995349
faster_rcnn,FP32,comun,B,2,48,198.99289999739267
faster_rcnn,FP32,comun,B,2,49,187.40199999592733
faster_rcnn,FP32,comun,B,2,50,194.78549998893868
faster_rcnn,FP32,comun,B,2,51,199.06620000256225
faster_rcnn,FP32,comun,B,2,52,188.55489999987185
faster_rcnn,FP32,comun,B,2,53,202.3139000084484
faster_rcnn,FP32,comun,B,2,54,208.37089999986347
faster_rcnn,FP32,comun,B,2,55,200.6961000006413
faster_rcnn,FP32,comun,B,2,56,195.71880000876263
faster_rcnn,FP32,comun,B,2,57,202.1839000080945
faster_rcnn,FP32,comun,B,2,58,196.8535000050906
faster_rcnn,FP32,comun,B,2,59,191.82890000229236
faster_rcnn,FP32,comun,B,2,60,191.8944999924861
faster_rcnn,FP32,comun,B,2,61,201.23679999960586
faster_rcnn,FP32,comun,B,2,62,194.39940000302158
faster_rcnn,FP32,comun,B,2,63,202.85560000047553
faster_rcnn,FP32,comun,B,2,64,204.6115999983158
faster_rcnn,FP32,comun,B,2,65,194.88969999656547
faster_rcnn,FP32,comun,B,2,66,197.6652000012109
faster_rcnn,FP32,comun,B,2,67,199.84329999715555
faster_rcnn,FP32,comun,B,2,68,198.61150000360794
faster_rcnn,FP32,comun,B,2,69,192.46689999999944
faster_rcnn,FP32,comun,B,2,70,195.20800000464078
faster_rcnn,FP32,comun,B,2,71,191.22090000018943
faster_rcnn,FP32,comun,B,2,72,200.75629999337252
faster_rcnn,FP32,comun,B,2,73,201.88490000145976
faster_rcnn,FP32,comun,B,2,74,202.02290000452194
faster_rcnn,FP32,comun,B,2,75,201.9410000066273
faster_rcnn,FP32,comun,B,2,76,191.2190000002738
faster_rcnn,FP32,comun,B,2,77,168.08920000039507
faster_rcnn,FP32,comun,B,2,78,199.55509999999776
faster_rcnn,FP32,comun,B,2,79,200.48769999993965
faster_rcnn,FP32,comun,B,2,80,187.93949999962933
faster_rcnn,FP32,comun,B,2,81,197.70449999487028
faster_rcnn,FP32,comun,B,2,82,197.21249998838175
faster_rcnn,FP32,comun,B,2,83,206.0559999954421
faster_rcnn,FP32,comun,B,2,84,196.44030000199564
faster_rcnn,FP32,comun,B,2,85,204.19290001154877
faster_rcnn,FP32,comun,B,2,86,198.93820000288542
faster_rcnn,FP32,comun,B,2,87,203.5599000082584
faster_rcnn,FP32,comun,B,2,88,204.87190000130795
faster_rcnn,FP32,comun,B,2,89,205.89639998797793
faster_rcnn,FP32,comun,B,2,90,186.12150000990368
faster_rcnn,FP32,comun,B,2,91,201.9702999969013
faster_rcnn,FP32,comun,B,2,92,200.83729999896605
faster_rcnn,FP32,comun,B,2,93,201.70149998739362
faster_rcnn,FP32,comun,B,2,94,204.6468000044115
faster_rcnn,FP32,comun,B,2,95,197.62720000289846
faster_rcnn,FP32,comun,B,2,96,195.67030000325758
faster_rcnn,FP32,comun,B,2,97,198.88329999230336
faster_rcnn,FP32,comun,B,2,98,193.1436000013491
faster_rcnn,FP32,comun,B,2,99,203.00690000294708
faster_rcnn,FP32,comun,B,2,100,191.18369999341667
faster_rcnn,FP32,comun,B,2,101,209.67519999248907
faster_rcnn,FP32,comun,B,2,102,200.91749999846797
faster_rcnn,FP32,comun,B,2,103,200.84469999710564
faster_rcnn,FP32,comun,B,2,104,191.6306000057375
faster_rcnn,FP32,comun,B,2,105,196.59190000675153
faster_rcnn,FP32,comun,B,2,106,199.6870000002673
faster_rcnn,FP32,comun,B,2,107,199.07170000078622
faster_rcnn,FP32,comun,B,2,108,186.52680001105182
faster_rcnn,FP32,comun,B,2,109,199.41359999938868
faster_rcnn,FP32,comun,B,2,110,192.5617999950191
faster_rcnn,FP32,comun,B,2,111,198.28949999646284
faster_rcnn,FP32,comun,B,2,112,200.48930001212284
faster_rcnn,FP32,comun,B,2,113,196.32430000638124
faster_rcnn,FP32,comun,B,2,114,200.7311000052141
faster_rcnn,FP32,comun,B,2,115,204.79190000332892
faster_rcnn,FP32,comun,B,2,116,197.05280000925995
faster_rcnn,FP32,comun,B,2,117,204.26830000360496
faster_rcnn,FP32,comun,B,2,118,199.13559999258723
faster_rcnn,FP32,comun,B,2,119,202.23260000057053
faster_rcnn,FP32,comun,B,2,120,196.0875000077067
faster_rcnn,FP32,comun,B,2,121,201.47990000259597
faster_rcnn,FP32,comun,B,2,122,200.05079999100417
faster_rcnn,FP32,comun,B,2,123,205.5988000065554
faster_rcnn,FP32,comun,B,2,124,202.06769999640528
faster_rcnn,FP32,comun,B,2,125,200.31519999611191
faster_rcnn,FP32,comun,B,2,126,198.2748000009451
faster_rcnn,FP32,comun,B,2,127,203.56199999514502
faster_rcnn,FP32,comun,B,2,128,195.6484999973327
faster_rcnn,FP32,comun,B,2,129,190.53659999917727
faster_rcnn,FP32,comun,B,2,130,202.5504000048386
faster_rcnn,FP32,comun,B,2,131,198.6789999937173
faster_rcnn,FP32,comun,B,2,132,186.72430000151508
faster_rcnn,FP32,comun,B,2,133,191.51639999472536
faster_rcnn,FP32,comun,B,2,134,199.18469998810906
faster_rcnn,FP32,comun,B,2,135,195.02420000208076
faster_rcnn,FP32,comun,B,2,136,192.96659999236
faster_rcnn,FP32,comun,B,2,137,201.57810000819154
faster_rcnn,FP32,comun,B,2,138,201.69280000845902
faster_rcnn,FP32,comun,B,2,139,202.18110000132583
faster_rcnn,FP32,comun,B,2,140,197.78640000731684
faster_rcnn,FP32,comun,B,2,141,199.5679000101518
faster_rcnn,FP32,comun,B,2,142,191.8671000021277
faster_rcnn,FP32,comun,B,2,143,196.24109999858774
faster_rcnn,FP32,comun,B,2,144,194.50579999829642
faster_rcnn,FP32,comun,B,2,145,183.93949999881443
faster_rcnn,FP32,comun,B,2,146,200.20849999855272
faster_rcnn,FP32,comun,B,2,147,204.6349000011105
faster_rcnn,FP32,comun,B,2,148,203.1836999958614
faster_rcnn,FP32,comun,B,2,149,208.13400000042748
faster_rcnn,FP32,comun,B,2,150,200.7556000025943
faster_rcnn,FP32,comun,B,2,151,201.12510000762995
faster_rcnn,FP32,comun,B,2,152,209.68499999435153
faster_rcnn,FP32,comun,B,2,153,201.20219999807887
faster_rcnn,FP32,comun,B,2,154,199.5986000110861
faster_rcnn,FP32,comun,B,2,155,200.05850000598002
faster_rcnn,FP32,comun,B,2,156,194.98380000004545
faster_rcnn,FP32,comun,B,2,157,192.75220000417903
faster_rcnn,FP32,comun,B,2,158,203.46979999158066
faster_rcnn,FP32,comun,B,2,159,203.36909999605268
faster_rcnn,FP32,comun,B,2,160,199.79659999080468
faster_rcnn,FP32,comun,B,2,161,196.7242999962764
faster_rcnn,FP32,comun,B,2,162,199.74529999308288
faster_rcnn,FP32,comun,B,2,163,195.87680000404362
faster_rcnn,FP32,comun,B,2,164,202.82349998888094
faster_rcnn,FP32,comun,B,2,165,203.0153999949107
faster_rcnn,FP32,comun,B,2,166,200.87499999499414
faster_rcnn,FP32,comun,B,2,167,191.89129999722354
faster_rcnn,FP32,comun,B,2,168,199.37770000251476
faster_rcnn,FP32,comun,B,2,169,201.9564999936847
faster_rcnn,FP32,comun,B,2,170,201.31689999834634
faster_rcnn,FP32,comun,B,2,171,188.90249999822117
faster_rcnn,FP32,comun,B,2,172,186.26299999596085
faster_rcnn,FP32,comun,B,2,173,194.72210000094492
faster_rcnn,FP32,comun,B,2,174,207.03089999733493
faster_rcnn,FP32,comun,B,2,175,202.97840000421274
faster_rcnn,FP32,comun,B,2,176,200.69949999742676
faster_rcnn,FP32,comun,B,2,177,201.5273999859346
faster_rcnn,FP32,comun,B,2,178,203.30890000332147
faster_rcnn,FP32,comun,B,2,179,202.48320000246167
faster_rcnn,FP32,comun,B,2,180,196.37550000334159
faster_rcnn,FP32,comun,B,2,181,203.5293999942951
faster_rcnn,FP32,comun,B,2,182,184.19559999892954
faster_rcnn,FP32,comun,B,2,183,201.06310000119265
faster_rcnn,FP32,comun,B,2,184,196.37629999488126
faster_rcnn,FP32,comun,B,2,185,197.13990000309423
faster_rcnn,FP32,comun,B,2,186,205.57730000291485
faster_rcnn,FP32,comun,B,2,187,172.13259999698494
faster_rcnn,FP32,comun,B,2,188,196.54710000031628
faster_rcnn,FP32,comun,B,2,189,208.84639999712817
faster_rcnn,FP32,comun,B,2,190,189.9171999975806
faster_rcnn,FP32,comun,B,2,191,196.64350000675768
faster_rcnn,FP32,comun,B,2,192,200.5654999957187
faster_rcnn,FP32,comun,B,2,193,202.41200001328252
faster_rcnn,FP32,comun,B,2,194,193.8683000043966
faster_rcnn,FP32,comun,B,2,195,192.8358000004664
faster_rcnn,FP32,comun,B,2,196,190.35279999661725
faster_rcnn,FP32,comun,B,2,197,187.16370000038296
faster_rcnn,FP32,comun,B,2,198,190.2193999994779
faster_rcnn,FP32,comun,B,2,199,191.83500000508502
faster_rcnn,FP32,comun,B,2,200,205.0390999938827
faster_rcnn,FP32,comun,B,2,201,201.2654999998631
faster_rcnn,FP32,comun,B,2,202,202.72529999783728
faster_rcnn,FP32,comun,B,2,203,190.54020001203753
faster_rcnn,FP32,comun,B,2,204,191.93440000526607
faster_rcnn,FP32,comun,B,2,205,203.68940000480507
faster_rcnn,FP32,comun,B,2,206,199.50270000845194
faster_rcnn,FP32,comun,B,2,207,182.93280000216328
faster_rcnn,FP32,comun,B,2,208,206.23019999766257
faster_rcnn,FP32,comun,B,2,209,188.22050000017043
faster_rcnn,FP32,comun,B,2,210,185.24530000286177
faster_rcnn,FP32,comun,B,2,211,201.6270999884
faster_rcnn,FP32,comun,B,2,212,203.12019999255426
faster_rcnn,FP32,comun,B,2,213,199.52290000219364
faster_rcnn,FP32,comun,B,2,214,202.92429999972228
faster_rcnn,FP32,comun,B,2,215,197.8436000063084
faster_rcnn,FP32,comun,B,2,216,187.15159999555908
faster_rcnn,FP32,comun,B,2,217,188.21439999737777
faster_rcnn,FP32,comun,B,2,218,196.10760000068694
faster_rcnn,FP32,comun,B,2,219,198.5673000017414
faster_rcnn,FP32,comun,B,2,220,204.14280000841245
faster_rcnn,FP32,comun,B,2,221,203.57900000817608
faster_rcnn,FP32,comun,B,2,222,189.17730000976007
faster_rcnn,FP32,comun,B,2,223,199.52890000422485
faster_rcnn,FP32,comun,B,2,224,198.9025000075344
faster_rcnn,FP32,comun,B,2,225,183.61920000461396
faster_rcnn,FP32,comun,B,2,226,195.46529999934137
faster_rcnn,FP32,comun,B,2,227,201.5817000064999
faster_rcnn,FP32,comun,B,2,228,180.47580000711605
faster_rcnn,FP32,comun,B,2,229,201.61400000506546
faster_rcnn,FP32,comun,B,2,230,170.24739999033045
faster_rcnn,FP32,comun,B,2,231,164.451899996493
faster_rcnn,FP32,comun,B,2,232,199.82390000950545
faster_rcnn,FP32,comun,B,2,233,196.33980000799056
faster_rcnn,FP32,comun,B,2,234,201.60690000921022
faster_rcnn,FP32,comun,B,2,235,201.0463000042364
faster_rcnn,FP32,comun,B,2,236,181.1722000129521
faster_rcnn,FP32,comun,B,2,237,209.1779000038514
faster_rcnn,FP32,comun,B,2,238,198.00000000395812
faster_rcnn,FP32,comun,B,2,239,200.39690000703558
faster_rcnn,FP32,comun,B,2,240,198.80990000092424
faster_rcnn,FP32,comun,B,2,241,191.17459999688435
faster_rcnn,FP32,comun,B,2,242,195.5232999898726
faster_rcnn,FP32,comun,B,2,243,189.8561999987578
faster_rcnn,FP32,comun,B,2,244,177.0607999933418
faster_rcnn,FP32,comun,B,2,245,198.93089999095537
faster_rcnn,FP32,comun,B,2,246,199.74599999841303
faster_rcnn,FP32,comun,B,2,247,200.73989999946207
faster_rcnn,FP32,comun,B,2,248,169.02289999416098
faster_rcnn,FP32,comun,B,2,249,203.46379998954944
faster_rcnn,FP32,comun,B,2,250,199.08189999114256
faster_rcnn,FP32,comun,B,2,251,195.5520999908913
faster_rcnn,FP32,comun,B,2,252,204.50850001361687
faster_rcnn,FP32,comun,B,2,253,170.34299999068025
faster_rcnn,FP32,comun,B,2,254,204.4191999884788
faster_rcnn,FP32,comun,B,2,255,200.65050000266638
faster_rcnn,FP32,comun,B,2,256,194.47780000336934
faster_rcnn,FP32,comun,B,2,257,205.63440000114497
faster_rcnn,FP32,comun,B,2,258,187.01009999495
faster_rcnn,FP32,comun,B,2,259,189.31739999970887
faster_rcnn,FP32,comun,B,2,260,199.1390000039246
faster_rcnn,FP32,comun,B,2,261,207.9331999993883
faster_rcnn,FP32,comun,B,2,262,200.7212000025902
faster_rcnn,FP32,comun,B,2,263,195.9296999993967
faster_rcnn,FP32,comun,B,2,264,205.1037999917753
faster_rcnn,FP32,comun,B,2,265,199.80879999639
faster_rcnn,FP32,comun,B,2,266,197.24639999913052
faster_rcnn,FP32,comun,B,2,267,188.84709999838378
faster_rcnn,FP32,comun,B,2,268,196.5409999975236
faster_rcnn,FP32,comun,B,2,269,188.2026999955997
faster_rcnn,FP32,comun,B,2,270,197.12290000461508
faster_rcnn,FP32,comun,B,2,271,193.31550000060815
faster_rcnn,FP32,comun,B,2,272,200.79109999642242
faster_rcnn,FP32,comun,B,2,273,202.43089999712538
faster_rcnn,FP32,comun,B,2,274,207.8627000009874
faster_rcnn,FP32,comun,B,2,275,190.9316000092076
faster_rcnn,FP32,comun,B,2,276,203.62430000386667
faster_rcnn,FP32,comun,B,2,277,205.05730000149924
faster_rcnn,FP32,comun,B,2,278,198.99360000272281
faster_rcnn,FP32,comun,B,2,279,201.5765999967698
faster_rcnn,FP32,comun,B,2,280,204.68749999417923
faster_rcnn,FP32,comun,B,2,281,193.7134000036167
faster_rcnn,FP32,comun,B,2,282,189.88499999977648
faster_rcnn,FP32,comun,B,2,283,200.28930000262335
faster_rcnn,FP32,comun,B,2,284,205.16369999677408
faster_rcnn,FP32,comun,B,2,285,205.3269000025466
faster_rcnn,FP32,comun,B,2,286,208.03030001115985
faster_rcnn,FP32,comun,B,2,287,202.83300000301097
faster_rcnn,FP32,comun,B,2,288,178.75679999997374
faster_rcnn,FP32,comun,B,2,289,200.63529998878948
faster_rcnn,FP32,comun,B,2,290,194.73800000560004
faster_rcnn,FP32,comun,B,2,291,200.51410001178738
faster_rcnn,FP32,comun,B,2,292,200.34250000026077
faster_rcnn,FP32,comun,B,2,293,202.05050001095515
faster_rcnn,FP32,comun,B,2,294,198.4946000011405
faster_rcnn,FP32,comun,B,2,295,201.84970000991598
faster_rcnn,FP32,comun,B,2,296,195.50689999596216
faster_rcnn,FP32,comun,B,2,297,185.32730000151787
faster_rcnn,FP32,comun,B,2,298,198.61089999903925
faster_rcnn,FP32,comun,B,2,299,199.75019998673815
faster_rcnn,FP32,comun,B,2,300,194.43339999997988
faster_rcnn,FP32,comun,B,2,301,204.2684000043664
faster_rcnn,FP32,comun,B,2,302,194.0257000096608
faster_rcnn,FP32,comun,B,2,303,202.1052000054624
faster_rcnn,FP32,comun,B,2,304,205.3417000133777
faster_rcnn,FP32,comun,B,2,305,201.61950000328943
faster_rcnn,FP32,comun,B,2,306,205.32370000728406
faster_rcnn,FP32,comun,B,2,307,192.85380000656005
faster_rcnn,FP32,comun,B,2,308,192.22530000843108
faster_rcnn,FP32,comun,B,2,309,205.9856999985641
faster_rcnn,FP32,comun,B,2,310,188.56909999158233
faster_rcnn,FP32,comun,B,2,311,188.81619999592658
faster_rcnn,FP32,comun,B,2,312,199.5644000126049
faster_rcnn,FP32,comun,B,2,313,203.61989999946672
faster_rcnn,FP32,comun,B,2,314,198.67579999845475
faster_rcnn,FP32,comun,B,2,315,201.7082000093069
faster_rcnn,FP32,comun,B,2,316,184.54400000337046
faster_rcnn,FP32,comun,B,2,317,201.18820000789128
faster_rcnn,FP32,comun,B,2,318,190.5043000006117
faster_rcnn,FP32,comun,B,2,319,187.46420000388753
faster_rcnn,FP32,comun,B,2,320,208.8923999981489
faster_rcnn,FP32,comun,B,2,321,200.38940000813454
faster_rcnn,FP32,comun,B,2,322,193.20130000414792
faster_rcnn,FP32,comun,B,2,323,200.08310000412166
faster_rcnn,FP32,comun,B,2,324,209.40210000844672
faster_rcnn,FP32,comun,B,2,325,201.1491000012029
faster_rcnn,FP32,comun,B,2,326,194.76030000078026
faster_rcnn,FP32,comun,B,2,327,205.71719999134075
faster_rcnn,FP32,comun,B,2,328,190.48530000145547
faster_rcnn,FP32,comun,B,2,329,197.48050000634976
faster_rcnn,FP32,comun,B,2,330,189.44669999473263
faster_rcnn,FP32,comun,B,2,331,203.7445000023581
faster_rcnn,FP32,comun,B,2,332,203.84329999797046
faster_rcnn,FP32,comun,B,2,333,199.9902999959886
faster_rcnn,FP32,comun,B,2,334,201.11199999519158
faster_rcnn,FP32,comun,B,2,335,191.41630000376608
faster_rcnn,FP32,comun,B,2,336,185.4656000068644
faster_rcnn,FP32,comun,B,2,337,200.91120000870433
faster_rcnn,FP32,comun,B,2,338,200.35400000051595
faster_rcnn,FP32,comun,B,2,339,201.2891999911517
faster_rcnn,FP32,comun,B,2,340,200.3219999896828
faster_rcnn,FP32,comun,B,2,341,185.88309999904595
faster_rcnn,FP32,comun,B,2,342,195.44280000263825
faster_rcnn,FP32,comun,B,2,343,197.3843999876408
faster_rcnn,FP32,comun,B,2,344,182.94220000097994
faster_rcnn,FP32,comun,B,2,345,189.8979999969015
faster_rcnn,FP32,comun,B,2,346,198.10880000295583
faster_rcnn,FP32,comun,B,2,347,199.88410000223666
faster_rcnn,FP32,comun,B,2,348,207.70859999174718
faster_rcnn,FP32,comun,B,2,349,202.88399999844842
faster_rcnn,FP32,comun,B,2,350,195.53550001000986
faster_rcnn,FP32,comun,B,2,351,202.17740000225604
faster_rcnn,FP32,comun,B,2,352,195.0244999898132
faster_rcnn,FP32,comun,B,2,353,200.8975999924587
faster_rcnn,FP32,comun,B,2,354,195.7566999917617
faster_rcnn,FP32,comun,B,2,355,197.12559999607038
faster_rcnn,FP32,comun,B,2,356,195.8306000015
faster_rcnn,FP32,comun,B,2,357,191.38489999750163
faster_rcnn,FP32,comun,B,2,358,202.02930000959896
faster_rcnn,FP32,comun,B,2,359,187.45769999804907
faster_rcnn,FP32,comun,B,2,360,192.30540000717156
faster_rcnn,FP32,comun,B,2,361,198.55709999683313
faster_rcnn,FP32,comun,B,2,362,201.9713000045158
faster_rcnn,FP32,comun,B,2,363,204.24830001138616
faster_rcnn,FP32,comun,B,2,364,202.9505000100471
faster_rcnn,FP32,comun,B,2,365,189.54790000861976
faster_rcnn,FP32,comun,B,2,366,187.40330000582617
faster_rcnn,FP32,comun,B,2,367,201.28520000434946
faster_rcnn,FP32,comun,B,2,368,202.88430000073276
faster_rcnn,FP32,comun,B,2,369,191.1716000031447
faster_rcnn,FP32,comun,B,2,370,203.43949999369215
faster_rcnn,FP32,comun,B,2,371,196.77369999408256
faster_rcnn,FP32,comun,B,2,372,199.2422000039369
faster_rcnn,FP32,comun,B,2,373,197.32779999321792
faster_rcnn,FP32,operativo,A,0,0,185.00739999581128
faster_rcnn,FP32,operativo,A,0,1,181.57640000572428
faster_rcnn,FP32,operativo,A,0,2,185.4311999923084
faster_rcnn,FP32,operativo,A,0,3,174.3650999997044
faster_rcnn,FP32,operativo,A,0,4,186.5408000012394
faster_rcnn,FP32,operativo,A,0,5,184.90650001331232
faster_rcnn,FP32,operativo,A,0,6,184.46899999980815
faster_rcnn,FP32,operativo,A,0,7,186.5784999972675
faster_rcnn,FP32,operativo,A,0,8,177.94919999141712
faster_rcnn,FP32,operativo,A,0,9,174.94989999977406
faster_rcnn,FP32,operativo,A,0,10,176.51540000224486
faster_rcnn,FP32,operativo,A,0,11,180.41689999517985
faster_rcnn,FP32,operativo,A,0,12,183.36029999773018
faster_rcnn,FP32,operativo,A,0,13,181.0875999944983
faster_rcnn,FP32,operativo,A,0,14,176.40379999647848
faster_rcnn,FP32,operativo,A,0,15,181.30460000247695
faster_rcnn,FP32,operativo,A,0,16,181.78500000794884
faster_rcnn,FP32,operativo,A,0,17,189.26270000520162
faster_rcnn,FP32,operativo,A,0,18,182.04710001009516
faster_rcnn,FP32,operativo,A,0,19,176.84930001269095
faster_rcnn,FP32,operativo,A,0,20,183.1203000037931
faster_rcnn,FP32,operativo,A,0,21,178.84700000286102
faster_rcnn,FP32,operativo,A,0,22,191.96729999384843
faster_rcnn,FP32,operativo,A,0,23,182.68100000568666
faster_rcnn,FP32,operativo,A,0,24,183.4032000042498
faster_rcnn,FP32,operativo,A,0,25,166.4458999875933
faster_rcnn,FP32,operativo,A,0,26,182.16850000317208
faster_rcnn,FP32,operativo,A,0,27,179.4211000087671
faster_rcnn,FP32,operativo,A,0,28,177.65030000009574
faster_rcnn,FP32,operativo,A,0,29,184.68360000406392
faster_rcnn,FP32,operativo,A,0,30,180.97629999101628
faster_rcnn,FP32,operativo,A,0,31,182.84680000215303
faster_rcnn,FP32,operativo,A,0,32,183.69569999049418
faster_rcnn,FP32,operativo,A,0,33,189.10750000213739
faster_rcnn,FP32,operativo,A,0,34,176.38330000045244
faster_rcnn,FP32,operativo,A,0,35,186.85470000491478
faster_rcnn,FP32,operativo,A,0,36,180.24899999727495
faster_rcnn,FP32,operativo,A,0,37,173.65589999826625
faster_rcnn,FP32,operativo,A,0,38,177.45279999508057
faster_rcnn,FP32,operativo,A,0,39,177.83739999867976
faster_rcnn,FP32,operativo,A,0,40,178.69869999412913
faster_rcnn,FP32,operativo,A,0,41,190.03290000546258
faster_rcnn,FP32,operativo,A,0,42,179.56380000396166
faster_rcnn,FP32,operativo,A,0,43,189.04209999891464
faster_rcnn,FP32,operativo,A,0,44,182.1289999934379
faster_rcnn,FP32,operativo,A,0,45,181.21919999248348
faster_rcnn,FP32,operativo,A,0,46,182.18779999006074
faster_rcnn,FP32,operativo,A,0,47,171.97239999950398
faster_rcnn,FP32,operativo,A,0,48,186.84829999983776
faster_rcnn,FP32,operativo,A,0,49,175.31000000599306
faster_rcnn,FP32,operativo,A,0,50,182.33800001326017
faster_rcnn,FP32,operativo,A,0,51,180.4124999907799
faster_rcnn,FP32,operativo,A,0,52,175.5132000107551
faster_rcnn,FP32,operativo,A,0,53,183.01130000327248
faster_rcnn,FP32,operativo,A,0,54,184.98740000359248
faster_rcnn,FP32,operativo,A,0,55,178.02190000656992
faster_rcnn,FP32,operativo,A,0,56,176.4158000005409
faster_rcnn,FP32,operativo,A,0,57,179.10959999426268
faster_rcnn,FP32,operativo,A,0,58,178.94079998950474
faster_rcnn,FP32,operativo,A,0,59,166.88950000389013
faster_rcnn,FP32,operativo,A,0,60,173.99499999010004
faster_rcnn,FP32,operativo,A,0,61,185.7227000000421
faster_rcnn,FP32,operativo,A,0,62,175.97950001072604
faster_rcnn,FP32,operativo,A,0,63,177.4747000017669
faster_rcnn,FP32,operativo,A,0,64,192.04829999944195
faster_rcnn,FP32,operativo,A,0,65,179.47750000166707
faster_rcnn,FP32,operativo,A,0,66,180.49969999992754
faster_rcnn,FP32,operativo,A,0,67,181.34330000611953
faster_rcnn,FP32,operativo,A,0,68,182.60569999984
faster_rcnn,FP32,operativo,A,0,69,168.12279999430757
faster_rcnn,FP32,operativo,A,0,70,181.6744999960065
faster_rcnn,FP32,operativo,A,0,71,179.95910000172444
faster_rcnn,FP32,operativo,A,0,72,177.53080000693444
faster_rcnn,FP32,operativo,A,0,73,188.76850001106504
faster_rcnn,FP32,operativo,A,0,74,174.9019999988377
faster_rcnn,FP32,operativo,A,0,75,183.16840000625234
faster_rcnn,FP32,operativo,A,0,76,179.40599999565165
faster_rcnn,FP32,operativo,A,0,77,149.12079999339767
faster_rcnn,FP32,operativo,A,0,78,182.214299988118
faster_rcnn,FP32,operativo,A,0,79,185.116000007838
faster_rcnn,FP32,operativo,A,0,80,168.75930000969674
faster_rcnn,FP32,operativo,A,0,81,183.36310000449885
faster_rcnn,FP32,operativo,A,0,82,178.6543000052916
faster_rcnn,FP32,operativo,A,0,83,183.72489999455865
faster_rcnn,FP32,operativo,A,0,84,188.75769998703618
faster_rcnn,FP32,operativo,A,0,85,185.30989999999292
faster_rcnn,FP32,operativo,A,0,86,183.4116000100039
faster_rcnn,FP32,operativo,A,0,87,178.32439999619965
faster_rcnn,FP32,operativo,A,0,88,190.98200000007637
faster_rcnn,FP32,operativo,A,0,89,176.6122999979416
faster_rcnn,FP32,operativo,A,0,90,177.74880000797566
faster_rcnn,FP32,operativo,A,0,91,183.34629999299068
faster_rcnn,FP32,operativo,A,0,92,186.91259999468457
faster_rcnn,FP32,operativo,A,0,93,181.62869999650866
faster_rcnn,FP32,operativo,A,0,94,192.4317999946652
faster_rcnn,FP32,operativo,A,0,95,175.79399999522138
faster_rcnn,FP32,operativo,A,0,96,186.0783000010997
faster_rcnn,FP32,operativo,A,0,97,183.97140000888612
faster_rcnn,FP32,operativo,A,0,98,176.09929999161977
faster_rcnn,FP32,operativo,A,0,99,185.52239998825826
faster_rcnn,FP32,operativo,A,0,100,171.57910000241827
faster_rcnn,FP32,operativo,A,0,101,184.17300000146497
faster_rcnn,FP32,operativo,A,0,102,193.40489999740385
faster_rcnn,FP32,operativo,A,0,103,178.94410000008065
faster_rcnn,FP32,operativo,A,0,104,184.7680000064429
faster_rcnn,FP32,operativo,A,0,105,181.65589999989606
faster_rcnn,FP32,operativo,A,0,106,180.33980000473093
faster_rcnn,FP32,operativo,A,0,107,179.611700004898
faster_rcnn,FP32,operativo,A,0,108,172.20900001120754
faster_rcnn,FP32,operativo,A,0,109,184.00419999670703
faster_rcnn,FP32,operativo,A,0,110,169.5049999980256
faster_rcnn,FP32,operativo,A,0,111,185.72920000588056
faster_rcnn,FP32,operativo,A,0,112,175.4071000032127
faster_rcnn,FP32,operativo,A,0,113,173.70929999742657
faster_rcnn,FP32,operativo,A,0,114,184.90839999867603
faster_rcnn,FP32,operativo,A,0,115,190.4967000009492
faster_rcnn,FP32,operativo,A,0,116,182.89070000173524
faster_rcnn,FP32,operativo,A,0,117,178.81509999278933
faster_rcnn,FP32,operativo,A,0,118,182.27459999616258
faster_rcnn,FP32,operativo,A,0,119,191.19070000306237
faster_rcnn,FP32,operativo,A,0,120,178.12309999135323
faster_rcnn,FP32,operativo,A,0,121,184.68279999797232
faster_rcnn,FP32,operativo,A,0,122,186.4177999959793
faster_rcnn,FP32,operativo,A,0,123,186.89240000094287
faster_rcnn,FP32,operativo,A,0,124,193.29819999984466
faster_rcnn,FP32,operativo,A,0,125,186.45780000952072
faster_rcnn,FP32,operativo,A,0,126,178.5537999967346
faster_rcnn,FP32,operativo,A,0,127,183.18690000160132
faster_rcnn,FP32,operativo,A,0,128,182.91009998938534
faster_rcnn,FP32,operativo,A,0,129,180.89479999616742
faster_rcnn,FP32,operativo,A,0,130,190.8024000003934
faster_rcnn,FP32,operativo,A,0,131,183.69279999751598
faster_rcnn,FP32,operativo,A,0,132,166.2038000067696
faster_rcnn,FP32,operativo,A,0,133,172.00630001025274
faster_rcnn,FP32,operativo,A,0,134,184.7418999968795
faster_rcnn,FP32,operativo,A,0,135,182.4544999981299
faster_rcnn,FP32,operativo,A,0,136,173.32729999907315
faster_rcnn,FP32,operativo,A,0,137,184.19939999876078
faster_rcnn,FP32,operativo,A,0,138,181.05610000202432
faster_rcnn,FP32,operativo,A,0,139,184.2536000040127
faster_rcnn,FP32,operativo,A,0,140,182.3932999977842
faster_rcnn,FP32,operativo,A,0,141,184.86500000290107
faster_rcnn,FP32,operativo,A,0,142,179.72520001058
faster_rcnn,FP32,operativo,A,0,143,178.54530000477098
faster_rcnn,FP32,operativo,A,0,144,182.3976000014227
faster_rcnn,FP32,operativo,A,0,145,170.14609999023378
faster_rcnn,FP32,operativo,A,0,146,182.1112999896286
faster_rcnn,FP32,operativo,A,0,147,184.9099999963073
faster_rcnn,FP32,operativo,A,0,148,186.51210000098217
faster_rcnn,FP32,operativo,A,0,149,189.69709999510087
faster_rcnn,FP32,operativo,A,0,150,179.00730000110343
faster_rcnn,FP32,operativo,A,0,151,185.03059999784455
faster_rcnn,FP32,operativo,A,0,152,184.91099998936988
faster_rcnn,FP32,operativo,A,0,153,180.71070000587497
faster_rcnn,FP32,operativo,A,0,154,184.667299996363
faster_rcnn,FP32,operativo,A,0,155,173.2859999901848
faster_rcnn,FP32,operativo,A,0,156,173.3550000062678
faster_rcnn,FP32,operativo,A,0,157,172.07859999325592
faster_rcnn,FP32,operativo,A,0,158,182.58670000068378
faster_rcnn,FP32,operativo,A,0,159,179.13140000018757
faster_rcnn,FP32,operativo,A,0,160,179.85280000721104
faster_rcnn,FP32,operativo,A,0,161,188.3670999959577
faster_rcnn,FP32,operativo,A,0,162,180.41260000609327
faster_rcnn,FP32,operativo,A,0,163,173.29829999653157
faster_rcnn,FP32,operativo,A,0,164,179.1493999917293
faster_rcnn,FP32,operativo,A,0,165,179.1574000089895
faster_rcnn,FP32,operativo,A,0,166,177.92249999183696
faster_rcnn,FP32,operativo,A,0,167,168.13599999295548
faster_rcnn,FP32,operativo,A,0,168,184.63570000312757
faster_rcnn,FP32,operativo,A,0,169,189.56349999643862
faster_rcnn,FP32,operativo,A,0,170,191.6237999976147
faster_rcnn,FP32,operativo,A,0,171,174.09120000957046
faster_rcnn,FP32,operativo,A,0,172,170.4122999944957
faster_rcnn,FP32,operativo,A,0,173,171.68579999997746
faster_rcnn,FP32,operativo,A,0,174,185.28950000472832
faster_rcnn,FP32,operativo,A,0,175,189.93979999504518
faster_rcnn,FP32,operativo,A,0,176,182.08189999859314
faster_rcnn,FP32,operativo,A,0,177,181.23440000636037
faster_rcnn,FP32,operativo,A,0,178,188.36410000221804
faster_rcnn,FP32,operativo,A,0,179,183.31059999763966
faster_rcnn,FP32,operativo,A,0,180,181.55969999497756
faster_rcnn,FP32,operativo,A,0,181,181.25500000314787
faster_rcnn,FP32,operativo,A,0,182,170.36750000261236
faster_rcnn,FP32,operativo,A,0,183,185.27989998983685
faster_rcnn,FP32,operativo,A,0,184,183.9585999987321
faster_rcnn,FP32,operativo,A,0,185,179.70989999594167
faster_rcnn,FP32,operativo,A,0,186,175.6038999883458
faster_rcnn,FP32,operativo,A,0,187,155.54360000533052
faster_rcnn,FP32,operativo,A,0,188,190.71660000190604
faster_rcnn,FP32,operativo,A,0,189,182.3355999949854
faster_rcnn,FP32,operativo,A,0,190,173.88100000971463
faster_rcnn,FP32,operativo,A,0,191,189.96649999462534
faster_rcnn,FP32,operativo,A,0,192,183.10520000522956
faster_rcnn,FP32,operativo,A,0,193,184.40759999793954
faster_rcnn,FP32,operativo,A,0,194,183.52549998962786
faster_rcnn,FP32,operativo,A,0,195,185.82030000106897
faster_rcnn,FP32,operativo,A,0,196,167.60250000515953
faster_rcnn,FP32,operativo,A,0,197,168.35599999467377
faster_rcnn,FP32,operativo,A,0,198,169.1480000008596
faster_rcnn,FP32,operativo,A,0,199,177.5898999912897
faster_rcnn,FP32,operativo,A,0,200,183.57219999597874
faster_rcnn,FP32,operativo,A,0,201,188.94639999780338
faster_rcnn,FP32,operativo,A,0,202,183.18059999728575
faster_rcnn,FP32,operativo,A,0,203,167.3161000071559
faster_rcnn,FP32,operativo,A,0,204,171.7925999982981
faster_rcnn,FP32,operativo,A,0,205,182.78460000874475
faster_rcnn,FP32,operativo,A,0,206,182.40659999719355
faster_rcnn,FP32,operativo,A,0,207,177.09349999495316
faster_rcnn,FP32,operativo,A,0,208,182.3378999979468
faster_rcnn,FP32,operativo,A,0,209,174.71439999644645
faster_rcnn,FP32,operativo,A,0,210,168.06130000622943
faster_rcnn,FP32,operativo,A,0,211,190.27120000100695
faster_rcnn,FP32,operativo,A,0,212,183.4207000065362
faster_rcnn,FP32,operativo,A,0,213,187.17669999750797
faster_rcnn,FP32,operativo,A,0,214,183.28579999797512
faster_rcnn,FP32,operativo,A,0,215,178.9481000014348
faster_rcnn,FP32,operativo,A,0,216,177.4565999949118
faster_rcnn,FP32,operativo,A,0,217,175.07550001027994
faster_rcnn,FP32,operativo,A,0,218,185.81139999150764
faster_rcnn,FP32,operativo,A,0,219,182.7220999985002
faster_rcnn,FP32,operativo,A,0,220,178.07559999346267
faster_rcnn,FP32,operativo,A,0,221,183.35279999882914
faster_rcnn,FP32,operativo,A,0,222,169.71889999695122
faster_rcnn,FP32,operativo,A,0,223,184.82460000086576
faster_rcnn,FP32,operativo,A,0,224,177.85380000714213
faster_rcnn,FP32,operativo,A,0,225,172.02649998944253
faster_rcnn,FP32,operativo,A,0,226,179.99440000858158
faster_rcnn,FP32,operativo,A,0,227,191.2540000048466
faster_rcnn,FP32,operativo,A,0,228,168.3609999890905
faster_rcnn,FP32,operativo,A,0,229,184.9002999952063
faster_rcnn,FP32,operativo,A,0,230,149.81289999559522
faster_rcnn,FP32,operativo,A,0,231,149.0745000046445
faster_rcnn,FP32,operativo,A,0,232,186.24799999815878
faster_rcnn,FP32,operativo,A,0,233,181.86409999907482
faster_rcnn,FP32,operativo,A,0,234,172.82490000070538
faster_rcnn,FP32,operativo,A,0,235,183.86390000523534
faster_rcnn,FP32,operativo,A,0,236,175.12870000791736
faster_rcnn,FP32,operativo,A,0,237,191.70070000109263
faster_rcnn,FP32,operativo,A,0,238,181.98219999612775
faster_rcnn,FP32,operativo,A,0,239,185.62540000129957
faster_rcnn,FP32,operativo,A,0,240,184.26429999817628
faster_rcnn,FP32,operativo,A,0,241,175.6984000094235
faster_rcnn,FP32,operativo,A,0,242,182.64249998901505
faster_rcnn,FP32,operativo,A,0,243,168.22429999592714
faster_rcnn,FP32,operativo,A,0,244,158.71719999995548
faster_rcnn,FP32,operativo,A,0,245,187.7680000034161
faster_rcnn,FP32,operativo,A,0,246,183.32390001160093
faster_rcnn,FP32,operativo,A,0,247,179.36330000520684
faster_rcnn,FP32,operativo,A,0,248,166.55359999276698
faster_rcnn,FP32,operativo,A,0,249,185.4272999917157
faster_rcnn,FP32,operativo,A,0,250,177.6903999998467
faster_rcnn,FP32,operativo,A,0,251,180.74179999530315
faster_rcnn,FP32,operativo,A,0,252,189.86889999359846
faster_rcnn,FP32,operativo,A,0,253,156.65020000596996
faster_rcnn,FP32,operativo,A,0,254,188.43780001043342
faster_rcnn,FP32,operativo,A,0,255,182.9998000030173
faster_rcnn,FP32,operativo,A,0,256,180.47170000500046
faster_rcnn,FP32,operativo,A,0,257,186.44060000951868
faster_rcnn,FP32,operativo,A,0,258,185.00750001112465
faster_rcnn,FP32,operativo,A,0,259,167.40629999549128
faster_rcnn,FP32,operativo,A,0,260,183.64000000292435
faster_rcnn,FP32,operativo,A,0,261,177.46550000447314
faster_rcnn,FP32,operativo,A,0,262,183.12230000447016
faster_rcnn,FP32,operativo,A,0,263,185.3528999927221
faster_rcnn,FP32,operativo,A,0,264,182.09940000087954
faster_rcnn,FP32,operativo,A,0,265,177.46120000083465
faster_rcnn,FP32,operativo,A,0,266,179.51459999312647
faster_rcnn,FP32,operativo,A,0,267,177.48080000455957
faster_rcnn,FP32,operativo,A,0,268,179.8348000011174
faster_rcnn,FP32,operativo,A,0,269,185.92679999710526
faster_rcnn,FP32,operativo,A,0,270,181.75860001065303
faster_rcnn,FP32,operativo,A,0,271,181.28669999714475
faster_rcnn,FP32,operativo,A,0,272,189.88900000113063
faster_rcnn,FP32,operativo,A,0,273,178.33569999493193
faster_rcnn,FP32,operativo,A,0,274,186.55980000039563
faster_rcnn,FP32,operativo,A,0,275,187.55380000220612
faster_rcnn,FP32,operativo,A,0,276,189.982299998519
faster_rcnn,FP32,operativo,A,0,277,179.42089999269228
faster_rcnn,FP32,operativo,A,0,278,183.58250000164844
faster_rcnn,FP32,operativo,A,0,279,184.5649000024423
faster_rcnn,FP32,operativo,A,0,280,185.10390000301413
faster_rcnn,FP32,operativo,A,0,281,178.0665999976918
faster_rcnn,FP32,operativo,A,0,282,173.3066000015242
faster_rcnn,FP32,operativo,A,0,283,180.7808000012301
faster_rcnn,FP32,operativo,A,0,284,186.77449999086093
faster_rcnn,FP32,operativo,A,0,285,180.82729999150615
faster_rcnn,FP32,operativo,A,0,286,189.34209999861196
faster_rcnn,FP32,operativo,A,0,287,187.57719999121036
faster_rcnn,FP32,operativo,A,0,288,174.37900000368245
faster_rcnn,FP32,operativo,A,0,289,189.32059999497142
faster_rcnn,FP32,operativo,A,0,290,182.1326999925077
faster_rcnn,FP32,operativo,A,0,291,184.5257999957539
faster_rcnn,FP32,operativo,A,0,292,181.95660000492353
faster_rcnn,FP32,operativo,A,0,293,185.40940000093542
faster_rcnn,FP32,operativo,A,0,294,177.27430000377353
faster_rcnn,FP32,operativo,A,0,295,181.14210000203457
faster_rcnn,FP32,operativo,A,0,296,174.46189999463968
faster_rcnn,FP32,operativo,A,0,297,166.03519998898264
faster_rcnn,FP32,operativo,A,0,298,180.98469999677036
faster_rcnn,FP32,operativo,A,0,299,179.23680000239983
faster_rcnn,FP32,operativo,A,0,300,189.21430000045802
faster_rcnn,FP32,operativo,A,0,301,175.59959999925923
faster_rcnn,FP32,operativo,A,0,302,187.29209998855367
faster_rcnn,FP32,operativo,A,0,303,178.2093000074383
faster_rcnn,FP32,operativo,A,0,304,183.82239999482408
faster_rcnn,FP32,operativo,A,0,305,180.28480000793934
faster_rcnn,FP32,operativo,A,0,306,187.29260000691283
faster_rcnn,FP32,operativo,A,0,307,178.5132000077283
faster_rcnn,FP32,operativo,A,0,308,186.20320000627544
faster_rcnn,FP32,operativo,A,0,309,185.37439999636263
faster_rcnn,FP32,operativo,A,0,310,174.66849999618717
faster_rcnn,FP32,operativo,A,0,311,170.11050001019612
faster_rcnn,FP32,operativo,A,0,312,177.20200000621844
faster_rcnn,FP32,operativo,A,0,313,182.59430000034627
faster_rcnn,FP32,operativo,A,0,314,184.64459999813698
faster_rcnn,FP32,operativo,A,0,315,183.0723000020953
faster_rcnn,FP32,operativo,A,0,316,173.06439999083523
faster_rcnn,FP32,operativo,A,0,317,181.9407000002684
faster_rcnn,FP32,operativo,A,0,318,175.8484000019962
faster_rcnn,FP32,operativo,A,0,319,171.56570000224747
faster_rcnn,FP32,operativo,A,0,320,188.35409999883268
faster_rcnn,FP32,operativo,A,0,321,185.85460000031162
faster_rcnn,FP32,operativo,A,0,322,170.42490000312682
faster_rcnn,FP32,operativo,A,0,323,184.88909999723546
faster_rcnn,FP32,operativo,A,0,324,179.0206000005128
faster_rcnn,FP32,operativo,A,0,325,181.2867999979062
faster_rcnn,FP32,operativo,A,0,326,175.33549999643583
faster_rcnn,FP32,operativo,A,0,327,192.24420000682585
faster_rcnn,FP32,operativo,A,0,328,170.5334000143921
faster_rcnn,FP32,operativo,A,0,329,182.6015999977244
faster_rcnn,FP32,operativo,A,0,330,173.23129999567755
faster_rcnn,FP32,operativo,A,0,331,184.28129999665543
faster_rcnn,FP32,operativo,A,0,332,184.25520000164397
faster_rcnn,FP32,operativo,A,0,333,179.04799999087118
faster_rcnn,FP32,operativo,A,0,334,185.43009999848437
faster_rcnn,FP32,operativo,A,0,335,178.5187999921618
faster_rcnn,FP32,operativo,A,0,336,175.37360001006164
faster_rcnn,FP32,operativo,A,0,337,180.3953999915393
faster_rcnn,FP32,operativo,A,0,338,183.43309999909252
faster_rcnn,FP32,operativo,A,0,339,180.6018000061158
faster_rcnn,FP32,operativo,A,0,340,191.1318000056781
faster_rcnn,FP32,operativo,A,0,341,173.58960000274237
faster_rcnn,FP32,operativo,A,0,342,178.1434000004083
faster_rcnn,FP32,operativo,A,0,343,185.27539999922737
faster_rcnn,FP32,operativo,A,0,344,164.37820000282954
faster_rcnn,FP32,operativo,A,0,345,173.12600000877865
faster_rcnn,FP32,operativo,A,0,346,184.23759999859612
faster_rcnn,FP32,operativo,A,0,347,175.44239999551792
faster_rcnn,FP32,operativo,A,0,348,186.28029999672435
faster_rcnn,FP32,operativo,A,0,349,185.9697000036249
faster_rcnn,FP32,operativo,A,0,350,185.95270000514574
faster_rcnn,FP32,operativo,A,0,351,191.4256000018213
faster_rcnn,FP32,operativo,A,0,352,185.02799999259878
faster_rcnn,FP32,operativo,A,0,353,178.27370000304654
faster_rcnn,FP32,operativo,A,0,354,183.93859999196138
faster_rcnn,FP32,operativo,A,0,355,179.7309999965364
faster_rcnn,FP32,operativo,A,0,356,184.30169999192003
faster_rcnn,FP32,operativo,A,0,357,169.85059999569785
faster_rcnn,FP32,operativo,A,0,358,185.60289999004453
faster_rcnn,FP32,operativo,A,0,359,168.8564999931259
faster_rcnn,FP32,operativo,A,0,360,171.21770000085235
faster_rcnn,FP32,operativo,A,0,361,182.80159999267198
faster_rcnn,FP32,operativo,A,0,362,182.78150001424365
faster_rcnn,FP32,operativo,A,0,363,183.37549999705516
faster_rcnn,FP32,operativo,A,0,364,181.0613999987254
faster_rcnn,FP32,operativo,A,0,365,166.02429999329615
faster_rcnn,FP32,operativo,A,0,366,167.5793999893358
faster_rcnn,FP32,operativo,A,0,367,184.3248999939533
faster_rcnn,FP32,operativo,A,0,368,189.5751999982167
faster_rcnn,FP32,operativo,A,0,369,173.77150000538677
faster_rcnn,FP32,operativo,A,0,370,183.80669999169186
faster_rcnn,FP32,operativo,A,0,371,176.1759999935748
faster_rcnn,FP32,operativo,A,0,372,174.31159999978263
faster_rcnn,FP32,operativo,A,0,373,176.56809999607503
faster_rcnn,FP32,operativo,B,0,0,194.1227999923285
faster_rcnn,FP32,operativo,B,0,1,190.77580000157468
faster_rcnn,FP32,operativo,B,0,2,198.24240000161808
faster_rcnn,FP32,operativo,B,0,3,197.66040000831708
faster_rcnn,FP32,operativo,B,0,4,198.92530000652187
faster_rcnn,FP32,operativo,B,0,5,193.4995999909006
faster_rcnn,FP32,operativo,B,0,6,197.26749999972526
faster_rcnn,FP32,operativo,B,0,7,205.52500001213048
faster_rcnn,FP32,operativo,B,0,8,191.4734000019962
faster_rcnn,FP32,operativo,B,0,9,187.69750000501517
faster_rcnn,FP32,operativo,B,0,10,187.39360000472516
faster_rcnn,FP32,operativo,B,0,11,198.613699991256
faster_rcnn,FP32,operativo,B,0,12,199.41709999693558
faster_rcnn,FP32,operativo,B,0,13,195.38840001041535
faster_rcnn,FP32,operativo,B,0,14,187.23500000487547
faster_rcnn,FP32,operativo,B,0,15,200.7339999981923
faster_rcnn,FP32,operativo,B,0,16,196.96259999182075
faster_rcnn,FP32,operativo,B,0,17,203.24790000449866
faster_rcnn,FP32,operativo,B,0,18,195.2164999966044
faster_rcnn,FP32,operativo,B,0,19,202.37580001412425
faster_rcnn,FP32,operativo,B,0,20,200.14099999389146
faster_rcnn,FP32,operativo,B,0,21,197.3046999919461
faster_rcnn,FP32,operativo,B,0,22,202.2366999881342
faster_rcnn,FP32,operativo,B,0,23,199.83980001416057
faster_rcnn,FP32,operativo,B,0,24,192.99490000412334
faster_rcnn,FP32,operativo,B,0,25,190.1639999996405
faster_rcnn,FP32,operativo,B,0,26,196.52029999997467
faster_rcnn,FP32,operativo,B,0,27,193.71240001055412
faster_rcnn,FP32,operativo,B,0,28,188.64310000208206
faster_rcnn,FP32,operativo,B,0,29,200.35689999349415
faster_rcnn,FP32,operativo,B,0,30,201.41599999624304
faster_rcnn,FP32,operativo,B,0,31,194.30860001011752
faster_rcnn,FP32,operativo,B,0,32,200.64360000833403
faster_rcnn,FP32,operativo,B,0,33,205.70070001122076
faster_rcnn,FP32,operativo,B,0,34,187.62519999290816
faster_rcnn,FP32,operativo,B,0,35,198.4731999982614
faster_rcnn,FP32,operativo,B,0,36,200.11849999718834
faster_rcnn,FP32,operativo,B,0,37,186.6710000031162
faster_rcnn,FP32,operativo,B,0,38,201.39699999708682
faster_rcnn,FP32,operativo,B,0,39,196.58349998644553
faster_rcnn,FP32,operativo,B,0,40,191.30520000180695
faster_rcnn,FP32,operativo,B,0,41,204.77469998877496
faster_rcnn,FP32,operativo,B,0,42,196.14980000187643
faster_rcnn,FP32,operativo,B,0,43,201.8108000047505
faster_rcnn,FP32,operativo,B,0,44,199.14330000756308
faster_rcnn,FP32,operativo,B,0,45,193.5020000091754
faster_rcnn,FP32,operativo,B,0,46,197.37970001006033
faster_rcnn,FP32,operativo,B,0,47,192.4455999978818
faster_rcnn,FP32,operativo,B,0,48,200.62760000291746
faster_rcnn,FP32,operativo,B,0,49,191.67400000151247
faster_rcnn,FP32,operativo,B,0,50,186.20979999832343
faster_rcnn,FP32,operativo,B,0,51,189.33480000123382
faster_rcnn,FP32,operativo,B,0,52,186.6126999957487
faster_rcnn,FP32,operativo,B,0,53,200.8923999965191
faster_rcnn,FP32,operativo,B,0,54,195.7115000113845
faster_rcnn,FP32,operativo,B,0,55,194.67149999400135
faster_rcnn,FP32,operativo,B,0,56,197.79299999936484
faster_rcnn,FP32,operativo,B,0,57,199.4682000076864
faster_rcnn,FP32,operativo,B,0,58,201.7855000012787
faster_rcnn,FP32,operativo,B,0,59,186.9306000007782
faster_rcnn,FP32,operativo,B,0,60,188.48959999741055
faster_rcnn,FP32,operativo,B,0,61,204.69159999629483
faster_rcnn,FP32,operativo,B,0,62,196.83529999747407
faster_rcnn,FP32,operativo,B,0,63,193.497500004014
faster_rcnn,FP32,operativo,B,0,64,203.86270000017248
faster_rcnn,FP32,operativo,B,0,65,195.6923999969149
faster_rcnn,FP32,operativo,B,0,66,197.75259999732953
faster_rcnn,FP32,operativo,B,0,67,200.5368000100134
faster_rcnn,FP32,operativo,B,0,68,196.5935000043828
faster_rcnn,FP32,operativo,B,0,69,189.25540000782348
faster_rcnn,FP32,operativo,B,0,70,196.00839998747688
faster_rcnn,FP32,operativo,B,0,71,191.76190000143833
faster_rcnn,FP32,operativo,B,0,72,195.17110000015236
faster_rcnn,FP32,operativo,B,0,73,195.80400000268128
faster_rcnn,FP32,operativo,B,0,74,197.60840000526514
faster_rcnn,FP32,operativo,B,0,75,200.45390000450425
faster_rcnn,FP32,operativo,B,0,76,197.28249999752734
faster_rcnn,FP32,operativo,B,0,77,170.60650000348687
faster_rcnn,FP32,operativo,B,0,78,202.0858999894699
faster_rcnn,FP32,operativo,B,0,79,204.81379999546334
faster_rcnn,FP32,operativo,B,0,80,187.45050000143237
faster_rcnn,FP32,operativo,B,0,81,200.8745000057388
faster_rcnn,FP32,operativo,B,0,82,190.88929999270476
faster_rcnn,FP32,operativo,B,0,83,200.01670000783633
faster_rcnn,FP32,operativo,B,0,84,200.86840000294615
faster_rcnn,FP32,operativo,B,0,85,205.93310000549536
faster_rcnn,FP32,operativo,B,0,86,194.43389998923521
faster_rcnn,FP32,operativo,B,0,87,198.84720000845846
faster_rcnn,FP32,operativo,B,0,88,200.2076000062516
faster_rcnn,FP32,operativo,B,0,89,201.50589999684598
faster_rcnn,FP32,operativo,B,0,90,188.04169999202713
faster_rcnn,FP32,operativo,B,0,91,201.34849999158178
faster_rcnn,FP32,operativo,B,0,92,201.75980000931304
faster_rcnn,FP32,operativo,B,0,93,204.26369999768212
faster_rcnn,FP32,operativo,B,0,94,202.1073000069009
faster_rcnn,FP32,operativo,B,0,95,197.38779999897815
faster_rcnn,FP32,operativo,B,0,96,194.93889999284875
faster_rcnn,FP32,operativo,B,0,97,203.23559999815188
faster_rcnn,FP32,operativo,B,0,98,194.90729999961331
faster_rcnn,FP32,operativo,B,0,99,201.39569998718798
faster_rcnn,FP32,operativo,B,0,100,190.64899999648333
faster_rcnn,FP32,operativo,B,0,101,201.7613999923924
faster_rcnn,FP32,operativo,B,0,102,207.05789999919944
faster_rcnn,FP32,operativo,B,0,103,198.63769999938086
faster_rcnn,FP32,operativo,B,0,104,197.2818000067491
faster_rcnn,FP32,operativo,B,0,105,194.01880000077654
faster_rcnn,FP32,operativo,B,0,106,195.38599999214057
faster_rcnn,FP32,operativo,B,0,107,200.67160000326112
faster_rcnn,FP32,operativo,B,0,108,193.62849999743048
faster_rcnn,FP32,operativo,B,0,109,198.45890000578947
faster_rcnn,FP32,operativo,B,0,110,189.9759000079939
faster_rcnn,FP32,operativo,B,0,111,201.79059999645688
faster_rcnn,FP32,operativo,B,0,112,198.6170000018319
faster_rcnn,FP32,operativo,B,0,113,190.66060001205187
faster_rcnn,FP32,operativo,B,0,114,200.6312000012258
faster_rcnn,FP32,operativo,B,0,115,203.9167000039015
faster_rcnn,FP32,operativo,B,0,116,199.97640000656247
faster_rcnn,FP32,operativo,B,0,117,198.56819999404252
faster_rcnn,FP32,operativo,B,0,118,200.88799999211915
faster_rcnn,FP32,operativo,B,0,119,202.93439998931717
faster_rcnn,FP32,operativo,B,0,120,202.2655000037048
faster_rcnn,FP32,operativo,B,0,121,205.25199999974575
faster_rcnn,FP32,operativo,B,0,122,193.93190000846516
faster_rcnn,FP32,operativo,B,0,123,203.52110000385437
faster_rcnn,FP32,operativo,B,0,124,208.30270000442397
faster_rcnn,FP32,operativo,B,0,125,205.1497000065865
faster_rcnn,FP32,operativo,B,0,126,198.82859999779612
faster_rcnn,FP32,operativo,B,0,127,195.391599991126
faster_rcnn,FP32,operativo,B,0,128,193.855599995004
faster_rcnn,FP32,operativo,B,0,129,202.91510000242852
faster_rcnn,FP32,operativo,B,0,130,200.12369999312796
faster_rcnn,FP32,operativo,B,0,131,196.8187000020407
faster_rcnn,FP32,operativo,B,0,132,188.74690000666305
faster_rcnn,FP32,operativo,B,0,133,192.9602000018349
faster_rcnn,FP32,operativo,B,0,134,191.75660000473727
faster_rcnn,FP32,operativo,B,0,135,193.5312999994494
faster_rcnn,FP32,operativo,B,0,136,194.73489999654703
faster_rcnn,FP32,operativo,B,0,137,195.59689999732655
faster_rcnn,FP32,operativo,B,0,138,202.92379999591503
faster_rcnn,FP32,operativo,B,0,139,204.0082000021357
faster_rcnn,FP32,operativo,B,0,140,199.8711999913212
faster_rcnn,FP32,operativo,B,0,141,200.31359999848064
faster_rcnn,FP32,operativo,B,0,142,195.1851999911014
faster_rcnn,FP32,operativo,B,0,143,197.59850000264123
faster_rcnn,FP32,operativo,B,0,144,191.7886000010185
faster_rcnn,FP32,operativo,B,0,145,192.17750000825617
faster_rcnn,FP32,operativo,B,0,146,189.8897999926703
faster_rcnn,FP32,operativo,B,0,147,198.3743000018876
faster_rcnn,FP32,operativo,B,0,148,196.1516000010306
faster_rcnn,FP32,operativo,B,0,149,204.70580000255723
faster_rcnn,FP32,operativo,B,0,150,197.85830000182614
faster_rcnn,FP32,operativo,B,0,151,199.25609999336302
faster_rcnn,FP32,operativo,B,0,152,203.50990000588354
faster_rcnn,FP32,operativo,B,0,153,195.70880000537727
faster_rcnn,FP32,operativo,B,0,154,201.01810000778642
faster_rcnn,FP32,operativo,B,0,155,196.40380000055302
faster_rcnn,FP32,operativo,B,0,156,193.28639999730512
faster_rcnn,FP32,operativo,B,0,157,187.4396000057459
faster_rcnn,FP32,operativo,B,0,158,202.00949998979922
faster_rcnn,FP32,operativo,B,0,159,198.6147000134224
faster_rcnn,FP32,operativo,B,0,160,200.43719999375753
faster_rcnn,FP32,operativo,B,0,161,201.21449998987373
faster_rcnn,FP32,operativo,B,0,162,194.1510000033304
faster_rcnn,FP32,operativo,B,0,163,198.49959999555722
faster_rcnn,FP32,operativo,B,0,164,201.42369999666698
faster_rcnn,FP32,operativo,B,0,165,200.08290000259876
faster_rcnn,FP32,operativo,B,0,166,204.67550000466872
faster_rcnn,FP32,operativo,B,0,167,186.3040999887744
faster_rcnn,FP32,operativo,B,0,168,210.6601999985287
faster_rcnn,FP32,operativo,B,0,169,210.85770000354387
faster_rcnn,FP32,operativo,B,0,170,204.405600001337
faster_rcnn,FP32,operativo,B,0,171,186.48129999928642
faster_rcnn,FP32,operativo,B,0,172,190.25939999846742
faster_rcnn,FP32,operativo,B,0,173,190.08149999717716
faster_rcnn,FP32,operativo,B,0,174,207.74519999395125
faster_rcnn,FP32,operativo,B,0,175,202.92159999371506
faster_rcnn,FP32,operativo,B,0,176,200.61460000579245
faster_rcnn,FP32,operativo,B,0,177,200.06540000031237
faster_rcnn,FP32,operativo,B,0,178,204.57649999298155
faster_rcnn,FP32,operativo,B,0,179,194.33489999209996
faster_rcnn,FP32,operativo,B,0,180,201.65350000024773
faster_rcnn,FP32,operativo,B,0,181,205.33129999239463
faster_rcnn,FP32,operativo,B,0,182,189.08680000458844
faster_rcnn,FP32,operativo,B,0,183,201.53099999879487
faster_rcnn,FP32,operativo,B,0,184,198.6037999886321
faster_rcnn,FP32,operativo,B,0,185,199.85459999588784
faster_rcnn,FP32,operativo,B,0,186,198.46620000316761
faster_rcnn,FP32,operativo,B,0,187,170.7726000022376
faster_rcnn,FP32,operativo,B,0,188,198.86969999060966
faster_rcnn,FP32,operativo,B,0,189,192.19699999666773
faster_rcnn,FP32,operativo,B,0,190,183.54529999487568
faster_rcnn,FP32,operativo,B,0,191,195.77679999929387
faster_rcnn,FP32,operativo,B,0,192,198.02599999820814
faster_rcnn,FP32,operativo,B,0,193,198.92830000026152
faster_rcnn,FP32,operativo,B,0,194,201.05570000305306
faster_rcnn,FP32,operativo,B,0,195,199.00520000373945
faster_rcnn,FP32,operativo,B,0,196,189.13469999097288
faster_rcnn,FP32,operativo,B,0,197,184.1814999934286
faster_rcnn,FP32,operativo,B,0,198,186.37589999707416
faster_rcnn,FP32,operativo,B,0,199,193.33460000052582
faster_rcnn,FP32,operativo,B,0,200,198.408099997323
faster_rcnn,FP32,operativo,B,0,201,196.9805999979144
faster_rcnn,FP32,operativo,B,0,202,197.84100000106264
faster_rcnn,FP32,operativo,B,0,203,185.85080000048038
faster_rcnn,FP32,operativo,B,0,204,183.01960000826512
faster_rcnn,FP32,operativo,B,0,205,198.97509999282192
faster_rcnn,FP32,operativo,B,0,206,200.04640000115614
faster_rcnn,FP32,operativo,B,0,207,188.84759998763911
faster_rcnn,FP32,operativo,B,0,208,196.24150000163354
faster_rcnn,FP32,operativo,B,0,209,190.71450000046752
faster_rcnn,FP32,operativo,B,0,210,192.6382000092417
faster_rcnn,FP32,operativo,B,0,211,199.05349999316968
faster_rcnn,FP32,operativo,B,0,212,195.99970000854228
faster_rcnn,FP32,operativo,B,0,213,201.97039999766275
faster_rcnn,FP32,operativo,B,0,214,198.18839999788906
faster_rcnn,FP32,operativo,B,0,215,200.18689999415074
faster_rcnn,FP32,operativo,B,0,216,188.16980000701733
faster_rcnn,FP32,operativo,B,0,217,190.2939999999944
faster_rcnn,FP32,operativo,B,0,218,196.09029999992345
faster_rcnn,FP32,operativo,B,0,219,193.09590000193566
faster_rcnn,FP32,operativo,B,0,220,193.42900000629015
faster_rcnn,FP32,operativo,B,0,221,191.95060001220554
faster_rcnn,FP32,operativo,B,0,222,186.65709999913815
faster_rcnn,FP32,operativo,B,0,223,200.49200000357814
faster_rcnn,FP32,operativo,B,0,224,195.53740000992548
faster_rcnn,FP32,operativo,B,0,225,187.762899993686
faster_rcnn,FP32,operativo,B,0,226,195.28149999678135
faster_rcnn,FP32,operativo,B,0,227,200.60660000308417
faster_rcnn,FP32,operativo,B,0,228,176.63200000242796
faster_rcnn,FP32,operativo,B,0,229,200.01179999962915
faster_rcnn,FP32,operativo,B,0,230,159.5385999971768
faster_rcnn,FP32,operativo,B,0,231,160.1035000057891
faster_rcnn,FP32,operativo,B,0,232,201.79809999535792
faster_rcnn,FP32,operativo,B,0,233,191.68119999812916
faster_rcnn,FP32,operativo,B,0,234,195.7391999894753
faster_rcnn,FP32,operativo,B,0,235,199.5191000023624
faster_rcnn,FP32,operativo,B,0,236,183.00299999827985
faster_rcnn,FP32,operativo,B,0,237,205.25320000888314
faster_rcnn,FP32,operativo,B,0,238,196.80049999442417
faster_rcnn,FP32,operativo,B,0,239,195.97439999051858
faster_rcnn,FP32,operativo,B,0,240,197.21019999997225
faster_rcnn,FP32,operativo,B,0,241,184.71090000821277
faster_rcnn,FP32,operativo,B,0,242,192.66240000433754
faster_rcnn,FP32,operativo,B,0,243,191.82169999112375
faster_rcnn,FP32,operativo,B,0,244,179.3147999997018
faster_rcnn,FP32,operativo,B,0,245,197.26810000429396
faster_rcnn,FP32,operativo,B,0,246,202.42210000287741
faster_rcnn,FP32,operativo,B,0,247,199.3780000047991
faster_rcnn,FP32,operativo,B,0,248,170.96269999456126
faster_rcnn,FP32,operativo,B,0,249,201.61329999973532
faster_rcnn,FP32,operativo,B,0,250,195.9313999977894
faster_rcnn,FP32,operativo,B,0,251,190.5319000070449
faster_rcnn,FP32,operativo,B,0,252,204.48749999923166
faster_rcnn,FP32,operativo,B,0,253,172.65740000584628
faster_rcnn,FP32,operativo,B,0,254,198.48649999767076
faster_rcnn,FP32,operativo,B,0,255,190.20110000565182
faster_rcnn,FP32,operativo,B,0,256,198.1013000040548
faster_rcnn,FP32,operativo,B,0,257,213.91670001321472
faster_rcnn,FP32,operativo,B,0,258,189.39280000631697
faster_rcnn,FP32,operativo,B,0,259,186.06069999805186
faster_rcnn,FP32,operativo,B,0,260,191.92219999968074
faster_rcnn,FP32,operativo,B,0,261,199.64050000999123
faster_rcnn,FP32,operativo,B,0,262,203.81649999762885
faster_rcnn,FP32,operativo,B,0,263,195.35910000558943
faster_rcnn,FP32,operativo,B,0,264,201.0322999994969
faster_rcnn,FP32,operativo,B,0,265,194.6579999930691
faster_rcnn,FP32,operativo,B,0,266,198.60869999683928
faster_rcnn,FP32,operativo,B,0,267,189.1260999982478
faster_rcnn,FP32,operativo,B,0,268,195.88860000658315
faster_rcnn,FP32,operativo,B,0,269,192.13619999936782
faster_rcnn,FP32,operativo,B,0,270,195.24659999297
faster_rcnn,FP32,operativo,B,0,271,197.45399999374058
faster_rcnn,FP32,operativo,B,0,272,209.8705000098562
faster_rcnn,FP32,operativo,B,0,273,198.63250000344124
faster_rcnn,FP32,operativo,B,0,274,201.0306999873137
faster_rcnn,FP32,operativo,B,0,275,194.94440000562463
faster_rcnn,FP32,operativo,B,0,276,197.66429999435786
faster_rcnn,FP32,operativo,B,0,277,196.57940001343377
faster_rcnn,FP32,operativo,B,0,278,194.67660000373144
faster_rcnn,FP32,operativo,B,0,279,194.03030000103172
faster_rcnn,FP32,operativo,B,0,280,197.29450000158977
faster_rcnn,FP32,operativo,B,0,281,202.6966999983415
faster_rcnn,FP32,operativo,B,0,282,183.10989999736194
faster_rcnn,FP32,operativo,B,0,283,193.68939999549184
faster_rcnn,FP32,operativo,B,0,284,194.49970001005568
faster_rcnn,FP32,operativo,B,0,285,191.7239000031259
faster_rcnn,FP32,operativo,B,0,286,202.5761999975657
faster_rcnn,FP32,operativo,B,0,287,193.62120000005234
faster_rcnn,FP32,operativo,B,0,288,188.63469999632798
faster_rcnn,FP32,operativo,B,0,289,204.4912999990629
faster_rcnn,FP32,operativo,B,0,290,197.78970000334084
faster_rcnn,FP32,operativo,B,0,291,203.17349999095313
faster_rcnn,FP32,operativo,B,0,292,195.56510000256822
faster_rcnn,FP32,operativo,B,0,293,201.28269999986514
faster_rcnn,FP32,operativo,B,0,294,198.30820000788663
faster_rcnn,FP32,operativo,B,0,295,198.57319998845924
faster_rcnn,FP32,operativo,B,0,296,192.24160000158008
faster_rcnn,FP32,operativo,B,0,297,184.4210999988718
faster_rcnn,FP32,operativo,B,0,298,193.54190000740346
faster_rcnn,FP32,operativo,B,0,299,197.05650000832975
faster_rcnn,FP32,operativo,B,0,300,196.83490000898018
faster_rcnn,FP32,operativo,B,0,301,194.30769998871256
faster_rcnn,FP32,operativo,B,0,302,195.20960000227205
faster_rcnn,FP32,operativo,B,0,303,197.15249999717344
faster_rcnn,FP32,operativo,B,0,304,200.78049998846836
faster_rcnn,FP32,operativo,B,0,305,200.08720000623725
faster_rcnn,FP32,operativo,B,0,306,197.18180000199936
faster_rcnn,FP32,operativo,B,0,307,189.13169999723323
faster_rcnn,FP32,operativo,B,0,308,198.39359998877626
faster_rcnn,FP32,operativo,B,0,309,203.93019999028184
faster_rcnn,FP32,operativo,B,0,310,184.68700000084937
faster_rcnn,FP32,operativo,B,0,311,188.55639999674167
faster_rcnn,FP32,operativo,B,0,312,199.06830000400078
faster_rcnn,FP32,operativo,B,0,313,199.5108999981312
faster_rcnn,FP32,operativo,B,0,314,207.8658000100404
faster_rcnn,FP32,operativo,B,0,315,194.9497000023257
faster_rcnn,FP32,operativo,B,0,316,186.97450000036042
faster_rcnn,FP32,operativo,B,0,317,196.30889999098144
faster_rcnn,FP32,operativo,B,0,318,188.88539999898057
faster_rcnn,FP32,operativo,B,0,319,188.69700000504963
faster_rcnn,FP32,operativo,B,0,320,203.85109999915585
faster_rcnn,FP32,operativo,B,0,321,192.50829999509733
faster_rcnn,FP32,operativo,B,0,322,187.6087999989977
faster_rcnn,FP32,operativo,B,0,323,194.65150000178255
faster_rcnn,FP32,operativo,B,0,324,196.25889998860657
faster_rcnn,FP32,operativo,B,0,325,191.24339999689255
faster_rcnn,FP32,operativo,B,0,326,189.78879999485798
faster_rcnn,FP32,operativo,B,0,327,204.01790000323672
faster_rcnn,FP32,operativo,B,0,328,188.11750000168104
faster_rcnn,FP32,operativo,B,0,329,192.05610000062734
faster_rcnn,FP32,operativo,B,0,330,184.818500012625
faster_rcnn,FP32,operativo,B,0,331,187.4097999971127
faster_rcnn,FP32,operativo,B,0,332,197.8139000129886
faster_rcnn,FP32,operativo,B,0,333,195.44470000255387
faster_rcnn,FP32,operativo,B,0,334,197.15189999260474
faster_rcnn,FP32,operativo,B,0,335,194.99469999573193
faster_rcnn,FP32,operativo,B,0,336,184.97729999944568
faster_rcnn,FP32,operativo,B,0,337,190.9285000001546
faster_rcnn,FP32,operativo,B,0,338,192.9532000067411
faster_rcnn,FP32,operativo,B,0,339,189.10479999613017
faster_rcnn,FP32,operativo,B,0,340,194.38239998999052
faster_rcnn,FP32,operativo,B,0,341,188.41889999748673
faster_rcnn,FP32,operativo,B,0,342,189.63069999881554
faster_rcnn,FP32,operativo,B,0,343,190.68119999428745
faster_rcnn,FP32,operativo,B,0,344,189.8317000013776
faster_rcnn,FP32,operativo,B,0,345,185.76130000292324
faster_rcnn,FP32,operativo,B,0,346,196.3194999989355
faster_rcnn,FP32,operativo,B,0,347,191.1268999974709
faster_rcnn,FP32,operativo,B,0,348,205.41900000534952
faster_rcnn,FP32,operativo,B,0,349,191.80309999501333
faster_rcnn,FP32,operativo,B,0,350,198.39580000552814
faster_rcnn,FP32,operativo,B,0,351,199.62829998985399
faster_rcnn,FP32,operativo,B,0,352,190.54939999477938
faster_rcnn,FP32,operativo,B,0,353,204.20809999632183
faster_rcnn,FP32,operativo,B,0,354,199.6283000044059
faster_rcnn,FP32,operativo,B,0,355,194.21780000266153
faster_rcnn,FP32,operativo,B,0,356,190.96759999229107
faster_rcnn,FP32,operativo,B,0,357,182.18530000012834
faster_rcnn,FP32,operativo,B,0,358,198.95190000534058
faster_rcnn,FP32,operativo,B,0,359,188.1199000054039
faster_rcnn,FP32,operativo,B,0,360,185.55289998766966
faster_rcnn,FP32,operativo,B,0,361,198.13029999204446
faster_rcnn,FP32,operativo,B,0,362,200.6147000065539
faster_rcnn,FP32,operativo,B,0,363,200.22379999863915
faster_rcnn,FP32,operativo,B,0,364,198.0796999996528
faster_rcnn,FP32,operativo,B,0,365,187.59120001050178
faster_rcnn,FP32,operativo,B,0,366,186.06799999543
faster_rcnn,FP32,operativo,B,0,367,195.23309999203775
faster_rcnn,FP32,operativo,B,0,368,202.2480000014184
faster_rcnn,FP32,operativo,B,0,369,189.24880000122357
faster_rcnn,FP32,operativo,B,0,370,206.23879999038763
faster_rcnn,FP32,operativo,B,0,371,203.02190000074916
faster_rcnn,FP32,operativo,B,0,372,194.35220000741538
faster_rcnn,FP32,operativo,B,0,373,193.97130000288598
faster_rcnn,FP32,operativo,A,1,0,177.59839999780525
faster_rcnn,FP32,operativo,A,1,1,179.42329999641515
faster_rcnn,FP32,operativo,A,1,2,187.0006000099238
faster_rcnn,FP32,operativo,A,1,3,184.06339999637567
faster_rcnn,FP32,operativo,A,1,4,186.81959999958053
faster_rcnn,FP32,operativo,A,1,5,186.86180000077002
faster_rcnn,FP32,operativo,A,1,6,185.0516999984393
faster_rcnn,FP32,operativo,A,1,7,189.56030000117607
faster_rcnn,FP32,operativo,A,1,8,188.0885999999009
faster_rcnn,FP32,operativo,A,1,9,170.32009999093134
faster_rcnn,FP32,operativo,A,1,10,173.54319999867585
faster_rcnn,FP32,operativo,A,1,11,180.24359999981243
faster_rcnn,FP32,operativo,A,1,12,182.4507999990601
faster_rcnn,FP32,operativo,A,1,13,184.3941000115592
faster_rcnn,FP32,operativo,A,1,14,177.94189999403898
faster_rcnn,FP32,operativo,A,1,15,181.10699999670032
faster_rcnn,FP32,operativo,A,1,16,180.2286999882199
faster_rcnn,FP32,operativo,A,1,17,190.36140000389423
faster_rcnn,FP32,operativo,A,1,18,186.09339999966323
faster_rcnn,FP32,operativo,A,1,19,183.97910000931006
faster_rcnn,FP32,operativo,A,1,20,182.28400000953116
faster_rcnn,FP32,operativo,A,1,21,179.6193000045605
faster_rcnn,FP32,operativo,A,1,22,185.22010000015143
faster_rcnn,FP32,operativo,A,1,23,180.3051000024425
faster_rcnn,FP32,operativo,A,1,24,182.6061000028858
faster_rcnn,FP32,operativo,A,1,25,172.55069999373518
faster_rcnn,FP32,operativo,A,1,26,180.0336000014795
faster_rcnn,FP32,operativo,A,1,27,182.34420000226237
faster_rcnn,FP32,operativo,A,1,28,181.18329999560956
faster_rcnn,FP32,operativo,A,1,29,177.89729998912662
faster_rcnn,FP32,operativo,A,1,30,183.74449999828357
faster_rcnn,FP32,operativo,A,1,31,182.17749999894295
faster_rcnn,FP32,operativo,A,1,32,184.65260000084527
faster_rcnn,FP32,operativo,A,1,33,192.2571000031894
faster_rcnn,FP32,operativo,A,1,34,170.51029999856837
faster_rcnn,FP32,operativo,A,1,35,183.8664999959292
faster_rcnn,FP32,operativo,A,1,36,185.95050000294577
faster_rcnn,FP32,operativo,A,1,37,172.61290000169538
faster_rcnn,FP32,operativo,A,1,38,185.44919999840204
faster_rcnn,FP32,operativo,A,1,39,183.62860000343062
faster_rcnn,FP32,operativo,A,1,40,178.52479999419302
faster_rcnn,FP32,operativo,A,1,41,192.38159999076743
faster_rcnn,FP32,operativo,A,1,42,181.79250000684988
faster_rcnn,FP32,operativo,A,1,43,179.54749999626074
faster_rcnn,FP32,operativo,A,1,44,183.2628999982262
faster_rcnn,FP32,operativo,A,1,45,179.1151999932481
faster_rcnn,FP32,operativo,A,1,46,180.77829999674577
faster_rcnn,FP32,operativo,A,1,47,179.38309999590274
faster_rcnn,FP32,operativo,A,1,48,182.52650000795256
faster_rcnn,FP32,operativo,A,1,49,171.6549999982817
faster_rcnn,FP32,operativo,A,1,50,179.22469999757595
faster_rcnn,FP32,operativo,A,1,51,180.5272000055993
faster_rcnn,FP32,operativo,A,1,52,177.4003000027733
faster_rcnn,FP32,operativo,A,1,53,189.24549999064766
faster_rcnn,FP32,operativo,A,1,54,181.54010000580456
faster_rcnn,FP32,operativo,A,1,55,181.72750000667293
faster_rcnn,FP32,operativo,A,1,56,186.31220000679605
faster_rcnn,FP32,operativo,A,1,57,186.36120000155643
faster_rcnn,FP32,operativo,A,1,58,188.0987000040477
faster_rcnn,FP32,operativo,A,1,59,175.5462000000989
faster_rcnn,FP32,operativo,A,1,60,174.12019999756012
faster_rcnn,FP32,operativo,A,1,61,183.55829999200068
faster_rcnn,FP32,operativo,A,1,62,174.36290001205634
faster_rcnn,FP32,operativo,A,1,63,185.4522000066936
faster_rcnn,FP32,operativo,A,1,64,189.2638999997871
faster_rcnn,FP32,operativo,A,1,65,182.62550000508782
faster_rcnn,FP32,operativo,A,1,66,185.7410000084201
faster_rcnn,FP32,operativo,A,1,67,188.93150000076275
faster_rcnn,FP32,operativo,A,1,68,181.8392999994103
faster_rcnn,FP32,operativo,A,1,69,162.247500004014
faster_rcnn,FP32,operativo,A,1,70,187.9072999872733
faster_rcnn,FP32,operativo,A,1,71,179.25400000240188
faster_rcnn,FP32,operativo,A,1,72,179.10670000128448
faster_rcnn,FP32,operativo,A,1,73,185.2911000023596
faster_rcnn,FP32,operativo,A,1,74,187.09049999597482
faster_rcnn,FP32,operativo,A,1,75,179.38249999133404
faster_rcnn,FP32,operativo,A,1,76,181.52959999861196
faster_rcnn,FP32,operativo,A,1,77,150.66810000280384
faster_rcnn,FP32,operativo,A,1,78,182.7398000023095
faster_rcnn,FP32,operativo,A,1,79,186.86929999967106
faster_rcnn,FP32,operativo,A,1,80,170.8476000057999
faster_rcnn,FP32,operativo,A,1,81,182.79679999977816
faster_rcnn,FP32,operativo,A,1,82,178.74750000191852
faster_rcnn,FP32,operativo,A,1,83,182.89830000139773
faster_rcnn,FP32,operativo,A,1,84,181.24199999147095
faster_rcnn,FP32,operativo,A,1,85,185.57840000721626
faster_rcnn,FP32,operativo,A,1,86,184.2116000043461
faster_rcnn,FP32,operativo,A,1,87,184.21070001204498
faster_rcnn,FP32,operativo,A,1,88,189.8522999981651
faster_rcnn,FP32,operativo,A,1,89,189.11029999435414
faster_rcnn,FP32,operativo,A,1,90,178.656600008253
faster_rcnn,FP32,operativo,A,1,91,184.03079999552574
faster_rcnn,FP32,operativo,A,1,92,181.94160000712145
faster_rcnn,FP32,operativo,A,1,93,182.28170000656974
faster_rcnn,FP32,operativo,A,1,94,182.8858999942895
faster_rcnn,FP32,operativo,A,1,95,177.86229999910574
faster_rcnn,FP32,operativo,A,1,96,185.09830000402872
faster_rcnn,FP32,operativo,A,1,97,186.71049999829847
faster_rcnn,FP32,operativo,A,1,98,179.76320000889245
faster_rcnn,FP32,operativo,A,1,99,183.80950001301244
faster_rcnn,FP32,operativo,A,1,100,173.81170000589918
faster_rcnn,FP32,operativo,A,1,101,181.63840001216158
faster_rcnn,FP32,operativo,A,1,102,184.8341999866534
faster_rcnn,FP32,operativo,A,1,103,183.3094999892637
faster_rcnn,FP32,operativo,A,1,104,185.48810000356752
faster_rcnn,FP32,operativo,A,1,105,177.82969999825582
faster_rcnn,FP32,operativo,A,1,106,186.9901000027312
faster_rcnn,FP32,operativo,A,1,107,180.20719999913126
faster_rcnn,FP32,operativo,A,1,108,167.00739999942016
faster_rcnn,FP32,operativo,A,1,109,178.6065000051167
faster_rcnn,FP32,operativo,A,1,110,172.1834000054514
faster_rcnn,FP32,operativo,A,1,111,181.67890000040643
faster_rcnn,FP32,operativo,A,1,112,181.4975999877788
faster_rcnn,FP32,operativo,A,1,113,171.56029999023303
faster_rcnn,FP32,operativo,A,1,114,177.85839999851305
faster_rcnn,FP32,operativo,A,1,115,187.44100000185426
faster_rcnn,FP32,operativo,A,1,116,181.8353999988176
faster_rcnn,FP32,operativo,A,1,117,183.55970000266097
faster_rcnn,FP32,operativo,A,1,118,177.9642000037711
faster_rcnn,FP32,operativo,A,1,119,184.6483000117587
faster_rcnn,FP32,operativo,A,1,120,181.96699999680277
faster_rcnn,FP32,operativo,A,1,121,186.69990000489634
faster_rcnn,FP32,operativo,A,1,122,182.44019999110606
faster_rcnn,FP32,operativo,A,1,123,184.03759998909663
faster_rcnn,FP32,operativo,A,1,124,188.17069999931846
faster_rcnn,FP32,operativo,A,1,125,182.13770000147633
faster_rcnn,FP32,operativo,A,1,126,179.44880000140984
faster_rcnn,FP32,operativo,A,1,127,182.65049999172334
faster_rcnn,FP32,operativo,A,1,128,180.80629999167286
faster_rcnn,FP32,operativo,A,1,129,182.57800000719726
faster_rcnn,FP32,operativo,A,1,130,182.74740000197198
faster_rcnn,FP32,operativo,A,1,131,179.58320000616368
faster_rcnn,FP32,operativo,A,1,132,170.9922000009101
faster_rcnn,FP32,operativo,A,1,133,171.99750000145286
faster_rcnn,FP32,operativo,A,1,134,178.98939999577124
faster_rcnn,FP32,operativo,A,1,135,183.0541999952402
faster_rcnn,FP32,operativo,A,1,136,172.07489999418613
faster_rcnn,FP32,operativo,A,1,137,181.47130000579637
faster_rcnn,FP32,operativo,A,1,138,184.265999996569
faster_rcnn,FP32,operativo,A,1,139,178.69960000098217
faster_rcnn,FP32,operativo,A,1,140,177.54630000854377
faster_rcnn,FP32,operativo,A,1,141,184.78730000788346
faster_rcnn,FP32,operativo,A,1,142,182.08379999850877
faster_rcnn,FP32,operativo,A,1,143,182.87920000148006
faster_rcnn,FP32,operativo,A,1,144,174.6238999912748
faster_rcnn,FP32,operativo,A,1,145,166.74289999355096
faster_rcnn,FP32,operativo,A,1,146,183.2933999976376
faster_rcnn,FP32,operativo,A,1,147,182.8767999977572
faster_rcnn,FP32,operativo,A,1,148,180.29099999694154
faster_rcnn,FP32,operativo,A,1,149,187.4907000019448
faster_rcnn,FP32,operativo,A,1,150,185.76159999065567
faster_rcnn,FP32,operativo,A,1,151,182.552799989935
faster_rcnn,FP32,operativo,A,1,152,182.9277000069851
faster_rcnn,FP32,operativo,A,1,153,187.90180000360124
faster_rcnn,FP32,operativo,A,1,154,183.90370000270195
faster_rcnn,FP32,operativo,A,1,155,181.50819999573287
faster_rcnn,FP32,operativo,A,1,156,170.38440000033006
faster_rcnn,FP32,operativo,A,1,157,162.37289999844506
faster_rcnn,FP32,operativo,A,1,158,188.76730000192765
faster_rcnn,FP32,operativo,A,1,159,180.93709999811836
faster_rcnn,FP32,operativo,A,1,160,177.21959999471437
faster_rcnn,FP32,operativo,A,1,161,186.07999999949243
faster_rcnn,FP32,operativo,A,1,162,174.1895999875851
faster_rcnn,FP32,operativo,A,1,163,178.91099999542348
faster_rcnn,FP32,operativo,A,1,164,188.4152999991784
faster_rcnn,FP32,operativo,A,1,165,181.9802000100026
faster_rcnn,FP32,operativo,A,1,166,177.80610000772867
faster_rcnn,FP32,operativo,A,1,167,171.34850000729784
faster_rcnn,FP32,operativo,A,1,168,184.300599998096
faster_rcnn,FP32,operativo,A,1,169,193.06039999355562
faster_rcnn,FP32,operativo,A,1,170,188.83299999288283
faster_rcnn,FP32,operativo,A,1,171,168.60229999292642
faster_rcnn,FP32,operativo,A,1,172,171.70970000734087
faster_rcnn,FP32,operativo,A,1,173,173.83700000937097
faster_rcnn,FP32,operativo,A,1,174,179.3141999951331
faster_rcnn,FP32,operativo,A,1,175,183.20990000211168
faster_rcnn,FP32,operativo,A,1,176,184.66859999170993
faster_rcnn,FP32,operativo,A,1,177,181.14900001091883
faster_rcnn,FP32,operativo,A,1,178,178.4891000133939
faster_rcnn,FP32,operativo,A,1,179,184.53230000159238
faster_rcnn,FP32,operativo,A,1,180,182.26010000216775
faster_rcnn,FP32,operativo,A,1,181,178.02809999557212
faster_rcnn,FP32,operativo,A,1,182,164.91389999282546
faster_rcnn,FP32,operativo,A,1,183,189.75930000306107
faster_rcnn,FP32,operativo,A,1,184,182.23729998862837
faster_rcnn,FP32,operativo,A,1,185,187.88810000114609
faster_rcnn,FP32,operativo,A,1,186,185.64540000807028
faster_rcnn,FP32,operativo,A,1,187,139.82620000024326
faster_rcnn,FP32,operativo,A,1,188,184.2774999968242
faster_rcnn,FP32,operativo,A,1,189,178.79260001063813
faster_rcnn,FP32,operativo,A,1,190,168.77820000809152
faster_rcnn,FP32,operativo,A,1,191,184.35999999928754
faster_rcnn,FP32,operativo,A,1,192,186.8395000055898
faster_rcnn,FP32,operativo,A,1,193,185.14459999278188
faster_rcnn,FP32,operativo,A,1,194,183.14769999415148
faster_rcnn,FP32,operativo,A,1,195,183.20639999001287
faster_rcnn,FP32,operativo,A,1,196,176.1753999890061
faster_rcnn,FP32,operativo,A,1,197,172.47689999931026
faster_rcnn,FP32,operativo,A,1,198,174.0097000001697
faster_rcnn,FP32,operativo,A,1,199,191.0721000022022
faster_rcnn,FP32,operativo,A,1,200,188.36580000061076
faster_rcnn,FP32,operativo,A,1,201,184.75240000407211
faster_rcnn,FP32,operativo,A,1,202,175.27530000370461
faster_rcnn,FP32,operativo,A,1,203,165.01479998987634
faster_rcnn,FP32,operativo,A,1,204,163.36239999509417
faster_rcnn,FP32,operativo,A,1,205,179.54219999955967
faster_rcnn,FP32,operativo,A,1,206,187.14680000266526
faster_rcnn,FP32,operativo,A,1,207,187.41210000007413
faster_rcnn,FP32,operativo,A,1,208,184.76709999958985
faster_rcnn,FP32,operativo,A,1,209,179.26839999563526
faster_rcnn,FP32,operativo,A,1,210,169.70909999508876
faster_rcnn,FP32,operativo,A,1,211,178.67189999378752
faster_rcnn,FP32,operativo,A,1,212,185.66039999132045
faster_rcnn,FP32,operativo,A,1,213,182.69809999037534
faster_rcnn,FP32,operativo,A,1,214,179.6498000039719
faster_rcnn,FP32,operativo,A,1,215,184.5659000100568
faster_rcnn,FP32,operativo,A,1,216,172.50859999330714
faster_rcnn,FP32,operativo,A,1,217,171.08310000912752
faster_rcnn,FP32,operativo,A,1,218,178.34999998740386
faster_rcnn,FP32,operativo,A,1,219,175.5540000012843
faster_rcnn,FP32,operativo,A,1,220,187.20679999387357
faster_rcnn,FP32,operativo,A,1,221,185.06930000148714
faster_rcnn,FP32,operativo,A,1,222,169.5902999927057
faster_rcnn,FP32,operativo,A,1,223,180.7435000082478
faster_rcnn,FP32,operativo,A,1,224,183.71070000284817
faster_rcnn,FP32,operativo,A,1,225,170.51319999154657
faster_rcnn,FP32,operativo,A,1,226,186.55929999658838
faster_rcnn,FP32,operativo,A,1,227,186.34269999165554
faster_rcnn,FP32,operativo,A,1,228,170.9765999985393
faster_rcnn,FP32,operativo,A,1,229,185.31360001361463
faster_rcnn,FP32,operativo,A,1,230,151.28310000000056
faster_rcnn,FP32,operativo,A,1,231,149.20970000093803
faster_rcnn,FP32,operativo,A,1,232,185.88129999989178
faster_rcnn,FP32,operativo,A,1,233,184.5446999941487
faster_rcnn,FP32,operativo,A,1,234,181.84340000152588
faster_rcnn,FP32,operativo,A,1,235,183.88430000049993
faster_rcnn,FP32,operativo,A,1,236,170.09220000181813
faster_rcnn,FP32,operativo,A,1,237,188.05509999219794
faster_rcnn,FP32,operativo,A,1,238,187.62120000610594
faster_rcnn,FP32,operativo,A,1,239,186.21100000746083
faster_rcnn,FP32,operativo,A,1,240,182.4793999985559
faster_rcnn,FP32,operativo,A,1,241,171.2236000021221
faster_rcnn,FP32,operativo,A,1,242,186.26809999113902
faster_rcnn,FP32,operativo,A,1,243,164.55640000640415
faster_rcnn,FP32,operativo,A,1,244,163.54880000289995
faster_rcnn,FP32,operativo,A,1,245,188.11730000015814
faster_rcnn,FP32,operativo,A,1,246,188.51039999572095
faster_rcnn,FP32,operativo,A,1,247,181.32210000476334
faster_rcnn,FP32,operativo,A,1,248,160.4114999936428
faster_rcnn,FP32,operativo,A,1,249,184.0370999998413
faster_rcnn,FP32,operativo,A,1,250,179.21279999427497
faster_rcnn,FP32,operativo,A,1,251,177.18909999530297
faster_rcnn,FP32,operativo,A,1,252,190.0923000066541
faster_rcnn,FP32,operativo,A,1,253,160.0864000065485
faster_rcnn,FP32,operativo,A,1,254,186.92659999942407
faster_rcnn,FP32,operativo,A,1,255,183.4425000124611
faster_rcnn,FP32,operativo,A,1,256,185.12620001274627
faster_rcnn,FP32,operativo,A,1,257,188.97829999332316
faster_rcnn,FP32,operativo,A,1,258,184.75850000686478
faster_rcnn,FP32,operativo,A,1,259,170.93120000208728
faster_rcnn,FP32,operativo,A,1,260,174.60630000277888
faster_rcnn,FP32,operativo,A,1,261,186.25290000636596
faster_rcnn,FP32,operativo,A,1,262,185.97560000489466
faster_rcnn,FP32,operativo,A,1,263,177.98980000952724
faster_rcnn,FP32,operativo,A,1,264,187.01539999165107
faster_rcnn,FP32,operativo,A,1,265,176.52470000030007
faster_rcnn,FP32,operativo,A,1,266,181.3994999974966
faster_rcnn,FP32,operativo,A,1,267,166.00640000251587
faster_rcnn,FP32,operativo,A,1,268,181.76199999288656
faster_rcnn,FP32,operativo,A,1,269,183.1606999912765
faster_rcnn,FP32,operativo,A,1,270,180.40219999966212
faster_rcnn,FP32,operativo,A,1,271,179.24119999224786
faster_rcnn,FP32,operativo,A,1,272,192.73870000324678
faster_rcnn,FP32,operativo,A,1,273,176.44310000468977
faster_rcnn,FP32,operativo,A,1,274,188.22769999678712
faster_rcnn,FP32,operativo,A,1,275,183.4421000094153
faster_rcnn,FP32,operativo,A,1,276,183.1405000120867
faster_rcnn,FP32,operativo,A,1,277,184.4446000031894
faster_rcnn,FP32,operativo,A,1,278,185.30910000845324
faster_rcnn,FP32,operativo,A,1,279,181.26219999976456
faster_rcnn,FP32,operativo,A,1,280,182.78560000180732
faster_rcnn,FP32,operativo,A,1,281,183.45670000417158
faster_rcnn,FP32,operativo,A,1,282,166.5806000091834
faster_rcnn,FP32,operativo,A,1,283,182.94060000334866
faster_rcnn,FP32,operativo,A,1,284,176.31229999824427
faster_rcnn,FP32,operativo,A,1,285,185.0713000021642
faster_rcnn,FP32,operativo,A,1,286,182.9250000009779
faster_rcnn,FP32,operativo,A,1,287,178.39790000289213
faster_rcnn,FP32,operativo,A,1,288,179.8479999997653
faster_rcnn,FP32,operativo,A,1,289,183.228699999745
faster_rcnn,FP32,operativo,A,1,290,178.47009999968577
faster_rcnn,FP32,operativo,A,1,291,182.48360000143293
faster_rcnn,FP32,operativo,A,1,292,178.2736000022851
faster_rcnn,FP32,operativo,A,1,293,184.18080000265036
faster_rcnn,FP32,operativo,A,1,294,182.09180000121705
faster_rcnn,FP32,operativo,A,1,295,187.48490000143647
faster_rcnn,FP32,operativo,A,1,296,182.385099993553
faster_rcnn,FP32,operativo,A,1,297,169.6827999985544
faster_rcnn,FP32,operativo,A,1,298,182.1576000074856
faster_rcnn,FP32,operativo,A,1,299,184.7122000035597
faster_rcnn,FP32,operativo,A,1,300,184.97809999098536
faster_rcnn,FP32,operativo,A,1,301,184.84270000772085
faster_rcnn,FP32,operativo,A,1,302,181.95630000263918
faster_rcnn,FP32,operativo,A,1,303,184.07469999510795
faster_rcnn,FP32,operativo,A,1,304,180.13569999311585
faster_rcnn,FP32,operativo,A,1,305,183.71109999134205
faster_rcnn,FP32,operativo,A,1,306,184.47540000488516
faster_rcnn,FP32,operativo,A,1,307,165.7376000075601
faster_rcnn,FP32,operativo,A,1,308,182.11920000612736
faster_rcnn,FP32,operativo,A,1,309,190.61730000248645
faster_rcnn,FP32,operativo,A,1,310,176.07960000168532
faster_rcnn,FP32,operativo,A,1,311,174.96620000747498
faster_rcnn,FP32,operativo,A,1,312,182.81220000062604
faster_rcnn,FP32,operativo,A,1,313,180.29019999084994
faster_rcnn,FP32,operativo,A,1,314,177.9250000108732
faster_rcnn,FP32,operativo,A,1,315,185.6746999983443
faster_rcnn,FP32,operativo,A,1,316,170.45560000406113
faster_rcnn,FP32,operativo,A,1,317,179.8661000066204
faster_rcnn,FP32,operativo,A,1,318,173.117700003786
faster_rcnn,FP32,operativo,A,1,319,171.88019999593962
faster_rcnn,FP32,operativo,A,1,320,189.0514999977313
faster_rcnn,FP32,operativo,A,1,321,179.45609999878798
faster_rcnn,FP32,operativo,A,1,322,172.16840000764932
faster_rcnn,FP32,operativo,A,1,323,180.99680000159424
faster_rcnn,FP32,operativo,A,1,324,182.4384000065038
faster_rcnn,FP32,operativo,A,1,325,184.8831999959657
faster_rcnn,FP32,operativo,A,1,326,176.14350000803825
faster_rcnn,FP32,operativo,A,1,327,181.41170000308193
faster_rcnn,FP32,operativo,A,1,328,174.07449999882374
faster_rcnn,FP32,operativo,A,1,329,187.5925000058487
faster_rcnn,FP32,operativo,A,1,330,169.01440000219736
faster_rcnn,FP32,operativo,A,1,331,182.61239999264944
faster_rcnn,FP32,operativo,A,1,332,182.96390000614338
faster_rcnn,FP32,operativo,A,1,333,181.3720999925863
faster_rcnn,FP32,operativo,A,1,334,179.89239998860285
faster_rcnn,FP32,operativo,A,1,335,183.10039999778382
faster_rcnn,FP32,operativo,A,1,336,171.69160000048578
faster_rcnn,FP32,operativo,A,1,337,180.3897999925539
faster_rcnn,FP32,operativo,A,1,338,184.54249999194872
faster_rcnn,FP32,operativo,A,1,339,176.08849999669474
faster_rcnn,FP32,operativo,A,1,340,187.84060000325553
faster_rcnn,FP32,operativo,A,1,341,172.69829999713693
faster_rcnn,FP32,operativo,A,1,342,173.68989999522455
faster_rcnn,FP32,operativo,A,1,343,183.30460001016036
faster_rcnn,FP32,operativo,A,1,344,168.4934999939287
faster_rcnn,FP32,operativo,A,1,345,168.54870000679512
faster_rcnn,FP32,operativo,A,1,346,176.65629999828525
faster_rcnn,FP32,operativo,A,1,347,185.0406000012299
faster_rcnn,FP32,operativo,A,1,348,185.92000000353437
faster_rcnn,FP32,operativo,A,1,349,182.0234999904642
faster_rcnn,FP32,operativo,A,1,350,182.01510001381394
faster_rcnn,FP32,operativo,A,1,351,187.7964999875985
faster_rcnn,FP32,operativo,A,1,352,187.16739999945275
faster_rcnn,FP32,operativo,A,1,353,184.44690000615083
faster_rcnn,FP32,operativo,A,1,354,175.90830000699498
faster_rcnn,FP32,operativo,A,1,355,180.8770000061486
faster_rcnn,FP32,operativo,A,1,356,177.20349998853635
faster_rcnn,FP32,operativo,A,1,357,166.576100004022
faster_rcnn,FP32,operativo,A,1,358,178.69650000648107
faster_rcnn,FP32,operativo,A,1,359,167.36789999413304
faster_rcnn,FP32,operativo,A,1,360,173.59720000240486
faster_rcnn,FP32,operativo,A,1,361,176.12350000126753
faster_rcnn,FP32,operativo,A,1,362,178.05289999523666
faster_rcnn,FP32,operativo,A,1,363,185.3770000016084
faster_rcnn,FP32,operativo,A,1,364,178.81349999515805
faster_rcnn,FP32,operativo,A,1,365,167.93060000054538
faster_rcnn,FP32,operativo,A,1,366,168.305600003805
faster_rcnn,FP32,operativo,A,1,367,177.57189999974798
faster_rcnn,FP32,operativo,A,1,368,188.99150000652298
faster_rcnn,FP32,operativo,A,1,369,170.20580000826158
faster_rcnn,FP32,operativo,A,1,370,180.86349999066442
faster_rcnn,FP32,operativo,A,1,371,175.28120000497438
faster_rcnn,FP32,operativo,A,1,372,186.6122999927029
faster_rcnn,FP32,operativo,A,1,373,186.91629999375436
faster_rcnn,FP32,operativo,B,1,0,195.23189999745227
faster_rcnn,FP32,operativo,B,1,1,194.77110001025721
faster_rcnn,FP32,operativo,B,1,2,194.40199999371544
faster_rcnn,FP32,operativo,B,1,3,189.78499999502674
faster_rcnn,FP32,operativo,B,1,4,196.2704999896232
faster_rcnn,FP32,operativo,B,1,5,195.38550000288524
faster_rcnn,FP32,operativo,B,1,6,190.77549999929033
faster_rcnn,FP32,operativo,B,1,7,198.5751999891363
faster_rcnn,FP32,operativo,B,1,8,194.5869000046514
faster_rcnn,FP32,operativo,B,1,9,186.89399999857415
faster_rcnn,FP32,operativo,B,1,10,191.44629999937024
faster_rcnn,FP32,operativo,B,1,11,199.71919999807142
faster_rcnn,FP32,operativo,B,1,12,193.374299997231
faster_rcnn,FP32,operativo,B,1,13,196.29159999021795
faster_rcnn,FP32,operativo,B,1,14,194.06850000086706
faster_rcnn,FP32,operativo,B,1,15,197.08529999479651
faster_rcnn,FP32,operativo,B,1,16,190.81329999607988
faster_rcnn,FP32,operativo,B,1,17,199.13060001272243
faster_rcnn,FP32,operativo,B,1,18,191.66840000252705
faster_rcnn,FP32,operativo,B,1,19,197.8088000032585
faster_rcnn,FP32,operativo,B,1,20,199.4914999959292
faster_rcnn,FP32,operativo,B,1,21,193.42219999816734
faster_rcnn,FP32,operativo,B,1,22,204.0450999920722
faster_rcnn,FP32,operativo,B,1,23,190.42359999730252
faster_rcnn,FP32,operativo,B,1,24,190.3057000017725
faster_rcnn,FP32,operativo,B,1,25,186.7430999991484
faster_rcnn,FP32,operativo,B,1,26,193.05110001005232
faster_rcnn,FP32,operativo,B,1,27,193.8679000013508
faster_rcnn,FP32,operativo,B,1,28,187.1188999939477
faster_rcnn,FP32,operativo,B,1,29,193.46469998708926
faster_rcnn,FP32,operativo,B,1,30,202.4742000066908
faster_rcnn,FP32,operativo,B,1,31,197.7301000006264
faster_rcnn,FP32,operativo,B,1,32,189.39689999388065
faster_rcnn,FP32,operativo,B,1,33,200.96009998815134
faster_rcnn,FP32,operativo,B,1,34,198.84889999229927
faster_rcnn,FP32,operativo,B,1,35,196.42100000055507
faster_rcnn,FP32,operativo,B,1,36,197.36280001234263
faster_rcnn,FP32,operativo,B,1,37,184.45410000276752
faster_rcnn,FP32,operativo,B,1,38,199.75259999046102
faster_rcnn,FP32,operativo,B,1,39,189.27469999471214
faster_rcnn,FP32,operativo,B,1,40,194.72830000449903
faster_rcnn,FP32,operativo,B,1,41,197.3405000026105
faster_rcnn,FP32,operativo,B,1,42,197.39040000422392
faster_rcnn,FP32,operativo,B,1,43,192.25430001097266
faster_rcnn,FP32,operativo,B,1,44,199.74029999866616
faster_rcnn,FP32,operativo,B,1,45,196.32599999022204
faster_rcnn,FP32,operativo,B,1,46,202.26459999685176
faster_rcnn,FP32,operativo,B,1,47,186.05960000422783
faster_rcnn,FP32,operativo,B,1,48,196.3988000061363
faster_rcnn,FP32,operativo,B,1,49,186.47329999657813
faster_rcnn,FP32,operativo,B,1,50,195.65969999530353
faster_rcnn,FP32,operativo,B,1,51,197.20199999574106
faster_rcnn,FP32,operativo,B,1,52,183.66450000030454
faster_rcnn,FP32,operativo,B,1,53,196.61919999634847
faster_rcnn,FP32,operativo,B,1,54,197.9111999971792
faster_rcnn,FP32,operativo,B,1,55,193.87649999407586
faster_rcnn,FP32,operativo,B,1,56,200.0458999973489
faster_rcnn,FP32,operativo,B,1,57,189.4495000015013
faster_rcnn,FP32,operativo,B,1,58,189.10889999824576
faster_rcnn,FP32,operativo,B,1,59,183.71849998948164
faster_rcnn,FP32,operativo,B,1,60,191.05039999703877
faster_rcnn,FP32,operativo,B,1,61,195.7020999980159
faster_rcnn,FP32,operativo,B,1,62,186.92320000263862
faster_rcnn,FP32,operativo,B,1,63,193.84819999686442
faster_rcnn,FP32,operativo,B,1,64,208.7528999982169
faster_rcnn,FP32,operativo,B,1,65,193.03550000768155
faster_rcnn,FP32,operativo,B,1,66,195.56840001314413
faster_rcnn,FP32,operativo,B,1,67,198.59489999362268
faster_rcnn,FP32,operativo,B,1,68,195.0698000000557
faster_rcnn,FP32,operativo,B,1,69,188.22080000245478
faster_rcnn,FP32,operativo,B,1,70,194.33980000030715
faster_rcnn,FP32,operativo,B,1,71,194.3948999978602
faster_rcnn,FP32,operativo,B,1,72,197.95799998973962
faster_rcnn,FP32,operativo,B,1,73,198.55899999674875
faster_rcnn,FP32,operativo,B,1,74,195.16659999499097
faster_rcnn,FP32,operativo,B,1,75,198.11610000033397
faster_rcnn,FP32,operativo,B,1,76,196.55670000065584
faster_rcnn,FP32,operativo,B,1,77,168.33970000152476
faster_rcnn,FP32,operativo,B,1,78,198.19389999611303
faster_rcnn,FP32,operativo,B,1,79,203.41019998886622
faster_rcnn,FP32,operativo,B,1,80,182.9520000028424
faster_rcnn,FP32,operativo,B,1,81,191.62430000142194
faster_rcnn,FP32,operativo,B,1,82,194.36389999464154
faster_rcnn,FP32,operativo,B,1,83,200.98680000228342
faster_rcnn,FP32,operativo,B,1,84,199.06329999503214
faster_rcnn,FP32,operativo,B,1,85,200.76870000048075
faster_rcnn,FP32,operativo,B,1,86,194.44900000235066
faster_rcnn,FP32,operativo,B,1,87,195.36179999704473
faster_rcnn,FP32,operativo,B,1,88,205.03830000234302
faster_rcnn,FP32,operativo,B,1,89,188.50360000215005
faster_rcnn,FP32,operativo,B,1,90,188.05580001208
faster_rcnn,FP32,operativo,B,1,91,191.84440000390168
faster_rcnn,FP32,operativo,B,1,92,191.36250000155997
faster_rcnn,FP32,operativo,B,1,93,198.33010000002105
faster_rcnn,FP32,operativo,B,1,94,194.96219999564346
faster_rcnn,FP32,operativo,B,1,95,185.3426000016043
faster_rcnn,FP32,operativo,B,1,96,193.2916999940062
faster_rcnn,FP32,operativo,B,1,97,199.10739999613725
faster_rcnn,FP32,operativo,B,1,98,188.07630000810605
faster_rcnn,FP32,operativo,B,1,99,194.85340001119766
faster_rcnn,FP32,operativo,B,1,100,188.01349999557715
faster_rcnn,FP32,operativo,B,1,101,202.3118999932194
faster_rcnn,FP32,operativo,B,1,102,205.34939999924973
faster_rcnn,FP32,operativo,B,1,103,197.02659999893513
faster_rcnn,FP32,operativo,B,1,104,189.83719999960158
faster_rcnn,FP32,operativo,B,1,105,187.27969999599736
faster_rcnn,FP32,operativo,B,1,106,196.8707999913022
faster_rcnn,FP32,operativo,B,1,107,190.78869999793824
faster_rcnn,FP32,operativo,B,1,108,186.29809998674318
faster_rcnn,FP32,operativo,B,1,109,195.40080000297166
faster_rcnn,FP32,operativo,B,1,110,184.02539999806322
faster_rcnn,FP32,operativo,B,1,111,195.39440001244657
faster_rcnn,FP32,operativo,B,1,112,192.9999999993015
faster_rcnn,FP32,operativo,B,1,113,188.9824999962002
faster_rcnn,FP32,operativo,B,1,114,188.2630999898538
faster_rcnn,FP32,operativo,B,1,115,200.25290000194218
faster_rcnn,FP32,operativo,B,1,116,190.10659999912605
faster_rcnn,FP32,operativo,B,1,117,196.4051999966614
faster_rcnn,FP32,operativo,B,1,118,192.78069998836145
faster_rcnn,FP32,operativo,B,1,119,196.28279999596998
faster_rcnn,FP32,operativo,B,1,120,194.0710999915609
faster_rcnn,FP32,operativo,B,1,121,199.66529999510385
faster_rcnn,FP32,operativo,B,1,122,192.83530001121107
faster_rcnn,FP32,operativo,B,1,123,189.38860000343993
faster_rcnn,FP32,operativo,B,1,124,202.61749999190215
faster_rcnn,FP32,operativo,B,1,125,194.55030000244733
faster_rcnn,FP32,operativo,B,1,126,196.79319999704603
faster_rcnn,FP32,operativo,B,1,127,197.14820000808686
faster_rcnn,FP32,operativo,B,1,128,197.65450000704732
faster_rcnn,FP32,operativo,B,1,129,196.30140000663232
faster_rcnn,FP32,operativo,B,1,130,199.0765999944415
faster_rcnn,FP32,operativo,B,1,131,194.55719999677967
faster_rcnn,FP32,operativo,B,1,132,183.44209999486338
faster_rcnn,FP32,operativo,B,1,133,185.11099999886937
faster_rcnn,FP32,operativo,B,1,134,191.7838999943342
faster_rcnn,FP32,operativo,B,1,135,190.82970000454225
faster_rcnn,FP32,operativo,B,1,136,194.23290000122506
faster_rcnn,FP32,operativo,B,1,137,194.87479999952484
faster_rcnn,FP32,operativo,B,1,138,191.8934999994235
faster_rcnn,FP32,operativo,B,1,139,196.36989998980425
faster_rcnn,FP32,operativo,B,1,140,193.22479999391362
faster_rcnn,FP32,operativo,B,1,141,194.1891000024043
faster_rcnn,FP32,operativo,B,1,142,195.69079999928363
faster_rcnn,FP32,operativo,B,1,143,195.35799999721348
faster_rcnn,FP32,operativo,B,1,144,194.28889999107923
faster_rcnn,FP32,operativo,B,1,145,177.63920000288635
faster_rcnn,FP32,operativo,B,1,146,198.04389998898841
faster_rcnn,FP32,operativo,B,1,147,202.8712000028463
faster_rcnn,FP32,operativo,B,1,148,202.58509999257512
faster_rcnn,FP32,operativo,B,1,149,200.14040000387467
faster_rcnn,FP32,operativo,B,1,150,204.62059999408666
faster_rcnn,FP32,operativo,B,1,151,200.0572000106331
faster_rcnn,FP32,operativo,B,1,152,199.6547000017017
faster_rcnn,FP32,operativo,B,1,153,196.76790000812616
faster_rcnn,FP32,operativo,B,1,154,194.20639998861589
faster_rcnn,FP32,operativo,B,1,155,192.95830000191927
faster_rcnn,FP32,operativo,B,1,156,184.69399999594316
faster_rcnn,FP32,operativo,B,1,157,187.72729999909643
faster_rcnn,FP32,operativo,B,1,158,200.00609999988228
faster_rcnn,FP32,operativo,B,1,159,196.7886000056751
faster_rcnn,FP32,operativo,B,1,160,194.5941000012681
faster_rcnn,FP32,operativo,B,1,161,205.28229999763425
faster_rcnn,FP32,operativo,B,1,162,187.61920000542887
faster_rcnn,FP32,operativo,B,1,163,188.6135000095237
faster_rcnn,FP32,operativo,B,1,164,196.63540000328794
faster_rcnn,FP32,operativo,B,1,165,195.30399999348447
faster_rcnn,FP32,operativo,B,1,166,200.58209999115206
faster_rcnn,FP32,operativo,B,1,167,182.9546999942977
faster_rcnn,FP32,operativo,B,1,168,193.44139999884646
faster_rcnn,FP32,operativo,B,1,169,199.77630001085345
faster_rcnn,FP32,operativo,B,1,170,198.71389999752864
faster_rcnn,FP32,operativo,B,1,171,181.72979999508243
faster_rcnn,FP32,operativo,B,1,172,189.89259999943897
faster_rcnn,FP32,operativo,B,1,173,181.77559999458026
faster_rcnn,FP32,operativo,B,1,174,190.46919999527745
faster_rcnn,FP32,operativo,B,1,175,193.77490000624675
faster_rcnn,FP32,operativo,B,1,176,198.62160000775475
faster_rcnn,FP32,operativo,B,1,177,192.09409999893978
faster_rcnn,FP32,operativo,B,1,178,199.99730000563432
faster_rcnn,FP32,operativo,B,1,179,198.1069000030402
faster_rcnn,FP32,operativo,B,1,180,199.52379999449477
faster_rcnn,FP32,operativo,B,1,181,193.11239999660756
faster_rcnn,FP32,operativo,B,1,182,182.4000999913551
faster_rcnn,FP32,operativo,B,1,183,200.57359999918845
faster_rcnn,FP32,operativo,B,1,184,198.76359999761917
faster_rcnn,FP32,operativo,B,1,185,201.629100003629
faster_rcnn,FP32,operativo,B,1,186,194.74070001160726
faster_rcnn,FP32,operativo,B,1,187,166.19220000575297
faster_rcnn,FP32,operativo,B,1,188,190.83739999041427
faster_rcnn,FP32,operativo,B,1,189,189.422099996591
faster_rcnn,FP32,operativo,B,1,190,185.42989999696147
faster_rcnn,FP32,operativo,B,1,191,194.28640000114683
faster_rcnn,FP32,operativo,B,1,192,196.2655000097584
faster_rcnn,FP32,operativo,B,1,193,197.35919999948237
faster_rcnn,FP32,operativo,B,1,194,191.5450999949826
faster_rcnn,FP32,operativo,B,1,195,198.00639999448322
faster_rcnn,FP32,operativo,B,1,196,183.27870000211988
faster_rcnn,FP32,operativo,B,1,197,186.95800000568852
faster_rcnn,FP32,operativo,B,1,198,184.90530000417493
faster_rcnn,FP32,operativo,B,1,199,192.7334000065457
faster_rcnn,FP32,operativo,B,1,200,190.64990000333637
faster_rcnn,FP32,operativo,B,1,201,197.42820000101347
faster_rcnn,FP32,operativo,B,1,202,193.6920000007376
faster_rcnn,FP32,operativo,B,1,203,182.4814999999944
faster_rcnn,FP32,operativo,B,1,204,186.44650001078844
faster_rcnn,FP32,operativo,B,1,205,195.27430000016466
faster_rcnn,FP32,operativo,B,1,206,190.65109999792185
faster_rcnn,FP32,operativo,B,1,207,183.0606000003172
faster_rcnn,FP32,operativo,B,1,208,195.39320000330918
faster_rcnn,FP32,operativo,B,1,209,193.45209999301005
faster_rcnn,FP32,operativo,B,1,210,189.311699999962
faster_rcnn,FP32,operativo,B,1,211,190.4285000055097
faster_rcnn,FP32,operativo,B,1,212,192.60870000289287
faster_rcnn,FP32,operativo,B,1,213,196.31260000460315
faster_rcnn,FP32,operativo,B,1,214,195.22790001065005
faster_rcnn,FP32,operativo,B,1,215,197.00650000595488
faster_rcnn,FP32,operativo,B,1,216,182.63879998994526
faster_rcnn,FP32,operativo,B,1,217,189.97789999411907
faster_rcnn,FP32,operativo,B,1,218,192.10309999471065
faster_rcnn,FP32,operativo,B,1,219,196.84859999688342
faster_rcnn,FP32,operativo,B,1,220,197.28760000725742
faster_rcnn,FP32,operativo,B,1,221,196.1284999997588
faster_rcnn,FP32,operativo,B,1,222,184.13650000002235
faster_rcnn,FP32,operativo,B,1,223,196.65459998941515
faster_rcnn,FP32,operativo,B,1,224,199.22930000757333
faster_rcnn,FP32,operativo,B,1,225,183.22120000084396
faster_rcnn,FP32,operativo,B,1,226,194.0937000035774
faster_rcnn,FP32,operativo,B,1,227,199.75750001322012
faster_rcnn,FP32,operativo,B,1,228,181.90570001024753
faster_rcnn,FP32,operativo,B,1,229,198.14959999348503
faster_rcnn,FP32,operativo,B,1,230,164.7138999978779
faster_rcnn,FP32,operativo,B,1,231,164.7759000043152
faster_rcnn,FP32,operativo,B,1,232,191.39249999716412
faster_rcnn,FP32,operativo,B,1,233,197.75940000545233
faster_rcnn,FP32,operativo,B,1,234,196.28620000730734
faster_rcnn,FP32,operativo,B,1,235,200.83929999964312
faster_rcnn,FP32,operativo,B,1,236,191.4369999867631
faster_rcnn,FP32,operativo,B,1,237,200.51979999698233
faster_rcnn,FP32,operativo,B,1,238,196.62940000125673
faster_rcnn,FP32,operativo,B,1,239,206.50050000404008
faster_rcnn,FP32,operativo,B,1,240,199.26259999920148
faster_rcnn,FP32,operativo,B,1,241,185.36619999213144
faster_rcnn,FP32,operativo,B,1,242,191.57289998838678
faster_rcnn,FP32,operativo,B,1,243,188.343600006192
faster_rcnn,FP32,operativo,B,1,244,181.0542000021087
faster_rcnn,FP32,operativo,B,1,245,200.5424000089988
faster_rcnn,FP32,operativo,B,1,246,197.27060000877827
faster_rcnn,FP32,operativo,B,1,247,196.31100000697188
faster_rcnn,FP32,operativo,B,1,248,171.74050000903662
faster_rcnn,FP32,operativo,B,1,249,193.97139998909552
faster_rcnn,FP32,operativo,B,1,250,194.11050000053365
faster_rcnn,FP32,operativo,B,1,251,193.80619999719784
faster_rcnn,FP32,operativo,B,1,252,197.13609998871107
faster_rcnn,FP32,operativo,B,1,253,163.94640000362415
faster_rcnn,FP32,operativo,B,1,254,202.73260000976734
faster_rcnn,FP32,operativo,B,1,255,197.39630000549369
faster_rcnn,FP32,operativo,B,1,256,198.06399999652058
faster_rcnn,FP32,operativo,B,1,257,203.04459999897517
faster_rcnn,FP32,operativo,B,1,258,197.13110000884626
faster_rcnn,FP32,operativo,B,1,259,188.33279999671504
faster_rcnn,FP32,operativo,B,1,260,201.49920000403654
faster_rcnn,FP32,operativo,B,1,261,198.39330000104383
faster_rcnn,FP32,operativo,B,1,262,200.0776000058977
faster_rcnn,FP32,operativo,B,1,263,191.34439999470487
faster_rcnn,FP32,operativo,B,1,264,201.28170000680257
faster_rcnn,FP32,operativo,B,1,265,198.28399999823887
faster_rcnn,FP32,operativo,B,1,266,194.10580000840127
faster_rcnn,FP32,operativo,B,1,267,182.22360000072513
faster_rcnn,FP32,operativo,B,1,268,199.13809999707155
faster_rcnn,FP32,operativo,B,1,269,190.47679999493994
faster_rcnn,FP32,operativo,B,1,270,197.74890001281165
faster_rcnn,FP32,operativo,B,1,271,198.70219999575056
faster_rcnn,FP32,operativo,B,1,272,206.3627000025008
faster_rcnn,FP32,operativo,B,1,273,196.7337999958545
faster_rcnn,FP32,operativo,B,1,274,196.69709999288898
faster_rcnn,FP32,operativo,B,1,275,197.8437999932794
faster_rcnn,FP32,operativo,B,1,276,197.97199999447912
faster_rcnn,FP32,operativo,B,1,277,198.94570000178646
faster_rcnn,FP32,operativo,B,1,278,196.08510000398383
faster_rcnn,FP32,operativo,B,1,279,200.77799999853596
faster_rcnn,FP32,operativo,B,1,280,197.96799999312498
faster_rcnn,FP32,operativo,B,1,281,191.34550000308082
faster_rcnn,FP32,operativo,B,1,282,187.4530000059167
faster_rcnn,FP32,operativo,B,1,283,191.7271999991499
faster_rcnn,FP32,operativo,B,1,284,198.12410000304226
faster_rcnn,FP32,operativo,B,1,285,191.05619999754708
faster_rcnn,FP32,operativo,B,1,286,202.9432999988785
faster_rcnn,FP32,operativo,B,1,287,199.88489999377634
faster_rcnn,FP32,operativo,B,1,288,180.51169998943806
faster_rcnn,FP32,operativo,B,1,289,195.87209999735933
faster_rcnn,FP32,operativo,B,1,290,194.09670001186896
faster_rcnn,FP32,operativo,B,1,291,192.8498000052059
faster_rcnn,FP32,operativo,B,1,292,193.8187000050675
faster_rcnn,FP32,operativo,B,1,293,191.16410000424366
faster_rcnn,FP32,operativo,B,1,294,195.50810000509955
faster_rcnn,FP32,operativo,B,1,295,198.48850001289975
faster_rcnn,FP32,operativo,B,1,296,198.8668999983929
faster_rcnn,FP32,operativo,B,1,297,185.8215999964159
faster_rcnn,FP32,operativo,B,1,298,191.91540000610985
faster_rcnn,FP32,operativo,B,1,299,197.44180000270717
faster_rcnn,FP32,operativo,B,1,300,189.83510001271497
faster_rcnn,FP32,operativo,B,1,301,192.76920000265818
faster_rcnn,FP32,operativo,B,1,302,190.95499999821186
faster_rcnn,FP32,operativo,B,1,303,193.12579999677837
faster_rcnn,FP32,operativo,B,1,304,196.02810000651516
faster_rcnn,FP32,operativo,B,1,305,195.2224999986356
faster_rcnn,FP32,operativo,B,1,306,193.3430000062799
faster_rcnn,FP32,operativo,B,1,307,187.60409999231342
faster_rcnn,FP32,operativo,B,1,308,198.56509999954142
faster_rcnn,FP32,operativo,B,1,309,205.0555999885546
faster_rcnn,FP32,operativo,B,1,310,186.56269999337383
faster_rcnn,FP32,operativo,B,1,311,185.27390000235755
faster_rcnn,FP32,operativo,B,1,312,201.63929999398533
faster_rcnn,FP32,operativo,B,1,313,192.40349999745376
faster_rcnn,FP32,operativo,B,1,314,191.33520001196302
faster_rcnn,FP32,operativo,B,1,315,196.99880000553094
faster_rcnn,FP32,operativo,B,1,316,190.5752000020584
faster_rcnn,FP32,operativo,B,1,317,188.9422999956878
faster_rcnn,FP32,operativo,B,1,318,182.76920000789687
faster_rcnn,FP32,operativo,B,1,319,179.90590000408702
faster_rcnn,FP32,operativo,B,1,320,203.30620001186617
faster_rcnn,FP32,operativo,B,1,321,195.50090000848286
faster_rcnn,FP32,operativo,B,1,322,184.1236000036588
faster_rcnn,FP32,operativo,B,1,323,197.5172999955248
faster_rcnn,FP32,operativo,B,1,324,197.17719999607652
faster_rcnn,FP32,operativo,B,1,325,195.50929999968503
faster_rcnn,FP32,operativo,B,1,326,194.63650000398047
faster_rcnn,FP32,operativo,B,1,327,197.89519999176264
faster_rcnn,FP32,operativo,B,1,328,186.72440000227652
faster_rcnn,FP32,operativo,B,1,329,196.95520000823308
faster_rcnn,FP32,operativo,B,1,330,187.22240001079626
faster_rcnn,FP32,operativo,B,1,331,198.9464000071166
faster_rcnn,FP32,operativo,B,1,332,197.39539999864064
faster_rcnn,FP32,operativo,B,1,333,194.03220000094734
faster_rcnn,FP32,operativo,B,1,334,196.66939998569433
faster_rcnn,FP32,operativo,B,1,335,195.01630000013392
faster_rcnn,FP32,operativo,B,1,336,183.81260000751354
faster_rcnn,FP32,operativo,B,1,337,195.93039999017492
faster_rcnn,FP32,operativo,B,1,338,190.2527999918675
faster_rcnn,FP32,operativo,B,1,339,190.84349999320693
faster_rcnn,FP32,operativo,B,1,340,204.0876999963075
faster_rcnn,FP32,operativo,B,1,341,187.8629999991972
faster_rcnn,FP32,operativo,B,1,342,184.12439999519847
faster_rcnn,FP32,operativo,B,1,343,188.74569999752566
faster_rcnn,FP32,operativo,B,1,344,188.62449999141973
faster_rcnn,FP32,operativo,B,1,345,186.6851999948267
faster_rcnn,FP32,operativo,B,1,346,196.3470999908168
faster_rcnn,FP32,operativo,B,1,347,194.71599999815226
faster_rcnn,FP32,operativo,B,1,348,198.57750000664964
faster_rcnn,FP32,operativo,B,1,349,198.06190000963397
faster_rcnn,FP32,operativo,B,1,350,198.75799999863375
faster_rcnn,FP32,operativo,B,1,351,201.55360001081135
faster_rcnn,FP32,operativo,B,1,352,198.35109999985434
faster_rcnn,FP32,operativo,B,1,353,202.93329999549314
faster_rcnn,FP32,operativo,B,1,354,195.69949999277014
faster_rcnn,FP32,operativo,B,1,355,194.18130000121891
faster_rcnn,FP32,operativo,B,1,356,195.50129999697674
faster_rcnn,FP32,operativo,B,1,357,185.80789999396075
faster_rcnn,FP32,operativo,B,1,358,203.09609999821987
faster_rcnn,FP32,operativo,B,1,359,182.62709998816717
faster_rcnn,FP32,operativo,B,1,360,188.5305000032531
faster_rcnn,FP32,operativo,B,1,361,189.8289999953704
faster_rcnn,FP32,operativo,B,1,362,195.68279999657534
faster_rcnn,FP32,operativo,B,1,363,202.8963000047952
faster_rcnn,FP32,operativo,B,1,364,199.76660000975244
faster_rcnn,FP32,operativo,B,1,365,190.1574000075925
faster_rcnn,FP32,operativo,B,1,366,183.3416000008583
faster_rcnn,FP32,operativo,B,1,367,199.65740000770893
faster_rcnn,FP32,operativo,B,1,368,207.62090000789613
faster_rcnn,FP32,operativo,B,1,369,190.3735000087181
faster_rcnn,FP32,operativo,B,1,370,201.1876000033226
faster_rcnn,FP32,operativo,B,1,371,195.56169999123085
faster_rcnn,FP32,operativo,B,1,372,192.51039999653585
faster_rcnn,FP32,operativo,B,1,373,193.34800000069663
faster_rcnn,FP32,operativo,A,2,0,184.37800000538118
faster_rcnn,FP32,operativo,A,2,1,184.66909999551717
faster_rcnn,FP32,operativo,A,2,2,174.34269998921081
faster_rcnn,FP32,operativo,A,2,3,179.04149999958463
faster_rcnn,FP32,operativo,A,2,4,176.7824999988079
faster_rcnn,FP32,operativo,A,2,5,176.3894000032451
faster_rcnn,FP32,operativo,A,2,6,183.870000008028
faster_rcnn,FP32,operativo,A,2,7,178.32890000136103
faster_rcnn,FP32,operativo,A,2,8,179.5581000042148
faster_rcnn,FP32,operativo,A,2,9,167.67759999493137
faster_rcnn,FP32,operativo,A,2,10,175.98369999905117
faster_rcnn,FP32,operativo,A,2,11,179.38770000182558
faster_rcnn,FP32,operativo,A,2,12,182.67500000365544
faster_rcnn,FP32,operativo,A,2,13,180.1887000037823
faster_rcnn,FP32,operativo,A,2,14,178.27190000389237
faster_rcnn,FP32,operativo,A,2,15,183.28959999780636
faster_rcnn,FP32,operativo,A,2,16,183.74170000606682
faster_rcnn,FP32,operativo,A,2,17,185.45560000347905
faster_rcnn,FP32,operativo,A,2,18,177.31189999904018
faster_rcnn,FP32,operativo,A,2,19,179.8240999924019
faster_rcnn,FP32,operativo,A,2,20,179.6641999972053
faster_rcnn,FP32,operativo,A,2,21,175.69300001196098
faster_rcnn,FP32,operativo,A,2,22,184.9067000002833
faster_rcnn,FP32,operativo,A,2,23,181.50840001180768
faster_rcnn,FP32,operativo,A,2,24,188.55659999826457
faster_rcnn,FP32,operativo,A,2,25,173.3304999943357
faster_rcnn,FP32,operativo,A,2,26,180.2906999946572
faster_rcnn,FP32,operativo,A,2,27,191.61000000895
faster_rcnn,FP32,operativo,A,2,28,179.55889999575447
faster_rcnn,FP32,operativo,A,2,29,177.29429999599233
faster_rcnn,FP32,operativo,A,2,30,185.43350000982173
faster_rcnn,FP32,operativo,A,2,31,182.35240000649355
faster_rcnn,FP32,operativo,A,2,32,182.69319999672007
faster_rcnn,FP32,operativo,A,2,33,190.28340000659227
faster_rcnn,FP32,operativo,A,2,34,169.68530000303872
faster_rcnn,FP32,operativo,A,2,35,185.72609999682754
faster_rcnn,FP32,operativo,A,2,36,183.2219000061741
faster_rcnn,FP32,operativo,A,2,37,166.57139999733772
faster_rcnn,FP32,operativo,A,2,38,183.61150000419002
faster_rcnn,FP32,operativo,A,2,39,179.40949999319855
faster_rcnn,FP32,operativo,A,2,40,179.4588000047952
faster_rcnn,FP32,operativo,A,2,41,180.65739999292418
faster_rcnn,FP32,operativo,A,2,42,183.6161999963224
faster_rcnn,FP32,operativo,A,2,43,182.8321000066353
faster_rcnn,FP32,operativo,A,2,44,177.6125000033062
faster_rcnn,FP32,operativo,A,2,45,179.83569999341853
faster_rcnn,FP32,operativo,A,2,46,183.98919999890495
faster_rcnn,FP32,operativo,A,2,47,170.05580000113696
faster_rcnn,FP32,operativo,A,2,48,184.0890000021318
faster_rcnn,FP32,operativo,A,2,49,170.6620000040857
faster_rcnn,FP32,operativo,A,2,50,182.03550000907853
faster_rcnn,FP32,operativo,A,2,51,185.99440000252798
faster_rcnn,FP32,operativo,A,2,52,176.6559999960009
faster_rcnn,FP32,operativo,A,2,53,183.4254000132205
faster_rcnn,FP32,operativo,A,2,54,182.05989999114536
faster_rcnn,FP32,operativo,A,2,55,182.66219999350142
faster_rcnn,FP32,operativo,A,2,56,186.4960999955656
faster_rcnn,FP32,operativo,A,2,57,187.09860001399647
faster_rcnn,FP32,operativo,A,2,58,186.94050000340212
faster_rcnn,FP32,operativo,A,2,59,169.073600001866
faster_rcnn,FP32,operativo,A,2,60,170.33839999930933
faster_rcnn,FP32,operativo,A,2,61,182.02609999570996
faster_rcnn,FP32,operativo,A,2,62,169.9840000073891
faster_rcnn,FP32,operativo,A,2,63,181.14640000567306
faster_rcnn,FP32,operativo,A,2,64,187.20240000402555
faster_rcnn,FP32,operativo,A,2,65,179.59820000396576
faster_rcnn,FP32,operativo,A,2,66,183.29430000449065
faster_rcnn,FP32,operativo,A,2,67,186.0230999882333
faster_rcnn,FP32,operativo,A,2,68,180.78460000106134
faster_rcnn,FP32,operativo,A,2,69,171.29790000035428
faster_rcnn,FP32,operativo,A,2,70,186.94080000568647
faster_rcnn,FP32,operativo,A,2,71,175.85379999945872
faster_rcnn,FP32,operativo,A,2,72,186.76899999263696
faster_rcnn,FP32,operativo,A,2,73,180.2439999883063
faster_rcnn,FP32,operativo,A,2,74,182.7835000003688
faster_rcnn,FP32,operativo,A,2,75,184.30930000613444
faster_rcnn,FP32,operativo,A,2,76,178.80920000607148
faster_rcnn,FP32,operativo,A,2,77,147.32869999716058
faster_rcnn,FP32,operativo,A,2,78,183.55919999885373
faster_rcnn,FP32,operativo,A,2,79,183.33260000508744
faster_rcnn,FP32,operativo,A,2,80,173.0750000133412
faster_rcnn,FP32,operativo,A,2,81,181.66670000937302
faster_rcnn,FP32,operativo,A,2,82,178.83390000497457
faster_rcnn,FP32,operativo,A,2,83,178.74000000301749
faster_rcnn,FP32,operativo,A,2,84,185.66600000485778
faster_rcnn,FP32,operativo,A,2,85,194.84820000070613
faster_rcnn,FP32,operativo,A,2,86,184.21079999825452
faster_rcnn,FP32,operativo,A,2,87,183.80069998966064
faster_rcnn,FP32,operativo,A,2,88,187.8392999933567
faster_rcnn,FP32,operativo,A,2,89,186.26550000044517
faster_rcnn,FP32,operativo,A,2,90,169.5400000025984
faster_rcnn,FP32,operativo,A,2,91,183.33509999501985
faster_rcnn,FP32,operativo,A,2,92,184.36980000115
faster_rcnn,FP32,operativo,A,2,93,188.42400000721682
faster_rcnn,FP32,operativo,A,2,94,184.688900000765
faster_rcnn,FP32,operativo,A,2,95,176.31860000255983
faster_rcnn,FP32,operativo,A,2,96,183.65560000529513
faster_rcnn,FP32,operativo,A,2,97,181.22079999011476
faster_rcnn,FP32,operativo,A,2,98,177.67200000525918
faster_rcnn,FP32,operativo,A,2,99,183.55279999377672
faster_rcnn,FP32,operativo,A,2,100,175.36919999110978
faster_rcnn,FP32,operativo,A,2,101,187.57069999992382
faster_rcnn,FP32,operativo,A,2,102,187.7678000018932
faster_rcnn,FP32,operativo,A,2,103,187.26219999371096
faster_rcnn,FP32,operativo,A,2,104,176.56750000605825
faster_rcnn,FP32,operativo,A,2,105,182.27119999937713
faster_rcnn,FP32,operativo,A,2,106,184.56280000100378
faster_rcnn,FP32,operativo,A,2,107,183.53059999935795
faster_rcnn,FP32,operativo,A,2,108,180.0917000073241
faster_rcnn,FP32,operativo,A,2,109,179.65719998755958
faster_rcnn,FP32,operativo,A,2,110,170.85280000173952
faster_rcnn,FP32,operativo,A,2,111,184.9359000043478
faster_rcnn,FP32,operativo,A,2,112,186.3067999947816
faster_rcnn,FP32,operativo,A,2,113,167.49239999626298
faster_rcnn,FP32,operativo,A,2,114,184.83119999291375
faster_rcnn,FP32,operativo,A,2,115,182.59710000711493
faster_rcnn,FP32,operativo,A,2,116,182.30910001148004
faster_rcnn,FP32,operativo,A,2,117,191.05529999069404
faster_rcnn,FP32,operativo,A,2,118,181.6711999999825
faster_rcnn,FP32,operativo,A,2,119,175.5918999988353
faster_rcnn,FP32,operativo,A,2,120,190.85430000268389
faster_rcnn,FP32,operativo,A,2,121,183.51659999461845
faster_rcnn,FP32,operativo,A,2,122,181.4555000019027
faster_rcnn,FP32,operativo,A,2,123,184.9134999938542
faster_rcnn,FP32,operativo,A,2,124,184.0212000097381
faster_rcnn,FP32,operativo,A,2,125,181.48090000613593
faster_rcnn,FP32,operativo,A,2,126,177.8247000038391
faster_rcnn,FP32,operativo,A,2,127,186.83679999958258
faster_rcnn,FP32,operativo,A,2,128,185.23849999473896
faster_rcnn,FP32,operativo,A,2,129,177.123000001302
faster_rcnn,FP32,operativo,A,2,130,176.77160000312142
faster_rcnn,FP32,operativo,A,2,131,177.93510000046808
faster_rcnn,FP32,operativo,A,2,132,164.5180000050459
faster_rcnn,FP32,operativo,A,2,133,172.22360000596382
faster_rcnn,FP32,operativo,A,2,134,189.77230000018608
faster_rcnn,FP32,operativo,A,2,135,184.30290000105742
faster_rcnn,FP32,operativo,A,2,136,174.46309998922516
faster_rcnn,FP32,operativo,A,2,137,183.98450000677258
faster_rcnn,FP32,operativo,A,2,138,182.21450000419281
faster_rcnn,FP32,operativo,A,2,139,181.38989999715704
faster_rcnn,FP32,operativo,A,2,140,190.59280000510626
faster_rcnn,FP32,operativo,A,2,141,180.46619999222457
faster_rcnn,FP32,operativo,A,2,142,176.12190000363626
faster_rcnn,FP32,operativo,A,2,143,185.41859999822918
faster_rcnn,FP32,operativo,A,2,144,177.727699992829
faster_rcnn,FP32,operativo,A,2,145,165.65799999807496
faster_rcnn,FP32,operativo,A,2,146,184.5135999901686
faster_rcnn,FP32,operativo,A,2,147,181.4981999923475
faster_rcnn,FP32,operativo,A,2,148,182.7869999979157
faster_rcnn,FP32,operativo,A,2,149,187.00489999901038
faster_rcnn,FP32,operativo,A,2,150,176.9413000001805
faster_rcnn,FP32,operativo,A,2,151,184.07959998876322
faster_rcnn,FP32,operativo,A,2,152,189.94379999639932
faster_rcnn,FP32,operativo,A,2,153,180.53550001059193
faster_rcnn,FP32,operativo,A,2,154,180.4439999978058
faster_rcnn,FP32,operativo,A,2,155,179.1166000039084
faster_rcnn,FP32,operativo,A,2,156,164.7777999896789
faster_rcnn,FP32,operativo,A,2,157,174.84639999747742
faster_rcnn,FP32,operativo,A,2,158,189.78619998961221
faster_rcnn,FP32,operativo,A,2,159,180.37900001218077
faster_rcnn,FP32,operativo,A,2,160,178.89789999753702
faster_rcnn,FP32,operativo,A,2,161,188.80340000032447
faster_rcnn,FP32,operativo,A,2,162,178.32560000533704
faster_rcnn,FP32,operativo,A,2,163,186.0024999914458
faster_rcnn,FP32,operativo,A,2,164,186.04500000947155
faster_rcnn,FP32,operativo,A,2,165,182.81269998988137
faster_rcnn,FP32,operativo,A,2,166,186.1907999991672
faster_rcnn,FP32,operativo,A,2,167,174.59640000015497
faster_rcnn,FP32,operativo,A,2,168,185.94380001013633
faster_rcnn,FP32,operativo,A,2,169,184.44680000538938
faster_rcnn,FP32,operativo,A,2,170,186.1429999989923
faster_rcnn,FP32,operativo,A,2,171,170.88520000106655
faster_rcnn,FP32,operativo,A,2,172,165.1997000008123
faster_rcnn,FP32,operativo,A,2,173,171.9298000098206
faster_rcnn,FP32,operativo,A,2,174,175.4961000115145
faster_rcnn,FP32,operativo,A,2,175,189.34069998795167
faster_rcnn,FP32,operativo,A,2,176,186.2401999969734
faster_rcnn,FP32,operativo,A,2,177,180.0797999894712
faster_rcnn,FP32,operativo,A,2,178,183.9503999945009
faster_rcnn,FP32,operativo,A,2,179,180.39779999526218
faster_rcnn,FP32,operativo,A,2,180,177.92519999784417
faster_rcnn,FP32,operativo,A,2,181,177.31389999971725
faster_rcnn,FP32,operativo,A,2,182,170.7985999964876
faster_rcnn,FP32,operativo,A,2,183,181.79909999889787
faster_rcnn,FP32,operativo,A,2,184,180.69540000578854
faster_rcnn,FP32,operativo,A,2,185,179.14760000712704
faster_rcnn,FP32,operativo,A,2,186,187.24089999159332
faster_rcnn,FP32,operativo,A,2,187,150.4378999961773
faster_rcnn,FP32,operativo,A,2,188,180.97800000396091
faster_rcnn,FP32,operativo,A,2,189,178.16850000235718
faster_rcnn,FP32,operativo,A,2,190,165.69150000577793
faster_rcnn,FP32,operativo,A,2,191,186.42159999581054
faster_rcnn,FP32,operativo,A,2,192,182.23059999581892
faster_rcnn,FP32,operativo,A,2,193,185.30009999813046
faster_rcnn,FP32,operativo,A,2,194,185.41170000389684
faster_rcnn,FP32,operativo,A,2,195,182.8867000003811
faster_rcnn,FP32,operativo,A,2,196,168.86659999727271
faster_rcnn,FP32,operativo,A,2,197,174.95859999326058
faster_rcnn,FP32,operativo,A,2,198,170.34360000980087
faster_rcnn,FP32,operativo,A,2,199,190.49559999257326
faster_rcnn,FP32,operativo,A,2,200,191.2159000057727
faster_rcnn,FP32,operativo,A,2,201,182.3184999957448
faster_rcnn,FP32,operativo,A,2,202,180.85279999650083
faster_rcnn,FP32,operativo,A,2,203,172.4160000012489
faster_rcnn,FP32,operativo,A,2,204,170.2036000060616
faster_rcnn,FP32,operativo,A,2,205,183.21250000735745
faster_rcnn,FP32,operativo,A,2,206,183.81759998737834
faster_rcnn,FP32,operativo,A,2,207,180.24549999972805
faster_rcnn,FP32,operativo,A,2,208,182.96469999768306
faster_rcnn,FP32,operativo,A,2,209,176.97460000636056
faster_rcnn,FP32,operativo,A,2,210,170.6004000006942
faster_rcnn,FP32,operativo,A,2,211,182.8908000024967
faster_rcnn,FP32,operativo,A,2,212,184.68929998925887
faster_rcnn,FP32,operativo,A,2,213,183.72630000521895
faster_rcnn,FP32,operativo,A,2,214,183.46690000907984
faster_rcnn,FP32,operativo,A,2,215,183.03410000225995
faster_rcnn,FP32,operativo,A,2,216,171.3099000044167
faster_rcnn,FP32,operativo,A,2,217,166.41740000341088
faster_rcnn,FP32,operativo,A,2,218,182.16260000190232
faster_rcnn,FP32,operativo,A,2,219,186.12949999806006
faster_rcnn,FP32,operativo,A,2,220,182.48679999669548
faster_rcnn,FP32,operativo,A,2,221,184.3181000003824
faster_rcnn,FP32,operativo,A,2,222,172.43749999033753
faster_rcnn,FP32,operativo,A,2,223,179.1666999924928
faster_rcnn,FP32,operativo,A,2,224,175.69580000417773
faster_rcnn,FP32,operativo,A,2,225,165.46699999889825
faster_rcnn,FP32,operativo,A,2,226,176.93280000821687
faster_rcnn,FP32,operativo,A,2,227,180.74879999039695
faster_rcnn,FP32,operativo,A,2,228,169.10069998994004
faster_rcnn,FP32,operativo,A,2,229,186.5211999975145
faster_rcnn,FP32,operativo,A,2,230,152.43280000868253
faster_rcnn,FP32,operativo,A,2,231,148.85480000521056
faster_rcnn,FP32,operativo,A,2,232,184.6227999922121
faster_rcnn,FP32,operativo,A,2,233,187.68010000349022
faster_rcnn,FP32,operativo,A,2,234,173.86029999761377
faster_rcnn,FP32,operativo,A,2,235,176.39190000772942
faster_rcnn,FP32,operativo,A,2,236,176.20849999366328
faster_rcnn,FP32,operativo,A,2,237,187.79619999986608
faster_rcnn,FP32,operativo,A,2,238,178.15250001149252
faster_rcnn,FP32,operativo,A,2,239,183.75840000226162
faster_rcnn,FP32,operativo,A,2,240,184.4379999965895
faster_rcnn,FP32,operativo,A,2,241,179.29120000917464
faster_rcnn,FP32,operativo,A,2,242,177.63689999992494
faster_rcnn,FP32,operativo,A,2,243,175.76199999894015
faster_rcnn,FP32,operativo,A,2,244,158.02350000012666
faster_rcnn,FP32,operativo,A,2,245,185.54959999164566
faster_rcnn,FP32,operativo,A,2,246,183.69730000267737
faster_rcnn,FP32,operativo,A,2,247,183.76629998965655
faster_rcnn,FP32,operativo,A,2,248,164.74169999128208
faster_rcnn,FP32,operativo,A,2,249,182.49170000490267
faster_rcnn,FP32,operativo,A,2,250,179.8055000108434
faster_rcnn,FP32,operativo,A,2,251,177.6988000056008
faster_rcnn,FP32,operativo,A,2,252,193.80789999559056
faster_rcnn,FP32,operativo,A,2,253,163.13889999582898
faster_rcnn,FP32,operativo,A,2,254,186.5036999952281
faster_rcnn,FP32,operativo,A,2,255,184.19919999723788
faster_rcnn,FP32,operativo,A,2,256,180.76670001028106
faster_rcnn,FP32,operativo,A,2,257,189.43640000361484
faster_rcnn,FP32,operativo,A,2,258,187.34039999253582
faster_rcnn,FP32,operativo,A,2,259,165.59679999772925
faster_rcnn,FP32,operativo,A,2,260,184.93050000688527
faster_rcnn,FP32,operativo,A,2,261,190.34709999687038
faster_rcnn,FP32,operativo,A,2,262,188.50369998835959
faster_rcnn,FP32,operativo,A,2,263,183.57410001044627
faster_rcnn,FP32,operativo,A,2,264,181.73209999804385
faster_rcnn,FP32,operativo,A,2,265,175.81439999048598
faster_rcnn,FP32,operativo,A,2,266,184.98920000274666
faster_rcnn,FP32,operativo,A,2,267,171.45419999724254
faster_rcnn,FP32,operativo,A,2,268,184.50509999820497
faster_rcnn,FP32,operativo,A,2,269,183.17000000388362
faster_rcnn,FP32,operativo,A,2,270,181.51940000825562
faster_rcnn,FP32,operativo,A,2,271,182.60629998985678
faster_rcnn,FP32,operativo,A,2,272,188.09839998721145
faster_rcnn,FP32,operativo,A,2,273,182.74380000366364
faster_rcnn,FP32,operativo,A,2,274,187.26160000369418
faster_rcnn,FP32,operativo,A,2,275,184.76089999603573
faster_rcnn,FP32,operativo,A,2,276,185.19999999261927
faster_rcnn,FP32,operativo,A,2,277,176.01909999211784
faster_rcnn,FP32,operativo,A,2,278,179.13380000391044
faster_rcnn,FP32,operativo,A,2,279,191.4734000019962
faster_rcnn,FP32,operativo,A,2,280,182.40459999651648
faster_rcnn,FP32,operativo,A,2,281,173.56519999157172
faster_rcnn,FP32,operativo,A,2,282,172.7997999987565
faster_rcnn,FP32,operativo,A,2,283,178.2114000088768
faster_rcnn,FP32,operativo,A,2,284,181.21189999510534
faster_rcnn,FP32,operativo,A,2,285,181.07139998755883
faster_rcnn,FP32,operativo,A,2,286,184.87759999698028
faster_rcnn,FP32,operativo,A,2,287,185.8974000060698
faster_rcnn,FP32,operativo,A,2,288,180.36749999737367
faster_rcnn,FP32,operativo,A,2,289,181.64889999025036
faster_rcnn,FP32,operativo,A,2,290,177.2054000030039
faster_rcnn,FP32,operativo,A,2,291,183.72060000547208
faster_rcnn,FP32,operativo,A,2,292,184.29540000215638
faster_rcnn,FP32,operativo,A,2,293,183.31360000593122
faster_rcnn,FP32,operativo,A,2,294,186.34109999402426
faster_rcnn,FP32,operativo,A,2,295,184.93810000654776
faster_rcnn,FP32,operativo,A,2,296,189.95020000147633
faster_rcnn,FP32,operativo,A,2,297,164.56699999980628
faster_rcnn,FP32,operativo,A,2,298,182.85060000198428
faster_rcnn,FP32,operativo,A,2,299,183.88270000286866
faster_rcnn,FP32,operativo,A,2,300,182.4000999913551
faster_rcnn,FP32,operativo,A,2,301,182.6541000045836
faster_rcnn,FP32,operativo,A,2,302,178.28920000465587
faster_rcnn,FP32,operativo,A,2,303,177.19950000173412
faster_rcnn,FP32,operativo,A,2,304,175.54939999536145
faster_rcnn,FP32,operativo,A,2,305,183.08089999482036
faster_rcnn,FP32,operativo,A,2,306,178.79150000226218
faster_rcnn,FP32,operativo,A,2,307,171.685699999216
faster_rcnn,FP32,operativo,A,2,308,182.2087000036845
faster_rcnn,FP32,operativo,A,2,309,189.41690000065137
faster_rcnn,FP32,operativo,A,2,310,178.64640000334475
faster_rcnn,FP32,operativo,A,2,311,168.97620000236202
faster_rcnn,FP32,operativo,A,2,312,187.89200000173878
faster_rcnn,FP32,operativo,A,2,313,180.99949999304954
faster_rcnn,FP32,operativo,A,2,314,181.8160000111675
faster_rcnn,FP32,operativo,A,2,315,178.90990000159945
faster_rcnn,FP32,operativo,A,2,316,172.2276999935275
faster_rcnn,FP32,operativo,A,2,317,180.04549999022856
faster_rcnn,FP32,operativo,A,2,318,167.69539999950211
faster_rcnn,FP32,operativo,A,2,319,170.19960000470746
faster_rcnn,FP32,operativo,A,2,320,189.64330000744667
faster_rcnn,FP32,operativo,A,2,321,186.35610000637826
faster_rcnn,FP32,operativo,A,2,322,173.80290001165122
faster_rcnn,FP32,operativo,A,2,323,183.17750000278465
faster_rcnn,FP32,operativo,A,2,324,179.02460000186693
faster_rcnn,FP32,operativo,A,2,325,187.56740000389982
faster_rcnn,FP32,operativo,A,2,326,177.64189999434166
faster_rcnn,FP32,operativo,A,2,327,187.78590000874829
faster_rcnn,FP32,operativo,A,2,328,169.48779999802355
faster_rcnn,FP32,operativo,A,2,329,182.05809999199118
faster_rcnn,FP32,operativo,A,2,330,174.5675999991363
faster_rcnn,FP32,operativo,A,2,331,177.9188999935286
faster_rcnn,FP32,operativo,A,2,332,182.27349998778664
faster_rcnn,FP32,operativo,A,2,333,180.225000003702
faster_rcnn,FP32,operativo,A,2,334,183.3593000046676
faster_rcnn,FP32,operativo,A,2,335,182.2050000046147
faster_rcnn,FP32,operativo,A,2,336,172.4174000119092
faster_rcnn,FP32,operativo,A,2,337,185.91620000370312
faster_rcnn,FP32,operativo,A,2,338,185.982499999227
faster_rcnn,FP32,operativo,A,2,339,179.39219999243505
faster_rcnn,FP32,operativo,A,2,340,188.90360000659712
faster_rcnn,FP32,operativo,A,2,341,165.9798999899067
faster_rcnn,FP32,operativo,A,2,342,175.33230000117328
faster_rcnn,FP32,operativo,A,2,343,184.98900000122376
faster_rcnn,FP32,operativo,A,2,344,167.66050001024269
faster_rcnn,FP32,operativo,A,2,345,174.05580000195187
faster_rcnn,FP32,operativo,A,2,346,182.71350000577513
faster_rcnn,FP32,operativo,A,2,347,184.56559999322053
faster_rcnn,FP32,operativo,A,2,348,193.51169999572448
faster_rcnn,FP32,operativo,A,2,349,178.2857999933185
faster_rcnn,FP32,operativo,A,2,350,179.44079999870155
faster_rcnn,FP32,operativo,A,2,351,190.8772000024328
faster_rcnn,FP32,operativo,A,2,352,183.1654000125127
faster_rcnn,FP32,operativo,A,2,353,184.1088000073796
faster_rcnn,FP32,operativo,A,2,354,178.24079999991227
faster_rcnn,FP32,operativo,A,2,355,185.61549999867566
faster_rcnn,FP32,operativo,A,2,356,177.901799994288
faster_rcnn,FP32,operativo,A,2,357,169.68880000058562
faster_rcnn,FP32,operativo,A,2,358,177.5204000005033
faster_rcnn,FP32,operativo,A,2,359,171.352500008652
faster_rcnn,FP32,operativo,A,2,360,167.888199997833
faster_rcnn,FP32,operativo,A,2,361,186.83069999678992
faster_rcnn,FP32,operativo,A,2,362,182.97049999819137
faster_rcnn,FP32,operativo,A,2,363,189.1646000003675
faster_rcnn,FP32,operativo,A,2,364,191.48439999844413
faster_rcnn,FP32,operativo,A,2,365,171.27830001118127
faster_rcnn,FP32,operativo,A,2,366,173.14050000277348
faster_rcnn,FP32,operativo,A,2,367,182.53269999695476
faster_rcnn,FP32,operativo,A,2,368,188.35120000585448
faster_rcnn,FP32,operativo,A,2,369,167.70839999662712
faster_rcnn,FP32,operativo,A,2,370,187.66630000027362
faster_rcnn,FP32,operativo,A,2,371,181.82519999390934
faster_rcnn,FP32,operativo,A,2,372,181.26769999798853
faster_rcnn,FP32,operativo,A,2,373,183.28960001235828
faster_rcnn,FP32,operativo,B,2,0,199.24810000520665
faster_rcnn,FP32,operativo,B,2,1,200.51340000645723
faster_rcnn,FP32,operativo,B,2,2,195.88310000835918
faster_rcnn,FP32,operativo,B,2,3,192.02539999969304
faster_rcnn,FP32,operativo,B,2,4,197.83550000283867
faster_rcnn,FP32,operativo,B,2,5,196.15810000686906
faster_rcnn,FP32,operativo,B,2,6,196.59479999972973
faster_rcnn,FP32,operativo,B,2,7,196.83339999755844
faster_rcnn,FP32,operativo,B,2,8,191.39710000308696
faster_rcnn,FP32,operativo,B,2,9,188.65720000758301
faster_rcnn,FP32,operativo,B,2,10,191.68020000506658
faster_rcnn,FP32,operativo,B,2,11,195.3016000043135
faster_rcnn,FP32,operativo,B,2,12,199.67640000686515
faster_rcnn,FP32,operativo,B,2,13,194.4562999997288
faster_rcnn,FP32,operativo,B,2,14,193.6925999907544
faster_rcnn,FP32,operativo,B,2,15,196.76049999543466
faster_rcnn,FP32,operativo,B,2,16,191.67849999212194
faster_rcnn,FP32,operativo,B,2,17,202.91399999405257
faster_rcnn,FP32,operativo,B,2,18,198.20769999932963
faster_rcnn,FP32,operativo,B,2,19,192.77670000155922
faster_rcnn,FP32,operativo,B,2,20,197.55959999747574
faster_rcnn,FP32,operativo,B,2,21,194.23680000181776
faster_rcnn,FP32,operativo,B,2,22,205.07290000387002
faster_rcnn,FP32,operativo,B,2,23,201.0333000071114
faster_rcnn,FP32,operativo,B,2,24,202.30430000810884
faster_rcnn,FP32,operativo,B,2,25,184.56310000328813
faster_rcnn,FP32,operativo,B,2,26,195.47709998732898
faster_rcnn,FP32,operativo,B,2,27,192.25759999244474
faster_rcnn,FP32,operativo,B,2,28,185.72030001087114
faster_rcnn,FP32,operativo,B,2,29,197.3013999959221
faster_rcnn,FP32,operativo,B,2,30,197.43470000685193
faster_rcnn,FP32,operativo,B,2,31,199.26520000444725
faster_rcnn,FP32,operativo,B,2,32,195.2229000016814
faster_rcnn,FP32,operativo,B,2,33,199.92939999792725
faster_rcnn,FP32,operativo,B,2,34,186.88019999535754
faster_rcnn,FP32,operativo,B,2,35,196.63539998873603
faster_rcnn,FP32,operativo,B,2,36,193.07039999694098
faster_rcnn,FP32,operativo,B,2,37,181.93849999806844
faster_rcnn,FP32,operativo,B,2,38,194.24570001137909
faster_rcnn,FP32,operativo,B,2,39,200.31959998595994
faster_rcnn,FP32,operativo,B,2,40,195.60910000291187
faster_rcnn,FP32,operativo,B,2,41,199.6295000135433
faster_rcnn,FP32,operativo,B,2,42,195.74169999395963
faster_rcnn,FP32,operativo,B,2,43,197.95020000310615
faster_rcnn,FP32,operativo,B,2,44,199.74730000831187
faster_rcnn,FP32,operativo,B,2,45,193.93170000694226
faster_rcnn,FP32,operativo,B,2,46,197.62189999164548
faster_rcnn,FP32,operativo,B,2,47,185.916599992197
faster_rcnn,FP32,operativo,B,2,48,194.8431999917375
faster_rcnn,FP32,operativo,B,2,49,190.2857000095537
faster_rcnn,FP32,operativo,B,2,50,197.0344000001205
faster_rcnn,FP32,operativo,B,2,51,195.7566999917617
faster_rcnn,FP32,operativo,B,2,52,193.49949999013916
faster_rcnn,FP32,operativo,B,2,53,197.4945999972988
faster_rcnn,FP32,operativo,B,2,54,197.86619998922106
faster_rcnn,FP32,operativo,B,2,55,198.45169999462087
faster_rcnn,FP32,operativo,B,2,56,189.42629999946803
faster_rcnn,FP32,operativo,B,2,57,190.0986999971792
faster_rcnn,FP32,operativo,B,2,58,198.65030000801198
faster_rcnn,FP32,operativo,B,2,59,186.14119999983814
faster_rcnn,FP32,operativo,B,2,60,186.7595999938203
faster_rcnn,FP32,operativo,B,2,61,197.18370000191499
faster_rcnn,FP32,operativo,B,2,62,191.78500000271015
faster_rcnn,FP32,operativo,B,2,63,189.52250000438653
faster_rcnn,FP32,operativo,B,2,64,203.29979999223724
faster_rcnn,FP32,operativo,B,2,65,195.6425000098534
faster_rcnn,FP32,operativo,B,2,66,197.8685000067344
faster_rcnn,FP32,operativo,B,2,67,191.74360000761226
faster_rcnn,FP32,operativo,B,2,68,193.39580000087153
faster_rcnn,FP32,operativo,B,2,69,188.0302999925334
faster_rcnn,FP32,operativo,B,2,70,192.5937000050908
faster_rcnn,FP32,operativo,B,2,71,191.16990000475198
faster_rcnn,FP32,operativo,B,2,72,189.7263999999268
faster_rcnn,FP32,operativo,B,2,73,197.38300000608433
faster_rcnn,FP32,operativo,B,2,74,194.645199997467
faster_rcnn,FP32,operativo,B,2,75,201.62939999136142
faster_rcnn,FP32,operativo,B,2,76,198.18550000491086
faster_rcnn,FP32,operativo,B,2,77,161.2273000064306
faster_rcnn,FP32,operativo,B,2,78,193.13680000777822
faster_rcnn,FP32,operativo,B,2,79,197.52309999603312
faster_rcnn,FP32,operativo,B,2,80,183.19310000515543
faster_rcnn,FP32,operativo,B,2,81,187.6652000064496
faster_rcnn,FP32,operativo,B,2,82,199.4146999932127
faster_rcnn,FP32,operativo,B,2,83,194.1660000011325
faster_rcnn,FP32,operativo,B,2,84,194.22819999454077
faster_rcnn,FP32,operativo,B,2,85,191.71040000219364
faster_rcnn,FP32,operativo,B,2,86,190.64300000900403
faster_rcnn,FP32,operativo,B,2,87,196.25140000425745
faster_rcnn,FP32,operativo,B,2,88,203.4412000066368
faster_rcnn,FP32,operativo,B,2,89,188.76609999279026
faster_rcnn,FP32,operativo,B,2,90,184.81949999113567
faster_rcnn,FP32,operativo,B,2,91,193.53989999217447
faster_rcnn,FP32,operativo,B,2,92,194.89650000468828
faster_rcnn,FP32,operativo,B,2,93,200.04700000572484
faster_rcnn,FP32,operativo,B,2,94,196.1903000046732
faster_rcnn,FP32,operativo,B,2,95,189.71950000559445
faster_rcnn,FP32,operativo,B,2,96,199.05749999452382
faster_rcnn,FP32,operativo,B,2,97,194.2653000005521
faster_rcnn,FP32,operativo,B,2,98,186.52030000521336
faster_rcnn,FP32,operativo,B,2,99,196.10829999146517
faster_rcnn,FP32,operativo,B,2,100,186.26049999147654
faster_rcnn,FP32,operativo,B,2,101,201.5523000009125
faster_rcnn,FP32,operativo,B,2,102,201.3815000100294
faster_rcnn,FP32,operativo,B,2,103,192.90270000055898
faster_rcnn,FP32,operativo,B,2,104,195.66700000723358
faster_rcnn,FP32,operativo,B,2,105,196.73910000710748
faster_rcnn,FP32,operativo,B,2,106,192.74649998988025
faster_rcnn,FP32,operativo,B,2,107,198.3124999969732
faster_rcnn,FP32,operativo,B,2,108,180.90759999176953
faster_rcnn,FP32,operativo,B,2,109,198.9601999957813
faster_rcnn,FP32,operativo,B,2,110,186.81630000355653
faster_rcnn,FP32,operativo,B,2,111,193.7412000115728
faster_rcnn,FP32,operativo,B,2,112,187.6068999990821
faster_rcnn,FP32,operativo,B,2,113,187.21750000258908
faster_rcnn,FP32,operativo,B,2,114,198.40979999571573
faster_rcnn,FP32,operativo,B,2,115,195.4708999983268
faster_rcnn,FP32,operativo,B,2,116,196.04149999213405
faster_rcnn,FP32,operativo,B,2,117,195.03249999252148
faster_rcnn,FP32,operativo,B,2,118,184.33289999666158
faster_rcnn,FP32,operativo,B,2,119,189.77760001143906
faster_rcnn,FP32,operativo,B,2,120,200.1948000106495
faster_rcnn,FP32,operativo,B,2,121,197.67890000366606
faster_rcnn,FP32,operativo,B,2,122,203.09439999982715
faster_rcnn,FP32,operativo,B,2,123,197.44019999052398
faster_rcnn,FP32,operativo,B,2,124,199.46449999406468
faster_rcnn,FP32,operativo,B,2,125,197.7238999970723
faster_rcnn,FP32,operativo,B,2,126,194.1889000008814
faster_rcnn,FP32,operativo,B,2,127,198.21129999763798
faster_rcnn,FP32,operativo,B,2,128,194.983699999284
faster_rcnn,FP32,operativo,B,2,129,202.11539999581873
faster_rcnn,FP32,operativo,B,2,130,196.88629999291152
faster_rcnn,FP32,operativo,B,2,131,198.73430000734515
faster_rcnn,FP32,operativo,B,2,132,179.31000000680797
faster_rcnn,FP32,operativo,B,2,133,181.85469998570625
faster_rcnn,FP32,operativo,B,2,134,196.09149999450892
faster_rcnn,FP32,operativo,B,2,135,196.7644999967888
faster_rcnn,FP32,operativo,B,2,136,188.2900999917183
faster_rcnn,FP32,operativo,B,2,137,187.13779999234248
faster_rcnn,FP32,operativo,B,2,138,190.58450000011362
faster_rcnn,FP32,operativo,B,2,139,192.0281999919098
faster_rcnn,FP32,operativo,B,2,140,195.20899999770336
faster_rcnn,FP32,operativo,B,2,141,192.36000000091735
faster_rcnn,FP32,operativo,B,2,142,193.5174999962328
faster_rcnn,FP32,operativo,B,2,143,190.7636999967508
faster_rcnn,FP32,operativo,B,2,144,189.9905000027502
faster_rcnn,FP32,operativo,B,2,145,184.97820000629872
faster_rcnn,FP32,operativo,B,2,146,199.48729999305215
faster_rcnn,FP32,operativo,B,2,147,201.2811999884434
faster_rcnn,FP32,operativo,B,2,148,203.89039999281522
faster_rcnn,FP32,operativo,B,2,149,205.69190000242088
faster_rcnn,FP32,operativo,B,2,150,193.7309000059031
faster_rcnn,FP32,operativo,B,2,151,190.4130999901099
faster_rcnn,FP32,operativo,B,2,152,211.36119999573566
faster_rcnn,FP32,operativo,B,2,153,199.2523000080837
faster_rcnn,FP32,operativo,B,2,154,196.22069998877123
faster_rcnn,FP32,operativo,B,2,155,190.4255999979796
faster_rcnn,FP32,operativo,B,2,156,178.02959999244194
faster_rcnn,FP32,operativo,B,2,157,184.34079999860842
faster_rcnn,FP32,operativo,B,2,158,206.432599996333
faster_rcnn,FP32,operativo,B,2,159,193.95269999222364
faster_rcnn,FP32,operativo,B,2,160,191.676100002951
faster_rcnn,FP32,operativo,B,2,161,198.27969999460038
faster_rcnn,FP32,operativo,B,2,162,192.31919999583624
faster_rcnn,FP32,operativo,B,2,163,202.41189999796916
faster_rcnn,FP32,operativo,B,2,164,191.3827999960631
faster_rcnn,FP32,operativo,B,2,165,197.0244999974966
faster_rcnn,FP32,operativo,B,2,166,191.31399999605492
faster_rcnn,FP32,operativo,B,2,167,185.3621999907773
faster_rcnn,FP32,operativo,B,2,168,206.2655000045197
faster_rcnn,FP32,operativo,B,2,169,204.2686000058893
faster_rcnn,FP32,operativo,B,2,170,194.88310000451747
faster_rcnn,FP32,operativo,B,2,171,187.60580000525806
faster_rcnn,FP32,operativo,B,2,172,185.03330000385176
faster_rcnn,FP32,operativo,B,2,173,183.7904999993043
faster_rcnn,FP32,operativo,B,2,174,195.0180999992881
faster_rcnn,FP32,operativo,B,2,175,197.84310000250116
faster_rcnn,FP32,operativo,B,2,176,192.4118000024464
faster_rcnn,FP32,operativo,B,2,177,200.74889999523293
faster_rcnn,FP32,operativo,B,2,178,198.0862999917008
faster_rcnn,FP32,operativo,B,2,179,196.90450000052806
faster_rcnn,FP32,operativo,B,2,180,202.11959999869578
faster_rcnn,FP32,operativo,B,2,181,200.9266000095522
faster_rcnn,FP32,operativo,B,2,182,183.74400000902824
faster_rcnn,FP32,operativo,B,2,183,200.10470000852365
faster_rcnn,FP32,operativo,B,2,184,192.61240000196267
faster_rcnn,FP32,operativo,B,2,185,197.03510000545066
faster_rcnn,FP32,operativo,B,2,186,185.76549999124836
faster_rcnn,FP32,operativo,B,2,187,166.28180000407156
faster_rcnn,FP32,operativo,B,2,188,195.67700001061894
faster_rcnn,FP32,operativo,B,2,189,195.0998999964213
faster_rcnn,FP32,operativo,B,2,190,178.0806000024313
faster_rcnn,FP32,operativo,B,2,191,192.28540000040084
faster_rcnn,FP32,operativo,B,2,192,191.3300000014715
faster_rcnn,FP32,operativo,B,2,193,198.05719998839777
faster_rcnn,FP32,operativo,B,2,194,198.29349999781698
faster_rcnn,FP32,operativo,B,2,195,197.5014000054216
faster_rcnn,FP32,operativo,B,2,196,185.18000000040047
faster_rcnn,FP32,operativo,B,2,197,183.54610000096727
faster_rcnn,FP32,operativo,B,2,198,184.27950001205318
faster_rcnn,FP32,operativo,B,2,199,198.6155000049621
faster_rcnn,FP32,operativo,B,2,200,200.24789999297354
faster_rcnn,FP32,operativo,B,2,201,196.60139999177773
faster_rcnn,FP32,operativo,B,2,202,195.9867999976268
faster_rcnn,FP32,operativo,B,2,203,187.55819999205414
faster_rcnn,FP32,operativo,B,2,204,183.90109999745619
faster_rcnn,FP32,operativo,B,2,205,194.40989999566227
faster_rcnn,FP32,operativo,B,2,206,198.23759999417234
faster_rcnn,FP32,operativo,B,2,207,199.53789999999572
faster_rcnn,FP32,operativo,B,2,208,201.07470000220928
faster_rcnn,FP32,operativo,B,2,209,191.74189999466762
faster_rcnn,FP32,operativo,B,2,210,191.35629999800585
faster_rcnn,FP32,operativo,B,2,211,195.91639999998733
faster_rcnn,FP32,operativo,B,2,212,195.62220000079833
faster_rcnn,FP32,operativo,B,2,213,198.21449999290053
faster_rcnn,FP32,operativo,B,2,214,200.86230000015348
faster_rcnn,FP32,operativo,B,2,215,198.6901000054786
faster_rcnn,FP32,operativo,B,2,216,192.6101999997627
faster_rcnn,FP32,operativo,B,2,217,195.76810000580736
faster_rcnn,FP32,operativo,B,2,218,196.54869999794755
faster_rcnn,FP32,operativo,B,2,219,199.4797999941511
faster_rcnn,FP32,operativo,B,2,220,200.6317999912426
faster_rcnn,FP32,operativo,B,2,221,199.6618999983184
faster_rcnn,FP32,operativo,B,2,222,186.8566000048304
faster_rcnn,FP32,operativo,B,2,223,192.7201999933459
faster_rcnn,FP32,operativo,B,2,224,191.2030999956187
faster_rcnn,FP32,operativo,B,2,225,194.19270000071265
faster_rcnn,FP32,operativo,B,2,226,199.40860000497196
faster_rcnn,FP32,operativo,B,2,227,202.68570000189357
faster_rcnn,FP32,operativo,B,2,228,182.23790000774898
faster_rcnn,FP32,operativo,B,2,229,197.49600000795908
faster_rcnn,FP32,operativo,B,2,230,168.90689999854658
faster_rcnn,FP32,operativo,B,2,231,164.02989999915008
faster_rcnn,FP32,operativo,B,2,232,198.42020000214688
faster_rcnn,FP32,operativo,B,2,233,192.60560000839178
faster_rcnn,FP32,operativo,B,2,234,194.14730000426061
faster_rcnn,FP32,operativo,B,2,235,197.31719999981578
faster_rcnn,FP32,operativo,B,2,236,184.32869999378454
faster_rcnn,FP32,operativo,B,2,237,206.41250000335276
faster_rcnn,FP32,operativo,B,2,238,196.37560000410303
faster_rcnn,FP32,operativo,B,2,239,203.1938000000082
faster_rcnn,FP32,operativo,B,2,240,208.736400003545
faster_rcnn,FP32,operativo,B,2,241,192.3421999963466
faster_rcnn,FP32,operativo,B,2,242,197.62360000459012
faster_rcnn,FP32,operativo,B,2,243,192.0018000091659
faster_rcnn,FP32,operativo,B,2,244,182.70279999705963
faster_rcnn,FP32,operativo,B,2,245,204.82119999360293
faster_rcnn,FP32,operativo,B,2,246,198.51940000080504
faster_rcnn,FP32,operativo,B,2,247,201.42710000800434
faster_rcnn,FP32,operativo,B,2,248,170.02260001027025
faster_rcnn,FP32,operativo,B,2,249,197.86960000055842
faster_rcnn,FP32,operativo,B,2,250,200.3046999889193
faster_rcnn,FP32,operativo,B,2,251,195.22320000396576
faster_rcnn,FP32,operativo,B,2,252,204.19929998752195
faster_rcnn,FP32,operativo,B,2,253,174.64440000185277
faster_rcnn,FP32,operativo,B,2,254,203.3640000008745
faster_rcnn,FP32,operativo,B,2,255,195.97780000185594
faster_rcnn,FP32,operativo,B,2,256,199.08240000950173
faster_rcnn,FP32,operativo,B,2,257,204.5362000062596
faster_rcnn,FP32,operativo,B,2,258,201.44160000199918
faster_rcnn,FP32,operativo,B,2,259,189.99780000012834
faster_rcnn,FP32,operativo,B,2,260,196.41370000317693
faster_rcnn,FP32,operativo,B,2,261,201.49059999675956
faster_rcnn,FP32,operativo,B,2,262,198.37230000121053
faster_rcnn,FP32,operativo,B,2,263,198.9469999971334
faster_rcnn,FP32,operativo,B,2,264,197.21179999760352
faster_rcnn,FP32,operativo,B,2,265,197.51779999933206
faster_rcnn,FP32,operativo,B,2,266,199.74650000222027
faster_rcnn,FP32,operativo,B,2,267,188.68770000699442
faster_rcnn,FP32,operativo,B,2,268,200.28289999754634
faster_rcnn,FP32,operativo,B,2,269,194.02700000500772
faster_rcnn,FP32,operativo,B,2,270,200.11809999414254
faster_rcnn,FP32,operativo,B,2,271,196.53220000327565
faster_rcnn,FP32,operativo,B,2,272,211.42590000818018
faster_rcnn,FP32,operativo,B,2,273,204.20209999429062
faster_rcnn,FP32,operativo,B,2,274,204.77319999190513
faster_rcnn,FP32,operativo,B,2,275,197.71599999512546
faster_rcnn,FP32,operativo,B,2,276,201.12330000847578
faster_rcnn,FP32,operativo,B,2,277,197.95089999388438
faster_rcnn,FP32,operativo,B,2,278,203.05109999026172
faster_rcnn,FP32,operativo,B,2,279,198.51000000198837
faster_rcnn,FP32,operativo,B,2,280,198.33890000882093
faster_rcnn,FP32,operativo,B,2,281,197.27899999998044
faster_rcnn,FP32,operativo,B,2,282,184.7386000008555
faster_rcnn,FP32,operativo,B,2,283,198.24929999595042
faster_rcnn,FP32,operativo,B,2,284,200.22099999187049
faster_rcnn,FP32,operativo,B,2,285,199.81079999706708
faster_rcnn,FP32,operativo,B,2,286,206.88329999393318
faster_rcnn,FP32,operativo,B,2,287,200.70480000867974
faster_rcnn,FP32,operativo,B,2,288,188.2045999955153
faster_rcnn,FP32,operativo,B,2,289,203.63190000352915
faster_rcnn,FP32,operativo,B,2,290,199.84040000417735
faster_rcnn,FP32,operativo,B,2,291,205.42130000831094
faster_rcnn,FP32,operativo,B,2,292,199.96320000791457
faster_rcnn,FP32,operativo,B,2,293,198.22280001244508
faster_rcnn,FP32,operativo,B,2,294,202.4515000084648
faster_rcnn,FP32,operativo,B,2,295,202.0065000106115
faster_rcnn,FP32,operativo,B,2,296,202.90800000657327
faster_rcnn,FP32,operativo,B,2,297,188.1767999875592
faster_rcnn,FP32,operativo,B,2,298,201.41929999226704
faster_rcnn,FP32,operativo,B,2,299,199.84309999563266
faster_rcnn,FP32,operativo,B,2,300,197.3338999960106
faster_rcnn,FP32,operativo,B,2,301,202.3038000043016
faster_rcnn,FP32,operativo,B,2,302,203.64070001232903
faster_rcnn,FP32,operativo,B,2,303,201.0415999975521
faster_rcnn,FP32,operativo,B,2,304,198.54230000055395
faster_rcnn,FP32,operativo,B,2,305,200.82539999566507
faster_rcnn,FP32,operativo,B,2,306,201.0458999866387
faster_rcnn,FP32,operativo,B,2,307,188.70239998796023
faster_rcnn,FP32,operativo,B,2,308,205.27959999162704
faster_rcnn,FP32,operativo,B,2,309,206.01799999712966
faster_rcnn,FP32,operativo,B,2,310,184.45950000023004
faster_rcnn,FP32,operativo,B,2,311,191.2649000005331
faster_rcnn,FP32,operativo,B,2,312,195.83699999202508
faster_rcnn,FP32,operativo,B,2,313,197.19500000064727
faster_rcnn,FP32,operativo,B,2,314,194.79770000907592
faster_rcnn,FP32,operativo,B,2,315,198.6243999999715
faster_rcnn,FP32,operativo,B,2,316,191.56380000640638
faster_rcnn,FP32,operativo,B,2,317,195.13959999312647
faster_rcnn,FP32,operativo,B,2,318,182.47990000236314
faster_rcnn,FP32,operativo,B,2,319,184.57730000955053
faster_rcnn,FP32,operativo,B,2,320,194.18449999648146
faster_rcnn,FP32,operativo,B,2,321,193.0199999915203
faster_rcnn,FP32,operativo,B,2,322,190.013600004022
faster_rcnn,FP32,operativo,B,2,323,201.00370000000112
faster_rcnn,FP32,operativo,B,2,324,196.53720001224428
faster_rcnn,FP32,operativo,B,2,325,198.59210000140592
faster_rcnn,FP32,operativo,B,2,326,189.25349999335594
faster_rcnn,FP32,operativo,B,2,327,202.69330000155605
faster_rcnn,FP32,operativo,B,2,328,185.01519999699667
faster_rcnn,FP32,operativo,B,2,329,199.66019999992568
faster_rcnn,FP32,operativo,B,2,330,186.6511999978684
faster_rcnn,FP32,operativo,B,2,331,201.86270000704098
faster_rcnn,FP32,operativo,B,2,332,194.35890000022482
faster_rcnn,FP32,operativo,B,2,333,194.05350000306498
faster_rcnn,FP32,operativo,B,2,334,190.36520000372548
faster_rcnn,FP32,operativo,B,2,335,200.19290001073387
faster_rcnn,FP32,operativo,B,2,336,192.54849999560975
faster_rcnn,FP32,operativo,B,2,337,197.74999999208376
faster_rcnn,FP32,operativo,B,2,338,199.03390000399668
faster_rcnn,FP32,operativo,B,2,339,190.8326999982819
faster_rcnn,FP32,operativo,B,2,340,199.2947999970056
faster_rcnn,FP32,operativo,B,2,341,190.70999999530613
faster_rcnn,FP32,operativo,B,2,342,193.13299999339506
faster_rcnn,FP32,operativo,B,2,343,189.15090001246426
faster_rcnn,FP32,operativo,B,2,344,184.9839000060456
faster_rcnn,FP32,operativo,B,2,345,190.77929999912158
faster_rcnn,FP32,operativo,B,2,346,198.10290000168607
faster_rcnn,FP32,operativo,B,2,347,195.49000001279637
faster_rcnn,FP32,operativo,B,2,348,205.18299999821465
faster_rcnn,FP32,operativo,B,2,349,200.56679999106564
faster_rcnn,FP32,operativo,B,2,350,200.30810000025667
faster_rcnn,FP32,operativo,B,2,351,204.9813999910839
faster_rcnn,FP32,operativo,B,2,352,198.3466999954544
faster_rcnn,FP32,operativo,B,2,353,201.13589998800308
faster_rcnn,FP32,operativo,B,2,354,201.4618000102928
faster_rcnn,FP32,operativo,B,2,355,197.32099999964703
faster_rcnn,FP32,operativo,B,2,356,203.0183000024408
faster_rcnn,FP32,operativo,B,2,357,189.77720000839327
faster_rcnn,FP32,operativo,B,2,358,194.6414999983972
faster_rcnn,FP32,operativo,B,2,359,184.52199999592267
faster_rcnn,FP32,operativo,B,2,360,189.02710000111256
faster_rcnn,FP32,operativo,B,2,361,195.59179998759646
faster_rcnn,FP32,operativo,B,2,362,201.28660000045784
faster_rcnn,FP32,operativo,B,2,363,207.08670000021812
faster_rcnn,FP32,operativo,B,2,364,197.00259999081027
faster_rcnn,FP32,operativo,B,2,365,191.31100000231527
faster_rcnn,FP32,operativo,B,2,366,193.04679999186192
faster_rcnn,FP32,operativo,B,2,367,205.48999999300577
faster_rcnn,FP32,operativo,B,2,368,208.52640000521205
faster_rcnn,FP32,operativo,B,2,369,192.38139998924453
faster_rcnn,FP32,operativo,B,2,370,206.79830000153743
faster_rcnn,FP32,operativo,B,2,371,197.0359999977518
faster_rcnn,FP32,operativo,B,2,372,203.5172999894712
faster_rcnn,FP32,operativo,B,2,373,203.7026999896625
yolov8_seg,FP32,comun,A,0,0,17.3406999965664
yolov8_seg,FP32,comun,A,0,1,18.774299998767674
yolov8_seg,FP32,comun,A,0,2,15.365500003099442
yolov8_seg,FP32,comun,A,0,3,15.669700005673803
yolov8_seg,FP32,comun,A,0,4,17.375499999616295
yolov8_seg,FP32,comun,A,0,5,18.461200001183897
yolov8_seg,FP32,comun,A,0,6,15.72860000305809
yolov8_seg,FP32,comun,A,0,7,14.038900000741705
yolov8_seg,FP32,comun,A,0,8,14.51299998734612
yolov8_seg,FP32,comun,A,0,9,14.848199993139133
yolov8_seg,FP32,comun,A,0,10,13.627500011352822
yolov8_seg,FP32,comun,A,0,11,14.907300006598234
yolov8_seg,FP32,comun,A,0,12,15.554099998553284
yolov8_seg,FP32,comun,A,0,13,13.831999996909872
yolov8_seg,FP32,comun,A,0,14,14.42700000188779
yolov8_seg,FP32,comun,A,0,15,16.947099997196347
yolov8_seg,FP32,comun,A,0,16,14.759900004719384
yolov8_seg,FP32,comun,A,0,17,19.97999999730382
yolov8_seg,FP32,comun,A,0,18,13.576299999840558
yolov8_seg,FP32,comun,A,0,19,16.85709999583196
yolov8_seg,FP32,comun,A,0,20,13.87369999429211
yolov8_seg,FP32,comun,A,0,21,15.151799991144799
yolov8_seg,FP32,comun,A,0,22,15.049000008730218
yolov8_seg,FP32,comun,A,0,23,15.084099999512546
yolov8_seg,FP32,comun,A,0,24,14.638900000136346
yolov8_seg,FP32,comun,A,0,25,14.427500005695038
yolov8_seg,FP32,comun,A,0,26,14.322999995783903
yolov8_seg,FP32,comun,A,0,27,15.800300010596402
yolov8_seg,FP32,comun,A,0,28,14.011799998115748
yolov8_seg,FP32,comun,A,0,29,14.525999999023043
yolov8_seg,FP32,comun,A,0,30,19.748699996853247
yolov8_seg,FP32,comun,A,0,31,20.131299999775365
yolov8_seg,FP32,comun,A,0,32,13.722299991059117
yolov8_seg,FP32,comun,A,0,33,14.967600000090897
yolov8_seg,FP32,comun,A,0,34,13.956700000562705
yolov8_seg,FP32,comun,A,0,35,14.123699991614558
yolov8_seg,FP32,comun,A,0,36,14.013899999554269
yolov8_seg,FP32,comun,A,0,37,14.171899994835258
yolov8_seg,FP32,comun,A,0,38,13.476399995852262
yolov8_seg,FP32,comun,A,0,39,14.780800003791228
yolov8_seg,FP32,comun,A,0,40,13.261400003102608
yolov8_seg,FP32,comun,A,0,41,14.554699999280274
yolov8_seg,FP32,comun,A,0,42,14.62040000478737
yolov8_seg,FP32,comun,A,0,43,14.245900005334988
yolov8_seg,FP32,comun,A,0,44,13.819300002069212
yolov8_seg,FP32,comun,A,0,45,19.454599998425692
yolov8_seg,FP32,comun,A,0,46,15.697800001362339
yolov8_seg,FP32,comun,A,0,47,20.33359999768436
yolov8_seg,FP32,comun,A,0,48,13.776399995549582
yolov8_seg,FP32,comun,A,0,49,14.065800001844764
yolov8_seg,FP32,comun,A,0,50,14.803099998971447
yolov8_seg,FP32,comun,A,0,51,12.789500004146248
yolov8_seg,FP32,comun,A,0,52,16.14940000581555
yolov8_seg,FP32,comun,A,0,53,13.670300002559088
yolov8_seg,FP32,comun,A,0,54,12.997100013308227
yolov8_seg,FP32,comun,A,0,55,14.352900005178526
yolov8_seg,FP32,comun,A,0,56,13.976400005049072
yolov8_seg,FP32,comun,A,0,57,14.11760000337381
yolov8_seg,FP32,comun,A,0,58,13.160000002244487
yolov8_seg,FP32,comun,A,0,59,13.687500002561137
yolov8_seg,FP32,comun,A,0,60,12.742799997795373
yolov8_seg,FP32,comun,A,0,61,13.672100001713261
yolov8_seg,FP32,comun,A,0,62,13.049400004092604
yolov8_seg,FP32,comun,A,0,63,12.918299995362759
yolov8_seg,FP32,comun,A,0,64,17.32520000950899
yolov8_seg,FP32,comun,A,0,65,13.848299990058877
yolov8_seg,FP32,comun,A,0,66,12.730500006000511
yolov8_seg,FP32,comun,A,0,67,11.224900008528493
yolov8_seg,FP32,comun,A,0,68,13.865200002328493
yolov8_seg,FP32,comun,A,0,69,14.552500011632219
yolov8_seg,FP32,comun,A,0,70,12.99950000247918
yolov8_seg,FP32,comun,A,0,71,13.439599992125295
yolov8_seg,FP32,comun,A,0,72,14.204699997208081
yolov8_seg,FP32,comun,A,0,73,14.80039999296423
yolov8_seg,FP32,comun,A,0,74,13.71300000755582
yolov8_seg,FP32,comun,A,0,75,14.006700002937578
yolov8_seg,FP32,comun,A,0,76,13.05589999537915
yolov8_seg,FP32,comun,A,0,77,14.137099991785362
yolov8_seg,FP32,comun,A,0,78,13.532800003304146
yolov8_seg,FP32,comun,A,0,79,13.82029999513179
yolov8_seg,FP32,comun,A,0,80,14.252300010412
yolov8_seg,FP32,comun,A,0,81,18.54990000720136
yolov8_seg,FP32,comun,A,0,82,13.805299997329712
yolov8_seg,FP32,comun,A,0,83,13.902999999118038
yolov8_seg,FP32,comun,A,0,84,13.34990000759717
yolov8_seg,FP32,comun,A,0,85,13.149600010365248
yolov8_seg,FP32,comun,A,0,86,14.050500001758337
yolov8_seg,FP32,comun,A,0,87,13.000699997064658
yolov8_seg,FP32,comun,A,0,88,13.708400001632981
yolov8_seg,FP32,comun,A,0,89,14.679400002933107
yolov8_seg,FP32,comun,A,0,90,12.67750000988599
yolov8_seg,FP32,comun,A,0,91,13.810000004014
yolov8_seg,FP32,comun,A,0,92,17.014500001096167
yolov8_seg,FP32,comun,A,0,93,12.700499995844439
yolov8_seg,FP32,comun,A,0,94,13.479399989591911
yolov8_seg,FP32,comun,A,0,95,13.891900001908652
yolov8_seg,FP32,comun,A,0,96,13.909799992688932
yolov8_seg,FP32,comun,A,0,97,13.508100004401058
yolov8_seg,FP32,comun,A,0,98,13.950399996247143
yolov8_seg,FP32,comun,A,0,99,12.84470000246074
yolov8_seg,FP32,comun,A,0,100,12.824499994167127
yolov8_seg,FP32,comun,A,0,101,13.344899998628534
yolov8_seg,FP32,comun,A,0,102,15.873199998168275
yolov8_seg,FP32,comun,A,0,103,17.928900007973425
yolov8_seg,FP32,comun,A,0,104,13.364200000069104
yolov8_seg,FP32,comun,A,0,105,16.39969999087043
yolov8_seg,FP32,comun,A,0,106,12.946600007126108
yolov8_seg,FP32,comun,A,0,107,17.19549999688752
yolov8_seg,FP32,comun,A,0,108,14.19309999619145
yolov8_seg,FP32,comun,A,0,109,13.569100003223866
yolov8_seg,FP32,comun,A,0,110,14.087600007769652
yolov8_seg,FP32,comun,A,0,111,14.113600002019666
yolov8_seg,FP32,comun,A,0,112,14.100899992627092
yolov8_seg,FP32,comun,A,0,113,13.910800000303425
yolov8_seg,FP32,comun,A,0,114,13.368999992962927
yolov8_seg,FP32,comun,A,0,115,13.787499992758967
yolov8_seg,FP32,comun,A,0,116,13.946899998700246
yolov8_seg,FP32,comun,A,0,117,13.29509999777656
yolov8_seg,FP32,comun,A,0,118,15.562800006591715
yolov8_seg,FP32,comun,A,0,119,12.86180000170134
yolov8_seg,FP32,comun,A,0,120,13.147200006642379
yolov8_seg,FP32,comun,A,0,121,13.789200005703606
yolov8_seg,FP32,comun,A,0,122,13.876600001822226
yolov8_seg,FP32,comun,A,0,123,14.06130001123529
yolov8_seg,FP32,comun,A,0,124,15.669500004150905
yolov8_seg,FP32,comun,A,0,125,13.789300006465055
yolov8_seg,FP32,comun,A,0,126,16.322600000421517
yolov8_seg,FP32,comun,A,0,127,13.605899992398918
yolov8_seg,FP32,comun,A,0,128,13.017599994782358
yolov8_seg,FP32,comun,A,0,129,12.40700000198558
yolov8_seg,FP32,comun,A,0,130,12.719899998046458
yolov8_seg,FP32,comun,A,0,131,17.305699991993606
yolov8_seg,FP32,comun,A,0,132,13.031700000283308
yolov8_seg,FP32,comun,A,0,133,13.842300002579577
yolov8_seg,FP32,comun,A,0,134,12.69960000354331
yolov8_seg,FP32,comun,A,0,135,13.209100012318231
yolov8_seg,FP32,comun,A,0,136,14.329899990116246
yolov8_seg,FP32,comun,A,0,137,13.544500005082227
yolov8_seg,FP32,comun,A,0,138,12.845200006267987
yolov8_seg,FP32,comun,A,0,139,12.703599990345538
yolov8_seg,FP32,comun,A,0,140,14.011899998877198
yolov8_seg,FP32,comun,A,0,141,14.128799986792728
yolov8_seg,FP32,comun,A,0,142,13.364200000069104
yolov8_seg,FP32,comun,A,0,143,13.400200012256391
yolov8_seg,FP32,comun,A,0,144,16.21859999431763
yolov8_seg,FP32,comun,A,0,145,14.1247999999905
yolov8_seg,FP32,comun,A,0,146,13.335499999811873
yolov8_seg,FP32,comun,A,0,147,12.154399999417365
yolov8_seg,FP32,comun,A,0,148,13.82269999885466
yolov8_seg,FP32,comun,A,0,149,12.486299994634464
yolov8_seg,FP32,comun,A,0,150,21.048099995823577
yolov8_seg,FP32,comun,A,0,151,13.158499990822747
yolov8_seg,FP32,comun,A,0,152,13.40840000193566
yolov8_seg,FP32,comun,A,0,153,12.618200009455904
yolov8_seg,FP32,comun,A,0,154,13.344899998628534
yolov8_seg,FP32,comun,A,0,155,17.21229999384377
yolov8_seg,FP32,comun,A,0,156,12.988800008315593
yolov8_seg,FP32,comun,A,0,157,13.47140000143554
yolov8_seg,FP32,comun,A,0,158,13.384700010647066
yolov8_seg,FP32,comun,A,0,159,13.402399999904446
yolov8_seg,FP32,comun,A,0,160,14.017499997862615
yolov8_seg,FP32,comun,A,0,161,14.006199999130331
yolov8_seg,FP32,comun,A,0,162,15.874100005021319
yolov8_seg,FP32,comun,A,0,163,13.874600001145154
yolov8_seg,FP32,comun,A,0,164,13.945800004876219
yolov8_seg,FP32,comun,A,0,165,13.340100005734712
yolov8_seg,FP32,comun,A,0,166,12.19880000280682
yolov8_seg,FP32,comun,A,0,167,14.156400007777847
yolov8_seg,FP32,comun,A,0,168,13.287200010381639
yolov8_seg,FP32,comun,A,0,169,12.74849999754224
yolov8_seg,FP32,comun,A,0,170,17.09310000296682
yolov8_seg,FP32,comun,A,0,171,13.790400000289083
yolov8_seg,FP32,comun,A,0,172,13.192500002332963
yolov8_seg,FP32,comun,A,0,173,14.335700005176477
yolov8_seg,FP32,comun,A,0,174,13.854600008926354
yolov8_seg,FP32,comun,A,0,175,13.62189999781549
yolov8_seg,FP32,comun,A,0,176,13.04770000569988
yolov8_seg,FP32,comun,A,0,177,12.685199995758012
yolov8_seg,FP32,comun,A,0,178,13.298300007591024
yolov8_seg,FP32,comun,A,0,179,13.844999994034879
yolov8_seg,FP32,comun,A,0,180,14.265600009821355
yolov8_seg,FP32,comun,A,0,181,14.068499993300065
yolov8_seg,FP32,comun,A,0,182,13.353299989830703
yolov8_seg,FP32,comun,A,0,183,14.312500003143214
yolov8_seg,FP32,comun,A,0,184,14.035000000149012
yolov8_seg,FP32,comun,A,0,185,13.376799994148314
yolov8_seg,FP32,comun,A,0,186,13.279100006911904
yolov8_seg,FP32,comun,A,0,187,12.635699997190386
yolov8_seg,FP32,comun,A,0,188,13.287399997352622
yolov8_seg,FP32,comun,A,0,189,15.397800001665018
yolov8_seg,FP32,comun,A,0,190,14.20190000499133
yolov8_seg,FP32,comun,A,0,191,14.27759999933187
yolov8_seg,FP32,comun,A,0,192,12.798399999155663
yolov8_seg,FP32,comun,A,0,193,13.420499992207624
yolov8_seg,FP32,comun,A,0,194,13.05369999317918
yolov8_seg,FP32,comun,A,0,195,14.02189998771064
yolov8_seg,FP32,comun,A,0,196,13.910699999541976
yolov8_seg,FP32,comun,A,0,197,14.281700001447462
yolov8_seg,FP32,comun,A,0,198,14.101100008701906
yolov8_seg,FP32,comun,A,0,199,13.949700005468912
yolov8_seg,FP32,comun,A,0,200,14.425300003495067
yolov8_seg,FP32,comun,A,0,201,14.499299999442883
yolov8_seg,FP32,comun,A,0,202,13.330100002349354
yolov8_seg,FP32,comun,A,0,203,12.700100007350557
yolov8_seg,FP32,comun,A,0,204,16.977299994323403
yolov8_seg,FP32,comun,A,0,205,13.526499998988584
yolov8_seg,FP32,comun,A,0,206,13.779999993857928
yolov8_seg,FP32,comun,A,0,207,13.526100010494702
yolov8_seg,FP32,comun,A,0,208,14.327299999422394
yolov8_seg,FP32,comun,A,0,209,12.863700001616962
yolov8_seg,FP32,comun,A,0,210,13.399100003880449
yolov8_seg,FP32,comun,A,0,211,13.910500012570992
yolov8_seg,FP32,comun,A,0,212,14.306600001873448
yolov8_seg,FP32,comun,A,0,213,13.874300013412721
yolov8_seg,FP32,comun,A,0,214,13.160600006813183
yolov8_seg,FP32,comun,A,0,215,13.616099997307174
yolov8_seg,FP32,comun,A,0,216,15.604000000166707
yolov8_seg,FP32,comun,A,0,217,14.245200000004843
yolov8_seg,FP32,comun,A,0,218,12.792599998647347
yolov8_seg,FP32,comun,A,0,219,14.455199998337775
yolov8_seg,FP32,comun,A,0,220,13.456900007440709
yolov8_seg,FP32,comun,A,0,221,13.904700012062676
yolov8_seg,FP32,comun,A,0,222,13.81960000435356
yolov8_seg,FP32,comun,A,0,223,14.299899994512089
yolov8_seg,FP32,comun,A,0,224,13.683700002729893
yolov8_seg,FP32,comun,A,0,225,19.386699990718625
yolov8_seg,FP32,comun,A,0,226,14.46869999927003
yolov8_seg,FP32,comun,A,0,227,12.879400004749186
yolov8_seg,FP32,comun,A,0,228,11.278899997705594
yolov8_seg,FP32,comun,A,0,229,13.832599986926652
yolov8_seg,FP32,comun,A,0,230,13.223799993284047
yolov8_seg,FP32,comun,A,0,231,15.831900003831834
yolov8_seg,FP32,comun,A,0,232,13.0077999929199
yolov8_seg,FP32,comun,A,0,233,13.891900001908652
yolov8_seg,FP32,comun,A,0,234,13.38920000125654
yolov8_seg,FP32,comun,A,0,235,12.742799997795373
yolov8_seg,FP32,comun,A,0,236,14.868799989926629
yolov8_seg,FP32,comun,A,0,237,15.25160000892356
yolov8_seg,FP32,comun,A,0,238,13.20270000724122
yolov8_seg,FP32,comun,A,0,239,12.910099991131574
yolov8_seg,FP32,comun,A,0,240,13.226600000052713
yolov8_seg,FP32,comun,A,0,241,13.077099996735342
yolov8_seg,FP32,comun,A,0,242,19.482200004858896
yolov8_seg,FP32,comun,A,0,243,15.492100006667897
yolov8_seg,FP32,comun,A,0,244,12.879200003226288
yolov8_seg,FP32,comun,A,0,245,13.101199991069734
yolov8_seg,FP32,comun,A,0,246,11.44180000119377
yolov8_seg,FP32,comun,A,0,247,26.871399997617118
yolov8_seg,FP32,comun,A,0,248,14.599400004954077
yolov8_seg,FP32,comun,A,0,249,32.85869999672286
yolov8_seg,FP32,comun,A,0,250,14.310099999420345
yolov8_seg,FP32,comun,A,0,251,14.550299994880334
yolov8_seg,FP32,comun,A,0,252,14.192599992384203
yolov8_seg,FP32,comun,A,0,253,14.249800005927682
yolov8_seg,FP32,comun,A,0,254,13.079299998935312
yolov8_seg,FP32,comun,A,0,255,13.399999996181577
yolov8_seg,FP32,comun,A,0,256,15.891200004261918
yolov8_seg,FP32,comun,A,0,257,14.71519999904558
yolov8_seg,FP32,comun,A,0,258,12.725199994747527
yolov8_seg,FP32,comun,A,0,259,14.783599996007979
yolov8_seg,FP32,comun,A,0,260,13.874099997337908
yolov8_seg,FP32,comun,A,0,261,14.112900011241436
yolov8_seg,FP32,comun,A,0,262,14.43170000857208
yolov8_seg,FP32,comun,A,0,263,14.230399989173748
yolov8_seg,FP32,comun,A,0,264,13.328200002433732
yolov8_seg,FP32,comun,A,0,265,13.29220000479836
yolov8_seg,FP32,comun,A,0,266,13.010300011956133
yolov8_seg,FP32,comun,A,0,267,14.272500004153699
yolov8_seg,FP32,comun,A,0,268,13.091300002997741
yolov8_seg,FP32,comun,A,0,269,13.119300012476742
yolov8_seg,FP32,comun,A,0,270,12.641599998460151
yolov8_seg,FP32,comun,A,0,271,12.826000005588867
yolov8_seg,FP32,comun,A,0,272,12.486499996157363
yolov8_seg,FP32,comun,A,0,273,11.168800003360957
yolov8_seg,FP32,comun,A,0,274,12.731800001347438
yolov8_seg,FP32,comun,A,0,275,13.342399994144216
yolov8_seg,FP32,comun,A,0,276,20.505799999227747
yolov8_seg,FP32,comun,A,0,277,13.217799991252832
yolov8_seg,FP32,comun,A,0,278,27.879800007212907
yolov8_seg,FP32,comun,A,0,279,18.041200004518032
yolov8_seg,FP32,comun,A,0,280,13.133200001902878
yolov8_seg,FP32,comun,A,0,281,13.160100003005937
yolov8_seg,FP32,comun,A,0,282,13.074099988443777
yolov8_seg,FP32,comun,A,0,283,20.33480000682175
yolov8_seg,FP32,comun,A,0,284,15.367500003776513
yolov8_seg,FP32,comun,A,0,285,12.89800000085961
yolov8_seg,FP32,comun,A,0,286,13.31449999997858
yolov8_seg,FP32,comun,A,0,287,13.928200001828372
yolov8_seg,FP32,comun,A,0,288,13.047999993432313
yolov8_seg,FP32,comun,A,0,289,14.064000002690591
yolov8_seg,FP32,comun,A,0,290,22.31960000062827
yolov8_seg,FP32,comun,A,0,291,13.84919999691192
yolov8_seg,FP32,comun,A,0,292,13.319299992872402
yolov8_seg,FP32,comun,A,0,293,14.076500010560267
yolov8_seg,FP32,comun,A,0,294,13.693899993086234
yolov8_seg,FP32,comun,A,0,295,14.587500001653098
yolov8_seg,FP32,comun,A,0,296,12.61799999338109
yolov8_seg,FP32,comun,A,0,297,14.023199997609481
yolov8_seg,FP32,comun,A,0,298,13.597099998150952
yolov8_seg,FP32,comun,A,0,299,13.418399990769103
yolov8_seg,FP32,comun,A,0,300,13.141499992343597
yolov8_seg,FP32,comun,A,0,301,14.42049999604933
yolov8_seg,FP32,comun,A,0,302,13.384199992287904
yolov8_seg,FP32,comun,A,0,303,13.595900003565475
yolov8_seg,FP32,comun,A,0,304,13.118400005623698
yolov8_seg,FP32,comun,A,0,305,13.84850000613369
yolov8_seg,FP32,comun,A,0,306,12.991600000532344
yolov8_seg,FP32,comun,A,0,307,14.037000000826083
yolov8_seg,FP32,comun,A,0,308,25.75419998902362
yolov8_seg,FP32,comun,A,0,309,28.012299997499213
yolov8_seg,FP32,comun,A,0,310,12.98329999553971
yolov8_seg,FP32,comun,A,0,311,11.031699992599897
yolov8_seg,FP32,comun,A,0,312,19.634800002677366
yolov8_seg,FP32,comun,A,0,313,17.89259999350179
yolov8_seg,FP32,comun,A,0,314,13.300199992954731
yolov8_seg,FP32,comun,A,0,315,17.215600004419684
yolov8_seg,FP32,comun,A,0,316,13.376400005654432
yolov8_seg,FP32,comun,A,0,317,15.900800004601479
yolov8_seg,FP32,comun,A,0,318,17.01340000727214
yolov8_seg,FP32,comun,A,0,319,12.619000000995584
yolov8_seg,FP32,comun,A,0,320,14.40790000197012
yolov8_seg,FP32,comun,A,0,321,15.263599998434074
yolov8_seg,FP32,comun,A,0,322,19.44839999487158
yolov8_seg,FP32,comun,A,0,323,13.719399998080917
yolov8_seg,FP32,comun,A,0,324,13.825999994878657
yolov8_seg,FP32,comun,A,0,325,12.870100006693974
yolov8_seg,FP32,comun,A,0,326,12.959899991983548
yolov8_seg,FP32,comun,A,0,327,13.987300000735559
yolov8_seg,FP32,comun,A,0,328,13.997100002598017
yolov8_seg,FP32,comun,A,0,329,14.621900001657195
yolov8_seg,FP32,comun,A,0,330,15.47529999515973
yolov8_seg,FP32,comun,A,0,331,12.549699997180142
yolov8_seg,FP32,comun,A,0,332,15.260500003932975
yolov8_seg,FP32,comun,A,0,333,13.172499995562248
yolov8_seg,FP32,comun,A,0,334,16.09699999971781
yolov8_seg,FP32,comun,A,0,335,12.562800009618513
yolov8_seg,FP32,comun,A,0,336,18.498799996450543
yolov8_seg,FP32,comun,A,0,337,16.026800003601238
yolov8_seg,FP32,comun,A,0,338,13.403299992205575
yolov8_seg,FP32,comun,A,0,339,16.88369999465067
yolov8_seg,FP32,comun,A,0,340,13.672800007043406
yolov8_seg,FP32,comun,A,0,341,13.739200003328733
yolov8_seg,FP32,comun,A,0,342,13.688999999430962
yolov8_seg,FP32,comun,A,0,343,13.68410000577569
yolov8_seg,FP32,comun,A,0,344,13.951300003100187
yolov8_seg,FP32,comun,A,0,345,13.770299992756918
yolov8_seg,FP32,comun,A,0,346,15.536100007011555
yolov8_seg,FP32,comun,A,0,347,15.960999997332692
yolov8_seg,FP32,comun,A,0,348,12.770600005751476
yolov8_seg,FP32,comun,A,0,349,12.835000001359731
yolov8_seg,FP32,comun,A,0,350,13.119499999447726
yolov8_seg,FP32,comun,A,0,351,16.71080000232905
yolov8_seg,FP32,comun,A,0,352,12.477899988880381
yolov8_seg,FP32,comun,A,0,353,13.74720000603702
yolov8_seg,FP32,comun,A,0,354,16.691199998604134
yolov8_seg,FP32,comun,A,0,355,12.88320000458043
yolov8_seg,FP32,comun,A,0,356,13.071399996988475
yolov8_seg,FP32,comun,A,0,357,17.460599992773496
yolov8_seg,FP32,comun,A,0,358,11.742000002413988
yolov8_seg,FP32,comun,A,0,359,13.117200011038221
yolov8_seg,FP32,comun,A,0,360,16.933199993218295
yolov8_seg,FP32,comun,A,0,361,15.645799998310395
yolov8_seg,FP32,comun,A,0,362,14.305999997304752
yolov8_seg,FP32,comun,A,0,363,14.370300006703474
yolov8_seg,FP32,comun,A,0,364,13.969000006909482
yolov8_seg,FP32,comun,A,0,365,13.74029999715276
yolov8_seg,FP32,comun,A,0,366,14.364300004672259
yolov8_seg,FP32,comun,A,0,367,12.858399990363978
yolov8_seg,FP32,comun,A,0,368,22.65610000176821
yolov8_seg,FP32,comun,A,0,369,15.455899992957711
yolov8_seg,FP32,comun,A,0,370,12.277100002393126
yolov8_seg,FP32,comun,A,0,371,12.925500006531365
yolov8_seg,FP32,comun,A,0,372,12.64630000514444
yolov8_seg,FP32,comun,A,0,373,12.85880000796169
yolov8_seg,FP32,comun,B,0,0,33.92400000302587
yolov8_seg,FP32,comun,B,0,1,25.65120000508614
yolov8_seg,FP32,comun,B,0,2,30.094300003838725
yolov8_seg,FP32,comun,B,0,3,48.072900011902675
yolov8_seg,FP32,comun,B,0,4,34.27879999799188
yolov8_seg,FP32,comun,B,0,5,33.61440000298899
yolov8_seg,FP32,comun,B,0,6,34.75150000303984
yolov8_seg,FP32,comun,B,0,7,34.236799998325296
yolov8_seg,FP32,comun,B,0,8,25.611699995351955
yolov8_seg,FP32,comun,B,0,9,49.34119999234099
yolov8_seg,FP32,comun,B,0,10,28.277799996430986
yolov8_seg,FP32,comun,B,0,11,26.827900001080707
yolov8_seg,FP32,comun,B,0,12,38.00020000198856
yolov8_seg,FP32,comun,B,0,13,28.970699990168214
yolov8_seg,FP32,comun,B,0,14,28.134699998190627
yolov8_seg,FP32,comun,B,0,15,28.436200009309687
yolov8_seg,FP32,comun,B,0,16,26.125500007765368
yolov8_seg,FP32,comun,B,0,17,34.125799997127615
yolov8_seg,FP32,comun,B,0,18,26.57980000367388
yolov8_seg,FP32,comun,B,0,19,25.486200000159442
yolov8_seg,FP32,comun,B,0,20,41.87439999077469
yolov8_seg,FP32,comun,B,0,21,39.101199989090674
yolov8_seg,FP32,comun,B,0,22,33.71199998946395
yolov8_seg,FP32,comun,B,0,23,30.247699993196875
yolov8_seg,FP32,comun,B,0,24,27.532899999641813
yolov8_seg,FP32,comun,B,0,25,28.90809999371413
yolov8_seg,FP32,comun,B,0,26,25.32190000056289
yolov8_seg,FP32,comun,B,0,27,28.563500003656372
yolov8_seg,FP32,comun,B,0,28,39.11179999704473
yolov8_seg,FP32,comun,B,0,29,27.306600008159876
yolov8_seg,FP32,comun,B,0,30,27.2088000056101
yolov8_seg,FP32,comun,B,0,31,26.568800007225946
yolov8_seg,FP32,comun,B,0,32,28.59149999858346
yolov8_seg,FP32,comun,B,0,33,45.768500000122
yolov8_seg,FP32,comun,B,0,34,42.4423999938881
yolov8_seg,FP32,comun,B,0,35,38.935300006414764
yolov8_seg,FP32,comun,B,0,36,30.70079999451991
yolov8_seg,FP32,comun,B,0,37,30.07529999013059
yolov8_seg,FP32,comun,B,0,38,42.951900002663024
yolov8_seg,FP32,comun,B,0,39,23.627000002306886
yolov8_seg,FP32,comun,B,0,40,28.610800000024028
yolov8_seg,FP32,comun,B,0,41,26.71629999531433
yolov8_seg,FP32,comun,B,0,42,33.57780000078492
yolov8_seg,FP32,comun,B,0,43,33.99370000988711
yolov8_seg,FP32,comun,B,0,44,26.54160000383854
yolov8_seg,FP32,comun,B,0,45,28.087200000300072
yolov8_seg,FP32,comun,B,0,46,36.177000001771376
yolov8_seg,FP32,comun,B,0,47,32.08010000525974
yolov8_seg,FP32,comun,B,0,48,35.731900003156625
yolov8_seg,FP32,comun,B,0,49,39.049200000590645
yolov8_seg,FP32,comun,B,0,50,35.51660000812262
yolov8_seg,FP32,comun,B,0,51,29.51999999640975
yolov8_seg,FP32,comun,B,0,52,41.4706000010483
yolov8_seg,FP32,comun,B,0,53,31.447599991224706
yolov8_seg,FP32,comun,B,0,54,28.183499991428107
yolov8_seg,FP32,comun,B,0,55,26.80079999845475
yolov8_seg,FP32,comun,B,0,56,27.975599994533695
yolov8_seg,FP32,comun,B,0,57,26.677199988625944
yolov8_seg,FP32,comun,B,0,58,27.39409999048803
yolov8_seg,FP32,comun,B,0,59,30.58549998968374
yolov8_seg,FP32,comun,B,0,60,45.465999995940365
yolov8_seg,FP32,comun,B,0,61,28.19340000860393
yolov8_seg,FP32,comun,B,0,62,31.039199995575473
yolov8_seg,FP32,comun,B,0,63,26.748100004624575
yolov8_seg,FP32,comun,B,0,64,28.228400013176724
yolov8_seg,FP32,comun,B,0,65,30.546499998308718
yolov8_seg,FP32,comun,B,0,66,27.659800005494617
yolov8_seg,FP32,comun,B,0,67,22.788100002799183
yolov8_seg,FP32,comun,B,0,68,34.57489999709651
yolov8_seg,FP32,comun,B,0,69,31.90570000151638
yolov8_seg,FP32,comun,B,0,70,27.709200003300793
yolov8_seg,FP32,comun,B,0,71,28.565300002810545
yolov8_seg,FP32,comun,B,0,72,28.071400010958314
yolov8_seg,FP32,comun,B,0,73,27.081899999757297
yolov8_seg,FP32,comun,B,0,74,26.18580000125803
yolov8_seg,FP32,comun,B,0,75,28.498300001956522
yolov8_seg,FP32,comun,B,0,76,25.864400013233535
yolov8_seg,FP32,comun,B,0,77,36.83019999880344
yolov8_seg,FP32,comun,B,0,78,31.87659999821335
yolov8_seg,FP32,comun,B,0,79,29.306500000529923
yolov8_seg,FP32,comun,B,0,80,42.23370000545401
yolov8_seg,FP32,comun,B,0,81,28.400800001691096
yolov8_seg,FP32,comun,B,0,82,32.42040000623092
yolov8_seg,FP32,comun,B,0,83,33.513300004415214
yolov8_seg,FP32,comun,B,0,84,28.63000000070315
yolov8_seg,FP32,comun,B,0,85,28.641000011703
yolov8_seg,FP32,comun,B,0,86,28.596100004506297
yolov8_seg,FP32,comun,B,0,87,26.728700002422556
yolov8_seg,FP32,comun,B,0,88,33.001299991155975
yolov8_seg,FP32,comun,B,0,89,27.706299995770678
yolov8_seg,FP32,comun,B,0,90,25.539099995512515
yolov8_seg,FP32,comun,B,0,91,29.73589999601245
yolov8_seg,FP32,comun,B,0,92,34.118399998988025
yolov8_seg,FP32,comun,B,0,93,28.938399991602637
yolov8_seg,FP32,comun,B,0,94,28.812599994125776
yolov8_seg,FP32,comun,B,0,95,31.171299997367896
yolov8_seg,FP32,comun,B,0,96,29.101600011927076
yolov8_seg,FP32,comun,B,0,97,26.42589999595657
yolov8_seg,FP32,comun,B,0,98,28.732699996908195
yolov8_seg,FP32,comun,B,0,99,27.27019999292679
yolov8_seg,FP32,comun,B,0,100,30.119799994281493
yolov8_seg,FP32,comun,B,0,101,27.939000006881543
yolov8_seg,FP32,comun,B,0,102,27.30400000291411
yolov8_seg,FP32,comun,B,0,103,23.385399996186607
yolov8_seg,FP32,comun,B,0,104,28.056900002411567
yolov8_seg,FP32,comun,B,0,105,26.475399994524196
yolov8_seg,FP32,comun,B,0,106,26.801100000739098
yolov8_seg,FP32,comun,B,0,107,31.02930000750348
yolov8_seg,FP32,comun,B,0,108,31.356500010588206
yolov8_seg,FP32,comun,B,0,109,27.60400000261143
yolov8_seg,FP32,comun,B,0,110,30.205400005797856
yolov8_seg,FP32,comun,B,0,111,31.476300006033853
yolov8_seg,FP32,comun,B,0,112,27.584099996602163
yolov8_seg,FP32,comun,B,0,113,31.46579999884125
yolov8_seg,FP32,comun,B,0,114,32.53480000421405
yolov8_seg,FP32,comun,B,0,115,27.29610000096727
yolov8_seg,FP32,comun,B,0,116,31.28609999839682
yolov8_seg,FP32,comun,B,0,117,31.80100000463426
yolov8_seg,FP32,comun,B,0,118,28.216999999131076
yolov8_seg,FP32,comun,B,0,119,29.75779998814687
yolov8_seg,FP32,comun,B,0,120,27.596900006756186
yolov8_seg,FP32,comun,B,0,121,26.556800003163517
yolov8_seg,FP32,comun,B,0,122,27.50029999879189
yolov8_seg,FP32,comun,B,0,123,26.10649999405723
yolov8_seg,FP32,comun,B,0,124,29.753899987554178
yolov8_seg,FP32,comun,B,0,125,27.911600001971237
yolov8_seg,FP32,comun,B,0,126,35.50919999543112
yolov8_seg,FP32,comun,B,0,127,27.93490000476595
yolov8_seg,FP32,comun,B,0,128,32.19480000552721
yolov8_seg,FP32,comun,B,0,129,30.220200002077036
yolov8_seg,FP32,comun,B,0,130,28.226200010976754
yolov8_seg,FP32,comun,B,0,131,31.956999999238178
yolov8_seg,FP32,comun,B,0,132,33.566999991307966
yolov8_seg,FP32,comun,B,0,133,29.445000007399358
yolov8_seg,FP32,comun,B,0,134,26.158000007853843
yolov8_seg,FP32,comun,B,0,135,27.21130001009442
yolov8_seg,FP32,comun,B,0,136,37.68569999374449
yolov8_seg,FP32,comun,B,0,137,26.71310000005178
yolov8_seg,FP32,comun,B,0,138,34.48689999640919
yolov8_seg,FP32,comun,B,0,139,29.439299993100576
yolov8_seg,FP32,comun,B,0,140,29.42929998971522
yolov8_seg,FP32,comun,B,0,141,28.10769999632612
yolov8_seg,FP32,comun,B,0,142,26.104300006409176
yolov8_seg,FP32,comun,B,0,143,24.899000010918826
yolov8_seg,FP32,comun,B,0,144,29.980100007378496
yolov8_seg,FP32,comun,B,0,145,30.14149999944493
yolov8_seg,FP32,comun,B,0,146,28.458300002967007
yolov8_seg,FP32,comun,B,0,147,27.80670000356622
yolov8_seg,FP32,comun,B,0,148,27.88600001076702
yolov8_seg,FP32,comun,B,0,149,27.793000001111068
yolov8_seg,FP32,comun,B,0,150,27.43630000622943
yolov8_seg,FP32,comun,B,0,151,30.74499999638647
yolov8_seg,FP32,comun,B,0,152,30.191300000296906
yolov8_seg,FP32,comun,B,0,153,29.92380000068806
yolov8_seg,FP32,comun,B,0,154,25.098800004343502
yolov8_seg,FP32,comun,B,0,155,25.495699999737553
yolov8_seg,FP32,comun,B,0,156,30.254199999035336
yolov8_seg,FP32,comun,B,0,157,33.66669999377336
yolov8_seg,FP32,comun,B,0,158,29.196200004662387
yolov8_seg,FP32,comun,B,0,159,30.18970000266563
yolov8_seg,FP32,comun,B,0,160,26.769200005219318
yolov8_seg,FP32,comun,B,0,161,27.70599999348633
yolov8_seg,FP32,comun,B,0,162,30.370999986189418
yolov8_seg,FP32,comun,B,0,163,27.57249999558553
yolov8_seg,FP32,comun,B,0,164,27.121100007207133
yolov8_seg,FP32,comun,B,0,165,37.888499995460734
yolov8_seg,FP32,comun,B,0,166,26.0297999921022
yolov8_seg,FP32,comun,B,0,167,33.39290000440087
yolov8_seg,FP32,comun,B,0,168,30.32609999354463
yolov8_seg,FP32,comun,B,0,169,28.92309999151621
yolov8_seg,FP32,comun,B,0,170,26.612900008331053
yolov8_seg,FP32,comun,B,0,171,28.635399998165667
yolov8_seg,FP32,comun,B,0,172,34.1344000044046
yolov8_seg,FP32,comun,B,0,173,31.800600001588464
yolov8_seg,FP32,comun,B,0,174,29.288700010511093
yolov8_seg,FP32,comun,B,0,175,28.865800006315112
yolov8_seg,FP32,comun,B,0,176,31.088899995665997
yolov8_seg,FP32,comun,B,0,177,29.655500009539537
yolov8_seg,FP32,comun,B,0,178,28.82260001206305
yolov8_seg,FP32,comun,B,0,179,29.777400006423704
yolov8_seg,FP32,comun,B,0,180,28.89280000817962
yolov8_seg,FP32,comun,B,0,181,27.63029999914579
yolov8_seg,FP32,comun,B,0,182,28.906200008350424
yolov8_seg,FP32,comun,B,0,183,28.727700002491474
yolov8_seg,FP32,comun,B,0,184,28.920800003106706
yolov8_seg,FP32,comun,B,0,185,31.44399999291636
yolov8_seg,FP32,comun,B,0,186,26.889200002187863
yolov8_seg,FP32,comun,B,0,187,45.63239999697544
yolov8_seg,FP32,comun,B,0,188,28.293699986534193
yolov8_seg,FP32,comun,B,0,189,29.71429999161046
yolov8_seg,FP32,comun,B,0,190,30.30840000428725
yolov8_seg,FP32,comun,B,0,191,25.98079999734182
yolov8_seg,FP32,comun,B,0,192,30.106799997156486
yolov8_seg,FP32,comun,B,0,193,25.890700009767897
yolov8_seg,FP32,comun,B,0,194,28.660600000876002
yolov8_seg,FP32,comun,B,0,195,30.643700010841712
yolov8_seg,FP32,comun,B,0,196,30.866100001730956
yolov8_seg,FP32,comun,B,0,197,28.68450000823941
yolov8_seg,FP32,comun,B,0,198,30.030500012799166
yolov8_seg,FP32,comun,B,0,199,28.778300009435043
yolov8_seg,FP32,comun,B,0,200,41.63859999971464
yolov8_seg,FP32,comun,B,0,201,28.657899994868785
yolov8_seg,FP32,comun,B,0,202,28.223499990417622
yolov8_seg,FP32,comun,B,0,203,32.50129999651108
yolov8_seg,FP32,comun,B,0,204,38.66639999614563
yolov8_seg,FP32,comun,B,0,205,33.20390000590123
yolov8_seg,FP32,comun,B,0,206,33.40100000787061
yolov8_seg,FP32,comun,B,0,207,42.779700001119636
yolov8_seg,FP32,comun,B,0,208,38.795100001152605
yolov8_seg,FP32,comun,B,0,209,33.49750000052154
yolov8_seg,FP32,comun,B,0,210,31.909299999824725
yolov8_seg,FP32,comun,B,0,211,30.569599999580532
yolov8_seg,FP32,comun,B,0,212,26.337300005252473
yolov8_seg,FP32,comun,B,0,213,28.732200007652864
yolov8_seg,FP32,comun,B,0,214,33.52450000238605
yolov8_seg,FP32,comun,B,0,215,29.36670000781305
yolov8_seg,FP32,comun,B,0,216,30.21430000080727
yolov8_seg,FP32,comun,B,0,217,36.148200000752695
yolov8_seg,FP32,comun,B,0,218,30.616300005931407
yolov8_seg,FP32,comun,B,0,219,30.60689999256283
yolov8_seg,FP32,comun,B,0,220,29.23000000009779
yolov8_seg,FP32,comun,B,0,221,38.37230001226999
yolov8_seg,FP32,comun,B,0,222,41.74149999744259
yolov8_seg,FP32,comun,B,0,223,29.185599996708333
yolov8_seg,FP32,comun,B,0,224,26.804799999808893
yolov8_seg,FP32,comun,B,0,225,31.561600000713952
yolov8_seg,FP32,comun,B,0,226,30.71500000078231
yolov8_seg,FP32,comun,B,0,227,29.022999995504506
yolov8_seg,FP32,comun,B,0,228,27.997500001220033
yolov8_seg,FP32,comun,B,0,229,27.233900007558987
yolov8_seg,FP32,comun,B,0,230,36.00350000488106
yolov8_seg,FP32,comun,B,0,231,35.54859998985194
yolov8_seg,FP32,comun,B,0,232,31.701699990662746
yolov8_seg,FP32,comun,B,0,233,28.021199992508627
yolov8_seg,FP32,comun,B,0,234,34.08589999889955
yolov8_seg,FP32,comun,B,0,235,32.12519999942742
yolov8_seg,FP32,comun,B,0,236,22.787000008975156
yolov8_seg,FP32,comun,B,0,237,30.69320000940934
yolov8_seg,FP32,comun,B,0,238,29.74559999711346
yolov8_seg,FP32,comun,B,0,239,30.19579999090638
yolov8_seg,FP32,comun,B,0,240,30.333999995491467
yolov8_seg,FP32,comun,B,0,241,26.063400000566617
yolov8_seg,FP32,comun,B,0,242,31.759999998030253
yolov8_seg,FP32,comun,B,0,243,34.26049998961389
yolov8_seg,FP32,comun,B,0,244,44.82999999891035
yolov8_seg,FP32,comun,B,0,245,30.082099998253398
yolov8_seg,FP32,comun,B,0,246,27.184899998246692
yolov8_seg,FP32,comun,B,0,247,29.035300001851283
yolov8_seg,FP32,comun,B,0,248,34.709599989582784
yolov8_seg,FP32,comun,B,0,249,29.704600005061366
yolov8_seg,FP32,comun,B,0,250,26.387699996121228
yolov8_seg,FP32,comun,B,0,251,32.19300000637304
yolov8_seg,FP32,comun,B,0,252,28.427099998225458
yolov8_seg,FP32,comun,B,0,253,24.35019999393262
yolov8_seg,FP32,comun,B,0,254,26.61830000579357
yolov8_seg,FP32,comun,B,0,255,28.65570000722073
yolov8_seg,FP32,comun,B,0,256,39.7683000046527
yolov8_seg,FP32,comun,B,0,257,43.11319999396801
yolov8_seg,FP32,comun,B,0,258,29.172400012612343
yolov8_seg,FP32,comun,B,0,259,31.597900000633672
yolov8_seg,FP32,comun,B,0,260,28.124099990236573
yolov8_seg,FP32,comun,B,0,261,27.487899991683662
yolov8_seg,FP32,comun,B,0,262,30.769999997573905
yolov8_seg,FP32,comun,B,0,263,28.0058999924222
yolov8_seg,FP32,comun,B,0,264,30.98929999396205
yolov8_seg,FP32,comun,B,0,265,30.169499994372018
yolov8_seg,FP32,comun,B,0,266,31.595600012224168
yolov8_seg,FP32,comun,B,0,267,28.97060000395868
yolov8_seg,FP32,comun,B,0,268,29.759900004137307
yolov8_seg,FP32,comun,B,0,269,25.988599998527206
yolov8_seg,FP32,comun,B,0,270,27.62819999770727
yolov8_seg,FP32,comun,B,0,271,26.370799998403527
yolov8_seg,FP32,comun,B,0,272,29.787299994495697
yolov8_seg,FP32,comun,B,0,273,24.655799992615357
yolov8_seg,FP32,comun,B,0,274,28.149599995231256
yolov8_seg,FP32,comun,B,0,275,30.25090000301134
yolov8_seg,FP32,comun,B,0,276,34.8567000037292
yolov8_seg,FP32,comun,B,0,277,28.997399989748374
yolov8_seg,FP32,comun,B,0,278,29.840400005923584
yolov8_seg,FP32,comun,B,0,279,28.549099995871074
yolov8_seg,FP32,comun,B,0,280,28.764399990905076
yolov8_seg,FP32,comun,B,0,281,28.107199992518872
yolov8_seg,FP32,comun,B,0,282,32.155799999600276
yolov8_seg,FP32,comun,B,0,283,28.478499996708706
yolov8_seg,FP32,comun,B,0,284,29.22670000407379
yolov8_seg,FP32,comun,B,0,285,27.6573000010103
yolov8_seg,FP32,comun,B,0,286,32.94399999140296
yolov8_seg,FP32,comun,B,0,287,41.309299995191395
yolov8_seg,FP32,comun,B,0,288,23.28359999228269
yolov8_seg,FP32,comun,B,0,289,35.41729999415111
yolov8_seg,FP32,comun,B,0,290,39.579599993885495
yolov8_seg,FP32,comun,B,0,291,40.348700000322424
yolov8_seg,FP32,comun,B,0,292,28.23520000674762
yolov8_seg,FP32,comun,B,0,293,28.37520001048688
yolov8_seg,FP32,comun,B,0,294,31.977799997548573
yolov8_seg,FP32,comun,B,0,295,30.36170000268612
yolov8_seg,FP32,comun,B,0,296,34.142100004828535
yolov8_seg,FP32,comun,B,0,297,46.5227000095183
yolov8_seg,FP32,comun,B,0,298,28.42899999814108
yolov8_seg,FP32,comun,B,0,299,27.32349999132566
yolov8_seg,FP32,comun,B,0,300,31.062800000654534
yolov8_seg,FP32,comun,B,0,301,28.516400008811615
yolov8_seg,FP32,comun,B,0,302,26.73040000081528
yolov8_seg,FP32,comun,B,0,303,32.95710000384133
yolov8_seg,FP32,comun,B,0,304,28.852500006905757
yolov8_seg,FP32,comun,B,0,305,29.174600000260398
yolov8_seg,FP32,comun,B,0,306,35.24680000555236
yolov8_seg,FP32,comun,B,0,307,43.0013000004692
yolov8_seg,FP32,comun,B,0,308,30.07429999706801
yolov8_seg,FP32,comun,B,0,309,28.87199999531731
yolov8_seg,FP32,comun,B,0,310,24.045900005148724
yolov8_seg,FP32,comun,B,0,311,33.106300004874356
yolov8_seg,FP32,comun,B,0,312,35.41430000041146
yolov8_seg,FP32,comun,B,0,313,40.985499988892116
yolov8_seg,FP32,comun,B,0,314,36.06900000886526
yolov8_seg,FP32,comun,B,0,315,27.331300007062964
yolov8_seg,FP32,comun,B,0,316,31.715600009192713
yolov8_seg,FP32,comun,B,0,317,32.688000006601214
yolov8_seg,FP32,comun,B,0,318,29.605899995658547
yolov8_seg,FP32,comun,B,0,319,31.906899996101856
yolov8_seg,FP32,comun,B,0,320,28.90069999557454
yolov8_seg,FP32,comun,B,0,321,30.785200011450797
yolov8_seg,FP32,comun,B,0,322,30.546100009814836
yolov8_seg,FP32,comun,B,0,323,27.985000007902272
yolov8_seg,FP32,comun,B,0,324,31.177900003967807
yolov8_seg,FP32,comun,B,0,325,31.503699996392243
yolov8_seg,FP32,comun,B,0,326,29.675700003281236
yolov8_seg,FP32,comun,B,0,327,28.644099991652183
yolov8_seg,FP32,comun,B,0,328,31.2048999912804
yolov8_seg,FP32,comun,B,0,329,29.76239999406971
yolov8_seg,FP32,comun,B,0,330,32.27799999876879
yolov8_seg,FP32,comun,B,0,331,32.915999996475875
yolov8_seg,FP32,comun,B,0,332,28.962299998966046
yolov8_seg,FP32,comun,B,0,333,30.15890000096988
yolov8_seg,FP32,comun,B,0,334,33.96809998957906
yolov8_seg,FP32,comun,B,0,335,34.56239998922683
yolov8_seg,FP32,comun,B,0,336,34.62180000497028
yolov8_seg,FP32,comun,B,0,337,26.958800008287653
yolov8_seg,FP32,comun,B,0,338,26.276400007191114
yolov8_seg,FP32,comun,B,0,339,30.901500009349547
yolov8_seg,FP32,comun,B,0,340,28.32920000946615
yolov8_seg,FP32,comun,B,0,341,32.63600000354927
yolov8_seg,FP32,comun,B,0,342,27.085299996542744
yolov8_seg,FP32,comun,B,0,343,26.92979999119416
yolov8_seg,FP32,comun,B,0,344,28.80239998921752
yolov8_seg,FP32,comun,B,0,345,31.016699998872355
yolov8_seg,FP32,comun,B,0,346,29.156099990359508
yolov8_seg,FP32,comun,B,0,347,27.92320000298787
yolov8_seg,FP32,comun,B,0,348,33.5756999993464
yolov8_seg,FP32,comun,B,0,349,28.761999987182207
yolov8_seg,FP32,comun,B,0,350,28.11440000368748
yolov8_seg,FP32,comun,B,0,351,27.77250000508502
yolov8_seg,FP32,comun,B,0,352,26.12730000691954
yolov8_seg,FP32,comun,B,0,353,30.08609999960754
yolov8_seg,FP32,comun,B,0,354,28.367299993988127
yolov8_seg,FP32,comun,B,0,355,32.89690001111012
yolov8_seg,FP32,comun,B,0,356,33.27050000370946
yolov8_seg,FP32,comun,B,0,357,33.11349998693913
yolov8_seg,FP32,comun,B,0,358,26.58940000401344
yolov8_seg,FP32,comun,B,0,359,29.689299990423024
yolov8_seg,FP32,comun,B,0,360,25.86969999538269
yolov8_seg,FP32,comun,B,0,361,28.479800006607547
yolov8_seg,FP32,comun,B,0,362,29.81500000169035
yolov8_seg,FP32,comun,B,0,363,29.10080000583548
yolov8_seg,FP32,comun,B,0,364,30.725899996468797
yolov8_seg,FP32,comun,B,0,365,33.27810000337195
yolov8_seg,FP32,comun,B,0,366,26.723300004960038
yolov8_seg,FP32,comun,B,0,367,32.32960001332685
yolov8_seg,FP32,comun,B,0,368,26.578799996059388
yolov8_seg,FP32,comun,B,0,369,32.26089999952819
yolov8_seg,FP32,comun,B,0,370,30.909600012819283
yolov8_seg,FP32,comun,B,0,371,29.91160000965465
yolov8_seg,FP32,comun,B,0,372,39.89269999146927
yolov8_seg,FP32,comun,B,0,373,43.46679999434855
yolov8_seg,FP32,comun,A,1,0,18.24020000640303
yolov8_seg,FP32,comun,A,1,1,17.665600011241622
yolov8_seg,FP32,comun,A,1,2,17.336000004434027
yolov8_seg,FP32,comun,A,1,3,17.47099999920465
yolov8_seg,FP32,comun,A,1,4,20.94119999674149
yolov8_seg,FP32,comun,A,1,5,17.828199997893535
yolov8_seg,FP32,comun,A,1,6,18.57469999231398
yolov8_seg,FP32,comun,A,1,7,17.71759999974165
yolov8_seg,FP32,comun,A,1,8,17.065300009562634
yolov8_seg,FP32,comun,A,1,9,17.67699999618344
yolov8_seg,FP32,comun,A,1,10,17.402600002242252
yolov8_seg,FP32,comun,A,1,11,16.814499991596676
yolov8_seg,FP32,comun,A,1,12,17.145899997558445
yolov8_seg,FP32,comun,A,1,13,16.391299999668263
yolov8_seg,FP32,comun,A,1,14,16.77090000885073
yolov8_seg,FP32,comun,A,1,15,18.887500002165325
yolov8_seg,FP32,comun,A,1,16,16.693300000042655
yolov8_seg,FP32,comun,A,1,17,18.14159999776166
yolov8_seg,FP32,comun,A,1,18,16.19169999321457
yolov8_seg,FP32,comun,A,1,19,17.517500004032627
yolov8_seg,FP32,comun,A,1,20,16.628299999865703
yolov8_seg,FP32,comun,A,1,21,16.73329999903217
yolov8_seg,FP32,comun,A,1,22,16.19409999693744
yolov8_seg,FP32,comun,A,1,23,16.93080000404734
yolov8_seg,FP32,comun,A,1,24,16.521600002306513
yolov8_seg,FP32,comun,A,1,25,16.21599998907186
yolov8_seg,FP32,comun,A,1,26,16.256499991868623
yolov8_seg,FP32,comun,A,1,27,16.430199990281835
yolov8_seg,FP32,comun,A,1,28,17.600999999558553
yolov8_seg,FP32,comun,A,1,29,16.374599988921545
yolov8_seg,FP32,comun,A,1,30,16.19310000387486
yolov8_seg,FP32,comun,A,1,31,20.89640000485815
yolov8_seg,FP32,comun,A,1,32,14.471700007561594
yolov8_seg,FP32,comun,A,1,33,13.682400007382967
yolov8_seg,FP32,comun,A,1,34,15.169900012551807
yolov8_seg,FP32,comun,A,1,35,18.121100001735613
yolov8_seg,FP32,comun,A,1,36,13.884500003769062
yolov8_seg,FP32,comun,A,1,37,14.88559998688288
yolov8_seg,FP32,comun,A,1,38,13.231000004452653
yolov8_seg,FP32,comun,A,1,39,13.376000002608635
yolov8_seg,FP32,comun,A,1,40,19.562000001315027
yolov8_seg,FP32,comun,A,1,41,13.850299990735948
yolov8_seg,FP32,comun,A,1,42,14.346900003147312
yolov8_seg,FP32,comun,A,1,43,14.307299992651679
yolov8_seg,FP32,comun,A,1,44,15.149300001212396
yolov8_seg,FP32,comun,A,1,45,15.376499999547377
yolov8_seg,FP32,comun,A,1,46,14.217800009646453
yolov8_seg,FP32,comun,A,1,47,12.986899993848056
yolov8_seg,FP32,comun,A,1,48,13.647100000525825
yolov8_seg,FP32,comun,A,1,49,15.688200001022778
yolov8_seg,FP32,comun,A,1,50,14.315199994598515
yolov8_seg,FP32,comun,A,1,51,15.78729999891948
yolov8_seg,FP32,comun,A,1,52,12.70249999652151
yolov8_seg,FP32,comun,A,1,53,15.216199986753054
yolov8_seg,FP32,comun,A,1,54,13.070900007733144
yolov8_seg,FP32,comun,A,1,55,14.013400010298938
yolov8_seg,FP32,comun,A,1,56,13.983299999381416
yolov8_seg,FP32,comun,A,1,57,12.782299992977642
yolov8_seg,FP32,comun,A,1,58,14.06190000125207
yolov8_seg,FP32,comun,A,1,59,15.419199989992194
yolov8_seg,FP32,comun,A,1,60,14.252799999667332
yolov8_seg,FP32,comun,A,1,61,13.66099998995196
yolov8_seg,FP32,comun,A,1,62,12.866399993072264
yolov8_seg,FP32,comun,A,1,63,13.463900002534501
yolov8_seg,FP32,comun,A,1,64,13.628799992147833
yolov8_seg,FP32,comun,A,1,65,12.782700010575354
yolov8_seg,FP32,comun,A,1,66,13.742099996306933
yolov8_seg,FP32,comun,A,1,67,12.489500004448928
yolov8_seg,FP32,comun,A,1,68,14.271400010329671
yolov8_seg,FP32,comun,A,1,69,13.197299995226786
yolov8_seg,FP32,comun,A,1,70,14.565799996489659
yolov8_seg,FP32,comun,A,1,71,13.05080000020098
yolov8_seg,FP32,comun,A,1,72,14.394199999514967
yolov8_seg,FP32,comun,A,1,73,12.73580000270158
yolov8_seg,FP32,comun,A,1,74,13.939600001322106
yolov8_seg,FP32,comun,A,1,75,12.875700005679391
yolov8_seg,FP32,comun,A,1,76,12.670900003286079
yolov8_seg,FP32,comun,A,1,77,13.221699991845526
yolov8_seg,FP32,comun,A,1,78,13.582800005679019
yolov8_seg,FP32,comun,A,1,79,14.123100001597777
yolov8_seg,FP32,comun,A,1,80,16.891899998881854
yolov8_seg,FP32,comun,A,1,81,17.401200006133877
yolov8_seg,FP32,comun,A,1,82,13.632699992740527
yolov8_seg,FP32,comun,A,1,83,14.238900010241196
yolov8_seg,FP32,comun,A,1,84,13.054099996224977
yolov8_seg,FP32,comun,A,1,85,13.692900000023656
yolov8_seg,FP32,comun,A,1,86,13.594000003649853
yolov8_seg,FP32,comun,A,1,87,16.802699989057146
yolov8_seg,FP32,comun,A,1,88,15.166900004260242
yolov8_seg,FP32,comun,A,1,89,12.98040000256151
yolov8_seg,FP32,comun,A,1,90,12.978700004168786
yolov8_seg,FP32,comun,A,1,91,19.872999997460283
yolov8_seg,FP32,comun,A,1,92,14.456200005952269
yolov8_seg,FP32,comun,A,1,93,14.950300013879314
yolov8_seg,FP32,comun,A,1,94,12.976300000445917
yolov8_seg,FP32,comun,A,1,95,16.253099995083176
yolov8_seg,FP32,comun,A,1,96,13.271699994220398
yolov8_seg,FP32,comun,A,1,97,12.849599996116012
yolov8_seg,FP32,comun,A,1,98,14.760000005480833
yolov8_seg,FP32,comun,A,1,99,14.853500004392117
yolov8_seg,FP32,comun,A,1,100,14.065499999560416
yolov8_seg,FP32,comun,A,1,101,14.158599995425902
yolov8_seg,FP32,comun,A,1,102,12.711799994576722
yolov8_seg,FP32,comun,A,1,103,19.214300002204254
yolov8_seg,FP32,comun,A,1,104,14.002800002344884
yolov8_seg,FP32,comun,A,1,105,13.138000009348616
yolov8_seg,FP32,comun,A,1,106,19.41860000079032
yolov8_seg,FP32,comun,A,1,107,13.526399998227134
yolov8_seg,FP32,comun,A,1,108,18.71410000603646
yolov8_seg,FP32,comun,A,1,109,14.094799989834428
yolov8_seg,FP32,comun,A,1,110,13.126000005286187
yolov8_seg,FP32,comun,A,1,111,12.789800006430596
yolov8_seg,FP32,comun,A,1,112,13.300599996000528
yolov8_seg,FP32,comun,A,1,113,12.712399999145418
yolov8_seg,FP32,comun,A,1,114,13.209899989305995
yolov8_seg,FP32,comun,A,1,115,14.711499999975786
yolov8_seg,FP32,comun,A,1,116,14.339000001200475
yolov8_seg,FP32,comun,A,1,117,14.235399998142384
yolov8_seg,FP32,comun,A,1,118,14.111299999058247
yolov8_seg,FP32,comun,A,1,119,16.53710000391584
yolov8_seg,FP32,comun,A,1,120,16.511800000444055
yolov8_seg,FP32,comun,A,1,121,14.100499989581294
yolov8_seg,FP32,comun,A,1,122,16.69830000901129
yolov8_seg,FP32,comun,A,1,123,12.859299997217022
yolov8_seg,FP32,comun,A,1,124,13.498000000254251
yolov8_seg,FP32,comun,A,1,125,12.664599998970516
yolov8_seg,FP32,comun,A,1,126,13.870499999029562
yolov8_seg,FP32,comun,A,1,127,16.817199997603893
yolov8_seg,FP32,comun,A,1,128,14.091000004555099
yolov8_seg,FP32,comun,A,1,129,13.604400010081008
yolov8_seg,FP32,comun,A,1,130,14.137699996354058
yolov8_seg,FP32,comun,A,1,131,13.148899990483187
yolov8_seg,FP32,comun,A,1,132,13.063200007309206
yolov8_seg,FP32,comun,A,1,133,13.752700004260987
yolov8_seg,FP32,comun,A,1,134,12.77059999119956
yolov8_seg,FP32,comun,A,1,135,13.788800002657808
yolov8_seg,FP32,comun,A,1,136,14.06489999499172
yolov8_seg,FP32,comun,A,1,137,13.590999995358288
yolov8_seg,FP32,comun,A,1,138,13.467700002365746
yolov8_seg,FP32,comun,A,1,139,12.994000004255213
yolov8_seg,FP32,comun,A,1,140,13.043900005868636
yolov8_seg,FP32,comun,A,1,141,12.995400000363588
yolov8_seg,FP32,comun,A,1,142,13.174799998523667
yolov8_seg,FP32,comun,A,1,143,14.120000007096678
yolov8_seg,FP32,comun,A,1,144,14.031600003363565
yolov8_seg,FP32,comun,A,1,145,13.08190000418108
yolov8_seg,FP32,comun,A,1,146,12.875499989604577
yolov8_seg,FP32,comun,A,1,147,18.19170000089798
yolov8_seg,FP32,comun,A,1,148,13.140700000803918
yolov8_seg,FP32,comun,A,1,149,13.876500001060776
yolov8_seg,FP32,comun,A,1,150,13.911899994127452
yolov8_seg,FP32,comun,A,1,151,14.005499993800186
yolov8_seg,FP32,comun,A,1,152,13.484700000844896
yolov8_seg,FP32,comun,A,1,153,15.333499992266297
yolov8_seg,FP32,comun,A,1,154,12.358599997241981
yolov8_seg,FP32,comun,A,1,155,12.993099997402169
yolov8_seg,FP32,comun,A,1,156,14.025199998286553
yolov8_seg,FP32,comun,A,1,157,13.552999997045845
yolov8_seg,FP32,comun,A,1,158,13.676300004590303
yolov8_seg,FP32,comun,A,1,159,13.743999996222556
yolov8_seg,FP32,comun,A,1,160,13.9774999988731
yolov8_seg,FP32,comun,A,1,161,14.510400011204183
yolov8_seg,FP32,comun,A,1,162,13.246699993032962
yolov8_seg,FP32,comun,A,1,163,16.806900006486103
yolov8_seg,FP32,comun,A,1,164,14.225699997041374
yolov8_seg,FP32,comun,A,1,165,14.095199992880225
yolov8_seg,FP32,comun,A,1,166,11.16540000657551
yolov8_seg,FP32,comun,A,1,167,13.064999991911463
yolov8_seg,FP32,comun,A,1,168,16.834399997605942
yolov8_seg,FP32,comun,A,1,169,13.800000000628643
yolov8_seg,FP32,comun,A,1,170,12.74629999534227
yolov8_seg,FP32,comun,A,1,171,13.59890001185704
yolov8_seg,FP32,comun,A,1,172,13.95980000961572
yolov8_seg,FP32,comun,A,1,173,13.177100001485087
yolov8_seg,FP32,comun,A,1,174,14.88259999314323
yolov8_seg,FP32,comun,A,1,175,12.741200000164099
yolov8_seg,FP32,comun,A,1,176,14.045200005057268
yolov8_seg,FP32,comun,A,1,177,13.348299995413981
yolov8_seg,FP32,comun,A,1,178,13.554299992392771
yolov8_seg,FP32,comun,A,1,179,14.313099993159994
yolov8_seg,FP32,comun,A,1,180,13.294599993969314
yolov8_seg,FP32,comun,A,1,181,14.177299992297776
yolov8_seg,FP32,comun,A,1,182,14.406300004338846
yolov8_seg,FP32,comun,A,1,183,13.089400003082119
yolov8_seg,FP32,comun,A,1,184,13.07279999309685
yolov8_seg,FP32,comun,A,1,185,14.072499994654208
yolov8_seg,FP32,comun,A,1,186,15.367200001492165
yolov8_seg,FP32,comun,A,1,187,14.325399999506772
yolov8_seg,FP32,comun,A,1,188,18.401000008452684
yolov8_seg,FP32,comun,A,1,189,16.369200006010942
yolov8_seg,FP32,comun,A,1,190,17.703500008792616
yolov8_seg,FP32,comun,A,1,191,13.232100012828596
yolov8_seg,FP32,comun,A,1,192,13.856399993528612
yolov8_seg,FP32,comun,A,1,193,22.107600001618266
yolov8_seg,FP32,comun,A,1,194,13.095200003590435
yolov8_seg,FP32,comun,A,1,195,13.283599997521378
yolov8_seg,FP32,comun,A,1,196,13.313199990079738
yolov8_seg,FP32,comun,A,1,197,14.268299986724742
yolov8_seg,FP32,comun,A,1,198,13.01660000171978
yolov8_seg,FP32,comun,A,1,199,13.908900000387803
yolov8_seg,FP32,comun,A,1,200,12.607299999217503
yolov8_seg,FP32,comun,A,1,201,16.654399994877167
yolov8_seg,FP32,comun,A,1,202,18.500500009395182
yolov8_seg,FP32,comun,A,1,203,13.077600000542589
yolov8_seg,FP32,comun,A,1,204,13.161700000637211
yolov8_seg,FP32,comun,A,1,205,13.64790000661742
yolov8_seg,FP32,comun,A,1,206,12.953799989190884
yolov8_seg,FP32,comun,A,1,207,14.257399991038255
yolov8_seg,FP32,comun,A,1,208,13.917099990067072
yolov8_seg,FP32,comun,A,1,209,13.867399989976548
yolov8_seg,FP32,comun,A,1,210,13.57070000085514
yolov8_seg,FP32,comun,A,1,211,13.199400011217222
yolov8_seg,FP32,comun,A,1,212,13.383400000748225
yolov8_seg,FP32,comun,A,1,213,13.105499994708225
yolov8_seg,FP32,comun,A,1,214,13.108799990732223
yolov8_seg,FP32,comun,A,1,215,13.857400001143105
yolov8_seg,FP32,comun,A,1,216,13.531999997212552
yolov8_seg,FP32,comun,A,1,217,14.038300010724925
yolov8_seg,FP32,comun,A,1,218,13.76919999893289
yolov8_seg,FP32,comun,A,1,219,14.668200004962273
yolov8_seg,FP32,comun,A,1,220,12.899400011519901
yolov8_seg,FP32,comun,A,1,221,19.204399999580346
yolov8_seg,FP32,comun,A,1,222,12.629400007426739
yolov8_seg,FP32,comun,A,1,223,14.469600006123073
yolov8_seg,FP32,comun,A,1,224,13.698099995963275
yolov8_seg,FP32,comun,A,1,225,17.172299994854257
yolov8_seg,FP32,comun,A,1,226,15.745400000014342
yolov8_seg,FP32,comun,A,1,227,13.572800002293661
yolov8_seg,FP32,comun,A,1,228,14.15820000693202
yolov8_seg,FP32,comun,A,1,229,14.316999993752688
yolov8_seg,FP32,comun,A,1,230,13.529700008803047
yolov8_seg,FP32,comun,A,1,231,13.983199998619966
yolov8_seg,FP32,comun,A,1,232,12.856999994255602
yolov8_seg,FP32,comun,A,1,233,13.638900010846555
yolov8_seg,FP32,comun,A,1,234,14.796600007684901
yolov8_seg,FP32,comun,A,1,235,15.616299991961569
yolov8_seg,FP32,comun,A,1,236,16.021699993871152
yolov8_seg,FP32,comun,A,1,237,13.17439999547787
yolov8_seg,FP32,comun,A,1,238,14.474800002062693
yolov8_seg,FP32,comun,A,1,239,14.21910000499338
yolov8_seg,FP32,comun,A,1,240,14.404300003661774
yolov8_seg,FP32,comun,A,1,241,15.075200004503131
yolov8_seg,FP32,comun,A,1,242,16.921000002184883
yolov8_seg,FP32,comun,A,1,243,13.887299995985813
yolov8_seg,FP32,comun,A,1,244,17.555200000060722
yolov8_seg,FP32,comun,A,1,245,13.850000003003515
yolov8_seg,FP32,comun,A,1,246,12.749300003633834
yolov8_seg,FP32,comun,A,1,247,13.487599993823096
yolov8_seg,FP32,comun,A,1,248,14.682900000480004
yolov8_seg,FP32,comun,A,1,249,14.27529999637045
yolov8_seg,FP32,comun,A,1,250,16.239399992628023
yolov8_seg,FP32,comun,A,1,251,17.39540000562556
yolov8_seg,FP32,comun,A,1,252,16.793399991001934
yolov8_seg,FP32,comun,A,1,253,20.447199989575893
yolov8_seg,FP32,comun,A,1,254,13.890399990486912
yolov8_seg,FP32,comun,A,1,255,14.958600004320033
yolov8_seg,FP32,comun,A,1,256,15.209599994705059
yolov8_seg,FP32,comun,A,1,257,13.906599997426383
yolov8_seg,FP32,comun,A,1,258,14.111600001342595
yolov8_seg,FP32,comun,A,1,259,13.143599993782118
yolov8_seg,FP32,comun,A,1,260,14.813500005402602
yolov8_seg,FP32,comun,A,1,261,12.698400008957833
yolov8_seg,FP32,comun,A,1,262,13.311100003193133
yolov8_seg,FP32,comun,A,1,263,28.445299991290085
yolov8_seg,FP32,comun,A,1,264,14.138200000161305
yolov8_seg,FP32,comun,A,1,265,20.08969998860266
yolov8_seg,FP32,comun,A,1,266,15.069600005517714
yolov8_seg,FP32,comun,A,1,267,15.473599996767007
yolov8_seg,FP32,comun,A,1,268,13.577599995187484
yolov8_seg,FP32,comun,A,1,269,15.420999989146367
yolov8_seg,FP32,comun,A,1,270,14.799500000663102
yolov8_seg,FP32,comun,A,1,271,12.821500000427477
yolov8_seg,FP32,comun,A,1,272,12.600900008692406
yolov8_seg,FP32,comun,A,1,273,17.51249999506399
yolov8_seg,FP32,comun,A,1,274,14.886499993735924
yolov8_seg,FP32,comun,A,1,275,13.434699998470023
yolov8_seg,FP32,comun,A,1,276,14.131899995845743
yolov8_seg,FP32,comun,A,1,277,14.343699993332848
yolov8_seg,FP32,comun,A,1,278,18.987199990078807
yolov8_seg,FP32,comun,A,1,279,13.940600008936599
yolov8_seg,FP32,comun,A,1,280,13.480399997206405
yolov8_seg,FP32,comun,A,1,281,19.311299998662435
yolov8_seg,FP32,comun,A,1,282,14.633400001912378
yolov8_seg,FP32,comun,A,1,283,12.87209999281913
yolov8_seg,FP32,comun,A,1,284,14.025900003616698
yolov8_seg,FP32,comun,A,1,285,12.739700003294274
yolov8_seg,FP32,comun,A,1,286,15.600699989590794
yolov8_seg,FP32,comun,A,1,287,13.173999992432073
yolov8_seg,FP32,comun,A,1,288,21.508899997570552
yolov8_seg,FP32,comun,A,1,289,13.681199998245575
yolov8_seg,FP32,comun,A,1,290,17.015599994920194
yolov8_seg,FP32,comun,A,1,291,12.858200003392994
yolov8_seg,FP32,comun,A,1,292,15.302500003599562
yolov8_seg,FP32,comun,A,1,293,12.795000002370216
yolov8_seg,FP32,comun,A,1,294,13.029699999606237
yolov8_seg,FP32,comun,A,1,295,12.918899999931455
yolov8_seg,FP32,comun,A,1,296,14.321499998914078
yolov8_seg,FP32,comun,A,1,297,13.76850000815466
yolov8_seg,FP32,comun,A,1,298,13.14260000071954
yolov8_seg,FP32,comun,A,1,299,14.059300010558218
yolov8_seg,FP32,comun,A,1,300,14.264299999922514
yolov8_seg,FP32,comun,A,1,301,14.058600005228072
yolov8_seg,FP32,comun,A,1,302,13.958800002001226
yolov8_seg,FP32,comun,A,1,303,14.242000004742295
yolov8_seg,FP32,comun,A,1,304,13.182399998186156
yolov8_seg,FP32,comun,A,1,305,12.586800003191456
yolov8_seg,FP32,comun,A,1,306,17.590600007679313
yolov8_seg,FP32,comun,A,1,307,13.048699998762459
yolov8_seg,FP32,comun,A,1,308,13.637899988680147
yolov8_seg,FP32,comun,A,1,309,12.856000001193024
yolov8_seg,FP32,comun,A,1,310,18.113300000550225
yolov8_seg,FP32,comun,A,1,311,19.81700000760611
yolov8_seg,FP32,comun,A,1,312,13.06779999868013
yolov8_seg,FP32,comun,A,1,313,13.347400003112853
yolov8_seg,FP32,comun,A,1,314,13.049100001808256
yolov8_seg,FP32,comun,A,1,315,13.275399993290193
yolov8_seg,FP32,comun,A,1,316,13.015499993343838
yolov8_seg,FP32,comun,A,1,317,14.240699994843453
yolov8_seg,FP32,comun,A,1,318,17.612099996767938
yolov8_seg,FP32,comun,A,1,319,15.775099993334152
yolov8_seg,FP32,comun,A,1,320,13.988899998366833
yolov8_seg,FP32,comun,A,1,321,15.831500000786036
yolov8_seg,FP32,comun,A,1,322,13.266800000565127
yolov8_seg,FP32,comun,A,1,323,15.129099992918782
yolov8_seg,FP32,comun,A,1,324,14.483799997833557
yolov8_seg,FP32,comun,A,1,325,12.875300002633594
yolov8_seg,FP32,comun,A,1,326,13.364300000830553
yolov8_seg,FP32,comun,A,1,327,13.255099998787045
yolov8_seg,FP32,comun,A,1,328,13.032400005613454
yolov8_seg,FP32,comun,A,1,329,13.349499989999458
yolov8_seg,FP32,comun,A,1,330,14.200999998138286
yolov8_seg,FP32,comun,A,1,331,13.138300011632964
yolov8_seg,FP32,comun,A,1,332,12.940799992065877
yolov8_seg,FP32,comun,A,1,333,18.498799996450543
yolov8_seg,FP32,comun,A,1,334,12.999300000956282
yolov8_seg,FP32,comun,A,1,335,12.69230000616517
yolov8_seg,FP32,comun,A,1,336,13.168299992685206
yolov8_seg,FP32,comun,A,1,337,18.418799998471513
yolov8_seg,FP32,comun,A,1,338,13.784800001303665
yolov8_seg,FP32,comun,A,1,339,15.81540000915993
yolov8_seg,FP32,comun,A,1,340,13.290999995660968
yolov8_seg,FP32,comun,A,1,341,23.000900007900782
yolov8_seg,FP32,comun,A,1,342,13.063899998087436
yolov8_seg,FP32,comun,A,1,343,16.100200009532273
yolov8_seg,FP32,comun,A,1,344,14.791900001000613
yolov8_seg,FP32,comun,A,1,345,14.144300002953969
yolov8_seg,FP32,comun,A,1,346,13.071200010017492
yolov8_seg,FP32,comun,A,1,347,16.039299996919
yolov8_seg,FP32,comun,A,1,348,12.93299999088049
yolov8_seg,FP32,comun,A,1,349,14.317799999844283
yolov8_seg,FP32,comun,A,1,350,13.22710000385996
yolov8_seg,FP32,comun,A,1,351,15.605099993990734
yolov8_seg,FP32,comun,A,1,352,18.481999999494292
yolov8_seg,FP32,comun,A,1,353,12.88689998909831
yolov8_seg,FP32,comun,A,1,354,12.969000003067777
yolov8_seg,FP32,comun,A,1,355,14.232999994419515
yolov8_seg,FP32,comun,A,1,356,13.145999997504987
yolov8_seg,FP32,comun,A,1,357,13.13520000257995
yolov8_seg,FP32,comun,A,1,358,11.414199994760565
yolov8_seg,FP32,comun,A,1,359,13.777000000118278
yolov8_seg,FP32,comun,A,1,360,17.039300000760704
yolov8_seg,FP32,comun,A,1,361,16.550599990296178
yolov8_seg,FP32,comun,A,1,362,13.062800004263408
yolov8_seg,FP32,comun,A,1,363,14.3233999988297
yolov8_seg,FP32,comun,A,1,364,12.879099987912923
yolov8_seg,FP32,comun,A,1,365,13.99380000657402
yolov8_seg,FP32,comun,A,1,366,13.879199992516078
yolov8_seg,FP32,comun,A,1,367,14.11450000887271
yolov8_seg,FP32,comun,A,1,368,14.054899991606362
yolov8_seg,FP32,comun,A,1,369,13.06339999428019
yolov8_seg,FP32,comun,A,1,370,15.488999997614883
yolov8_seg,FP32,comun,A,1,371,12.903900002129376
yolov8_seg,FP32,comun,A,1,372,20.851300010690466
yolov8_seg,FP32,comun,A,1,373,14.141499996185303
yolov8_seg,FP32,comun,B,1,0,31.80630000133533
yolov8_seg,FP32,comun,B,1,1,27.415300006396137
yolov8_seg,FP32,comun,B,1,2,28.291499998886138
yolov8_seg,FP32,comun,B,1,3,33.27519999584183
yolov8_seg,FP32,comun,B,1,4,29.461400001309812
yolov8_seg,FP32,comun,B,1,5,33.46109999984037
yolov8_seg,FP32,comun,B,1,6,29.011000005993992
yolov8_seg,FP32,comun,B,1,7,27.114399999845773
yolov8_seg,FP32,comun,B,1,8,25.759399999515153
yolov8_seg,FP32,comun,B,1,9,27.045000009820797
yolov8_seg,FP32,comun,B,1,10,26.94080000219401
yolov8_seg,FP32,comun,B,1,11,27.4442999943858
yolov8_seg,FP32,comun,B,1,12,31.39210000517778
yolov8_seg,FP32,comun,B,1,13,30.12940000917297
yolov8_seg,FP32,comun,B,1,14,28.18700000352692
yolov8_seg,FP32,comun,B,1,15,27.69590000389144
yolov8_seg,FP32,comun,B,1,16,27.77760000026319
yolov8_seg,FP32,comun,B,1,17,38.59840000222903
yolov8_seg,FP32,comun,B,1,18,31.4968000020599
yolov8_seg,FP32,comun,B,1,19,29.913999998825602
yolov8_seg,FP32,comun,B,1,20,27.278699999442324
yolov8_seg,FP32,comun,B,1,21,25.838699992164038
yolov8_seg,FP32,comun,B,1,22,32.47059999557678
yolov8_seg,FP32,comun,B,1,23,32.61219999694731
yolov8_seg,FP32,comun,B,1,24,35.57359999103937
yolov8_seg,FP32,comun,B,1,25,33.531099994434044
yolov8_seg,FP32,comun,B,1,26,25.964699991163798
yolov8_seg,FP32,comun,B,1,27,25.95389999623876
yolov8_seg,FP32,comun,B,1,28,26.017399999545887
yolov8_seg,FP32,comun,B,1,29,27.12870000686962
yolov8_seg,FP32,comun,B,1,30,26.375700006610714
yolov8_seg,FP32,comun,B,1,31,26.40310001152102
yolov8_seg,FP32,comun,B,1,32,29.015000007348135
yolov8_seg,FP32,comun,B,1,33,26.858800003537908
yolov8_seg,FP32,comun,B,1,34,28.212699995492585
yolov8_seg,FP32,comun,B,1,35,26.67559999099467
yolov8_seg,FP32,comun,B,1,36,29.82789999805391
yolov8_seg,FP32,comun,B,1,37,29.26070000103209
yolov8_seg,FP32,comun,B,1,38,28.890299989143386
yolov8_seg,FP32,comun,B,1,39,23.871299999882467
yolov8_seg,FP32,comun,B,1,40,28.465900002629496
yolov8_seg,FP32,comun,B,1,41,25.85569999064319
yolov8_seg,FP32,comun,B,1,42,27.40000000630971
yolov8_seg,FP32,comun,B,1,43,29.562499999883585
yolov8_seg,FP32,comun,B,1,44,26.561700011370704
yolov8_seg,FP32,comun,B,1,45,28.17510000022594
yolov8_seg,FP32,comun,B,1,46,36.090599998715334
yolov8_seg,FP32,comun,B,1,47,31.858600006671622
yolov8_seg,FP32,comun,B,1,48,29.1228999994928
yolov8_seg,FP32,comun,B,1,49,32.69499998714309
yolov8_seg,FP32,comun,B,1,50,29.03330000117421
yolov8_seg,FP32,comun,B,1,51,30.125899997074157
yolov8_seg,FP32,comun,B,1,52,25.395800010301173
yolov8_seg,FP32,comun,B,1,53,31.011300001409836
yolov8_seg,FP32,comun,B,1,54,28.201200009789318
yolov8_seg,FP32,comun,B,1,55,27.123599997139536
yolov8_seg,FP32,comun,B,1,56,28.01799999724608
yolov8_seg,FP32,comun,B,1,57,26.75620000809431
yolov8_seg,FP32,comun,B,1,58,26.797400001669303
yolov8_seg,FP32,comun,B,1,59,31.782099991687573
yolov8_seg,FP32,comun,B,1,60,32.31280000181869
yolov8_seg,FP32,comun,B,1,61,27.76599999924656
yolov8_seg,FP32,comun,B,1,62,31.038000000989996
yolov8_seg,FP32,comun,B,1,63,26.0948999930406
yolov8_seg,FP32,comun,B,1,64,28.52629999688361
yolov8_seg,FP32,comun,B,1,65,30.837099999189377
yolov8_seg,FP32,comun,B,1,66,27.475199996843003
yolov8_seg,FP32,comun,B,1,67,23.06730000418611
yolov8_seg,FP32,comun,B,1,68,30.2462999970885
yolov8_seg,FP32,comun,B,1,69,31.65290001197718
yolov8_seg,FP32,comun,B,1,70,27.624299997114576
yolov8_seg,FP32,comun,B,1,71,29.237900002044626
yolov8_seg,FP32,comun,B,1,72,26.84350000345148
yolov8_seg,FP32,comun,B,1,73,26.659700000891462
yolov8_seg,FP32,comun,B,1,74,26.14980000362266
yolov8_seg,FP32,comun,B,1,75,28.095700006815605
yolov8_seg,FP32,comun,B,1,76,25.53990000160411
yolov8_seg,FP32,comun,B,1,77,36.59889999835286
yolov8_seg,FP32,comun,B,1,78,27.462999991257675
yolov8_seg,FP32,comun,B,1,79,28.99700000125449
yolov8_seg,FP32,comun,B,1,80,33.457600002293475
yolov8_seg,FP32,comun,B,1,81,32.775100000435486
yolov8_seg,FP32,comun,B,1,82,32.64629999466706
yolov8_seg,FP32,comun,B,1,83,30.172499988111667
yolov8_seg,FP32,comun,B,1,84,28.261999992537312
yolov8_seg,FP32,comun,B,1,85,28.103999997256324
yolov8_seg,FP32,comun,B,1,86,34.975299990037456
yolov8_seg,FP32,comun,B,1,87,26.387999998405576
yolov8_seg,FP32,comun,B,1,88,32.978100003674626
yolov8_seg,FP32,comun,B,1,89,28.425800002878532
yolov8_seg,FP32,comun,B,1,90,25.930599993444048
yolov8_seg,FP32,comun,B,1,91,30.08120000595227
yolov8_seg,FP32,comun,B,1,92,33.37140000076033
yolov8_seg,FP32,comun,B,1,93,27.79700000246521
yolov8_seg,FP32,comun,B,1,94,28.44030001142528
yolov8_seg,FP32,comun,B,1,95,30.62099999806378
yolov8_seg,FP32,comun,B,1,96,29.270799990626983
yolov8_seg,FP32,comun,B,1,97,27.50680000463035
yolov8_seg,FP32,comun,B,1,98,28.766100003849715
yolov8_seg,FP32,comun,B,1,99,27.409599992097355
yolov8_seg,FP32,comun,B,1,100,29.72520000184886
yolov8_seg,FP32,comun,B,1,101,27.660899999318644
yolov8_seg,FP32,comun,B,1,102,27.71440001379233
yolov8_seg,FP32,comun,B,1,103,23.84150000580121
yolov8_seg,FP32,comun,B,1,104,26.51470000273548
yolov8_seg,FP32,comun,B,1,105,27.05180000339169
yolov8_seg,FP32,comun,B,1,106,27.259199996478856
yolov8_seg,FP32,comun,B,1,107,31.55519999563694
yolov8_seg,FP32,comun,B,1,108,31.510100001469254
yolov8_seg,FP32,comun,B,1,109,27.474899994558655
yolov8_seg,FP32,comun,B,1,110,30.16030001163017
yolov8_seg,FP32,comun,B,1,111,31.553399996482767
yolov8_seg,FP32,comun,B,1,112,28.352900000754744
yolov8_seg,FP32,comun,B,1,113,31.44770000653807
yolov8_seg,FP32,comun,B,1,114,32.65520000422839
yolov8_seg,FP32,comun,B,1,115,27.85030000086408
yolov8_seg,FP32,comun,B,1,116,31.450099995709024
yolov8_seg,FP32,comun,B,1,117,31.68790000199806
yolov8_seg,FP32,comun,B,1,118,28.079000010620803
yolov8_seg,FP32,comun,B,1,119,30.04040000087116
yolov8_seg,FP32,comun,B,1,120,27.10030000889674
yolov8_seg,FP32,comun,B,1,121,26.151899990509264
yolov8_seg,FP32,comun,B,1,122,27.62149999034591
yolov8_seg,FP32,comun,B,1,123,26.404000003822148
yolov8_seg,FP32,comun,B,1,124,28.416100001777522
yolov8_seg,FP32,comun,B,1,125,28.301999991526827
yolov8_seg,FP32,comun,B,1,126,38.00760000012815
yolov8_seg,FP32,comun,B,1,127,27.049199998145923
yolov8_seg,FP32,comun,B,1,128,26.870100002270192
yolov8_seg,FP32,comun,B,1,129,27.576699998462573
yolov8_seg,FP32,comun,B,1,130,27.07209999789484
yolov8_seg,FP32,comun,B,1,131,31.723600011901
yolov8_seg,FP32,comun,B,1,132,33.324799995170906
yolov8_seg,FP32,comun,B,1,133,29.617000007419847
yolov8_seg,FP32,comun,B,1,134,26.206499998806976
yolov8_seg,FP32,comun,B,1,135,26.194200007012114
yolov8_seg,FP32,comun,B,1,136,37.00100000423845
yolov8_seg,FP32,comun,B,1,137,26.657499998691492
yolov8_seg,FP32,comun,B,1,138,25.641299987910315
yolov8_seg,FP32,comun,B,1,139,29.252200009068474
yolov8_seg,FP32,comun,B,1,140,29.687300004297867
yolov8_seg,FP32,comun,B,1,141,28.29790000396315
yolov8_seg,FP32,comun,B,1,142,25.814699998591095
yolov8_seg,FP32,comun,B,1,143,25.19899999606423
yolov8_seg,FP32,comun,B,1,144,32.21419999317732
yolov8_seg,FP32,comun,B,1,145,33.05910000926815
yolov8_seg,FP32,comun,B,1,146,31.5790000022389
yolov8_seg,FP32,comun,B,1,147,27.16669999063015
yolov8_seg,FP32,comun,B,1,148,27.965899993432686
yolov8_seg,FP32,comun,B,1,149,27.9006000055233
yolov8_seg,FP32,comun,B,1,150,27.05910000076983
yolov8_seg,FP32,comun,B,1,151,30.939300006139092
yolov8_seg,FP32,comun,B,1,152,29.908600001363084
yolov8_seg,FP32,comun,B,1,153,30.58469999814406
yolov8_seg,FP32,comun,B,1,154,29.776199997286312
yolov8_seg,FP32,comun,B,1,155,28.500799991888925
yolov8_seg,FP32,comun,B,1,156,30.178499990142882
yolov8_seg,FP32,comun,B,1,157,32.76479999476578
yolov8_seg,FP32,comun,B,1,158,29.29710000171326
yolov8_seg,FP32,comun,B,1,159,31.147300003794953
yolov8_seg,FP32,comun,B,1,160,27.82679999654647
yolov8_seg,FP32,comun,B,1,161,29.02459999313578
yolov8_seg,FP32,comun,B,1,162,30.237699989811517
yolov8_seg,FP32,comun,B,1,163,27.193799993256107
yolov8_seg,FP32,comun,B,1,164,27.70730000338517
yolov8_seg,FP32,comun,B,1,165,38.127399995573796
yolov8_seg,FP32,comun,B,1,166,25.51369999127928
yolov8_seg,FP32,comun,B,1,167,31.89060000295285
yolov8_seg,FP32,comun,B,1,168,29.52979999827221
yolov8_seg,FP32,comun,B,1,169,28.90839999599848
yolov8_seg,FP32,comun,B,1,170,29.172800001106225
yolov8_seg,FP32,comun,B,1,171,30.49760000430979
yolov8_seg,FP32,comun,B,1,172,36.48699999030214
yolov8_seg,FP32,comun,B,1,173,35.12510001019109
yolov8_seg,FP32,comun,B,1,174,33.56539999367669
yolov8_seg,FP32,comun,B,1,175,29.36339999723714
yolov8_seg,FP32,comun,B,1,176,35.23610001138877
yolov8_seg,FP32,comun,B,1,177,30.148199992254376
yolov8_seg,FP32,comun,B,1,178,28.635900001972914
yolov8_seg,FP32,comun,B,1,179,29.16920000279788
yolov8_seg,FP32,comun,B,1,180,28.923699996084906
yolov8_seg,FP32,comun,B,1,181,27.90580000146292
yolov8_seg,FP32,comun,B,1,182,28.945099998963997
yolov8_seg,FP32,comun,B,1,183,28.53500000492204
yolov8_seg,FP32,comun,B,1,184,28.840500002843328
yolov8_seg,FP32,comun,B,1,185,41.80739998992067
yolov8_seg,FP32,comun,B,1,186,37.77100000297651
yolov8_seg,FP32,comun,B,1,187,45.75289999775123
yolov8_seg,FP32,comun,B,1,188,35.82180000375956
yolov8_seg,FP32,comun,B,1,189,29.43109998886939
yolov8_seg,FP32,comun,B,1,190,30.747700002393685
yolov8_seg,FP32,comun,B,1,191,25.68069999688305
yolov8_seg,FP32,comun,B,1,192,30.15439999580849
yolov8_seg,FP32,comun,B,1,193,33.03780000715051
yolov8_seg,FP32,comun,B,1,194,31.17440000642091
yolov8_seg,FP32,comun,B,1,195,32.76479999476578
yolov8_seg,FP32,comun,B,1,196,30.960899995989166
yolov8_seg,FP32,comun,B,1,197,28.18749999278225
yolov8_seg,FP32,comun,B,1,198,30.051399997319095
yolov8_seg,FP32,comun,B,1,199,28.53879999020137
yolov8_seg,FP32,comun,B,1,200,30.852399999275804
yolov8_seg,FP32,comun,B,1,201,28.142800001660362
yolov8_seg,FP32,comun,B,1,202,28.784300011466257
yolov8_seg,FP32,comun,B,1,203,32.56800000963267
yolov8_seg,FP32,comun,B,1,204,35.16319999471307
yolov8_seg,FP32,comun,B,1,205,29.65820000099484
yolov8_seg,FP32,comun,B,1,206,30.415499990340322
yolov8_seg,FP32,comun,B,1,207,31.675399994128384
yolov8_seg,FP32,comun,B,1,208,43.549099995289
yolov8_seg,FP32,comun,B,1,209,33.718999999109656
yolov8_seg,FP32,comun,B,1,210,31.55519999563694
yolov8_seg,FP32,comun,B,1,211,34.8736000014469
yolov8_seg,FP32,comun,B,1,212,29.69590001157485
yolov8_seg,FP32,comun,B,1,213,28.4793000028003
yolov8_seg,FP32,comun,B,1,214,32.91259999969043
yolov8_seg,FP32,comun,B,1,215,28.893900002003647
yolov8_seg,FP32,comun,B,1,216,30.136799992760643
yolov8_seg,FP32,comun,B,1,217,36.129100000835024
yolov8_seg,FP32,comun,B,1,218,30.446399992797524
yolov8_seg,FP32,comun,B,1,219,30.65450000576675
yolov8_seg,FP32,comun,B,1,220,28.816100006224588
yolov8_seg,FP32,comun,B,1,221,27.845299991895445
yolov8_seg,FP32,comun,B,1,222,30.974099994637072
yolov8_seg,FP32,comun,B,1,223,37.80669999832753
yolov8_seg,FP32,comun,B,1,224,33.19800000463147
yolov8_seg,FP32,comun,B,1,225,31.768100001499988
yolov8_seg,FP32,comun,B,1,226,29.948000010335818
yolov8_seg,FP32,comun,B,1,227,28.454600003897212
yolov8_seg,FP32,comun,B,1,228,27.567199998884462
yolov8_seg,FP32,comun,B,1,229,27.488200008519925
yolov8_seg,FP32,comun,B,1,230,35.10340000502765
yolov8_seg,FP32,comun,B,1,231,35.4384999955073
yolov8_seg,FP32,comun,B,1,232,31.722200001240708
yolov8_seg,FP32,comun,B,1,233,27.665000001434237
yolov8_seg,FP32,comun,B,1,234,40.0350999989314
yolov8_seg,FP32,comun,B,1,235,32.46719999879133
yolov8_seg,FP32,comun,B,1,236,22.366999997757375
yolov8_seg,FP32,comun,B,1,237,30.263500011642464
yolov8_seg,FP32,comun,B,1,238,28.712300001643598
yolov8_seg,FP32,comun,B,1,239,29.639300002600066
yolov8_seg,FP32,comun,B,1,240,29.773799993563443
yolov8_seg,FP32,comun,B,1,241,27.457599993795156
yolov8_seg,FP32,comun,B,1,242,33.476900003734045
yolov8_seg,FP32,comun,B,1,243,33.8216999953147
yolov8_seg,FP32,comun,B,1,244,33.67440000874922
yolov8_seg,FP32,comun,B,1,245,29.591699989396147
yolov8_seg,FP32,comun,B,1,246,24.875500006601214
yolov8_seg,FP32,comun,B,1,247,28.826499998103827
yolov8_seg,FP32,comun,B,1,248,23.097800003597513
yolov8_seg,FP32,comun,B,1,249,29.498600008082576
yolov8_seg,FP32,comun,B,1,250,26.465400005690753
yolov8_seg,FP32,comun,B,1,251,39.625699995667674
yolov8_seg,FP32,comun,B,1,252,39.081899987650104
yolov8_seg,FP32,comun,B,1,253,32.54960000049323
yolov8_seg,FP32,comun,B,1,254,25.801700001466088
yolov8_seg,FP32,comun,B,1,255,39.65599999355618
yolov8_seg,FP32,comun,B,1,256,29.474700000719167
yolov8_seg,FP32,comun,B,1,257,31.58550000807736
yolov8_seg,FP32,comun,B,1,258,29.076499995426275
yolov8_seg,FP32,comun,B,1,259,32.845699999597855
yolov8_seg,FP32,comun,B,1,260,26.973799991537817
yolov8_seg,FP32,comun,B,1,261,26.60420000029262
yolov8_seg,FP32,comun,B,1,262,29.062399989925325
yolov8_seg,FP32,comun,B,1,263,28.230900003109127
yolov8_seg,FP32,comun,B,1,264,29.963900000439025
yolov8_seg,FP32,comun,B,1,265,29.599000001326203
yolov8_seg,FP32,comun,B,1,266,43.90930000226945
yolov8_seg,FP32,comun,B,1,267,29.20829999493435
yolov8_seg,FP32,comun,B,1,268,28.865799991763197
yolov8_seg,FP32,comun,B,1,269,25.754699992830865
yolov8_seg,FP32,comun,B,1,270,27.76579999772366
yolov8_seg,FP32,comun,B,1,271,25.887899988447316
yolov8_seg,FP32,comun,B,1,272,29.116899997461587
yolov8_seg,FP32,comun,B,1,273,24.471000011544675
yolov8_seg,FP32,comun,B,1,274,28.51869999722112
yolov8_seg,FP32,comun,B,1,275,30.274100005044602
yolov8_seg,FP32,comun,B,1,276,35.00540000095498
yolov8_seg,FP32,comun,B,1,277,29.417500001727603
yolov8_seg,FP32,comun,B,1,278,31.39240000746213
yolov8_seg,FP32,comun,B,1,279,39.74720000405796
yolov8_seg,FP32,comun,B,1,280,28.835999997681938
yolov8_seg,FP32,comun,B,1,281,38.77749999810476
yolov8_seg,FP32,comun,B,1,282,44.5839000021806
yolov8_seg,FP32,comun,B,1,283,29.092900003888644
yolov8_seg,FP32,comun,B,1,284,32.24309999495745
yolov8_seg,FP32,comun,B,1,285,30.454100007773377
yolov8_seg,FP32,comun,B,1,286,36.41320001042914
yolov8_seg,FP32,comun,B,1,287,29.189799999585375
yolov8_seg,FP32,comun,B,1,288,23.324500012677163
yolov8_seg,FP32,comun,B,1,289,31.12709999550134
yolov8_seg,FP32,comun,B,1,290,31.36320000339765
yolov8_seg,FP32,comun,B,1,291,33.44080000533722
yolov8_seg,FP32,comun,B,1,292,28.389300001435913
yolov8_seg,FP32,comun,B,1,293,37.72820001177024
yolov8_seg,FP32,comun,B,1,294,32.02909999527037
yolov8_seg,FP32,comun,B,1,295,29.785899998387322
yolov8_seg,FP32,comun,B,1,296,31.217199997627176
yolov8_seg,FP32,comun,B,1,297,38.838699998450466
yolov8_seg,FP32,comun,B,1,298,36.788900004466996
yolov8_seg,FP32,comun,B,1,299,28.11949999886565
yolov8_seg,FP32,comun,B,1,300,31.35669999755919
yolov8_seg,FP32,comun,B,1,301,29.000599999562837
yolov8_seg,FP32,comun,B,1,302,26.671300001908094
yolov8_seg,FP32,comun,B,1,303,33.90480000234675
yolov8_seg,FP32,comun,B,1,304,29.044900002190843
yolov8_seg,FP32,comun,B,1,305,29.077700004563667
yolov8_seg,FP32,comun,B,1,306,28.22399999422487
yolov8_seg,FP32,comun,B,1,307,31.917800006340258
yolov8_seg,FP32,comun,B,1,308,29.881800001021475
yolov8_seg,FP32,comun,B,1,309,29.818299997714348
yolov8_seg,FP32,comun,B,1,310,23.882399997091852
yolov8_seg,FP32,comun,B,1,311,36.48159999283962
yolov8_seg,FP32,comun,B,1,312,32.995400004438125
yolov8_seg,FP32,comun,B,1,313,29.975399986142293
yolov8_seg,FP32,comun,B,1,314,30.910200002836064
yolov8_seg,FP32,comun,B,1,315,27.67340000718832
yolov8_seg,FP32,comun,B,1,316,32.75480000593234
yolov8_seg,FP32,comun,B,1,317,33.63069999613799
yolov8_seg,FP32,comun,B,1,318,29.673900004127063
yolov8_seg,FP32,comun,B,1,319,32.22680000180844
yolov8_seg,FP32,comun,B,1,320,29.544700009864755
yolov8_seg,FP32,comun,B,1,321,30.77490000578109
yolov8_seg,FP32,comun,B,1,322,30.834600009256974
yolov8_seg,FP32,comun,B,1,323,28.669399995123968
yolov8_seg,FP32,comun,B,1,324,32.52799999609124
yolov8_seg,FP32,comun,B,1,325,28.260500010219403
yolov8_seg,FP32,comun,B,1,326,30.223299996578135
yolov8_seg,FP32,comun,B,1,327,36.70510000665672
yolov8_seg,FP32,comun,B,1,328,41.42660000070464
yolov8_seg,FP32,comun,B,1,329,33.63340000214521
yolov8_seg,FP32,comun,B,1,330,36.694800000987016
yolov8_seg,FP32,comun,B,1,331,32.84369999892078
yolov8_seg,FP32,comun,B,1,332,29.48830000241287
yolov8_seg,FP32,comun,B,1,333,35.74920000392012
yolov8_seg,FP32,comun,B,1,334,33.51340000517666
yolov8_seg,FP32,comun,B,1,335,33.438500002375804
yolov8_seg,FP32,comun,B,1,336,36.25439999450464
yolov8_seg,FP32,comun,B,1,337,26.763799993204884
yolov8_seg,FP32,comun,B,1,338,27.377899998100474
yolov8_seg,FP32,comun,B,1,339,33.439900013036095
yolov8_seg,FP32,comun,B,1,340,38.71340000478085
yolov8_seg,FP32,comun,B,1,341,32.504200004041195
yolov8_seg,FP32,comun,B,1,342,28.29030000430066
yolov8_seg,FP32,comun,B,1,343,30.72500000416767
yolov8_seg,FP32,comun,B,1,344,28.85450000758283
yolov8_seg,FP32,comun,B,1,345,30.596900003729388
yolov8_seg,FP32,comun,B,1,346,39.76680000778288
yolov8_seg,FP32,comun,B,1,347,27.850900005432777
yolov8_seg,FP32,comun,B,1,348,32.57819999998901
yolov8_seg,FP32,comun,B,1,349,28.78930000588298
yolov8_seg,FP32,comun,B,1,350,28.26769999228418
yolov8_seg,FP32,comun,B,1,351,28.09290000004694
yolov8_seg,FP32,comun,B,1,352,28.536400001030415
yolov8_seg,FP32,comun,B,1,353,41.50240001035854
yolov8_seg,FP32,comun,B,1,354,39.57400000945199
yolov8_seg,FP32,comun,B,1,355,32.88320000865497
yolov8_seg,FP32,comun,B,1,356,37.6815999916289
yolov8_seg,FP32,comun,B,1,357,33.76350000326056
yolov8_seg,FP32,comun,B,1,358,26.57010000257287
yolov8_seg,FP32,comun,B,1,359,34.12679999019019
yolov8_seg,FP32,comun,B,1,360,38.57920000154991
yolov8_seg,FP32,comun,B,1,361,28.622099998756312
yolov8_seg,FP32,comun,B,1,362,29.574100000900216
yolov8_seg,FP32,comun,B,1,363,39.895699999760836
yolov8_seg,FP32,comun,B,1,364,31.583799995132722
yolov8_seg,FP32,comun,B,1,365,34.04739999677986
yolov8_seg,FP32,comun,B,1,366,27.060399996116757
yolov8_seg,FP32,comun,B,1,367,32.45749999769032
yolov8_seg,FP32,comun,B,1,368,35.655499988934025
yolov8_seg,FP32,comun,B,1,369,44.94419999537058
yolov8_seg,FP32,comun,B,1,370,34.84860000025947
yolov8_seg,FP32,comun,B,1,371,29.30309998919256
yolov8_seg,FP32,comun,B,1,372,28.05629999784287
yolov8_seg,FP32,comun,B,1,373,31.275200002710335
yolov8_seg,FP32,comun,A,2,0,18.76730000367388
yolov8_seg,FP32,comun,A,2,1,18.30569999583531
yolov8_seg,FP32,comun,A,2,2,18.725700007053092
yolov8_seg,FP32,comun,A,2,3,18.534999995608814
yolov8_seg,FP32,comun,A,2,4,18.016500005614944
yolov8_seg,FP32,comun,A,2,5,18.832000001566485
yolov8_seg,FP32,comun,A,2,6,19.589300005463883
yolov8_seg,FP32,comun,A,2,7,18.008500002906658
yolov8_seg,FP32,comun,A,2,8,17.50450000690762
yolov8_seg,FP32,comun,A,2,9,16.86429999244865
yolov8_seg,FP32,comun,A,2,10,16.51490000949707
yolov8_seg,FP32,comun,A,2,11,17.108199986978434
yolov8_seg,FP32,comun,A,2,12,16.98640000540763
yolov8_seg,FP32,comun,A,2,13,16.77940000081435
yolov8_seg,FP32,comun,A,2,14,28.01769999496173
yolov8_seg,FP32,comun,A,2,15,16.526599996723235
yolov8_seg,FP32,comun,A,2,16,16.164000000571832
yolov8_seg,FP32,comun,A,2,17,16.57079999858979
yolov8_seg,FP32,comun,A,2,18,20.521200000075623
yolov8_seg,FP32,comun,A,2,19,16.08049999049399
yolov8_seg,FP32,comun,A,2,20,17.076600008294918
yolov8_seg,FP32,comun,A,2,21,16.13189998897724
yolov8_seg,FP32,comun,A,2,22,16.493800008902326
yolov8_seg,FP32,comun,A,2,23,15.963099998771213
yolov8_seg,FP32,comun,A,2,24,16.399400003138
yolov8_seg,FP32,comun,A,2,25,16.631099992082454
yolov8_seg,FP32,comun,A,2,26,16.76009999937378
yolov8_seg,FP32,comun,A,2,27,14.072200006921776
yolov8_seg,FP32,comun,A,2,28,15.059299999848008
yolov8_seg,FP32,comun,A,2,29,13.897800003178418
yolov8_seg,FP32,comun,A,2,30,16.906699995161034
yolov8_seg,FP32,comun,A,2,31,15.37669998651836
yolov8_seg,FP32,comun,A,2,32,14.296399996965192
yolov8_seg,FP32,comun,A,2,33,17.35119998920709
yolov8_seg,FP32,comun,A,2,34,15.720800001872703
yolov8_seg,FP32,comun,A,2,35,14.690500000142492
yolov8_seg,FP32,comun,A,2,36,14.772399998037145
yolov8_seg,FP32,comun,A,2,37,16.27540000481531
yolov8_seg,FP32,comun,A,2,38,13.87830000021495
yolov8_seg,FP32,comun,A,2,39,13.358500000322238
yolov8_seg,FP32,comun,A,2,40,14.431300005526282
yolov8_seg,FP32,comun,A,2,41,14.395500009413809
yolov8_seg,FP32,comun,A,2,42,13.884799991501495
yolov8_seg,FP32,comun,A,2,43,13.528299998142757
yolov8_seg,FP32,comun,A,2,44,14.144000000669621
yolov8_seg,FP32,comun,A,2,45,15.232699995976873
yolov8_seg,FP32,comun,A,2,46,13.481700007105246
yolov8_seg,FP32,comun,A,2,47,13.424899996607564
yolov8_seg,FP32,comun,A,2,48,14.614800005801953
yolov8_seg,FP32,comun,A,2,49,15.62940000439994
yolov8_seg,FP32,comun,A,2,50,13.949500003946014
yolov8_seg,FP32,comun,A,2,51,13.047100001131184
yolov8_seg,FP32,comun,A,2,52,13.200399989727885
yolov8_seg,FP32,comun,A,2,53,15.436500005307607
yolov8_seg,FP32,comun,A,2,54,13.370500004384667
yolov8_seg,FP32,comun,A,2,55,13.829800009261817
yolov8_seg,FP32,comun,A,2,56,16.41269998799544
yolov8_seg,FP32,comun,A,2,57,19.17220000177622
yolov8_seg,FP32,comun,A,2,58,13.401399992289953
yolov8_seg,FP32,comun,A,2,59,18.992299999808893
yolov8_seg,FP32,comun,A,2,60,13.300899998284876
yolov8_seg,FP32,comun,A,2,61,13.91670000157319
yolov8_seg,FP32,comun,A,2,62,14.356200001202524
yolov8_seg,FP32,comun,A,2,63,13.696399997570552
yolov8_seg,FP32,comun,A,2,64,19.45479999994859
yolov8_seg,FP32,comun,A,2,65,13.576800003647804
yolov8_seg,FP32,comun,A,2,66,14.674600010039285
yolov8_seg,FP32,comun,A,2,67,12.122799991630018
yolov8_seg,FP32,comun,A,2,68,13.74989999749232
yolov8_seg,FP32,comun,A,2,69,13.600500009488314
yolov8_seg,FP32,comun,A,2,70,13.155799999367446
yolov8_seg,FP32,comun,A,2,71,13.724399992497638
yolov8_seg,FP32,comun,A,2,72,13.782199996057898
yolov8_seg,FP32,comun,A,2,73,15.754100008052774
yolov8_seg,FP32,comun,A,2,74,13.219999993452802
yolov8_seg,FP32,comun,A,2,75,13.321599995833822
yolov8_seg,FP32,comun,A,2,76,12.957799990545027
yolov8_seg,FP32,comun,A,2,77,17.646899999817833
yolov8_seg,FP32,comun,A,2,78,14.12779999373015
yolov8_seg,FP32,comun,A,2,79,14.248199993744493
yolov8_seg,FP32,comun,A,2,80,14.291000014054589
yolov8_seg,FP32,comun,A,2,81,14.907300006598234
yolov8_seg,FP32,comun,A,2,82,14.29749999078922
yolov8_seg,FP32,comun,A,2,83,13.063900012639351
yolov8_seg,FP32,comun,A,2,84,12.988899994525127
yolov8_seg,FP32,comun,A,2,85,14.584600008674897
yolov8_seg,FP32,comun,A,2,86,14.029400001163594
yolov8_seg,FP32,comun,A,2,87,14.202399994246662
yolov8_seg,FP32,comun,A,2,88,14.544699995894916
yolov8_seg,FP32,comun,A,2,89,12.817599999834783
yolov8_seg,FP32,comun,A,2,90,13.333900002180599
yolov8_seg,FP32,comun,A,2,91,14.134899989585392
yolov8_seg,FP32,comun,A,2,92,16.734300006646663
yolov8_seg,FP32,comun,A,2,93,15.865100009250455
yolov8_seg,FP32,comun,A,2,94,12.90339999832213
yolov8_seg,FP32,comun,A,2,95,14.477700009592809
yolov8_seg,FP32,comun,A,2,96,12.794900001608767
yolov8_seg,FP32,comun,A,2,97,13.172200007829815
yolov8_seg,FP32,comun,A,2,98,13.95159999083262
yolov8_seg,FP32,comun,A,2,99,13.93590000225231
yolov8_seg,FP32,comun,A,2,100,13.845299996319227
yolov8_seg,FP32,comun,A,2,101,13.808899995638058
yolov8_seg,FP32,comun,A,2,102,15.906000000541098
yolov8_seg,FP32,comun,A,2,103,13.627000007545575
yolov8_seg,FP32,comun,A,2,104,13.37809998949524
yolov8_seg,FP32,comun,A,2,105,14.719600003445521
yolov8_seg,FP32,comun,A,2,106,13.929799999459647
yolov8_seg,FP32,comun,A,2,107,13.778199994703755
yolov8_seg,FP32,comun,A,2,108,12.678900005994365
yolov8_seg,FP32,comun,A,2,109,13.453999999910593
yolov8_seg,FP32,comun,A,2,110,14.094500002101995
yolov8_seg,FP32,comun,A,2,111,15.664699996705167
yolov8_seg,FP32,comun,A,2,112,12.647400013520382
yolov8_seg,FP32,comun,A,2,113,13.16630000656005
yolov8_seg,FP32,comun,A,2,114,13.726300006965175
yolov8_seg,FP32,comun,A,2,115,15.325700005632825
yolov8_seg,FP32,comun,A,2,116,12.98339999630116
yolov8_seg,FP32,comun,A,2,117,18.253600006573834
yolov8_seg,FP32,comun,A,2,118,13.729199999943376
yolov8_seg,FP32,comun,A,2,119,13.367400009883568
yolov8_seg,FP32,comun,A,2,120,14.066399991861545
yolov8_seg,FP32,comun,A,2,121,16.24479999009054
yolov8_seg,FP32,comun,A,2,122,13.183199989725836
yolov8_seg,FP32,comun,A,2,123,12.987399997655302
yolov8_seg,FP32,comun,A,2,124,14.92280000820756
yolov8_seg,FP32,comun,A,2,125,13.042400008998811
yolov8_seg,FP32,comun,A,2,126,13.37660000717733
yolov8_seg,FP32,comun,A,2,127,13.057200005277991
yolov8_seg,FP32,comun,A,2,128,12.903700000606477
yolov8_seg,FP32,comun,A,2,129,13.170599995646626
yolov8_seg,FP32,comun,A,2,130,13.871400005882606
yolov8_seg,FP32,comun,A,2,131,21.331700001610443
yolov8_seg,FP32,comun,A,2,132,15.006100002210587
yolov8_seg,FP32,comun,A,2,133,14.30350000737235
yolov8_seg,FP32,comun,A,2,134,13.95159999083262
yolov8_seg,FP32,comun,A,2,135,14.06719999795314
yolov8_seg,FP32,comun,A,2,136,16.15370000945404
yolov8_seg,FP32,comun,A,2,137,14.35959999798797
yolov8_seg,FP32,comun,A,2,138,14.31830000365153
yolov8_seg,FP32,comun,A,2,139,16.290900006424636
yolov8_seg,FP32,comun,A,2,140,13.159800000721589
yolov8_seg,FP32,comun,A,2,141,13.780399996903725
yolov8_seg,FP32,comun,A,2,142,13.130199993611313
yolov8_seg,FP32,comun,A,2,143,13.546899994253181
yolov8_seg,FP32,comun,A,2,144,13.517700004740618
yolov8_seg,FP32,comun,A,2,145,12.749300003633834
yolov8_seg,FP32,comun,A,2,146,16.841699994984083
yolov8_seg,FP32,comun,A,2,147,12.059400003636256
yolov8_seg,FP32,comun,A,2,148,17.54169999912847
yolov8_seg,FP32,comun,A,2,149,13.195000006817281
yolov8_seg,FP32,comun,A,2,150,16.591799998423085
yolov8_seg,FP32,comun,A,2,151,14.011899998877198
yolov8_seg,FP32,comun,A,2,152,13.081400000373833
yolov8_seg,FP32,comun,A,2,153,19.61870001105126
yolov8_seg,FP32,comun,A,2,154,12.989599999855272
yolov8_seg,FP32,comun,A,2,155,18.796799995470792
yolov8_seg,FP32,comun,A,2,156,14.020800008438528
yolov8_seg,FP32,comun,A,2,157,15.889799993601628
yolov8_seg,FP32,comun,A,2,158,15.17990000138525
yolov8_seg,FP32,comun,A,2,159,16.156600002432242
yolov8_seg,FP32,comun,A,2,160,16.47479999519419
yolov8_seg,FP32,comun,A,2,161,15.110100008314475
yolov8_seg,FP32,comun,A,2,162,12.813399996957742
yolov8_seg,FP32,comun,A,2,163,13.977900001918897
yolov8_seg,FP32,comun,A,2,164,14.20559998950921
yolov8_seg,FP32,comun,A,2,165,14.104899993981235
yolov8_seg,FP32,comun,A,2,166,11.972500011324883
yolov8_seg,FP32,comun,A,2,167,12.961999993422069
yolov8_seg,FP32,comun,A,2,168,13.570299997809343
yolov8_seg,FP32,comun,A,2,169,13.35960000869818
yolov8_seg,FP32,comun,A,2,170,14.114699995843694
yolov8_seg,FP32,comun,A,2,171,12.88340000610333
yolov8_seg,FP32,comun,A,2,172,14.572500003851019
yolov8_seg,FP32,comun,A,2,173,12.805699996533804
yolov8_seg,FP32,comun,A,2,174,13.848899994627573
yolov8_seg,FP32,comun,A,2,175,12.930800003232434
yolov8_seg,FP32,comun,A,2,176,13.430299994070083
yolov8_seg,FP32,comun,A,2,177,14.657400010037236
yolov8_seg,FP32,comun,A,2,178,13.524099995265715
yolov8_seg,FP32,comun,A,2,179,12.887699995189905
yolov8_seg,FP32,comun,A,2,180,13.8950999971712
yolov8_seg,FP32,comun,A,2,181,12.953299999935552
yolov8_seg,FP32,comun,A,2,182,18.192400006228127
yolov8_seg,FP32,comun,A,2,183,13.976000002003275
yolov8_seg,FP32,comun,A,2,184,14.198699995176867
yolov8_seg,FP32,comun,A,2,185,14.68570000724867
yolov8_seg,FP32,comun,A,2,186,15.52649999212008
yolov8_seg,FP32,comun,A,2,187,13.15069998963736
yolov8_seg,FP32,comun,A,2,188,13.869999995222315
yolov8_seg,FP32,comun,A,2,189,15.095900002052076
yolov8_seg,FP32,comun,A,2,190,13.542800006689504
yolov8_seg,FP32,comun,A,2,191,12.929700009408407
yolov8_seg,FP32,comun,A,2,192,14.660999993793666
yolov8_seg,FP32,comun,A,2,193,13.955900009023026
yolov8_seg,FP32,comun,A,2,194,13.793899997835979
yolov8_seg,FP32,comun,A,2,195,13.518599997041747
yolov8_seg,FP32,comun,A,2,196,15.647399995941669
yolov8_seg,FP32,comun,A,2,197,15.105500002391636
yolov8_seg,FP32,comun,A,2,198,12.790099994163029
yolov8_seg,FP32,comun,A,2,199,15.314599993871525
yolov8_seg,FP32,comun,A,2,200,17.414500005543232
yolov8_seg,FP32,comun,A,2,201,13.173599989386275
yolov8_seg,FP32,comun,A,2,202,12.926100011100061
yolov8_seg,FP32,comun,A,2,203,14.965800000936724
yolov8_seg,FP32,comun,A,2,204,14.360900007886812
yolov8_seg,FP32,comun,A,2,205,13.233199992100708
yolov8_seg,FP32,comun,A,2,206,13.106500002322719
yolov8_seg,FP32,comun,A,2,207,13.164200005121529
yolov8_seg,FP32,comun,A,2,208,13.869999995222315
yolov8_seg,FP32,comun,A,2,209,12.851100007537752
yolov8_seg,FP32,comun,A,2,210,13.622400001622736
yolov8_seg,FP32,comun,A,2,211,15.654100003303029
yolov8_seg,FP32,comun,A,2,212,15.765999996801838
yolov8_seg,FP32,comun,A,2,213,12.967799993930385
yolov8_seg,FP32,comun,A,2,214,24.53310000419151
yolov8_seg,FP32,comun,A,2,215,13.944999998784624
yolov8_seg,FP32,comun,A,2,216,14.08120000269264
yolov8_seg,FP32,comun,A,2,217,14.35979999951087
yolov8_seg,FP32,comun,A,2,218,13.543699998990633
yolov8_seg,FP32,comun,A,2,219,19.267000010586344
yolov8_seg,FP32,comun,A,2,220,13.37670000793878
yolov8_seg,FP32,comun,A,2,221,18.547899991972372
yolov8_seg,FP32,comun,A,2,222,13.66190001135692
yolov8_seg,FP32,comun,A,2,223,15.251799995894544
yolov8_seg,FP32,comun,A,2,224,12.626399999135174
yolov8_seg,FP32,comun,A,2,225,21.741400007158518
yolov8_seg,FP32,comun,A,2,226,13.76400000299327
yolov8_seg,FP32,comun,A,2,227,12.655699989409186
yolov8_seg,FP32,comun,A,2,228,11.128800004371442
yolov8_seg,FP32,comun,A,2,229,19.320799998240545
yolov8_seg,FP32,comun,A,2,230,12.889599995105527
yolov8_seg,FP32,comun,A,2,231,16.695999991497956
yolov8_seg,FP32,comun,A,2,232,13.799099993775599
yolov8_seg,FP32,comun,A,2,233,16.91029999346938
yolov8_seg,FP32,comun,A,2,234,12.769499997375533
yolov8_seg,FP32,comun,A,2,235,13.66260000213515
yolov8_seg,FP32,comun,A,2,236,13.203599999542348
yolov8_seg,FP32,comun,A,2,237,12.919000000692904
yolov8_seg,FP32,comun,A,2,238,15.09529999748338
yolov8_seg,FP32,comun,A,2,239,19.293999997898936
yolov8_seg,FP32,comun,A,2,240,14.258399998652749
yolov8_seg,FP32,comun,A,2,241,13.597199998912401
yolov8_seg,FP32,comun,A,2,242,13.224099995568395
yolov8_seg,FP32,comun,A,2,243,13.361700010136701
yolov8_seg,FP32,comun,A,2,244,14.2212000064319
yolov8_seg,FP32,comun,A,2,245,13.125700003001839
yolov8_seg,FP32,comun,A,2,246,13.002899999264628
yolov8_seg,FP32,comun,A,2,247,14.308400001027621
yolov8_seg,FP32,comun,A,2,248,12.91950000450015
yolov8_seg,FP32,comun,A,2,249,14.527600011206232
yolov8_seg,FP32,comun,A,2,250,14.346800002385862
yolov8_seg,FP32,comun,A,2,251,14.800999997532926
yolov8_seg,FP32,comun,A,2,252,12.688100003288127
yolov8_seg,FP32,comun,A,2,253,22.316899994621053
yolov8_seg,FP32,comun,A,2,254,16.30039999145083
yolov8_seg,FP32,comun,A,2,255,15.633300004992634
yolov8_seg,FP32,comun,A,2,256,12.911199999507517
yolov8_seg,FP32,comun,A,2,257,13.669699997990392
yolov8_seg,FP32,comun,A,2,258,19.40820000891108
yolov8_seg,FP32,comun,A,2,259,13.018700003158301
yolov8_seg,FP32,comun,A,2,260,12.52780000504572
yolov8_seg,FP32,comun,A,2,261,12.998599995626137
yolov8_seg,FP32,comun,A,2,262,14.383700006874278
yolov8_seg,FP32,comun,A,2,263,16.405599992140196
yolov8_seg,FP32,comun,A,2,264,13.220900000305846
yolov8_seg,FP32,comun,A,2,265,14.124599998467602
yolov8_seg,FP32,comun,A,2,266,12.962599997990765
yolov8_seg,FP32,comun,A,2,267,13.018300000112504
yolov8_seg,FP32,comun,A,2,268,15.893000003416091
yolov8_seg,FP32,comun,A,2,269,15.546299997367896
yolov8_seg,FP32,comun,A,2,270,13.465800002450123
yolov8_seg,FP32,comun,A,2,271,12.957099999766797
yolov8_seg,FP32,comun,A,2,272,13.98699999845121
yolov8_seg,FP32,comun,A,2,273,11.015299998689443
yolov8_seg,FP32,comun,A,2,274,14.19910001277458
yolov8_seg,FP32,comun,A,2,275,20.741000000271015
yolov8_seg,FP32,comun,A,2,276,13.557099999161437
yolov8_seg,FP32,comun,A,2,277,13.420699993730523
yolov8_seg,FP32,comun,A,2,278,14.169200003379956
yolov8_seg,FP32,comun,A,2,279,14.508299995213747
yolov8_seg,FP32,comun,A,2,280,13.145899996743537
yolov8_seg,FP32,comun,A,2,281,13.657399991643615
yolov8_seg,FP32,comun,A,2,282,22.911599997314624
yolov8_seg,FP32,comun,A,2,283,12.311699989368208
yolov8_seg,FP32,comun,A,2,284,13.272500000311993
yolov8_seg,FP32,comun,A,2,285,27.795500005595386
yolov8_seg,FP32,comun,A,2,286,15.643999999156222
yolov8_seg,FP32,comun,A,2,287,13.18629999877885
yolov8_seg,FP32,comun,A,2,288,13.906599997426383
yolov8_seg,FP32,comun,A,2,289,14.284399992902763
yolov8_seg,FP32,comun,A,2,290,14.252799999667332
yolov8_seg,FP32,comun,A,2,291,13.992799998959526
yolov8_seg,FP32,comun,A,2,292,13.146099998266436
yolov8_seg,FP32,comun,A,2,293,12.814000001526438
yolov8_seg,FP32,comun,A,2,294,12.496900002588518
yolov8_seg,FP32,comun,A,2,295,14.344299997901544
yolov8_seg,FP32,comun,A,2,296,16.120000000228174
yolov8_seg,FP32,comun,A,2,297,13.283099993714131
yolov8_seg,FP32,comun,A,2,298,13.034699994022958
yolov8_seg,FP32,comun,A,2,299,13.850400006049313
yolov8_seg,FP32,comun,A,2,300,13.986000005388632
yolov8_seg,FP32,comun,A,2,301,18.816900003002957
yolov8_seg,FP32,comun,A,2,302,17.716799993650056
yolov8_seg,FP32,comun,A,2,303,16.65399999183137
yolov8_seg,FP32,comun,A,2,304,13.0557999946177
yolov8_seg,FP32,comun,A,2,305,12.988200003746897
yolov8_seg,FP32,comun,A,2,306,12.853899999754503
yolov8_seg,FP32,comun,A,2,307,15.100000004167669
yolov8_seg,FP32,comun,A,2,308,13.147999998182058
yolov8_seg,FP32,comun,A,2,309,18.033600004855543
yolov8_seg,FP32,comun,A,2,310,18.910599988885224
yolov8_seg,FP32,comun,A,2,311,11.545200002728961
yolov8_seg,FP32,comun,A,2,312,13.19359999615699
yolov8_seg,FP32,comun,A,2,313,18.2992999907583
yolov8_seg,FP32,comun,A,2,314,14.08189999347087
yolov8_seg,FP32,comun,A,2,315,13.65740000619553
yolov8_seg,FP32,comun,A,2,316,13.693600005353801
yolov8_seg,FP32,comun,A,2,317,14.641200003097765
yolov8_seg,FP32,comun,A,2,318,15.12880000518635
yolov8_seg,FP32,comun,A,2,319,14.712700009113178
yolov8_seg,FP32,comun,A,2,320,14.142600004561245
yolov8_seg,FP32,comun,A,2,321,14.611999999033287
yolov8_seg,FP32,comun,A,2,322,20.042499992996454
yolov8_seg,FP32,comun,A,2,323,14.433500007726252
yolov8_seg,FP32,comun,A,2,324,15.085199993336573
yolov8_seg,FP32,comun,A,2,325,13.691100000869483
yolov8_seg,FP32,comun,A,2,326,14.179000005242415
yolov8_seg,FP32,comun,A,2,327,13.042399994446896
yolov8_seg,FP32,comun,A,2,328,13.871999995899387
yolov8_seg,FP32,comun,A,2,329,13.09209999453742
yolov8_seg,FP32,comun,A,2,330,12.756100011756644
yolov8_seg,FP32,comun,A,2,331,12.824100005673245
yolov8_seg,FP32,comun,A,2,332,12.966599999344908
yolov8_seg,FP32,comun,A,2,333,13.657599993166514
yolov8_seg,FP32,comun,A,2,334,14.080599998123944
yolov8_seg,FP32,comun,A,2,335,14.334599996800534
yolov8_seg,FP32,comun,A,2,336,14.333200000692159
yolov8_seg,FP32,comun,A,2,337,12.734400006593205
yolov8_seg,FP32,comun,A,2,338,13.162500006728806
yolov8_seg,FP32,comun,A,2,339,14.064999995753169
yolov8_seg,FP32,comun,A,2,340,13.386499995249324
yolov8_seg,FP32,comun,A,2,341,14.05670000531245
yolov8_seg,FP32,comun,A,2,342,13.293099997099489
yolov8_seg,FP32,comun,A,2,343,14.634000006481074
yolov8_seg,FP32,comun,A,2,344,14.387100003659725
yolov8_seg,FP32,comun,A,2,345,13.253199998871423
yolov8_seg,FP32,comun,A,2,346,13.472899998305365
yolov8_seg,FP32,comun,A,2,347,14.585099997930229
yolov8_seg,FP32,comun,A,2,348,13.250899995910004
yolov8_seg,FP32,comun,A,2,349,12.864999996963888
yolov8_seg,FP32,comun,A,2,350,12.815599999157712
yolov8_seg,FP32,comun,A,2,351,17.450300001655705
yolov8_seg,FP32,comun,A,2,352,17.39550000638701
yolov8_seg,FP32,comun,A,2,353,20.06670000264421
yolov8_seg,FP32,comun,A,2,354,13.150900005712174
yolov8_seg,FP32,comun,A,2,355,20.988000003853813
yolov8_seg,FP32,comun,A,2,356,12.63890000700485
yolov8_seg,FP32,comun,A,2,357,12.585499993292615
yolov8_seg,FP32,comun,A,2,358,10.958900005789474
yolov8_seg,FP32,comun,A,2,359,13.058800002909265
yolov8_seg,FP32,comun,A,2,360,13.125199999194592
yolov8_seg,FP32,comun,A,2,361,14.124299996183254
yolov8_seg,FP32,comun,A,2,362,14.336600012029521
yolov8_seg,FP32,comun,A,2,363,12.705899993306957
yolov8_seg,FP32,comun,A,2,364,13.317799996002577
yolov8_seg,FP32,comun,A,2,365,13.159800000721589
yolov8_seg,FP32,comun,A,2,366,14.024500007508323
yolov8_seg,FP32,comun,A,2,367,14.229499996872619
yolov8_seg,FP32,comun,A,2,368,13.020600003073923
yolov8_seg,FP32,comun,A,2,369,16.288500002701767
yolov8_seg,FP32,comun,A,2,370,14.81160000548698
yolov8_seg,FP32,comun,A,2,371,16.184700012672693
yolov8_seg,FP32,comun,A,2,372,19.209100006264634
yolov8_seg,FP32,comun,A,2,373,13.200700006564148
yolov8_seg,FP32,comun,B,2,0,30.336800002260134
yolov8_seg,FP32,comun,B,2,1,25.911999997333623
yolov8_seg,FP32,comun,B,2,2,32.15470000577625
yolov8_seg,FP32,comun,B,2,3,30.998700007330626
yolov8_seg,FP32,comun,B,2,4,33.03259999665897
yolov8_seg,FP32,comun,B,2,5,39.80009999941103
yolov8_seg,FP32,comun,B,2,6,27.868000004673377
yolov8_seg,FP32,comun,B,2,7,26.511100004427135
yolov8_seg,FP32,comun,B,2,8,25.641599990194663
yolov8_seg,FP32,comun,B,2,9,27.405599990743212
yolov8_seg,FP32,comun,B,2,10,33.33849999762606
yolov8_seg,FP32,comun,B,2,11,27.433000010205433
yolov8_seg,FP32,comun,B,2,12,30.645999999251217
yolov8_seg,FP32,comun,B,2,13,36.4145999919856
yolov8_seg,FP32,comun,B,2,14,30.113900007563643
yolov8_seg,FP32,comun,B,2,15,28.23510000598617
yolov8_seg,FP32,comun,B,2,16,26.378099995781668
yolov8_seg,FP32,comun,B,2,17,32.546399990678765
yolov8_seg,FP32,comun,B,2,18,26.617700001224875
yolov8_seg,FP32,comun,B,2,19,25.33699999912642
yolov8_seg,FP32,comun,B,2,20,28.445699994335882
yolov8_seg,FP32,comun,B,2,21,26.32810000795871
yolov8_seg,FP32,comun,B,2,22,33.49460000754334
yolov8_seg,FP32,comun,B,2,23,29.422799998428673
yolov8_seg,FP32,comun,B,2,24,27.969600007054396
yolov8_seg,FP32,comun,B,2,25,28.778100007912144
yolov8_seg,FP32,comun,B,2,26,26.1117999907583
yolov8_seg,FP32,comun,B,2,27,26.59710000443738
yolov8_seg,FP32,comun,B,2,28,26.036100010969676
yolov8_seg,FP32,comun,B,2,29,27.36920000461396
yolov8_seg,FP32,comun,B,2,30,26.80750000581611
yolov8_seg,FP32,comun,B,2,31,27.504799989401363
yolov8_seg,FP32,comun,B,2,32,28.23999999964144
yolov8_seg,FP32,comun,B,2,33,25.507600003038533
yolov8_seg,FP32,comun,B,2,34,27.79879998706747
yolov8_seg,FP32,comun,B,2,35,25.909200005116872
yolov8_seg,FP32,comun,B,2,36,29.542600008426234
yolov8_seg,FP32,comun,B,2,37,29.17199999501463
yolov8_seg,FP32,comun,B,2,38,28.354699999908917
yolov8_seg,FP32,comun,B,2,39,23.718700002063997
yolov8_seg,FP32,comun,B,2,40,28.848500005551614
yolov8_seg,FP32,comun,B,2,41,26.146000003791414
yolov8_seg,FP32,comun,B,2,42,27.624900001683272
yolov8_seg,FP32,comun,B,2,43,32.70130000601057
yolov8_seg,FP32,comun,B,2,44,29.55780000775121
yolov8_seg,FP32,comun,B,2,45,34.22270000737626
yolov8_seg,FP32,comun,B,2,46,34.634099996765144
yolov8_seg,FP32,comun,B,2,47,30.506600000080653
yolov8_seg,FP32,comun,B,2,48,28.499699998064898
yolov8_seg,FP32,comun,B,2,49,32.350199995562434
yolov8_seg,FP32,comun,B,2,50,28.65110000129789
yolov8_seg,FP32,comun,B,2,51,28.53779999713879
yolov8_seg,FP32,comun,B,2,52,24.847199994837865
yolov8_seg,FP32,comun,B,2,53,30.00610000162851
yolov8_seg,FP32,comun,B,2,54,28.229999996256083
yolov8_seg,FP32,comun,B,2,55,26.93870000075549
yolov8_seg,FP32,comun,B,2,56,27.98909999546595
yolov8_seg,FP32,comun,B,2,57,25.85969999199733
yolov8_seg,FP32,comun,B,2,58,26.973699990776367
yolov8_seg,FP32,comun,B,2,59,30.271600000560284
yolov8_seg,FP32,comun,B,2,60,30.76839999994263
yolov8_seg,FP32,comun,B,2,61,28.552199990372173
yolov8_seg,FP32,comun,B,2,62,31.21649999229703
yolov8_seg,FP32,comun,B,2,63,27.418600002420135
yolov8_seg,FP32,comun,B,2,64,30.005799999344163
yolov8_seg,FP32,comun,B,2,65,30.070200009504333
yolov8_seg,FP32,comun,B,2,66,26.455300001543947
yolov8_seg,FP32,comun,B,2,67,23.772100001224317
yolov8_seg,FP32,comun,B,2,68,29.779199991025962
yolov8_seg,FP32,comun,B,2,69,31.600199989043176
yolov8_seg,FP32,comun,B,2,70,27.05279999645427
yolov8_seg,FP32,comun,B,2,71,27.557099994737655
yolov8_seg,FP32,comun,B,2,72,27.268999998341314
yolov8_seg,FP32,comun,B,2,73,26.79530000023078
yolov8_seg,FP32,comun,B,2,74,25.743099991814233
yolov8_seg,FP32,comun,B,2,75,27.68290000676643
yolov8_seg,FP32,comun,B,2,76,24.863400001777336
yolov8_seg,FP32,comun,B,2,77,39.567799991345964
yolov8_seg,FP32,comun,B,2,78,27.107100002467632
yolov8_seg,FP32,comun,B,2,79,28.848800007835962
yolov8_seg,FP32,comun,B,2,80,31.260400006431155
yolov8_seg,FP32,comun,B,2,81,27.66380000684876
yolov8_seg,FP32,comun,B,2,82,30.584500011173077
yolov8_seg,FP32,comun,B,2,83,29.814800000167452
yolov8_seg,FP32,comun,B,2,84,27.80239999992773
yolov8_seg,FP32,comun,B,2,85,27.846400000271387
yolov8_seg,FP32,comun,B,2,86,28.023999999277294
yolov8_seg,FP32,comun,B,2,87,27.104699998744763
yolov8_seg,FP32,comun,B,2,88,41.55670000181999
yolov8_seg,FP32,comun,B,2,89,27.425100008258596
yolov8_seg,FP32,comun,B,2,90,25.282899994635954
yolov8_seg,FP32,comun,B,2,91,29.16710000135936
yolov8_seg,FP32,comun,B,2,92,32.37670000817161
yolov8_seg,FP32,comun,B,2,93,27.753699992899783
yolov8_seg,FP32,comun,B,2,94,37.619199996697716
yolov8_seg,FP32,comun,B,2,95,31.186599997454323
yolov8_seg,FP32,comun,B,2,96,30.205600007320754
yolov8_seg,FP32,comun,B,2,97,29.15719999873545
yolov8_seg,FP32,comun,B,2,98,30.58259999670554
yolov8_seg,FP32,comun,B,2,99,31.347600001026876
yolov8_seg,FP32,comun,B,2,100,34.27650000958238
yolov8_seg,FP32,comun,B,2,101,27.527800004463643
yolov8_seg,FP32,comun,B,2,102,27.33910000824835
yolov8_seg,FP32,comun,B,2,103,23.170500004198402
yolov8_seg,FP32,comun,B,2,104,26.74760000081733
yolov8_seg,FP32,comun,B,2,105,27.886199997738004
yolov8_seg,FP32,comun,B,2,106,27.59130000777077
yolov8_seg,FP32,comun,B,2,107,30.666600010590628
yolov8_seg,FP32,comun,B,2,108,30.701900002895854
yolov8_seg,FP32,comun,B,2,109,27.76280000398401
yolov8_seg,FP32,comun,B,2,110,30.159700007061474
yolov8_seg,FP32,comun,B,2,111,30.921800003852695
yolov8_seg,FP32,comun,B,2,112,26.50740000535734
yolov8_seg,FP32,comun,B,2,113,36.77230000903364
yolov8_seg,FP32,comun,B,2,114,31.76060000259895
yolov8_seg,FP32,comun,B,2,115,27.14800000831019
yolov8_seg,FP32,comun,B,2,116,30.709600003319792
yolov8_seg,FP32,comun,B,2,117,30.89660000114236
yolov8_seg,FP32,comun,B,2,118,27.84059999976307
yolov8_seg,FP32,comun,B,2,119,29.795099995681085
yolov8_seg,FP32,comun,B,2,120,26.615399998263456
yolov8_seg,FP32,comun,B,2,121,26.289599991287105
yolov8_seg,FP32,comun,B,2,122,27.58219999668654
yolov8_seg,FP32,comun,B,2,123,26.64599999843631
yolov8_seg,FP32,comun,B,2,124,30.000500002643093
yolov8_seg,FP32,comun,B,2,125,28.431700004148297
yolov8_seg,FP32,comun,B,2,126,31.28770001058001
yolov8_seg,FP32,comun,B,2,127,26.035699993371964
yolov8_seg,FP32,comun,B,2,128,26.706199991167523
yolov8_seg,FP32,comun,B,2,129,27.36880000156816
yolov8_seg,FP32,comun,B,2,130,27.131199996802025
yolov8_seg,FP32,comun,B,2,131,31.171599999652244
yolov8_seg,FP32,comun,B,2,132,34.17579999950249
yolov8_seg,FP32,comun,B,2,133,29.24100001109764
yolov8_seg,FP32,comun,B,2,134,26.49010000459384
yolov8_seg,FP32,comun,B,2,135,24.95669999916572
yolov8_seg,FP32,comun,B,2,136,36.918700003298
yolov8_seg,FP32,comun,B,2,137,26.20750000642147
yolov8_seg,FP32,comun,B,2,138,25.50340000016149
yolov8_seg,FP32,comun,B,2,139,28.191399993374944
yolov8_seg,FP32,comun,B,2,140,28.814600009354763
yolov8_seg,FP32,comun,B,2,141,27.38580000004731
yolov8_seg,FP32,comun,B,2,142,25.873599995975383
yolov8_seg,FP32,comun,B,2,143,24.744700000155717
yolov8_seg,FP32,comun,B,2,144,28.820399995311163
yolov8_seg,FP32,comun,B,2,145,29.527299993787892
yolov8_seg,FP32,comun,B,2,146,27.837000001454726
yolov8_seg,FP32,comun,B,2,147,26.8147000024328
yolov8_seg,FP32,comun,B,2,148,27.87059999536723
yolov8_seg,FP32,comun,B,2,149,27.63859998958651
yolov8_seg,FP32,comun,B,2,150,26.885700004640967
yolov8_seg,FP32,comun,B,2,151,29.937799990875646
yolov8_seg,FP32,comun,B,2,152,31.274099994334392
yolov8_seg,FP32,comun,B,2,153,29.005999997025356
yolov8_seg,FP32,comun,B,2,154,25.746999992406927
yolov8_seg,FP32,comun,B,2,155,25.248699996154755
yolov8_seg,FP32,comun,B,2,156,29.412699994281866
yolov8_seg,FP32,comun,B,2,157,30.843199987430125
yolov8_seg,FP32,comun,B,2,158,29.72740000404883
yolov8_seg,FP32,comun,B,2,159,30.77869999106042
yolov8_seg,FP32,comun,B,2,160,34.24349999113474
yolov8_seg,FP32,comun,B,2,161,27.96459999808576
yolov8_seg,FP32,comun,B,2,162,29.961899999761954
yolov8_seg,FP32,comun,B,2,163,26.651300009689294
yolov8_seg,FP32,comun,B,2,164,27.121799997985363
yolov8_seg,FP32,comun,B,2,165,36.699999996926636
yolov8_seg,FP32,comun,B,2,166,26.74729999853298
yolov8_seg,FP32,comun,B,2,167,30.84130000206642
yolov8_seg,FP32,comun,B,2,168,29.251900006784126
yolov8_seg,FP32,comun,B,2,169,28.137600005720742
yolov8_seg,FP32,comun,B,2,170,26.04270000301767
yolov8_seg,FP32,comun,B,2,171,28.333900001598522
yolov8_seg,FP32,comun,B,2,172,32.79120000661351
yolov8_seg,FP32,comun,B,2,173,31.658700012485497
yolov8_seg,FP32,comun,B,2,174,28.830799987190403
yolov8_seg,FP32,comun,B,2,175,27.90610000374727
yolov8_seg,FP32,comun,B,2,176,31.314699997892603
yolov8_seg,FP32,comun,B,2,177,28.609799992409535
yolov8_seg,FP32,comun,B,2,178,28.969400009373203
yolov8_seg,FP32,comun,B,2,179,28.887899999972433
yolov8_seg,FP32,comun,B,2,180,28.507600000011735
yolov8_seg,FP32,comun,B,2,181,27.395099998102523
yolov8_seg,FP32,comun,B,2,182,28.48009999433998
yolov8_seg,FP32,comun,B,2,183,28.098900002078153
yolov8_seg,FP32,comun,B,2,184,28.323300008196384
yolov8_seg,FP32,comun,B,2,185,30.645999999251217
yolov8_seg,FP32,comun,B,2,186,25.85679999901913
yolov8_seg,FP32,comun,B,2,187,51.1259000049904
yolov8_seg,FP32,comun,B,2,188,27.813399996375665
yolov8_seg,FP32,comun,B,2,189,28.759499997249804
yolov8_seg,FP32,comun,B,2,190,29.86860000237357
yolov8_seg,FP32,comun,B,2,191,25.495499998214655
yolov8_seg,FP32,comun,B,2,192,30.16819999902509
yolov8_seg,FP32,comun,B,2,193,25.34009999362752
yolov8_seg,FP32,comun,B,2,194,27.895299994270317
yolov8_seg,FP32,comun,B,2,195,30.053499998757616
yolov8_seg,FP32,comun,B,2,196,30.1097000046866
yolov8_seg,FP32,comun,B,2,197,28.229100003954954
yolov8_seg,FP32,comun,B,2,198,29.555500004789792
yolov8_seg,FP32,comun,B,2,199,28.401199990184978
yolov8_seg,FP32,comun,B,2,200,29.92400000221096
yolov8_seg,FP32,comun,B,2,201,27.730100002372637
yolov8_seg,FP32,comun,B,2,202,28.18459999980405
yolov8_seg,FP32,comun,B,2,203,32.28129999479279
yolov8_seg,FP32,comun,B,2,204,39.49919999286067
yolov8_seg,FP32,comun,B,2,205,28.672100001131184
yolov8_seg,FP32,comun,B,2,206,30.897200005711056
yolov8_seg,FP32,comun,B,2,207,30.8872000023257
yolov8_seg,FP32,comun,B,2,208,33.188700006576255
yolov8_seg,FP32,comun,B,2,209,35.7815000024857
yolov8_seg,FP32,comun,B,2,210,33.57670000696089
yolov8_seg,FP32,comun,B,2,211,32.76609999011271
yolov8_seg,FP32,comun,B,2,212,28.59869999520015
yolov8_seg,FP32,comun,B,2,213,28.168600008939393
yolov8_seg,FP32,comun,B,2,214,31.825400001253
yolov8_seg,FP32,comun,B,2,215,28.107199992518872
yolov8_seg,FP32,comun,B,2,216,36.096700001508
yolov8_seg,FP32,comun,B,2,217,45.56810000212863
yolov8_seg,FP32,comun,B,2,218,32.941900004516356
yolov8_seg,FP32,comun,B,2,219,29.711700000916608
yolov8_seg,FP32,comun,B,2,220,28.466200004913844
yolov8_seg,FP32,comun,B,2,221,27.98060000350233
yolov8_seg,FP32,comun,B,2,222,31.190299996524118
yolov8_seg,FP32,comun,B,2,223,27.328100011800416
yolov8_seg,FP32,comun,B,2,224,26.415200001792982
yolov8_seg,FP32,comun,B,2,225,31.036200001835823
yolov8_seg,FP32,comun,B,2,226,29.248499995446764
yolov8_seg,FP32,comun,B,2,227,27.96509998734109
yolov8_seg,FP32,comun,B,2,228,27.760400000261143
yolov8_seg,FP32,comun,B,2,229,27.309600001899526
yolov8_seg,FP32,comun,B,2,230,35.446800000499934
yolov8_seg,FP32,comun,B,2,231,34.659000011743046
yolov8_seg,FP32,comun,B,2,232,30.598999990615994
yolov8_seg,FP32,comun,B,2,233,26.971899991622195
yolov8_seg,FP32,comun,B,2,234,44.1696000052616
yolov8_seg,FP32,comun,B,2,235,34.07510000397451
yolov8_seg,FP32,comun,B,2,236,27.172899994184263
yolov8_seg,FP32,comun,B,2,237,30.4108999989694
yolov8_seg,FP32,comun,B,2,238,28.22110000124667
yolov8_seg,FP32,comun,B,2,239,29.378000006545335
yolov8_seg,FP32,comun,B,2,240,29.31199999875389
yolov8_seg,FP32,comun,B,2,241,26.01899999717716
yolov8_seg,FP32,comun,B,2,242,31.156200013356283
yolov8_seg,FP32,comun,B,2,243,32.40460000233725
yolov8_seg,FP32,comun,B,2,244,34.15350000432227
yolov8_seg,FP32,comun,B,2,245,30.624599996372126
yolov8_seg,FP32,comun,B,2,246,23.59460000297986
yolov8_seg,FP32,comun,B,2,247,28.033099995809607
yolov8_seg,FP32,comun,B,2,248,22.628099992289208
yolov8_seg,FP32,comun,B,2,249,29.28409999003634
yolov8_seg,FP32,comun,B,2,250,27.13200000289362
yolov8_seg,FP32,comun,B,2,251,30.563100008293986
yolov8_seg,FP32,comun,B,2,252,27.186599996639416
yolov8_seg,FP32,comun,B,2,253,24.349800005438738
yolov8_seg,FP32,comun,B,2,254,25.695600008475594
yolov8_seg,FP32,comun,B,2,255,28.40140000625979
yolov8_seg,FP32,comun,B,2,256,27.654299992718734
yolov8_seg,FP32,comun,B,2,257,31.2015999952564
yolov8_seg,FP32,comun,B,2,258,27.633100005914457
yolov8_seg,FP32,comun,B,2,259,43.665300006978214
yolov8_seg,FP32,comun,B,2,260,29.048800002783537
yolov8_seg,FP32,comun,B,2,261,26.389400009065866
yolov8_seg,FP32,comun,B,2,262,29.610300000058487
yolov8_seg,FP32,comun,B,2,263,33.096300001489
yolov8_seg,FP32,comun,B,2,264,37.79919999942649
yolov8_seg,FP32,comun,B,2,265,30.690399988088757
yolov8_seg,FP32,comun,B,2,266,34.69659999245778
yolov8_seg,FP32,comun,B,2,267,33.08719999040477
yolov8_seg,FP32,comun,B,2,268,28.6669999914011
yolov8_seg,FP32,comun,B,2,269,36.01570001046639
yolov8_seg,FP32,comun,B,2,270,26.97690000059083
yolov8_seg,FP32,comun,B,2,271,25.76890001364518
yolov8_seg,FP32,comun,B,2,272,28.638799994951114
yolov8_seg,FP32,comun,B,2,273,23.539299989352003
yolov8_seg,FP32,comun,B,2,274,27.375799996661954
yolov8_seg,FP32,comun,B,2,275,30.01560000120662
yolov8_seg,FP32,comun,B,2,276,33.678499996312894
yolov8_seg,FP32,comun,B,2,277,27.86579998792149
yolov8_seg,FP32,comun,B,2,278,28.42850000888575
yolov8_seg,FP32,comun,B,2,279,27.20650000264868
yolov8_seg,FP32,comun,B,2,280,27.633999998215586
yolov8_seg,FP32,comun,B,2,281,27.653600001940504
yolov8_seg,FP32,comun,B,2,282,32.010000009904616
yolov8_seg,FP32,comun,B,2,283,27.98550001170952
yolov8_seg,FP32,comun,B,2,284,29.025499999988824
yolov8_seg,FP32,comun,B,2,285,27.94729999732226
yolov8_seg,FP32,comun,B,2,286,30.9100999875227
yolov8_seg,FP32,comun,B,2,287,27.949199997237884
yolov8_seg,FP32,comun,B,2,288,23.060799998347647
yolov8_seg,FP32,comun,B,2,289,30.17669999098871
yolov8_seg,FP32,comun,B,2,290,27.56550000049174
yolov8_seg,FP32,comun,B,2,291,28.906100007588975
yolov8_seg,FP32,comun,B,2,292,27.50219999870751
yolov8_seg,FP32,comun,B,2,293,29.25120000145398
yolov8_seg,FP32,comun,B,2,294,31.910299992887303
yolov8_seg,FP32,comun,B,2,295,34.558600003947504
yolov8_seg,FP32,comun,B,2,296,30.72180000890512
yolov8_seg,FP32,comun,B,2,297,36.36749999714084
yolov8_seg,FP32,comun,B,2,298,27.01839999645017
yolov8_seg,FP32,comun,B,2,299,27.78740000212565
yolov8_seg,FP32,comun,B,2,300,29.737700009718537
yolov8_seg,FP32,comun,B,2,301,28.029199995216914
yolov8_seg,FP32,comun,B,2,302,26.090799990925007
yolov8_seg,FP32,comun,B,2,303,32.34939998947084
yolov8_seg,FP32,comun,B,2,304,27.663799992296845
yolov8_seg,FP32,comun,B,2,305,31.419999999343418
yolov8_seg,FP32,comun,B,2,306,30.063600002904423
yolov8_seg,FP32,comun,B,2,307,34.70279999601189
yolov8_seg,FP32,comun,B,2,308,28.969599996344186
yolov8_seg,FP32,comun,B,2,309,28.04580000520218
yolov8_seg,FP32,comun,B,2,310,23.799399990821257
yolov8_seg,FP32,comun,B,2,311,31.700099993031472
yolov8_seg,FP32,comun,B,2,312,30.643899997812696
yolov8_seg,FP32,comun,B,2,313,28.391999992891215
yolov8_seg,FP32,comun,B,2,314,35.88769999623764
yolov8_seg,FP32,comun,B,2,315,29.639200001838617
yolov8_seg,FP32,comun,B,2,316,35.2712000021711
yolov8_seg,FP32,comun,B,2,317,37.32040000613779
yolov8_seg,FP32,comun,B,2,318,28.88589999929536
yolov8_seg,FP32,comun,B,2,319,32.88280000560917
yolov8_seg,FP32,comun,B,2,320,28.47400000609923
yolov8_seg,FP32,comun,B,2,321,29.68680000049062
yolov8_seg,FP32,comun,B,2,322,29.73899999051355
yolov8_seg,FP32,comun,B,2,323,28.522699998575263
yolov8_seg,FP32,comun,B,2,324,31.06780000962317
yolov8_seg,FP32,comun,B,2,325,26.576699994620867
yolov8_seg,FP32,comun,B,2,326,30.00640000391286
yolov8_seg,FP32,comun,B,2,327,28.75710000807885
yolov8_seg,FP32,comun,B,2,328,30.731100006960332
yolov8_seg,FP32,comun,B,2,329,29.204799997387454
yolov8_seg,FP32,comun,B,2,330,32.15990000171587
yolov8_seg,FP32,comun,B,2,331,31.560200004605576
yolov8_seg,FP32,comun,B,2,332,28.400100010912865
yolov8_seg,FP32,comun,B,2,333,28.930400003446266
yolov8_seg,FP32,comun,B,2,334,29.85560000524856
yolov8_seg,FP32,comun,B,2,335,28.638699994189665
yolov8_seg,FP32,comun,B,2,336,30.89719999115914
yolov8_seg,FP32,comun,B,2,337,26.704699994297698
yolov8_seg,FP32,comun,B,2,338,25.858299995888956
yolov8_seg,FP32,comun,B,2,339,30.47830000286922
yolov8_seg,FP32,comun,B,2,340,28.174199993372895
yolov8_seg,FP32,comun,B,2,341,32.084099992061965
yolov8_seg,FP32,comun,B,2,342,26.267699999152683
yolov8_seg,FP32,comun,B,2,343,26.50240001094062
yolov8_seg,FP32,comun,B,2,344,28.328300002613105
yolov8_seg,FP32,comun,B,2,345,30.52750001370441
yolov8_seg,FP32,comun,B,2,346,28.604199993424118
yolov8_seg,FP32,comun,B,2,347,27.561700000660494
yolov8_seg,FP32,comun,B,2,348,31.758800003444776
yolov8_seg,FP32,comun,B,2,349,28.302199993049726
yolov8_seg,FP32,comun,B,2,350,27.797099988674745
yolov8_seg,FP32,comun,B,2,351,27.423899999121204
yolov8_seg,FP32,comun,B,2,352,26.42789999663364
yolov8_seg,FP32,comun,B,2,353,30.43959999922663
yolov8_seg,FP32,comun,B,2,354,28.54180001304485
yolov8_seg,FP32,comun,B,2,355,27.09760000288952
yolov8_seg,FP32,comun,B,2,356,27.73190000152681
yolov8_seg,FP32,comun,B,2,357,32.5713999918662
yolov8_seg,FP32,comun,B,2,358,26.027300002169795
yolov8_seg,FP32,comun,B,2,359,29.60119998897426
yolov8_seg,FP32,comun,B,2,360,24.90439999382943
yolov8_seg,FP32,comun,B,2,361,28.451200007111765
yolov8_seg,FP32,comun,B,2,362,29.62669999396894
yolov8_seg,FP32,comun,B,2,363,28.435200001695193
yolov8_seg,FP32,comun,B,2,364,29.572400002507493
yolov8_seg,FP32,comun,B,2,365,33.08969999488909
yolov8_seg,FP32,comun,B,2,366,26.49849999579601
yolov8_seg,FP32,comun,B,2,367,34.425599995302036
yolov8_seg,FP32,comun,B,2,368,25.538899993989617
yolov8_seg,FP32,comun,B,2,369,32.11369999917224
yolov8_seg,FP32,comun,B,2,370,30.154899999615736
yolov8_seg,FP32,comun,B,2,371,29.06099999381695
yolov8_seg,FP32,comun,B,2,372,28.649600004428066
yolov8_seg,FP32,comun,B,2,373,30.049199995119125
mask_rcnn,FP32,comun,A,0,0,184.76139999984298
mask_rcnn,FP32,comun,A,0,1,187.29469999379944
mask_rcnn,FP32,comun,A,0,2,188.95019999763463
mask_rcnn,FP32,comun,A,0,3,190.88189999456517
mask_rcnn,FP32,comun,A,0,4,185.2320000034524
mask_rcnn,FP32,comun,A,0,5,210.1877999957651
mask_rcnn,FP32,comun,A,0,6,190.30210000346415
mask_rcnn,FP32,comun,A,0,7,189.14249999215826
mask_rcnn,FP32,comun,A,0,8,178.19049999525305
mask_rcnn,FP32,comun,A,0,9,182.0709000021452
mask_rcnn,FP32,comun,A,0,10,184.95670000265818
mask_rcnn,FP32,comun,A,0,11,182.3498000012478
mask_rcnn,FP32,comun,A,0,12,193.41089999943506
mask_rcnn,FP32,comun,A,0,13,188.53390000003856
mask_rcnn,FP32,comun,A,0,14,183.54749999707565
mask_rcnn,FP32,comun,A,0,15,177.51749999297317
mask_rcnn,FP32,comun,A,0,16,185.67040000925772
mask_rcnn,FP32,comun,A,0,17,189.64039999991655
mask_rcnn,FP32,comun,A,0,18,182.74239999300335
mask_rcnn,FP32,comun,A,0,19,183.63109999336302
mask_rcnn,FP32,comun,A,0,20,178.21359999652486
mask_rcnn,FP32,comun,A,0,21,183.92409999796655
mask_rcnn,FP32,comun,A,0,22,190.84229999862146
mask_rcnn,FP32,comun,A,0,23,186.60020000243094
mask_rcnn,FP32,comun,A,0,24,179.889799997909
mask_rcnn,FP32,comun,A,0,25,177.7423000021372
mask_rcnn,FP32,comun,A,0,26,184.54550000024028
mask_rcnn,FP32,comun,A,0,27,186.82050000643358
mask_rcnn,FP32,comun,A,0,28,180.46259999391623
mask_rcnn,FP32,comun,A,0,29,192.1493000118062
mask_rcnn,FP32,comun,A,0,30,188.42409999342635
mask_rcnn,FP32,comun,A,0,31,184.68989999382757
mask_rcnn,FP32,comun,A,0,32,184.6094000065932
mask_rcnn,FP32,comun,A,0,33,190.08600000233855
mask_rcnn,FP32,comun,A,0,34,169.2336999985855
mask_rcnn,FP32,comun,A,0,35,187.72240000544116
mask_rcnn,FP32,comun,A,0,36,190.06069999886677
mask_rcnn,FP32,comun,A,0,37,177.52440000185743
mask_rcnn,FP32,comun,A,0,38,183.06850000226405
mask_rcnn,FP32,comun,A,0,39,189.1953000013018
mask_rcnn,FP32,comun,A,0,40,184.96820000291336
mask_rcnn,FP32,comun,A,0,41,189.97820001095533
mask_rcnn,FP32,comun,A,0,42,183.32340000779368
mask_rcnn,FP32,comun,A,0,43,188.8605000131065
mask_rcnn,FP32,comun,A,0,44,189.48629999067634
mask_rcnn,FP32,comun,A,0,45,184.14500000653788
mask_rcnn,FP32,comun,A,0,46,185.74549999902956
mask_rcnn,FP32,comun,A,0,47,176.01700000523124
mask_rcnn,FP32,comun,A,0,48,193.39359999867156
mask_rcnn,FP32,comun,A,0,49,168.81439999269787
mask_rcnn,FP32,comun,A,0,50,188.7084999907529
mask_rcnn,FP32,comun,A,0,51,180.478199996287
mask_rcnn,FP32,comun,A,0,52,184.64000000676606
mask_rcnn,FP32,comun,A,0,53,186.29409999994095
mask_rcnn,FP32,comun,A,0,54,191.25270000949968
mask_rcnn,FP32,comun,A,0,55,184.37129999801982
mask_rcnn,FP32,comun,A,0,56,186.5853000053903
mask_rcnn,FP32,comun,A,0,57,192.6545000023907
mask_rcnn,FP32,comun,A,0,58,187.61170000652783
mask_rcnn,FP32,comun,A,0,59,177.7140999911353
mask_rcnn,FP32,comun,A,0,60,170.1154000038514
mask_rcnn,FP32,comun,A,0,61,183.29119999543764
mask_rcnn,FP32,comun,A,0,62,171.56509999767877
mask_rcnn,FP32,comun,A,0,63,188.29269999696407
mask_rcnn,FP32,comun,A,0,64,197.77710000926163
mask_rcnn,FP32,comun,A,0,65,185.73460000334308
mask_rcnn,FP32,comun,A,0,66,183.53409999690484
mask_rcnn,FP32,comun,A,0,67,180.03570000291802
mask_rcnn,FP32,comun,A,0,68,188.4548999951221
mask_rcnn,FP32,comun,A,0,69,174.786799994763
mask_rcnn,FP32,comun,A,0,70,182.35450000793207
mask_rcnn,FP32,comun,A,0,71,184.9660000007134
mask_rcnn,FP32,comun,A,0,72,180.8698000095319
mask_rcnn,FP32,comun,A,0,73,194.40900000336114
mask_rcnn,FP32,comun,A,0,74,186.22879999747965
mask_rcnn,FP32,comun,A,0,75,190.05340000148863
mask_rcnn,FP32,comun,A,0,76,180.17960000724997
mask_rcnn,FP32,comun,A,0,77,147.10469999408815
mask_rcnn,FP32,comun,A,0,78,185.400500005926
mask_rcnn,FP32,comun,A,0,79,198.3924000087427
mask_rcnn,FP32,comun,A,0,80,179.85679999401327
mask_rcnn,FP32,comun,A,0,81,187.42839999322314
mask_rcnn,FP32,comun,A,0,82,184.61200001183897
mask_rcnn,FP32,comun,A,0,83,191.52890000259504
mask_rcnn,FP32,comun,A,0,84,188.94070001260843
mask_rcnn,FP32,comun,A,0,85,193.0045000044629
mask_rcnn,FP32,comun,A,0,86,188.3860999951139
mask_rcnn,FP32,comun,A,0,87,182.97090000123717
mask_rcnn,FP32,comun,A,0,88,194.47100000979844
mask_rcnn,FP32,comun,A,0,89,185.81300000369083
mask_rcnn,FP32,comun,A,0,90,182.75639999774285
mask_rcnn,FP32,comun,A,0,91,185.74570000055246
mask_rcnn,FP32,comun,A,0,92,188.90360000659712
mask_rcnn,FP32,comun,A,0,93,179.5233000011649
mask_rcnn,FP32,comun,A,0,94,185.40519999805838
mask_rcnn,FP32,comun,A,0,95,182.63120000483468
mask_rcnn,FP32,comun,A,0,96,178.91339999914635
mask_rcnn,FP32,comun,A,0,97,182.72090000391472
mask_rcnn,FP32,comun,A,0,98,180.26389999431558
mask_rcnn,FP32,comun,A,0,99,186.65610000607558
mask_rcnn,FP32,comun,A,0,100,173.13019999710377
mask_rcnn,FP32,comun,A,0,101,179.76729999645613
mask_rcnn,FP32,comun,A,0,102,191.2980999913998
mask_rcnn,FP32,comun,A,0,103,181.55920000572223
mask_rcnn,FP32,comun,A,0,104,179.10589999519289
mask_rcnn,FP32,comun,A,0,105,184.3731000117259
mask_rcnn,FP32,comun,A,0,106,178.03330000606366
mask_rcnn,FP32,comun,A,0,107,185.88630000886042
mask_rcnn,FP32,comun,A,0,108,177.69989999942482
mask_rcnn,FP32,comun,A,0,109,188.63640000927262
mask_rcnn,FP32,comun,A,0,110,170.63999999663793
mask_rcnn,FP32,comun,A,0,111,190.5549999937648
mask_rcnn,FP32,comun,A,0,112,184.2853000125615
mask_rcnn,FP32,comun,A,0,113,170.59609999705572
mask_rcnn,FP32,comun,A,0,114,195.97099999373313
mask_rcnn,FP32,comun,A,0,115,199.11330001195893
mask_rcnn,FP32,comun,A,0,116,186.21739999798592
mask_rcnn,FP32,comun,A,0,117,191.4660000038566
mask_rcnn,FP32,comun,A,0,118,184.85879999934696
mask_rcnn,FP32,comun,A,0,119,190.9911000111606
mask_rcnn,FP32,comun,A,0,120,188.52149999293033
mask_rcnn,FP32,comun,A,0,121,184.02069999137893
mask_rcnn,FP32,comun,A,0,122,179.92549999326002
mask_rcnn,FP32,comun,A,0,123,187.13190000562463
mask_rcnn,FP32,comun,A,0,124,187.05220000992995
mask_rcnn,FP32,comun,A,0,125,191.7066000023624
mask_rcnn,FP32,comun,A,0,126,187.63770000077784
mask_rcnn,FP32,comun,A,0,127,187.57799999730196
mask_rcnn,FP32,comun,A,0,128,191.07400000211783
mask_rcnn,FP32,comun,A,0,129,183.08069999329746
mask_rcnn,FP32,comun,A,0,130,188.86580000980757
mask_rcnn,FP32,comun,A,0,131,184.30580000858754
mask_rcnn,FP32,comun,A,0,132,171.25540001143236
mask_rcnn,FP32,comun,A,0,133,174.6108999941498
mask_rcnn,FP32,comun,A,0,134,188.72510000073817
mask_rcnn,FP32,comun,A,0,135,191.11010000051465
mask_rcnn,FP32,comun,A,0,136,172.30560000461992
mask_rcnn,FP32,comun,A,0,137,185.26109999220353
mask_rcnn,FP32,comun,A,0,138,188.0544000014197
mask_rcnn,FP32,comun,A,0,139,186.68310000794008
mask_rcnn,FP32,comun,A,0,140,184.94859999918845
mask_rcnn,FP32,comun,A,0,141,185.416799999075
mask_rcnn,FP32,comun,A,0,142,188.25180000567343
mask_rcnn,FP32,comun,A,0,143,188.5855000000447
mask_rcnn,FP32,comun,A,0,144,194.05320000078063
mask_rcnn,FP32,comun,A,0,145,176.50900001171976
mask_rcnn,FP32,comun,A,0,146,188.48009999783244
mask_rcnn,FP32,comun,A,0,147,182.58150000474416
mask_rcnn,FP32,comun,A,0,148,187.19630000123288
mask_rcnn,FP32,comun,A,0,149,192.30970001081005
mask_rcnn,FP32,comun,A,0,150,196.63649999711197
mask_rcnn,FP32,comun,A,0,151,194.85899999563117
mask_rcnn,FP32,comun,A,0,152,196.04640000034124
mask_rcnn,FP32,comun,A,0,153,189.6876999962842
mask_rcnn,FP32,comun,A,0,154,185.80549999023788
mask_rcnn,FP32,comun,A,0,155,184.43000000843313
mask_rcnn,FP32,comun,A,0,156,172.72700001194607
mask_rcnn,FP32,comun,A,0,157,184.1165999940131
mask_rcnn,FP32,comun,A,0,158,195.14409999828786
mask_rcnn,FP32,comun,A,0,159,187.45700000727084
mask_rcnn,FP32,comun,A,0,160,185.88820000877604
mask_rcnn,FP32,comun,A,0,161,194.24339999386575
mask_rcnn,FP32,comun,A,0,162,186.68509999406524
mask_rcnn,FP32,comun,A,0,163,185.57080000755377
mask_rcnn,FP32,comun,A,0,164,185.93950000649784
mask_rcnn,FP32,comun,A,0,165,192.66700001026038
mask_rcnn,FP32,comun,A,0,166,188.49190000037197
mask_rcnn,FP32,comun,A,0,167,174.37940000672825
mask_rcnn,FP32,comun,A,0,168,192.3642000037944
mask_rcnn,FP32,comun,A,0,169,191.7756000038935
mask_rcnn,FP32,comun,A,0,170,187.90530000114813
mask_rcnn,FP32,comun,A,0,171,172.47029999271035
mask_rcnn,FP32,comun,A,0,172,194.10019999486394
mask_rcnn,FP32,comun,A,0,173,181.49350000021514
mask_rcnn,FP32,comun,A,0,174,191.75369999720715
mask_rcnn,FP32,comun,A,0,175,189.28089999826625
mask_rcnn,FP32,comun,A,0,176,192.80810000782367
mask_rcnn,FP32,comun,A,0,177,175.92639999929816
mask_rcnn,FP32,comun,A,0,178,188.185799997882
mask_rcnn,FP32,comun,A,0,179,177.1022000029916
mask_rcnn,FP32,comun,A,0,180,189.4445999932941
mask_rcnn,FP32,comun,A,0,181,186.6911999968579
mask_rcnn,FP32,comun,A,0,182,178.14810000709258
mask_rcnn,FP32,comun,A,0,183,195.77409999328665
mask_rcnn,FP32,comun,A,0,184,181.72949999279808
mask_rcnn,FP32,comun,A,0,185,192.75370000104886
mask_rcnn,FP32,comun,A,0,186,184.9528000020655
mask_rcnn,FP32,comun,A,0,187,152.1811999991769
mask_rcnn,FP32,comun,A,0,188,184.6504000131972
mask_rcnn,FP32,comun,A,0,189,179.86970000492875
mask_rcnn,FP32,comun,A,0,190,180.58990000281483
mask_rcnn,FP32,comun,A,0,191,185.6361999962246
mask_rcnn,FP32,comun,A,0,192,186.47230000351556
mask_rcnn,FP32,comun,A,0,193,191.13859999924898
mask_rcnn,FP32,comun,A,0,194,192.96149999718182
mask_rcnn,FP32,comun,A,0,195,197.11379999353085
mask_rcnn,FP32,comun,A,0,196,178.63880000368226
mask_rcnn,FP32,comun,A,0,197,168.6461000062991
mask_rcnn,FP32,comun,A,0,198,178.1872999999905
mask_rcnn,FP32,comun,A,0,199,190.19690000277478
mask_rcnn,FP32,comun,A,0,200,194.83340000442695
mask_rcnn,FP32,comun,A,0,201,188.11540000024252
mask_rcnn,FP32,comun,A,0,202,186.2844999996014
mask_rcnn,FP32,comun,A,0,203,188.8201000110712
mask_rcnn,FP32,comun,A,0,204,176.19519999425393
mask_rcnn,FP32,comun,A,0,205,187.4377999920398
mask_rcnn,FP32,comun,A,0,206,196.00460000219755
mask_rcnn,FP32,comun,A,0,207,186.304899994866
mask_rcnn,FP32,comun,A,0,208,200.3757000056794
mask_rcnn,FP32,comun,A,0,209,182.49310000101104
mask_rcnn,FP32,comun,A,0,210,176.6141999978572
mask_rcnn,FP32,comun,A,0,211,190.79510000301525
mask_rcnn,FP32,comun,A,0,212,181.16809999628458
mask_rcnn,FP32,comun,A,0,213,185.6318999925861
mask_rcnn,FP32,comun,A,0,214,190.79240001155995
mask_rcnn,FP32,comun,A,0,215,187.0208000036655
mask_rcnn,FP32,comun,A,0,216,181.06540000007953
mask_rcnn,FP32,comun,A,0,217,176.24719999730587
mask_rcnn,FP32,comun,A,0,218,188.76209999143612
mask_rcnn,FP32,comun,A,0,219,188.28380000195466
mask_rcnn,FP32,comun,A,0,220,185.5420000065351
mask_rcnn,FP32,comun,A,0,221,185.09500000800472
mask_rcnn,FP32,comun,A,0,222,172.67689999425784
mask_rcnn,FP32,comun,A,0,223,184.20119999791496
mask_rcnn,FP32,comun,A,0,224,189.42229999811389
mask_rcnn,FP32,comun,A,0,225,178.32910000288393
mask_rcnn,FP32,comun,A,0,226,185.85400001029484
mask_rcnn,FP32,comun,A,0,227,187.4398000072688
mask_rcnn,FP32,comun,A,0,228,172.97299999336246
mask_rcnn,FP32,comun,A,0,229,187.86449999606702
mask_rcnn,FP32,comun,A,0,230,155.98440000030678
mask_rcnn,FP32,comun,A,0,231,151.94460000202525
mask_rcnn,FP32,comun,A,0,232,191.91500000306405
mask_rcnn,FP32,comun,A,0,233,186.72319999313913
mask_rcnn,FP32,comun,A,0,234,181.8098999938229
mask_rcnn,FP32,comun,A,0,235,185.5546000006143
mask_rcnn,FP32,comun,A,0,236,179.8203999933321
mask_rcnn,FP32,comun,A,0,237,194.21060000604484
mask_rcnn,FP32,comun,A,0,238,185.24429999524727
mask_rcnn,FP32,comun,A,0,239,195.6237999984296
mask_rcnn,FP32,comun,A,0,240,182.88029999530409
mask_rcnn,FP32,comun,A,0,241,180.9798000031151
mask_rcnn,FP32,comun,A,0,242,195.79510000767186
mask_rcnn,FP32,comun,A,0,243,174.25679998996202
mask_rcnn,FP32,comun,A,0,244,168.75609999988228
mask_rcnn,FP32,comun,A,0,245,197.0660999941174
mask_rcnn,FP32,comun,A,0,246,187.3149999883026
mask_rcnn,FP32,comun,A,0,247,186.44700000004377
mask_rcnn,FP32,comun,A,0,248,160.4821999935666
mask_rcnn,FP32,comun,A,0,249,184.26920000638347
mask_rcnn,FP32,comun,A,0,250,182.09279999427963
mask_rcnn,FP32,comun,A,0,251,188.83339999592863
mask_rcnn,FP32,comun,A,0,252,191.87049999891315
mask_rcnn,FP32,comun,A,0,253,158.45799999078736
mask_rcnn,FP32,comun,A,0,254,184.2066000099294
mask_rcnn,FP32,comun,A,0,255,187.81119999766815
mask_rcnn,FP32,comun,A,0,256,183.52569999115076
mask_rcnn,FP32,comun,A,0,257,190.0138000055449
mask_rcnn,FP32,comun,A,0,258,176.45949999860022
mask_rcnn,FP32,comun,A,0,259,177.08539999148343
mask_rcnn,FP32,comun,A,0,260,185.24769999203272
mask_rcnn,FP32,comun,A,0,261,185.69209999986924
mask_rcnn,FP32,comun,A,0,262,194.01259999722242
mask_rcnn,FP32,comun,A,0,263,185.63629999698605
mask_rcnn,FP32,comun,A,0,264,192.25279999955092
mask_rcnn,FP32,comun,A,0,265,186.21770000027027
mask_rcnn,FP32,comun,A,0,266,189.31790000351612
mask_rcnn,FP32,comun,A,0,267,183.940499991877
mask_rcnn,FP32,comun,A,0,268,189.84909998835064
mask_rcnn,FP32,comun,A,0,269,188.72050000936724
mask_rcnn,FP32,comun,A,0,270,182.88069999834988
mask_rcnn,FP32,comun,A,0,271,187.3587000009138
mask_rcnn,FP32,comun,A,0,272,190.61130000045523
mask_rcnn,FP32,comun,A,0,273,189.3701999943005
mask_rcnn,FP32,comun,A,0,274,193.82900001073722
mask_rcnn,FP32,comun,A,0,275,181.93810000957455
mask_rcnn,FP32,comun,A,0,276,203.0467000004137
mask_rcnn,FP32,comun,A,0,277,198.70259999879636
mask_rcnn,FP32,comun,A,0,278,194.07159999536816
mask_rcnn,FP32,comun,A,0,279,185.79889999818988
mask_rcnn,FP32,comun,A,0,280,187.52049999602605
mask_rcnn,FP32,comun,A,0,281,182.20880000444595
mask_rcnn,FP32,comun,A,0,282,173.9335000020219
mask_rcnn,FP32,comun,A,0,283,185.9866000013426
mask_rcnn,FP32,comun,A,0,284,189.65220000245608
mask_rcnn,FP32,comun,A,0,285,179.6147999993991
mask_rcnn,FP32,comun,A,0,286,192.19869999506045
mask_rcnn,FP32,comun,A,0,287,191.71330000972375
mask_rcnn,FP32,comun,A,0,288,183.92650000168942
mask_rcnn,FP32,comun,A,0,289,186.15709998994134
mask_rcnn,FP32,comun,A,0,290,185.80479999945965
mask_rcnn,FP32,comun,A,0,291,184.5088999980362
mask_rcnn,FP32,comun,A,0,292,184.26520000502933
mask_rcnn,FP32,comun,A,0,293,184.4798000092851
mask_rcnn,FP32,comun,A,0,294,181.52139999438077
mask_rcnn,FP32,comun,A,0,295,189.8983999999473
mask_rcnn,FP32,comun,A,0,296,189.41030000860337
mask_rcnn,FP32,comun,A,0,297,180.85819999396335
mask_rcnn,FP32,comun,A,0,298,183.53370000841096
mask_rcnn,FP32,comun,A,0,299,184.8798999999417
mask_rcnn,FP32,comun,A,0,300,189.00610000127926
mask_rcnn,FP32,comun,A,0,301,184.89240000781137
mask_rcnn,FP32,comun,A,0,302,184.67479999526404
mask_rcnn,FP32,comun,A,0,303,188.81369999144226
mask_rcnn,FP32,comun,A,0,304,182.44489999779034
mask_rcnn,FP32,comun,A,0,305,183.97559999721125
mask_rcnn,FP32,comun,A,0,306,186.28480000188574
mask_rcnn,FP32,comun,A,0,307,174.012399991625
mask_rcnn,FP32,comun,A,0,308,191.53100000403356
mask_rcnn,FP32,comun,A,0,309,188.60530000529252
mask_rcnn,FP32,comun,A,0,310,170.83889999776147
mask_rcnn,FP32,comun,A,0,311,178.03370000910945
mask_rcnn,FP32,comun,A,0,312,187.11039998743217
mask_rcnn,FP32,comun,A,0,313,187.28159999591298
mask_rcnn,FP32,comun,A,0,314,181.8963999976404
mask_rcnn,FP32,comun,A,0,315,186.4867999975104
mask_rcnn,FP32,comun,A,0,316,178.89770001056604
mask_rcnn,FP32,comun,A,0,317,193.75240000954363
mask_rcnn,FP32,comun,A,0,318,168.42719999840483
mask_rcnn,FP32,comun,A,0,319,177.32109999633394
mask_rcnn,FP32,comun,A,0,320,190.10029999481048
mask_rcnn,FP32,comun,A,0,321,186.207499995362
mask_rcnn,FP32,comun,A,0,322,174.45299999963026
mask_rcnn,FP32,comun,A,0,323,184.75659999239724
mask_rcnn,FP32,comun,A,0,324,184.0680000022985
mask_rcnn,FP32,comun,A,0,325,185.964199990849
mask_rcnn,FP32,comun,A,0,326,185.05559999903198
mask_rcnn,FP32,comun,A,0,327,193.96509999933187
mask_rcnn,FP32,comun,A,0,328,179.88319999130908
mask_rcnn,FP32,comun,A,0,329,182.86040000384673
mask_rcnn,FP32,comun,A,0,330,182.44509999931324
mask_rcnn,FP32,comun,A,0,331,188.1600999913644
mask_rcnn,FP32,comun,A,0,332,188.9865999983158
mask_rcnn,FP32,comun,A,0,333,198.7539999972796
mask_rcnn,FP32,comun,A,0,334,184.34829999750946
mask_rcnn,FP32,comun,A,0,335,199.68140000128187
mask_rcnn,FP32,comun,A,0,336,174.2411000013817
mask_rcnn,FP32,comun,A,0,337,185.7467999943765
mask_rcnn,FP32,comun,A,0,338,192.9589999926975
mask_rcnn,FP32,comun,A,0,339,183.51840000832453
mask_rcnn,FP32,comun,A,0,340,183.96659998688847
mask_rcnn,FP32,comun,A,0,341,169.21930000535212
mask_rcnn,FP32,comun,A,0,342,181.32649999461137
mask_rcnn,FP32,comun,A,0,343,181.8080000084592
mask_rcnn,FP32,comun,A,0,344,174.50300000200514
mask_rcnn,FP32,comun,A,0,345,172.40349999337923
mask_rcnn,FP32,comun,A,0,346,186.24470000213478
mask_rcnn,FP32,comun,A,0,347,191.03649999306072
mask_rcnn,FP32,comun,A,0,348,193.25589999789372
mask_rcnn,FP32,comun,A,0,349,186.49719998938963
mask_rcnn,FP32,comun,A,0,350,183.56050000875257
mask_rcnn,FP32,comun,A,0,351,189.70750000153203
mask_rcnn,FP32,comun,A,0,352,174.9465000029886
mask_rcnn,FP32,comun,A,0,353,180.00920000486076
mask_rcnn,FP32,comun,A,0,354,186.07409999822266
mask_rcnn,FP32,comun,A,0,355,177.68680000153836
mask_rcnn,FP32,comun,A,0,356,181.7255999922054
mask_rcnn,FP32,comun,A,0,357,177.07389999122825
mask_rcnn,FP32,comun,A,0,358,178.68640000233427
mask_rcnn,FP32,comun,A,0,359,175.85929999768268
mask_rcnn,FP32,comun,A,0,360,185.2664000034565
mask_rcnn,FP32,comun,A,0,361,188.8059000048088
mask_rcnn,FP32,comun,A,0,362,187.13770000613295
mask_rcnn,FP32,comun,A,0,363,188.5303000017302
mask_rcnn,FP32,comun,A,0,364,184.87569999706466
mask_rcnn,FP32,comun,A,0,365,182.06999999529216
mask_rcnn,FP32,comun,A,0,366,182.05580000358168
mask_rcnn,FP32,comun,A,0,367,192.98130000242963
mask_rcnn,FP32,comun,A,0,368,191.33830000646412
mask_rcnn,FP32,comun,A,0,369,169.81870000017807
mask_rcnn,FP32,comun,A,0,370,190.3211999888299
mask_rcnn,FP32,comun,A,0,371,184.0403999958653
mask_rcnn,FP32,comun,A,0,372,182.56499999552034
mask_rcnn,FP32,comun,A,0,373,184.40189999819268
mask_rcnn,FP32,comun,B,0,0,203.5604999982752
mask_rcnn,FP32,comun,B,0,1,202.92609999887645
mask_rcnn,FP32,comun,B,0,2,198.93820000288542
mask_rcnn,FP32,comun,B,0,3,204.78160001221113
mask_rcnn,FP32,comun,B,0,4,197.17850000597537
mask_rcnn,FP32,comun,B,0,5,221.35880000132602
mask_rcnn,FP32,comun,B,0,6,201.14319999993313
mask_rcnn,FP32,comun,B,0,7,206.55240000633057
mask_rcnn,FP32,comun,B,0,8,195.94839999626856
mask_rcnn,FP32,comun,B,0,9,194.36180000775494
mask_rcnn,FP32,comun,B,0,10,198.00669999676757
mask_rcnn,FP32,comun,B,0,11,203.56040001206566
mask_rcnn,FP32,comun,B,0,12,205.89189999736845
mask_rcnn,FP32,comun,B,0,13,204.33380000758916
mask_rcnn,FP32,comun,B,0,14,199.06990000163205
mask_rcnn,FP32,comun,B,0,15,198.00519999989774
mask_rcnn,FP32,comun,B,0,16,196.7651000013575
mask_rcnn,FP32,comun,B,0,17,214.4415999937337
mask_rcnn,FP32,comun,B,0,18,197.53750000381842
mask_rcnn,FP32,comun,B,0,19,199.81570000527427
mask_rcnn,FP32,comun,B,0,20,193.4569000004558
mask_rcnn,FP32,comun,B,0,21,197.92549998965114
mask_rcnn,FP32,comun,B,0,22,207.49629999045283
mask_rcnn,FP32,comun,B,0,23,195.1896999962628
mask_rcnn,FP32,comun,B,0,24,204.08570001018234
mask_rcnn,FP32,comun,B,0,25,196.46079999802168
mask_rcnn,FP32,comun,B,0,26,206.8725999997696
mask_rcnn,FP32,comun,B,0,27,203.92210000136402
mask_rcnn,FP32,comun,B,0,28,191.4355000044452
mask_rcnn,FP32,comun,B,0,29,207.9264000058174
mask_rcnn,FP32,comun,B,0,30,202.1843000111403
mask_rcnn,FP32,comun,B,0,31,199.27440000174101
mask_rcnn,FP32,comun,B,0,32,199.5221999968635
mask_rcnn,FP32,comun,B,0,33,203.7951999955112
mask_rcnn,FP32,comun,B,0,34,194.38529999752063
mask_rcnn,FP32,comun,B,0,35,194.7502999973949
mask_rcnn,FP32,comun,B,0,36,210.9651000064332
mask_rcnn,FP32,comun,B,0,37,202.48879998689517
mask_rcnn,FP32,comun,B,0,38,203.36329999554437
mask_rcnn,FP32,comun,B,0,39,195.0832000002265
mask_rcnn,FP32,comun,B,0,40,204.67560000543017
mask_rcnn,FP32,comun,B,0,41,203.62729999760631
mask_rcnn,FP32,comun,B,0,42,201.025500005926
mask_rcnn,FP32,comun,B,0,43,206.12020000407938
mask_rcnn,FP32,comun,B,0,44,203.78599999821745
mask_rcnn,FP32,comun,B,0,45,193.85489998967387
mask_rcnn,FP32,comun,B,0,46,202.7667000074871
mask_rcnn,FP32,comun,B,0,47,200.66900001256727
mask_rcnn,FP32,comun,B,0,48,205.85600000049453
mask_rcnn,FP32,comun,B,0,49,192.33610000810586
mask_rcnn,FP32,comun,B,0,50,211.96290000807494
mask_rcnn,FP32,comun,B,0,51,205.04249999066815
mask_rcnn,FP32,comun,B,0,52,189.58430000930093
mask_rcnn,FP32,comun,B,0,53,208.8326000084635
mask_rcnn,FP32,comun,B,0,54,200.4458000010345
mask_rcnn,FP32,comun,B,0,55,199.97929999954067
mask_rcnn,FP32,comun,B,0,56,200.24700000067241
mask_rcnn,FP32,comun,B,0,57,212.79249999497551
mask_rcnn,FP32,comun,B,0,58,204.56250000279397
mask_rcnn,FP32,comun,B,0,59,195.77920000301674
mask_rcnn,FP32,comun,B,0,60,192.52280000364408
mask_rcnn,FP32,comun,B,0,61,201.70459999644663
mask_rcnn,FP32,comun,B,0,62,200.95089999085758
mask_rcnn,FP32,comun,B,0,63,206.947400001809
mask_rcnn,FP32,comun,B,0,64,210.35990001109894
mask_rcnn,FP32,comun,B,0,65,204.8604999872623
mask_rcnn,FP32,comun,B,0,66,199.58870000846218
mask_rcnn,FP32,comun,B,0,67,197.8910000034375
mask_rcnn,FP32,comun,B,0,68,218.7058999988949
mask_rcnn,FP32,comun,B,0,69,196.45479999599047
mask_rcnn,FP32,comun,B,0,70,199.46050000726245
mask_rcnn,FP32,comun,B,0,71,195.64510000054725
mask_rcnn,FP32,comun,B,0,72,190.07450000208337
mask_rcnn,FP32,comun,B,0,73,204.3165999930352
mask_rcnn,FP32,comun,B,0,74,200.90180000988767
mask_rcnn,FP32,comun,B,0,75,209.28270000149496
mask_rcnn,FP32,comun,B,0,76,197.91849999455735
mask_rcnn,FP32,comun,B,0,77,170.21489999024197
mask_rcnn,FP32,comun,B,0,78,202.1229000092717
mask_rcnn,FP32,comun,B,0,79,208.20929999172222
mask_rcnn,FP32,comun,B,0,80,194.92120000359137
mask_rcnn,FP32,comun,B,0,81,207.53050000348594
mask_rcnn,FP32,comun,B,0,82,204.61130001058336
mask_rcnn,FP32,comun,B,0,83,205.21600000211038
mask_rcnn,FP32,comun,B,0,84,206.71230000152718
mask_rcnn,FP32,comun,B,0,85,200.9814000048209
mask_rcnn,FP32,comun,B,0,86,204.5168000040576
mask_rcnn,FP32,comun,B,0,87,206.18769999418873
mask_rcnn,FP32,comun,B,0,88,216.34240000275895
mask_rcnn,FP32,comun,B,0,89,200.93859999906272
mask_rcnn,FP32,comun,B,0,90,186.27900000137743
mask_rcnn,FP32,comun,B,0,91,202.1078999969177
mask_rcnn,FP32,comun,B,0,92,205.20579999720212
mask_rcnn,FP32,comun,B,0,93,203.289400000358
mask_rcnn,FP32,comun,B,0,94,212.3344999999972
mask_rcnn,FP32,comun,B,0,95,193.3211999858031
mask_rcnn,FP32,comun,B,0,96,198.679599998286
mask_rcnn,FP32,comun,B,0,97,201.8309999984922
mask_rcnn,FP32,comun,B,0,98,202.6966999983415
mask_rcnn,FP32,comun,B,0,99,198.20899999467656
mask_rcnn,FP32,comun,B,0,100,188.28440000652336
mask_rcnn,FP32,comun,B,0,101,204.76380000764038
mask_rcnn,FP32,comun,B,0,102,214.49550001125317
mask_rcnn,FP32,comun,B,0,103,199.92150001053233
mask_rcnn,FP32,comun,B,0,104,205.35210000525694
mask_rcnn,FP32,comun,B,0,105,199.0016000054311
mask_rcnn,FP32,comun,B,0,106,193.4010999975726
mask_rcnn,FP32,comun,B,0,107,214.61399999679998
mask_rcnn,FP32,comun,B,0,108,196.37730000249576
mask_rcnn,FP32,comun,B,0,109,195.4334000038216
mask_rcnn,FP32,comun,B,0,110,199.23619998735376
mask_rcnn,FP32,comun,B,0,111,207.79499999480322
mask_rcnn,FP32,comun,B,0,112,203.97560000128578
mask_rcnn,FP32,comun,B,0,113,183.94260000786744
mask_rcnn,FP32,comun,B,0,114,210.58319999428932
mask_rcnn,FP32,comun,B,0,115,204.94960001087748
mask_rcnn,FP32,comun,B,0,116,204.71489999908954
mask_rcnn,FP32,comun,B,0,117,204.22709999547806
mask_rcnn,FP32,comun,B,0,118,206.37529999658
mask_rcnn,FP32,comun,B,0,119,198.7613999954192
mask_rcnn,FP32,comun,B,0,120,197.6355000078911
mask_rcnn,FP32,comun,B,0,121,198.4299000032479
mask_rcnn,FP32,comun,B,0,122,197.6410999923246
mask_rcnn,FP32,comun,B,0,123,200.3909999912139
mask_rcnn,FP32,comun,B,0,124,208.0120999889914
mask_rcnn,FP32,comun,B,0,125,206.8913999974029
mask_rcnn,FP32,comun,B,0,126,201.70830001006834
mask_rcnn,FP32,comun,B,0,127,198.75510000565555
mask_rcnn,FP32,comun,B,0,128,198.6012999986997
mask_rcnn,FP32,comun,B,0,129,204.8023999959696
mask_rcnn,FP32,comun,B,0,130,202.53779999620747
mask_rcnn,FP32,comun,B,0,131,198.79490000312217
mask_rcnn,FP32,comun,B,0,132,193.86020000092685
mask_rcnn,FP32,comun,B,0,133,194.95370000367984
mask_rcnn,FP32,comun,B,0,134,198.61359999049455
mask_rcnn,FP32,comun,B,0,135,198.537899996154
mask_rcnn,FP32,comun,B,0,136,188.89340000168886
mask_rcnn,FP32,comun,B,0,137,191.91890000365674
mask_rcnn,FP32,comun,B,0,138,195.22510000388138
mask_rcnn,FP32,comun,B,0,139,199.5924999937415
mask_rcnn,FP32,comun,B,0,140,200.35030000144616
mask_rcnn,FP32,comun,B,0,141,197.1305999904871
mask_rcnn,FP32,comun,B,0,142,200.27389998722356
mask_rcnn,FP32,comun,B,0,143,190.8188999950653
mask_rcnn,FP32,comun,B,0,144,204.152400008752
mask_rcnn,FP32,comun,B,0,145,195.26849999965634
mask_rcnn,FP32,comun,B,0,146,201.88639999832958
mask_rcnn,FP32,comun,B,0,147,202.68170000053942
mask_rcnn,FP32,comun,B,0,148,213.75779999652877
mask_rcnn,FP32,comun,B,0,149,199.95019999623764
mask_rcnn,FP32,comun,B,0,150,205.31729998765513
mask_rcnn,FP32,comun,B,0,151,211.74550001160242
mask_rcnn,FP32,comun,B,0,152,219.44080000685062
mask_rcnn,FP32,comun,B,0,153,206.0592999914661
mask_rcnn,FP32,comun,B,0,154,199.35460000124294
mask_rcnn,FP32,comun,B,0,155,201.70650001091417
mask_rcnn,FP32,comun,B,0,156,189.68860000313725
mask_rcnn,FP32,comun,B,0,157,200.2502999966964
mask_rcnn,FP32,comun,B,0,158,208.5399000061443
mask_rcnn,FP32,comun,B,0,159,205.92360000591725
mask_rcnn,FP32,comun,B,0,160,199.99470000038855
mask_rcnn,FP32,comun,B,0,161,209.42199999990407
mask_rcnn,FP32,comun,B,0,162,203.21269999840297
mask_rcnn,FP32,comun,B,0,163,202.57769999443553
mask_rcnn,FP32,comun,B,0,164,202.0121000095969
mask_rcnn,FP32,comun,B,0,165,212.73380001366604
mask_rcnn,FP32,comun,B,0,166,204.41229999414645
mask_rcnn,FP32,comun,B,0,167,190.5747999990126
mask_rcnn,FP32,comun,B,0,168,210.80119999533053
mask_rcnn,FP32,comun,B,0,169,212.6401999994414
mask_rcnn,FP32,comun,B,0,170,205.10819999617524
mask_rcnn,FP32,comun,B,0,171,200.80330000200775
mask_rcnn,FP32,comun,B,0,172,200.60699999157805
mask_rcnn,FP32,comun,B,0,173,190.2743999962695
mask_rcnn,FP32,comun,B,0,174,206.72669999476057
mask_rcnn,FP32,comun,B,0,175,208.84780000778846
mask_rcnn,FP32,comun,B,0,176,205.5827999865869
mask_rcnn,FP32,comun,B,0,177,202.6183999987552
mask_rcnn,FP32,comun,B,0,178,204.83879999665078
mask_rcnn,FP32,comun,B,0,179,209.15789999708068
mask_rcnn,FP32,comun,B,0,180,207.3039999959292
mask_rcnn,FP32,comun,B,0,181,201.92730000417214
mask_rcnn,FP32,comun,B,0,182,187.74509998911526
mask_rcnn,FP32,comun,B,0,183,214.19699999387376
mask_rcnn,FP32,comun,B,0,184,205.70650001172908
mask_rcnn,FP32,comun,B,0,185,206.9364999915706
mask_rcnn,FP32,comun,B,0,186,199.14529999368824
mask_rcnn,FP32,comun,B,0,187,174.8334000003524
mask_rcnn,FP32,comun,B,0,188,203.2351999951061
mask_rcnn,FP32,comun,B,0,189,200.81490000302438
mask_rcnn,FP32,comun,B,0,190,186.8356000049971
mask_rcnn,FP32,comun,B,0,191,204.85320000443608
mask_rcnn,FP32,comun,B,0,192,208.2325000083074
mask_rcnn,FP32,comun,B,0,193,203.24370000162162
mask_rcnn,FP32,comun,B,0,194,207.82840000174474
mask_rcnn,FP32,comun,B,0,195,208.35810000426136
mask_rcnn,FP32,comun,B,0,196,199.92939999792725
mask_rcnn,FP32,comun,B,0,197,196.535800001584
mask_rcnn,FP32,comun,B,0,198,203.67829999304377
mask_rcnn,FP32,comun,B,0,199,212.16150000691414
mask_rcnn,FP32,comun,B,0,200,209.82620000722818
mask_rcnn,FP32,comun,B,0,201,208.10279999568593
mask_rcnn,FP32,comun,B,0,202,199.4836999947438
mask_rcnn,FP32,comun,B,0,203,222.62570000020787
mask_rcnn,FP32,comun,B,0,204,196.42220000969246
mask_rcnn,FP32,comun,B,0,205,206.58080000430346
mask_rcnn,FP32,comun,B,0,206,217.02929999446496
mask_rcnn,FP32,comun,B,0,207,194.9084999941988
mask_rcnn,FP32,comun,B,0,208,221.76040000340436
mask_rcnn,FP32,comun,B,0,209,198.41739999537822
mask_rcnn,FP32,comun,B,0,210,191.11520001024473
mask_rcnn,FP32,comun,B,0,211,205.80270000209566
mask_rcnn,FP32,comun,B,0,212,198.77030000498053
mask_rcnn,FP32,comun,B,0,213,200.68719999107998
mask_rcnn,FP32,comun,B,0,214,214.53959999780636
mask_rcnn,FP32,comun,B,0,215,202.95080001233146
mask_rcnn,FP32,comun,B,0,216,192.76020000688732
mask_rcnn,FP32,comun,B,0,217,199.71169999917038
mask_rcnn,FP32,comun,B,0,218,203.7871000065934
mask_rcnn,FP32,comun,B,0,219,211.83419998851605
mask_rcnn,FP32,comun,B,0,220,203.88799998909235
mask_rcnn,FP32,comun,B,0,221,205.58219999657013
mask_rcnn,FP32,comun,B,0,222,193.15269999788143
mask_rcnn,FP32,comun,B,0,223,199.1952999960631
mask_rcnn,FP32,comun,B,0,224,204.3938000133494
mask_rcnn,FP32,comun,B,0,225,187.57030001142994
mask_rcnn,FP32,comun,B,0,226,207.7179000043543
mask_rcnn,FP32,comun,B,0,227,203.16629999433644
mask_rcnn,FP32,comun,B,0,228,195.41020000178833
mask_rcnn,FP32,comun,B,0,229,203.91100000415463
mask_rcnn,FP32,comun,B,0,230,182.53970000660047
mask_rcnn,FP32,comun,B,0,231,168.74979999556672
mask_rcnn,FP32,comun,B,0,232,208.46310000342783
mask_rcnn,FP32,comun,B,0,233,194.12499999452848
mask_rcnn,FP32,comun,B,0,234,196.30689999030437
mask_rcnn,FP32,comun,B,0,235,202.40470000135247
mask_rcnn,FP32,comun,B,0,236,191.19349999527913
mask_rcnn,FP32,comun,B,0,237,205.74150000174996
mask_rcnn,FP32,comun,B,0,238,203.20980000542477
mask_rcnn,FP32,comun,B,0,239,212.91619999101385
mask_rcnn,FP32,comun,B,0,240,213.18639999662992
mask_rcnn,FP32,comun,B,0,241,194.97900000715163
mask_rcnn,FP32,comun,B,0,242,210.0637999974424
mask_rcnn,FP32,comun,B,0,243,197.4422999919625
mask_rcnn,FP32,comun,B,0,244,185.57090000831522
mask_rcnn,FP32,comun,B,0,245,195.26629999745637
mask_rcnn,FP32,comun,B,0,246,196.3917999964906
mask_rcnn,FP32,comun,B,0,247,204.55320000473876
mask_rcnn,FP32,comun,B,0,248,179.36419999750797
mask_rcnn,FP32,comun,B,0,249,203.23600000119768
mask_rcnn,FP32,comun,B,0,250,188.8092000008328
mask_rcnn,FP32,comun,B,0,251,204.02760000433773
mask_rcnn,FP32,comun,B,0,252,198.86869999754708
mask_rcnn,FP32,comun,B,0,253,179.59820000396576
mask_rcnn,FP32,comun,B,0,254,196.18359999731183
mask_rcnn,FP32,comun,B,0,255,201.7658999975538
mask_rcnn,FP32,comun,B,0,256,201.08129999425728
mask_rcnn,FP32,comun,B,0,257,204.76649999909569
mask_rcnn,FP32,comun,B,0,258,201.18819999333937
mask_rcnn,FP32,comun,B,0,259,197.06459999724757
mask_rcnn,FP32,comun,B,0,260,190.80480000411626
mask_rcnn,FP32,comun,B,0,261,198.42780000180937
mask_rcnn,FP32,comun,B,0,262,209.20230000047013
mask_rcnn,FP32,comun,B,0,263,200.6139000004623
mask_rcnn,FP32,comun,B,0,264,208.89370000804774
mask_rcnn,FP32,comun,B,0,265,197.7848999958951
mask_rcnn,FP32,comun,B,0,266,203.80459999432787
mask_rcnn,FP32,comun,B,0,267,189.49229999270756
mask_rcnn,FP32,comun,B,0,268,195.95520000439137
mask_rcnn,FP32,comun,B,0,269,203.30900000408292
mask_rcnn,FP32,comun,B,0,270,204.67740000458434
mask_rcnn,FP32,comun,B,0,271,202.33119999465998
mask_rcnn,FP32,comun,B,0,272,205.57810000900645
mask_rcnn,FP32,comun,B,0,273,210.05919999151956
mask_rcnn,FP32,comun,B,0,274,201.41270000021905
mask_rcnn,FP32,comun,B,0,275,200.62119999784045
mask_rcnn,FP32,comun,B,0,276,202.5805000012042
mask_rcnn,FP32,comun,B,0,277,199.4881999999052
mask_rcnn,FP32,comun,B,0,278,196.6996000119252
mask_rcnn,FP32,comun,B,0,279,200.95230000151787
mask_rcnn,FP32,comun,B,0,280,201.8850000022212
mask_rcnn,FP32,comun,B,0,281,199.91100000333972
mask_rcnn,FP32,comun,B,0,282,188.60309998854063
mask_rcnn,FP32,comun,B,0,283,199.59910000034142
mask_rcnn,FP32,comun,B,0,284,202.05079999868758
mask_rcnn,FP32,comun,B,0,285,200.807100001839
mask_rcnn,FP32,comun,B,0,286,208.2586999895284
mask_rcnn,FP32,comun,B,0,287,206.64109999779612
mask_rcnn,FP32,comun,B,0,288,192.53589998697862
mask_rcnn,FP32,comun,B,0,289,209.54369999526534
mask_rcnn,FP32,comun,B,0,290,193.89670000236947
mask_rcnn,FP32,comun,B,0,291,200.15649999550078
mask_rcnn,FP32,comun,B,0,292,203.9313000132097
mask_rcnn,FP32,comun,B,0,293,209.48599999246653
mask_rcnn,FP32,comun,B,0,294,208.18070000677835
mask_rcnn,FP32,comun,B,0,295,210.67080000648275
mask_rcnn,FP32,comun,B,0,296,207.24559998780023
mask_rcnn,FP32,comun,B,0,297,210.67919999768492
mask_rcnn,FP32,comun,B,0,298,200.70870000927243
mask_rcnn,FP32,comun,B,0,299,196.4245999988634
mask_rcnn,FP32,comun,B,0,300,206.62119999178685
mask_rcnn,FP32,comun,B,0,301,202.81519999844022
mask_rcnn,FP32,comun,B,0,302,199.1052000084892
mask_rcnn,FP32,comun,B,0,303,210.18280000134837
mask_rcnn,FP32,comun,B,0,304,196.37380000494886
mask_rcnn,FP32,comun,B,0,305,203.85259999602567
mask_rcnn,FP32,comun,B,0,306,203.65490000403952
mask_rcnn,FP32,comun,B,0,307,189.34460000309628
mask_rcnn,FP32,comun,B,0,308,196.87529999646358
mask_rcnn,FP32,comun,B,0,309,209.13689999724738
mask_rcnn,FP32,comun,B,0,310,186.73429999034852
mask_rcnn,FP32,comun,B,0,311,197.9048000066541
mask_rcnn,FP32,comun,B,0,312,205.87849999719765
mask_rcnn,FP32,comun,B,0,313,200.63519998802803
mask_rcnn,FP32,comun,B,0,314,205.5050999915693
mask_rcnn,FP32,comun,B,0,315,201.1050000000978
mask_rcnn,FP32,comun,B,0,316,188.63359998795204
mask_rcnn,FP32,comun,B,0,317,221.17969999089837
mask_rcnn,FP32,comun,B,0,318,189.37239999650046
mask_rcnn,FP32,comun,B,0,319,196.0737000044901
mask_rcnn,FP32,comun,B,0,320,206.87989999714773
mask_rcnn,FP32,comun,B,0,321,212.20520000497345
mask_rcnn,FP32,comun,B,0,322,192.84190000325907
mask_rcnn,FP32,comun,B,0,323,212.80719999049325
mask_rcnn,FP32,comun,B,0,324,203.22280000254977
mask_rcnn,FP32,comun,B,0,325,203.9912999898661
mask_rcnn,FP32,comun,B,0,326,200.53339999867603
mask_rcnn,FP32,comun,B,0,327,211.2392999988515
mask_rcnn,FP32,comun,B,0,328,200.35929999721702
mask_rcnn,FP32,comun,B,0,329,209.30570000200532
mask_rcnn,FP32,comun,B,0,330,194.31130000157282
mask_rcnn,FP32,comun,B,0,331,201.6667999996571
mask_rcnn,FP32,comun,B,0,332,206.29749998624902
mask_rcnn,FP32,comun,B,0,333,208.26129999477416
mask_rcnn,FP32,comun,B,0,334,197.22270000784192
mask_rcnn,FP32,comun,B,0,335,215.8499000070151
mask_rcnn,FP32,comun,B,0,336,192.6456000073813
mask_rcnn,FP32,comun,B,0,337,200.6161999888718
mask_rcnn,FP32,comun,B,0,338,208.32180000434164
mask_rcnn,FP32,comun,B,0,339,192.97899999946821
mask_rcnn,FP32,comun,B,0,340,197.5215999991633
mask_rcnn,FP32,comun,B,0,341,186.48980000580195
mask_rcnn,FP32,comun,B,0,342,192.28010000369977
mask_rcnn,FP32,comun,B,0,343,197.124199999962
mask_rcnn,FP32,comun,B,0,344,184.246599994367
mask_rcnn,FP32,comun,B,0,345,187.74960000882857
mask_rcnn,FP32,comun,B,0,346,205.96730000397656
mask_rcnn,FP32,comun,B,0,347,211.12980000907555
mask_rcnn,FP32,comun,B,0,348,211.45390000310726
mask_rcnn,FP32,comun,B,0,349,196.17450000077952
mask_rcnn,FP32,comun,B,0,350,198.72240000404418
mask_rcnn,FP32,comun,B,0,351,209.81509999546688
mask_rcnn,FP32,comun,B,0,352,192.17520000529476
mask_rcnn,FP32,comun,B,0,353,197.26110000920016
mask_rcnn,FP32,comun,B,0,354,204.12320000468753
mask_rcnn,FP32,comun,B,0,355,204.22830000461545
mask_rcnn,FP32,comun,B,0,356,206.08269999502227
mask_rcnn,FP32,comun,B,0,357,197.4369000090519
mask_rcnn,FP32,comun,B,0,358,206.49689999117982
mask_rcnn,FP32,comun,B,0,359,192.31369999761228
mask_rcnn,FP32,comun,B,0,360,192.96069999109022
mask_rcnn,FP32,comun,B,0,361,211.16179999080487
mask_rcnn,FP32,comun,B,0,362,200.39709999400657
mask_rcnn,FP32,comun,B,0,363,208.6288999998942
mask_rcnn,FP32,comun,B,0,364,207.50689999840688
mask_rcnn,FP32,comun,B,0,365,190.34860000829212
mask_rcnn,FP32,comun,B,0,366,195.84620000387076
mask_rcnn,FP32,comun,B,0,367,213.94299999519717
mask_rcnn,FP32,comun,B,0,368,200.74850000673905
mask_rcnn,FP32,comun,B,0,369,181.9372000027215
mask_rcnn,FP32,comun,B,0,370,204.9847000016598
mask_rcnn,FP32,comun,B,0,371,202.5599000044167
mask_rcnn,FP32,comun,B,0,372,201.0491999972146
mask_rcnn,FP32,comun,B,0,373,202.13330000115093
mask_rcnn,FP32,comun,A,1,0,182.1250999928452
mask_rcnn,FP32,comun,A,1,1,186.04879999475088
mask_rcnn,FP32,comun,A,1,2,183.23969999619294
mask_rcnn,FP32,comun,A,1,3,197.16749999497551
mask_rcnn,FP32,comun,A,1,4,182.33260000124574
mask_rcnn,FP32,comun,A,1,5,186.23269999807235
mask_rcnn,FP32,comun,A,1,6,182.71740000636782
mask_rcnn,FP32,comun,A,1,7,189.4272999925306
mask_rcnn,FP32,comun,A,1,8,178.20300000312272
mask_rcnn,FP32,comun,A,1,9,172.48880000261124
mask_rcnn,FP32,comun,A,1,10,176.80260000634007
mask_rcnn,FP32,comun,A,1,11,185.0367000006372
mask_rcnn,FP32,comun,A,1,12,193.03409999702126
mask_rcnn,FP32,comun,A,1,13,185.02979999175295
mask_rcnn,FP32,comun,A,1,14,178.4274999954505
mask_rcnn,FP32,comun,A,1,15,180.7933999953093
mask_rcnn,FP32,comun,A,1,16,176.4021999988472
mask_rcnn,FP32,comun,A,1,17,188.82349999330472
mask_rcnn,FP32,comun,A,1,18,183.9302000007592
mask_rcnn,FP32,comun,A,1,19,185.3160000027856
mask_rcnn,FP32,comun,A,1,20,181.88860001100693
mask_rcnn,FP32,comun,A,1,21,180.2897000015946
mask_rcnn,FP32,comun,A,1,22,189.78670000797138
mask_rcnn,FP32,comun,A,1,23,193.7515000026906
mask_rcnn,FP32,comun,A,1,24,180.17419999523554
mask_rcnn,FP32,comun,A,1,25,182.22760000207927
mask_rcnn,FP32,comun,A,1,26,184.575200008112
mask_rcnn,FP32,comun,A,1,27,188.88159999914933
mask_rcnn,FP32,comun,A,1,28,174.55900000641122
mask_rcnn,FP32,comun,A,1,29,187.13730000308715
mask_rcnn,FP32,comun,A,1,30,197.07280000147875
mask_rcnn,FP32,comun,A,1,31,191.21499999891967
mask_rcnn,FP32,comun,A,1,32,187.5376999960281
mask_rcnn,FP32,comun,A,1,33,188.07720000040717
mask_rcnn,FP32,comun,A,1,34,180.6020000076387
mask_rcnn,FP32,comun,A,1,35,195.85529998585116
mask_rcnn,FP32,comun,A,1,36,193.1780000013532
mask_rcnn,FP32,comun,A,1,37,189.48079999245238
mask_rcnn,FP32,comun,A,1,38,203.1169999972917
mask_rcnn,FP32,comun,A,1,39,186.79259999771602
mask_rcnn,FP32,comun,A,1,40,186.60840000666212
mask_rcnn,FP32,comun,A,1,41,198.79139999102335
mask_rcnn,FP32,comun,A,1,42,178.66000000503846
mask_rcnn,FP32,comun,A,1,43,190.4173999937484
mask_rcnn,FP32,comun,A,1,44,184.85140000120737
mask_rcnn,FP32,comun,A,1,45,184.26009999529924
mask_rcnn,FP32,comun,A,1,46,191.6270999936387
mask_rcnn,FP32,comun,A,1,47,188.3710000111023
mask_rcnn,FP32,comun,A,1,48,193.94569999712985
mask_rcnn,FP32,comun,A,1,49,174.3791000044439
mask_rcnn,FP32,comun,A,1,50,182.81230000138748
mask_rcnn,FP32,comun,A,1,51,183.10149999160785
mask_rcnn,FP32,comun,A,1,52,181.75309999787714
mask_rcnn,FP32,comun,A,1,53,188.37440000788774
mask_rcnn,FP32,comun,A,1,54,189.54259999736678
mask_rcnn,FP32,comun,A,1,55,179.19730000721756
mask_rcnn,FP32,comun,A,1,56,187.9482999938773
mask_rcnn,FP32,comun,A,1,57,191.66300000506453
mask_rcnn,FP32,comun,A,1,58,189.2569000046933
mask_rcnn,FP32,comun,A,1,59,177.58950000279583
mask_rcnn,FP32,comun,A,1,60,185.19789999118075
mask_rcnn,FP32,comun,A,1,61,186.6977999889059
mask_rcnn,FP32,comun,A,1,62,178.44869999680668
mask_rcnn,FP32,comun,A,1,63,191.5768000035314
mask_rcnn,FP32,comun,A,1,64,195.97559999965597
mask_rcnn,FP32,comun,A,1,65,187.92270000267308
mask_rcnn,FP32,comun,A,1,66,189.43129999388475
mask_rcnn,FP32,comun,A,1,67,180.930200003786
mask_rcnn,FP32,comun,A,1,68,190.7566999871051
mask_rcnn,FP32,comun,A,1,69,179.0369000082137
mask_rcnn,FP32,comun,A,1,70,193.73389999964274
mask_rcnn,FP32,comun,A,1,71,181.68489998788573
mask_rcnn,FP32,comun,A,1,72,180.30750000616536
mask_rcnn,FP32,comun,A,1,73,180.3016000048956
mask_rcnn,FP32,comun,A,1,74,186.82740000076592
mask_rcnn,FP32,comun,A,1,75,191.00090001302306
mask_rcnn,FP32,comun,A,1,76,184.24019998928998
mask_rcnn,FP32,comun,A,1,77,156.8528000061633
mask_rcnn,FP32,comun,A,1,78,182.3319000104675
mask_rcnn,FP32,comun,A,1,79,191.19950001186226
mask_rcnn,FP32,comun,A,1,80,171.83639999711886
mask_rcnn,FP32,comun,A,1,81,184.38990000868216
mask_rcnn,FP32,comun,A,1,82,186.24710000585765
mask_rcnn,FP32,comun,A,1,83,189.77949999680277
mask_rcnn,FP32,comun,A,1,84,189.48630000522826
mask_rcnn,FP32,comun,A,1,85,195.99909998942167
mask_rcnn,FP32,comun,A,1,86,184.10649998986628
mask_rcnn,FP32,comun,A,1,87,188.15660000836942
mask_rcnn,FP32,comun,A,1,88,196.60330000624526
mask_rcnn,FP32,comun,A,1,89,182.6738999952795
mask_rcnn,FP32,comun,A,1,90,179.20370001229458
mask_rcnn,FP32,comun,A,1,91,184.44120000640396
mask_rcnn,FP32,comun,A,1,92,198.87599999492522
mask_rcnn,FP32,comun,A,1,93,184.8762000008719
mask_rcnn,FP32,comun,A,1,94,199.76329999917652
mask_rcnn,FP32,comun,A,1,95,178.44019999029115
mask_rcnn,FP32,comun,A,1,96,188.88389998755883
mask_rcnn,FP32,comun,A,1,97,180.80399998871144
mask_rcnn,FP32,comun,A,1,98,184.54959998780396
mask_rcnn,FP32,comun,A,1,99,180.05409999750555
mask_rcnn,FP32,comun,A,1,100,178.3374999940861
mask_rcnn,FP32,comun,A,1,101,187.0896000036737
mask_rcnn,FP32,comun,A,1,102,190.93789999897126
mask_rcnn,FP32,comun,A,1,103,179.89780000061728
mask_rcnn,FP32,comun,A,1,104,179.87739999080077
mask_rcnn,FP32,comun,A,1,105,187.2670000011567
mask_rcnn,FP32,comun,A,1,106,178.5661999892909
mask_rcnn,FP32,comun,A,1,107,186.98699999367818
mask_rcnn,FP32,comun,A,1,108,175.20340000919532
mask_rcnn,FP32,comun,A,1,109,186.76849998882972
mask_rcnn,FP32,comun,A,1,110,177.55359999137
mask_rcnn,FP32,comun,A,1,111,189.96509999851696
mask_rcnn,FP32,comun,A,1,112,182.81879999267403
mask_rcnn,FP32,comun,A,1,113,173.75830000673886
mask_rcnn,FP32,comun,A,1,114,191.01019999652635
mask_rcnn,FP32,comun,A,1,115,185.73870000545867
mask_rcnn,FP32,comun,A,1,116,184.58150001242757
mask_rcnn,FP32,comun,A,1,117,188.69310000445694
mask_rcnn,FP32,comun,A,1,118,185.07550000504125
mask_rcnn,FP32,comun,A,1,119,188.01330000860617
mask_rcnn,FP32,comun,A,1,120,190.27469999855384
mask_rcnn,FP32,comun,A,1,121,190.54830000095535
mask_rcnn,FP32,comun,A,1,122,184.0403999958653
mask_rcnn,FP32,comun,A,1,123,186.4651999931084
mask_rcnn,FP32,comun,A,1,124,192.34089998644777
mask_rcnn,FP32,comun,A,1,125,189.7361000010278
mask_rcnn,FP32,comun,A,1,126,189.12219999765512
mask_rcnn,FP32,comun,A,1,127,178.99420000321697
mask_rcnn,FP32,comun,A,1,128,189.03189999400638
mask_rcnn,FP32,comun,A,1,129,186.06529998942278
mask_rcnn,FP32,comun,A,1,130,187.47970000549685
mask_rcnn,FP32,comun,A,1,131,190.97090000286698
mask_rcnn,FP32,comun,A,1,132,180.2460000035353
mask_rcnn,FP32,comun,A,1,133,175.66619999706745
mask_rcnn,FP32,comun,A,1,134,190.44380000559613
mask_rcnn,FP32,comun,A,1,135,197.10209999175277
mask_rcnn,FP32,comun,A,1,136,172.1662999916589
mask_rcnn,FP32,comun,A,1,137,181.6180999885546
mask_rcnn,FP32,comun,A,1,138,197.8055000072345
mask_rcnn,FP32,comun,A,1,139,189.40550000115763
mask_rcnn,FP32,comun,A,1,140,186.06990000989754
mask_rcnn,FP32,comun,A,1,141,191.667499995674
mask_rcnn,FP32,comun,A,1,142,190.80019999819342
mask_rcnn,FP32,comun,A,1,143,185.01840000681113
mask_rcnn,FP32,comun,A,1,144,192.09979999868665
mask_rcnn,FP32,comun,A,1,145,177.88800000562333
mask_rcnn,FP32,comun,A,1,146,190.44219999341294
mask_rcnn,FP32,comun,A,1,147,184.8242999985814
mask_rcnn,FP32,comun,A,1,148,204.26399999996647
mask_rcnn,FP32,comun,A,1,149,183.09279999812134
mask_rcnn,FP32,comun,A,1,150,182.83549998886883
mask_rcnn,FP32,comun,A,1,151,190.42839999019634
mask_rcnn,FP32,comun,A,1,152,192.41599999077152
mask_rcnn,FP32,comun,A,1,153,190.14519998745527
mask_rcnn,FP32,comun,A,1,154,195.71309999446385
mask_rcnn,FP32,comun,A,1,155,179.66639999940526
mask_rcnn,FP32,comun,A,1,156,175.38760000024922
mask_rcnn,FP32,comun,A,1,157,181.44620000384748
mask_rcnn,FP32,comun,A,1,158,194.1538999963086
mask_rcnn,FP32,comun,A,1,159,185.81510000512935
mask_rcnn,FP32,comun,A,1,160,193.2805999967968
mask_rcnn,FP32,comun,A,1,161,190.16559999727178
mask_rcnn,FP32,comun,A,1,162,186.1569999891799
mask_rcnn,FP32,comun,A,1,163,180.63770000298973
mask_rcnn,FP32,comun,A,1,164,185.56879999232478
mask_rcnn,FP32,comun,A,1,165,185.91559999913443
mask_rcnn,FP32,comun,A,1,166,183.96750000829343
mask_rcnn,FP32,comun,A,1,167,180.05389999598265
mask_rcnn,FP32,comun,A,1,168,188.94039999577217
mask_rcnn,FP32,comun,A,1,169,197.30709999566898
mask_rcnn,FP32,comun,A,1,170,192.96960000065155
mask_rcnn,FP32,comun,A,1,171,171.04340001242235
mask_rcnn,FP32,comun,A,1,172,183.32559999544173
mask_rcnn,FP32,comun,A,1,173,178.6837999970885
mask_rcnn,FP32,comun,A,1,174,189.49479999719188
mask_rcnn,FP32,comun,A,1,175,193.31429999147076
mask_rcnn,FP32,comun,A,1,176,192.10679999378044
mask_rcnn,FP32,comun,A,1,177,178.4650000045076
mask_rcnn,FP32,comun,A,1,178,197.34289999178145
mask_rcnn,FP32,comun,A,1,179,187.67210000078194
mask_rcnn,FP32,comun,A,1,180,194.44750000548083
mask_rcnn,FP32,comun,A,1,181,183.24480000592303
mask_rcnn,FP32,comun,A,1,182,172.44969999592286
mask_rcnn,FP32,comun,A,1,183,200.2894000033848
mask_rcnn,FP32,comun,A,1,184,187.47019999136683
mask_rcnn,FP32,comun,A,1,185,198.6598000075901
mask_rcnn,FP32,comun,A,1,186,188.910400000168
mask_rcnn,FP32,comun,A,1,187,156.92359999229666
mask_rcnn,FP32,comun,A,1,188,186.50920000800397
mask_rcnn,FP32,comun,A,1,189,180.0583000003826
mask_rcnn,FP32,comun,A,1,190,168.7283000064781
mask_rcnn,FP32,comun,A,1,191,185.10719999903813
mask_rcnn,FP32,comun,A,1,192,182.788400008576
mask_rcnn,FP32,comun,A,1,193,189.6872999932384
mask_rcnn,FP32,comun,A,1,194,195.03280000935774
mask_rcnn,FP32,comun,A,1,195,190.74240000918508
mask_rcnn,FP32,comun,A,1,196,171.37640000146348
mask_rcnn,FP32,comun,A,1,197,172.75670000526588
mask_rcnn,FP32,comun,A,1,198,175.34979998890776
mask_rcnn,FP32,comun,A,1,199,182.3320999974385
mask_rcnn,FP32,comun,A,1,200,193.15440001082607
mask_rcnn,FP32,comun,A,1,201,191.39229999564122
mask_rcnn,FP32,comun,A,1,202,182.7231000061147
mask_rcnn,FP32,comun,A,1,203,185.45790000644047
mask_rcnn,FP32,comun,A,1,204,175.17979998956434
mask_rcnn,FP32,comun,A,1,205,189.36269999539945
mask_rcnn,FP32,comun,A,1,206,214.15309999429155
mask_rcnn,FP32,comun,A,1,207,188.32060000568163
mask_rcnn,FP32,comun,A,1,208,197.98070000251755
mask_rcnn,FP32,comun,A,1,209,184.12809999426827
mask_rcnn,FP32,comun,A,1,210,169.8958000051789
mask_rcnn,FP32,comun,A,1,211,189.2431000014767
mask_rcnn,FP32,comun,A,1,212,185.39169999712612
mask_rcnn,FP32,comun,A,1,213,189.71399999281857
mask_rcnn,FP32,comun,A,1,214,188.378200007719
mask_rcnn,FP32,comun,A,1,215,184.70670000533573
mask_rcnn,FP32,comun,A,1,216,176.02839999017306
mask_rcnn,FP32,comun,A,1,217,179.0766999911284
mask_rcnn,FP32,comun,A,1,218,183.2090999960201
mask_rcnn,FP32,comun,A,1,219,186.96449999697506
mask_rcnn,FP32,comun,A,1,220,186.10329998773523
mask_rcnn,FP32,comun,A,1,221,183.51719999918714
mask_rcnn,FP32,comun,A,1,222,176.04799999389797
mask_rcnn,FP32,comun,A,1,223,183.45169999520294
mask_rcnn,FP32,comun,A,1,224,195.28480000735726
mask_rcnn,FP32,comun,A,1,225,176.30469999858178
mask_rcnn,FP32,comun,A,1,226,183.27700000372715
mask_rcnn,FP32,comun,A,1,227,191.0788999957731
mask_rcnn,FP32,comun,A,1,228,174.54419999558013
mask_rcnn,FP32,comun,A,1,229,184.3994999944698
mask_rcnn,FP32,comun,A,1,230,161.65039999759756
mask_rcnn,FP32,comun,A,1,231,154.64199999405537
mask_rcnn,FP32,comun,A,1,232,188.18690000625793
mask_rcnn,FP32,comun,A,1,233,181.22800000128336
mask_rcnn,FP32,comun,A,1,234,184.46470001072157
mask_rcnn,FP32,comun,A,1,235,188.2803999906173
mask_rcnn,FP32,comun,A,1,236,178.62639999657404
mask_rcnn,FP32,comun,A,1,237,193.12570001056883
mask_rcnn,FP32,comun,A,1,238,188.62329999683425
mask_rcnn,FP32,comun,A,1,239,180.29809999279678
mask_rcnn,FP32,comun,A,1,240,191.2026999925729
mask_rcnn,FP32,comun,A,1,241,175.889800011646
mask_rcnn,FP32,comun,A,1,242,191.03940000059083
mask_rcnn,FP32,comun,A,1,243,174.51389999769162
mask_rcnn,FP32,comun,A,1,244,166.61819998989813
mask_rcnn,FP32,comun,A,1,245,193.16019999678247
mask_rcnn,FP32,comun,A,1,246,188.1736999930581
mask_rcnn,FP32,comun,A,1,247,189.09860000712797
mask_rcnn,FP32,comun,A,1,248,166.38439999951515
mask_rcnn,FP32,comun,A,1,249,187.2573000000557
mask_rcnn,FP32,comun,A,1,250,181.19230000593234
mask_rcnn,FP32,comun,A,1,251,186.2299000058556
mask_rcnn,FP32,comun,A,1,252,190.44370000483468
mask_rcnn,FP32,comun,A,1,253,166.91509999509435
mask_rcnn,FP32,comun,A,1,254,192.2478000051342
mask_rcnn,FP32,comun,A,1,255,186.7696999979671
mask_rcnn,FP32,comun,A,1,256,189.82929999765474
mask_rcnn,FP32,comun,A,1,257,194.25329999648966
mask_rcnn,FP32,comun,A,1,258,183.8527000072645
mask_rcnn,FP32,comun,A,1,259,179.716799990274
mask_rcnn,FP32,comun,A,1,260,184.24159999995027
mask_rcnn,FP32,comun,A,1,261,187.36850000277627
mask_rcnn,FP32,comun,A,1,262,195.49000001279637
mask_rcnn,FP32,comun,A,1,263,184.50499999744352
mask_rcnn,FP32,comun,A,1,264,199.50709999829996
mask_rcnn,FP32,comun,A,1,265,184.96130000858102
mask_rcnn,FP32,comun,A,1,266,184.68530000245664
mask_rcnn,FP32,comun,A,1,267,176.48639999970328
mask_rcnn,FP32,comun,A,1,268,187.516299993149
mask_rcnn,FP32,comun,A,1,269,186.2591999961296
mask_rcnn,FP32,comun,A,1,270,190.89939999685157
mask_rcnn,FP32,comun,A,1,271,179.77100001007784
mask_rcnn,FP32,comun,A,1,272,190.6541000062134
mask_rcnn,FP32,comun,A,1,273,197.10330000089016
mask_rcnn,FP32,comun,A,1,274,192.20669999776874
mask_rcnn,FP32,comun,A,1,275,181.47740000858903
mask_rcnn,FP32,comun,A,1,276,187.7907000016421
mask_rcnn,FP32,comun,A,1,277,189.2563000001246
mask_rcnn,FP32,comun,A,1,278,186.1408999975538
mask_rcnn,FP32,comun,A,1,279,178.29470000287984
mask_rcnn,FP32,comun,A,1,280,185.7056000008015
mask_rcnn,FP32,comun,A,1,281,182.4644000007538
mask_rcnn,FP32,comun,A,1,282,184.26870000257622
mask_rcnn,FP32,comun,A,1,283,184.68219999340363
mask_rcnn,FP32,comun,A,1,284,190.4147000022931
mask_rcnn,FP32,comun,A,1,285,187.24280000606086
mask_rcnn,FP32,comun,A,1,286,200.064000004204
mask_rcnn,FP32,comun,A,1,287,184.57360001048073
mask_rcnn,FP32,comun,A,1,288,180.594999997993
mask_rcnn,FP32,comun,A,1,289,186.98679999215528
mask_rcnn,FP32,comun,A,1,290,185.1536999893142
mask_rcnn,FP32,comun,A,1,291,187.8259000077378
mask_rcnn,FP32,comun,A,1,292,183.2511000102386
mask_rcnn,FP32,comun,A,1,293,188.92140001116786
mask_rcnn,FP32,comun,A,1,294,186.51549999776762
mask_rcnn,FP32,comun,A,1,295,191.75840000389144
mask_rcnn,FP32,comun,A,1,296,185.14739999955054
mask_rcnn,FP32,comun,A,1,297,182.74150000070222
mask_rcnn,FP32,comun,A,1,298,185.98859998746775
mask_rcnn,FP32,comun,A,1,299,187.42940000083763
mask_rcnn,FP32,comun,A,1,300,190.26550000126008
mask_rcnn,FP32,comun,A,1,301,185.8195000095293
mask_rcnn,FP32,comun,A,1,302,189.11300000036135
mask_rcnn,FP32,comun,A,1,303,190.62249999842606
mask_rcnn,FP32,comun,A,1,304,180.90700000175275
mask_rcnn,FP32,comun,A,1,305,183.20059998950455
mask_rcnn,FP32,comun,A,1,306,187.21060000825673
mask_rcnn,FP32,comun,A,1,307,176.5103000070667
mask_rcnn,FP32,comun,A,1,308,187.271700007841
mask_rcnn,FP32,comun,A,1,309,195.21459999668878
mask_rcnn,FP32,comun,A,1,310,178.92970000684727
mask_rcnn,FP32,comun,A,1,311,176.45109999284614
mask_rcnn,FP32,comun,A,1,312,189.56660000549164
mask_rcnn,FP32,comun,A,1,313,185.53590000374243
mask_rcnn,FP32,comun,A,1,314,189.35140001121908
mask_rcnn,FP32,comun,A,1,315,188.3458999946015
mask_rcnn,FP32,comun,A,1,316,184.36490000749473
mask_rcnn,FP32,comun,A,1,317,203.26669998758007
mask_rcnn,FP32,comun,A,1,318,173.36600000271574
mask_rcnn,FP32,comun,A,1,319,181.85529999027494
mask_rcnn,FP32,comun,A,1,320,190.51699999545235
mask_rcnn,FP32,comun,A,1,321,187.25469999480993
mask_rcnn,FP32,comun,A,1,322,177.82630000147037
mask_rcnn,FP32,comun,A,1,323,191.17540000297595
mask_rcnn,FP32,comun,A,1,324,187.266399996588
mask_rcnn,FP32,comun,A,1,325,185.05530001129955
mask_rcnn,FP32,comun,A,1,326,181.10589998832438
mask_rcnn,FP32,comun,A,1,327,189.59120000363328
mask_rcnn,FP32,comun,A,1,328,180.5842999892775
mask_rcnn,FP32,comun,A,1,329,191.05300000228453
mask_rcnn,FP32,comun,A,1,330,173.23580000083894
mask_rcnn,FP32,comun,A,1,331,188.8768000062555
mask_rcnn,FP32,comun,A,1,332,187.97080000513233
mask_rcnn,FP32,comun,A,1,333,191.02310000744183
mask_rcnn,FP32,comun,A,1,334,187.63899999612477
mask_rcnn,FP32,comun,A,1,335,193.74899999820627
mask_rcnn,FP32,comun,A,1,336,177.75970000366215
mask_rcnn,FP32,comun,A,1,337,186.45690000266768
mask_rcnn,FP32,comun,A,1,338,190.00620000588242
mask_rcnn,FP32,comun,A,1,339,184.3036999925971
mask_rcnn,FP32,comun,A,1,340,186.11540000711102
mask_rcnn,FP32,comun,A,1,341,174.18319999706
mask_rcnn,FP32,comun,A,1,342,179.35929998930078
mask_rcnn,FP32,comun,A,1,343,183.96689998917282
mask_rcnn,FP32,comun,A,1,344,174.61639999237377
mask_rcnn,FP32,comun,A,1,345,175.0635000062175
mask_rcnn,FP32,comun,A,1,346,185.23969998932444
mask_rcnn,FP32,comun,A,1,347,194.4948000018485
mask_rcnn,FP32,comun,A,1,348,200.16159999067895
mask_rcnn,FP32,comun,A,1,349,198.97860000492074
mask_rcnn,FP32,comun,A,1,350,188.9997999969637
mask_rcnn,FP32,comun,A,1,351,196.08399999560788
mask_rcnn,FP32,comun,A,1,352,188.74599999981
mask_rcnn,FP32,comun,A,1,353,191.1919999984093
mask_rcnn,FP32,comun,A,1,354,185.04300000495277
mask_rcnn,FP32,comun,A,1,355,187.07899999571964
mask_rcnn,FP32,comun,A,1,356,188.41960000281688
mask_rcnn,FP32,comun,A,1,357,175.95610000716988
mask_rcnn,FP32,comun,A,1,358,186.97309998970013
mask_rcnn,FP32,comun,A,1,359,181.8518999934895
mask_rcnn,FP32,comun,A,1,360,172.14730000705458
mask_rcnn,FP32,comun,A,1,361,188.60540000605397
mask_rcnn,FP32,comun,A,1,362,180.2868000086164
mask_rcnn,FP32,comun,A,1,363,195.63849999394733
mask_rcnn,FP32,comun,A,1,364,189.2268000083277
mask_rcnn,FP32,comun,A,1,365,176.08419999305625
mask_rcnn,FP32,comun,A,1,366,172.76760000095237
mask_rcnn,FP32,comun,A,1,367,190.6408999930136
mask_rcnn,FP32,comun,A,1,368,191.49389999802224
mask_rcnn,FP32,comun,A,1,369,181.59880000166595
mask_rcnn,FP32,comun,A,1,370,192.77660000079777
mask_rcnn,FP32,comun,A,1,371,188.31009999848902
mask_rcnn,FP32,comun,A,1,372,186.80959999619517
mask_rcnn,FP32,comun,A,1,373,186.96969999291468
mask_rcnn,FP32,comun,B,1,0,202.38989999052137
mask_rcnn,FP32,comun,B,1,1,193.47659999039024
mask_rcnn,FP32,comun,B,1,2,200.27200000185985
mask_rcnn,FP32,comun,B,1,3,197.35660000878852
mask_rcnn,FP32,comun,B,1,4,202.61339998978656
mask_rcnn,FP32,comun,B,1,5,215.62780000385828
mask_rcnn,FP32,comun,B,1,6,211.18600000045262
mask_rcnn,FP32,comun,B,1,7,201.97880000341684
mask_rcnn,FP32,comun,B,1,8,190.98260000464506
mask_rcnn,FP32,comun,B,1,9,198.94800000474788
mask_rcnn,FP32,comun,B,1,10,197.71700000273995
mask_rcnn,FP32,comun,B,1,11,201.92300000053365
mask_rcnn,FP32,comun,B,1,12,211.1892000102671
mask_rcnn,FP32,comun,B,1,13,201.81569999840576
mask_rcnn,FP32,comun,B,1,14,205.42209999985062
mask_rcnn,FP32,comun,B,1,15,207.34570000786334
mask_rcnn,FP32,comun,B,1,16,200.59239999682177
mask_rcnn,FP32,comun,B,1,17,212.95400000235531
mask_rcnn,FP32,comun,B,1,18,201.7753999971319
mask_rcnn,FP32,comun,B,1,19,199.71160001296084
mask_rcnn,FP32,comun,B,1,20,205.85129999381024
mask_rcnn,FP32,comun,B,1,21,193.47949999792036
mask_rcnn,FP32,comun,B,1,22,204.15460001095198
mask_rcnn,FP32,comun,B,1,23,212.09259999159258
mask_rcnn,FP32,comun,B,1,24,204.64080000238027
mask_rcnn,FP32,comun,B,1,25,193.82109999423847
mask_rcnn,FP32,comun,B,1,26,190.8229999971809
mask_rcnn,FP32,comun,B,1,27,201.44479999726173
mask_rcnn,FP32,comun,B,1,28,202.7072000055341
mask_rcnn,FP32,comun,B,1,29,199.508000005153
mask_rcnn,FP32,comun,B,1,30,201.80930000788067
mask_rcnn,FP32,comun,B,1,31,206.84310000797268
mask_rcnn,FP32,comun,B,1,32,196.18360001186375
mask_rcnn,FP32,comun,B,1,33,207.69890000519808
mask_rcnn,FP32,comun,B,1,34,190.47849999333266
mask_rcnn,FP32,comun,B,1,35,196.37869999860413
mask_rcnn,FP32,comun,B,1,36,212.86460000555962
mask_rcnn,FP32,comun,B,1,37,216.54920000582933
mask_rcnn,FP32,comun,B,1,38,214.79300000646617
mask_rcnn,FP32,comun,B,1,39,197.38159999542404
mask_rcnn,FP32,comun,B,1,40,198.3713999943575
mask_rcnn,FP32,comun,B,1,41,208.17519999400247
mask_rcnn,FP32,comun,B,1,42,195.07259999227244
mask_rcnn,FP32,comun,B,1,43,204.84619999479037
mask_rcnn,FP32,comun,B,1,44,206.68540000042412
mask_rcnn,FP32,comun,B,1,45,194.46169999719132
mask_rcnn,FP32,comun,B,1,46,213.29339999647345
mask_rcnn,FP32,comun,B,1,47,216.25729999504983
mask_rcnn,FP32,comun,B,1,48,204.25280000199564
mask_rcnn,FP32,comun,B,1,49,192.6952999929199
mask_rcnn,FP32,comun,B,1,50,208.06599999195896
mask_rcnn,FP32,comun,B,1,51,196.44430000334978
mask_rcnn,FP32,comun,B,1,52,191.5830000070855
mask_rcnn,FP32,comun,B,1,53,206.7380999942543
mask_rcnn,FP32,comun,B,1,54,200.2443000092171
mask_rcnn,FP32,comun,B,1,55,200.77880000462756
mask_rcnn,FP32,comun,B,1,56,203.11290000972804
mask_rcnn,FP32,comun,B,1,57,215.3377999929944
mask_rcnn,FP32,comun,B,1,58,202.67600000079256
mask_rcnn,FP32,comun,B,1,59,194.04060000670142
mask_rcnn,FP32,comun,B,1,60,190.90600000345148
mask_rcnn,FP32,comun,B,1,61,200.4200000083074
mask_rcnn,FP32,comun,B,1,62,197.55840000289027
mask_rcnn,FP32,comun,B,1,63,201.40740000351798
mask_rcnn,FP32,comun,B,1,64,220.0409000070067
mask_rcnn,FP32,comun,B,1,65,207.77649999945424
mask_rcnn,FP32,comun,B,1,66,200.63710000249557
mask_rcnn,FP32,comun,B,1,67,195.40660000347998
mask_rcnn,FP32,comun,B,1,68,207.63910000096075
mask_rcnn,FP32,comun,B,1,69,195.30210000812076
mask_rcnn,FP32,comun,B,1,70,198.56119999894872
mask_rcnn,FP32,comun,B,1,71,192.52460000279825
mask_rcnn,FP32,comun,B,1,72,197.94530000945088
mask_rcnn,FP32,comun,B,1,73,198.68570000107866
mask_rcnn,FP32,comun,B,1,74,201.837800006615
mask_rcnn,FP32,comun,B,1,75,194.40999999642372
mask_rcnn,FP32,comun,B,1,76,200.16649999888614
mask_rcnn,FP32,comun,B,1,77,172.67010000068694
mask_rcnn,FP32,comun,B,1,78,196.78279999061488
mask_rcnn,FP32,comun,B,1,79,209.6433000115212
mask_rcnn,FP32,comun,B,1,80,191.44979999691714
mask_rcnn,FP32,comun,B,1,81,213.79480000177864
mask_rcnn,FP32,comun,B,1,82,199.9357000022428
mask_rcnn,FP32,comun,B,1,83,197.57509999908507
mask_rcnn,FP32,comun,B,1,84,202.67800000146963
mask_rcnn,FP32,comun,B,1,85,201.38690000749193
mask_rcnn,FP32,comun,B,1,86,197.92109999980312
mask_rcnn,FP32,comun,B,1,87,195.572099997662
mask_rcnn,FP32,comun,B,1,88,214.62939999764785
mask_rcnn,FP32,comun,B,1,89,201.50999999896158
mask_rcnn,FP32,comun,B,1,90,188.32109999493696
mask_rcnn,FP32,comun,B,1,91,208.93589999468531
mask_rcnn,FP32,comun,B,1,92,211.80989999265876
mask_rcnn,FP32,comun,B,1,93,202.35599999432452
mask_rcnn,FP32,comun,B,1,94,201.48629999312107
mask_rcnn,FP32,comun,B,1,95,193.3944999909727
mask_rcnn,FP32,comun,B,1,96,196.97229999292176
mask_rcnn,FP32,comun,B,1,97,205.94529999652877
mask_rcnn,FP32,comun,B,1,98,198.18380000651814
mask_rcnn,FP32,comun,B,1,99,203.65419999870937
mask_rcnn,FP32,comun,B,1,100,194.6758999984013
mask_rcnn,FP32,comun,B,1,101,201.21069999004249
mask_rcnn,FP32,comun,B,1,102,223.75499999907333
mask_rcnn,FP32,comun,B,1,103,192.7791000052821
mask_rcnn,FP32,comun,B,1,104,203.17459999932908
mask_rcnn,FP32,comun,B,1,105,202.32330000726506
mask_rcnn,FP32,comun,B,1,106,196.76869999966584
mask_rcnn,FP32,comun,B,1,107,194.6301999996649
mask_rcnn,FP32,comun,B,1,108,193.6680999933742
mask_rcnn,FP32,comun,B,1,109,201.23980000789743
mask_rcnn,FP32,comun,B,1,110,194.2579000024125
mask_rcnn,FP32,comun,B,1,111,213.37200001289602
mask_rcnn,FP32,comun,B,1,112,197.20010001037735
mask_rcnn,FP32,comun,B,1,113,192.251500004204
mask_rcnn,FP32,comun,B,1,114,216.39210000284947
mask_rcnn,FP32,comun,B,1,115,205.78699999896344
mask_rcnn,FP32,comun,B,1,116,200.47959999646991
mask_rcnn,FP32,comun,B,1,117,208.6398000101326
mask_rcnn,FP32,comun,B,1,118,201.5955000097165
mask_rcnn,FP32,comun,B,1,119,201.44069999514613
mask_rcnn,FP32,comun,B,1,120,199.5141999941552
mask_rcnn,FP32,comun,B,1,121,198.2711000018753
mask_rcnn,FP32,comun,B,1,122,196.96180000028107
mask_rcnn,FP32,comun,B,1,123,203.223499993328
mask_rcnn,FP32,comun,B,1,124,208.09580000059213
mask_rcnn,FP32,comun,B,1,125,207.17969999532215
mask_rcnn,FP32,comun,B,1,126,207.36369999940507
mask_rcnn,FP32,comun,B,1,127,197.57059999392368
mask_rcnn,FP32,comun,B,1,128,196.78439998824615
mask_rcnn,FP32,comun,B,1,129,199.22749999386724
mask_rcnn,FP32,comun,B,1,130,203.69860000209883
mask_rcnn,FP32,comun,B,1,131,198.6378000001423
mask_rcnn,FP32,comun,B,1,132,196.93169998936355
mask_rcnn,FP32,comun,B,1,133,193.41989999520592
mask_rcnn,FP32,comun,B,1,134,202.25099999515805
mask_rcnn,FP32,comun,B,1,135,200.48980000137817
mask_rcnn,FP32,comun,B,1,136,183.34600000525825
mask_rcnn,FP32,comun,B,1,137,192.51800001075026
mask_rcnn,FP32,comun,B,1,138,202.04289999674074
mask_rcnn,FP32,comun,B,1,139,195.19060000311583
mask_rcnn,FP32,comun,B,1,140,201.70510000025388
mask_rcnn,FP32,comun,B,1,141,203.36339999630582
mask_rcnn,FP32,comun,B,1,142,201.83590000669938
mask_rcnn,FP32,comun,B,1,143,191.57070000073873
mask_rcnn,FP32,comun,B,1,144,198.64449999295175
mask_rcnn,FP32,comun,B,1,145,193.74449999304488
mask_rcnn,FP32,comun,B,1,146,205.90819999051746
mask_rcnn,FP32,comun,B,1,147,194.83010000840295
mask_rcnn,FP32,comun,B,1,148,193.66770000488032
mask_rcnn,FP32,comun,B,1,149,208.40200000384357
mask_rcnn,FP32,comun,B,1,150,198.47949998802505
mask_rcnn,FP32,comun,B,1,151,209.38239998940844
mask_rcnn,FP32,comun,B,1,152,206.35720000427682
mask_rcnn,FP32,comun,B,1,153,201.80719999189023
mask_rcnn,FP32,comun,B,1,154,192.19699999666773
mask_rcnn,FP32,comun,B,1,155,196.08249999873806
mask_rcnn,FP32,comun,B,1,156,190.19480000133626
mask_rcnn,FP32,comun,B,1,157,201.1826999951154
mask_rcnn,FP32,comun,B,1,158,209.7014000028139
mask_rcnn,FP32,comun,B,1,159,200.168900002609
mask_rcnn,FP32,comun,B,1,160,200.22579999931622
mask_rcnn,FP32,comun,B,1,161,202.29810000455473
mask_rcnn,FP32,comun,B,1,162,199.89989999157842
mask_rcnn,FP32,comun,B,1,163,199.1649999981746
mask_rcnn,FP32,comun,B,1,164,195.10540000919718
mask_rcnn,FP32,comun,B,1,165,203.77389999339357
mask_rcnn,FP32,comun,B,1,166,203.19399998697918
mask_rcnn,FP32,comun,B,1,167,186.13319999712985
mask_rcnn,FP32,comun,B,1,168,208.73669999127742
mask_rcnn,FP32,comun,B,1,169,205.69280000927392
mask_rcnn,FP32,comun,B,1,170,193.37480000103824
mask_rcnn,FP32,comun,B,1,171,193.08620000083465
mask_rcnn,FP32,comun,B,1,172,199.89500001247507
mask_rcnn,FP32,comun,B,1,173,193.76310000370722
mask_rcnn,FP32,comun,B,1,174,211.13820000027772
mask_rcnn,FP32,comun,B,1,175,206.9659000117099
mask_rcnn,FP32,comun,B,1,176,207.41139999881852
mask_rcnn,FP32,comun,B,1,177,200.96830000693444
mask_rcnn,FP32,comun,B,1,178,206.0936999914702
mask_rcnn,FP32,comun,B,1,179,204.67739999003243
mask_rcnn,FP32,comun,B,1,180,205.95289999619126
mask_rcnn,FP32,comun,B,1,181,201.79520000237972
mask_rcnn,FP32,comun,B,1,182,186.95580000348855
mask_rcnn,FP32,comun,B,1,183,206.70009999594186
mask_rcnn,FP32,comun,B,1,184,200.70380000106525
mask_rcnn,FP32,comun,B,1,185,209.5024000009289
mask_rcnn,FP32,comun,B,1,186,197.9161000053864
mask_rcnn,FP32,comun,B,1,187,178.96330000075977
mask_rcnn,FP32,comun,B,1,188,197.17480000690557
mask_rcnn,FP32,comun,B,1,189,213.03910001006443
mask_rcnn,FP32,comun,B,1,190,192.17279998701997
mask_rcnn,FP32,comun,B,1,191,202.18920000479557
mask_rcnn,FP32,comun,B,1,192,205.0397000130033
mask_rcnn,FP32,comun,B,1,193,204.17149999411777
mask_rcnn,FP32,comun,B,1,194,210.169500001939
mask_rcnn,FP32,comun,B,1,195,210.86429999559186
mask_rcnn,FP32,comun,B,1,196,188.67050000699237
mask_rcnn,FP32,comun,B,1,197,194.68770000094082
mask_rcnn,FP32,comun,B,1,198,191.18369999341667
mask_rcnn,FP32,comun,B,1,199,216.4706999901682
mask_rcnn,FP32,comun,B,1,200,210.59689999674447
mask_rcnn,FP32,comun,B,1,201,199.59550000203308
mask_rcnn,FP32,comun,B,1,202,204.94290000351612
mask_rcnn,FP32,comun,B,1,203,204.7145999968052
mask_rcnn,FP32,comun,B,1,204,196.4250000019092
mask_rcnn,FP32,comun,B,1,205,199.5664999994915
mask_rcnn,FP32,comun,B,1,206,213.93100000568666
mask_rcnn,FP32,comun,B,1,207,188.1052999960957
mask_rcnn,FP32,comun,B,1,208,208.39689999411348
mask_rcnn,FP32,comun,B,1,209,200.87929999863263
mask_rcnn,FP32,comun,B,1,210,195.2436999999918
mask_rcnn,FP32,comun,B,1,211,205.02500000293367
mask_rcnn,FP32,comun,B,1,212,202.81270000850782
mask_rcnn,FP32,comun,B,1,213,201.61129999905825
mask_rcnn,FP32,comun,B,1,214,207.48619998630602
mask_rcnn,FP32,comun,B,1,215,202.7376999903936
mask_rcnn,FP32,comun,B,1,216,195.7639000029303
mask_rcnn,FP32,comun,B,1,217,200.2162999997381
mask_rcnn,FP32,comun,B,1,218,205.52470000984613
mask_rcnn,FP32,comun,B,1,219,198.21190000220668
mask_rcnn,FP32,comun,B,1,220,205.09829999355134
mask_rcnn,FP32,comun,B,1,221,198.02619999973103
mask_rcnn,FP32,comun,B,1,222,192.03979999292642
mask_rcnn,FP32,comun,B,1,223,200.09429998754058
mask_rcnn,FP32,comun,B,1,224,205.7346000074176
mask_rcnn,FP32,comun,B,1,225,193.96440000855364
mask_rcnn,FP32,comun,B,1,226,207.9853000032017
mask_rcnn,FP32,comun,B,1,227,202.6225000008708
mask_rcnn,FP32,comun,B,1,228,191.02370001201052
mask_rcnn,FP32,comun,B,1,229,200.45430000755005
mask_rcnn,FP32,comun,B,1,230,173.12549999041948
mask_rcnn,FP32,comun,B,1,231,169.17999999714084
mask_rcnn,FP32,comun,B,1,232,201.89130000653677
mask_rcnn,FP32,comun,B,1,233,194.0002000046661
mask_rcnn,FP32,comun,B,1,234,198.97320000745822
mask_rcnn,FP32,comun,B,1,235,205.76480000454467
mask_rcnn,FP32,comun,B,1,236,190.5082000012044
mask_rcnn,FP32,comun,B,1,237,211.04409999679774
mask_rcnn,FP32,comun,B,1,238,208.3576000004541
mask_rcnn,FP32,comun,B,1,239,202.45470000372734
mask_rcnn,FP32,comun,B,1,240,208.83340000000317
mask_rcnn,FP32,comun,B,1,241,195.28120000904892
mask_rcnn,FP32,comun,B,1,242,208.71629999601282
mask_rcnn,FP32,comun,B,1,243,194.33500000741333
mask_rcnn,FP32,comun,B,1,244,187.63190000026952
mask_rcnn,FP32,comun,B,1,245,205.90590000210796
mask_rcnn,FP32,comun,B,1,246,203.38120000087656
mask_rcnn,FP32,comun,B,1,247,195.10969999828376
mask_rcnn,FP32,comun,B,1,248,172.08189998927992
mask_rcnn,FP32,comun,B,1,249,199.3415000033565
mask_rcnn,FP32,comun,B,1,250,195.3745000064373
mask_rcnn,FP32,comun,B,1,251,207.75549999962095
mask_rcnn,FP32,comun,B,1,252,210.63470000808593
mask_rcnn,FP32,comun,B,1,253,180.42469999636523
mask_rcnn,FP32,comun,B,1,254,204.86510000773706
mask_rcnn,FP32,comun,B,1,255,200.83920001343358
mask_rcnn,FP32,comun,B,1,256,204.48520001082215
mask_rcnn,FP32,comun,B,1,257,208.24890000221785
mask_rcnn,FP32,comun,B,1,258,199.2292999930214
mask_rcnn,FP32,comun,B,1,259,199.63360000110697
mask_rcnn,FP32,comun,B,1,260,201.32980000926182
mask_rcnn,FP32,comun,B,1,261,199.3512000044575
mask_rcnn,FP32,comun,B,1,262,210.50470000773203
mask_rcnn,FP32,comun,B,1,263,195.3328999952646
mask_rcnn,FP32,comun,B,1,264,208.38779999758117
mask_rcnn,FP32,comun,B,1,265,202.19080000242684
mask_rcnn,FP32,comun,B,1,266,201.4216999959899
mask_rcnn,FP32,comun,B,1,267,193.93719999061432
mask_rcnn,FP32,comun,B,1,268,195.17770000675227
mask_rcnn,FP32,comun,B,1,269,197.91029999032617
mask_rcnn,FP32,comun,B,1,270,202.59400000213645
mask_rcnn,FP32,comun,B,1,271,194.81010000163224
mask_rcnn,FP32,comun,B,1,272,207.1018999995431
mask_rcnn,FP32,comun,B,1,273,202.265100000659
mask_rcnn,FP32,comun,B,1,274,207.1226999978535
mask_rcnn,FP32,comun,B,1,275,206.17780000611674
mask_rcnn,FP32,comun,B,1,276,207.5152000033995
mask_rcnn,FP32,comun,B,1,277,203.38549998996314
mask_rcnn,FP32,comun,B,1,278,202.90399999066722
mask_rcnn,FP32,comun,B,1,279,203.49319999513682
mask_rcnn,FP32,comun,B,1,280,197.57809999282472
mask_rcnn,FP32,comun,B,1,281,191.39870000071824
mask_rcnn,FP32,comun,B,1,282,198.16450000507757
mask_rcnn,FP32,comun,B,1,283,201.66710000194144
mask_rcnn,FP32,comun,B,1,284,200.18960000015795
mask_rcnn,FP32,comun,B,1,285,198.71290000446606
mask_rcnn,FP32,comun,B,1,286,213.11410001362674
mask_rcnn,FP32,comun,B,1,287,201.57099999778438
mask_rcnn,FP32,comun,B,1,288,194.99430000723805
mask_rcnn,FP32,comun,B,1,289,205.06780000869185
mask_rcnn,FP32,comun,B,1,290,200.6108000059612
mask_rcnn,FP32,comun,B,1,291,202.43350000237115
mask_rcnn,FP32,comun,B,1,292,202.53670000238344
mask_rcnn,FP32,comun,B,1,293,205.9365000022808
mask_rcnn,FP32,comun,B,1,294,203.04439999745227
mask_rcnn,FP32,comun,B,1,295,196.37580000562593
mask_rcnn,FP32,comun,B,1,296,208.4725000022445
mask_rcnn,FP32,comun,B,1,297,200.7034999987809
mask_rcnn,FP32,comun,B,1,298,204.85259999986738
mask_rcnn,FP32,comun,B,1,299,194.1508000018075
mask_rcnn,FP32,comun,B,1,300,207.9552000068361
mask_rcnn,FP32,comun,B,1,301,199.46629999321885
mask_rcnn,FP32,comun,B,1,302,198.08469999406952
mask_rcnn,FP32,comun,B,1,303,203.9082999981474
mask_rcnn,FP32,comun,B,1,304,189.0577000012854
mask_rcnn,FP32,comun,B,1,305,205.19389999390114
mask_rcnn,FP32,comun,B,1,306,200.1209000009112
mask_rcnn,FP32,comun,B,1,307,193.61440000648145
mask_rcnn,FP32,comun,B,1,308,191.44860000233166
mask_rcnn,FP32,comun,B,1,309,211.40490000834689
mask_rcnn,FP32,comun,B,1,310,192.74500000756234
mask_rcnn,FP32,comun,B,1,311,188.27630000305362
mask_rcnn,FP32,comun,B,1,312,204.9739999929443
mask_rcnn,FP32,comun,B,1,313,209.69859999604523
mask_rcnn,FP32,comun,B,1,314,202.52190000610426
mask_rcnn,FP32,comun,B,1,315,197.13570000021718
mask_rcnn,FP32,comun,B,1,316,190.99519999872427
mask_rcnn,FP32,comun,B,1,317,203.46240000799298
mask_rcnn,FP32,comun,B,1,318,193.88920000346843
mask_rcnn,FP32,comun,B,1,319,197.9334000061499
mask_rcnn,FP32,comun,B,1,320,201.3777999964077
mask_rcnn,FP32,comun,B,1,321,204.55129999027122
mask_rcnn,FP32,comun,B,1,322,198.9768999919761
mask_rcnn,FP32,comun,B,1,323,218.05209999729414
mask_rcnn,FP32,comun,B,1,324,200.37170000432525
mask_rcnn,FP32,comun,B,1,325,197.68050000129733
mask_rcnn,FP32,comun,B,1,326,201.0780000127852
mask_rcnn,FP32,comun,B,1,327,209.13649999420159
mask_rcnn,FP32,comun,B,1,328,203.32099999359343
mask_rcnn,FP32,comun,B,1,329,207.74050000181887
mask_rcnn,FP32,comun,B,1,330,190.21500000962988
mask_rcnn,FP32,comun,B,1,331,205.02130000386387
mask_rcnn,FP32,comun,B,1,332,199.92739999725018
mask_rcnn,FP32,comun,B,1,333,205.9302999987267
mask_rcnn,FP32,comun,B,1,334,209.43230000557378
mask_rcnn,FP32,comun,B,1,335,213.46359999733977
mask_rcnn,FP32,comun,B,1,336,188.9902999973856
mask_rcnn,FP32,comun,B,1,337,207.85289999912493
mask_rcnn,FP32,comun,B,1,338,203.73949999338947
mask_rcnn,FP32,comun,B,1,339,198.3050999988336
mask_rcnn,FP32,comun,B,1,340,199.61870000406634
mask_rcnn,FP32,comun,B,1,341,188.38829999731388
mask_rcnn,FP32,comun,B,1,342,188.27109999256209
mask_rcnn,FP32,comun,B,1,343,193.90719999501016
mask_rcnn,FP32,comun,B,1,344,187.38680001115426
mask_rcnn,FP32,comun,B,1,345,193.19700000050943
mask_rcnn,FP32,comun,B,1,346,204.39870000700466
mask_rcnn,FP32,comun,B,1,347,209.7667000052752
mask_rcnn,FP32,comun,B,1,348,211.20560000417754
mask_rcnn,FP32,comun,B,1,349,195.41439999011345
mask_rcnn,FP32,comun,B,1,350,201.27019999199547
mask_rcnn,FP32,comun,B,1,351,207.58930000010878
mask_rcnn,FP32,comun,B,1,352,199.68649999646004
mask_rcnn,FP32,comun,B,1,353,202.81529999920167
mask_rcnn,FP32,comun,B,1,354,208.65029998822138
mask_rcnn,FP32,comun,B,1,355,193.37580000865273
mask_rcnn,FP32,comun,B,1,356,203.64980000886135
mask_rcnn,FP32,comun,B,1,357,192.60900000517722
mask_rcnn,FP32,comun,B,1,358,198.16400000127032
mask_rcnn,FP32,comun,B,1,359,195.45230000221636
mask_rcnn,FP32,comun,B,1,360,188.61630000174046
mask_rcnn,FP32,comun,B,1,361,203.19899999594782
mask_rcnn,FP32,comun,B,1,362,205.43349999934435
mask_rcnn,FP32,comun,B,1,363,205.23969999339897
mask_rcnn,FP32,comun,B,1,364,200.6249999976717
mask_rcnn,FP32,comun,B,1,365,192.95379999675788
mask_rcnn,FP32,comun,B,1,366,187.24379999912344
mask_rcnn,FP32,comun,B,1,367,199.39720000547823
mask_rcnn,FP32,comun,B,1,368,203.93809999222867
mask_rcnn,FP32,comun,B,1,369,185.4907000088133
mask_rcnn,FP32,comun,B,1,370,203.82840000092983
mask_rcnn,FP32,comun,B,1,371,206.8591999995988
mask_rcnn,FP32,comun,B,1,372,205.58410001103766
mask_rcnn,FP32,comun,B,1,373,201.71199999458622
mask_rcnn,FP32,comun,A,2,0,182.42639998788945
mask_rcnn,FP32,comun,A,2,1,186.82560000161175
mask_rcnn,FP32,comun,A,2,2,186.00420000439044
mask_rcnn,FP32,comun,A,2,3,187.57730000652373
mask_rcnn,FP32,comun,A,2,4,180.10639998828992
mask_rcnn,FP32,comun,A,2,5,195.87999999930616
mask_rcnn,FP32,comun,A,2,6,184.51949999143835
mask_rcnn,FP32,comun,A,2,7,189.56299999263138
mask_rcnn,FP32,comun,A,2,8,184.12830001034308
mask_rcnn,FP32,comun,A,2,9,184.1294000041671
mask_rcnn,FP32,comun,A,2,10,179.3238999962341
mask_rcnn,FP32,comun,A,2,11,178.6190999991959
mask_rcnn,FP32,comun,A,2,12,190.4450000001816
mask_rcnn,FP32,comun,A,2,13,183.59669999335892
mask_rcnn,FP32,comun,A,2,14,181.27060000551865
mask_rcnn,FP32,comun,A,2,15,174.9497999990126
mask_rcnn,FP32,comun,A,2,16,177.27329999615904
mask_rcnn,FP32,comun,A,2,17,197.12920000893064
mask_rcnn,FP32,comun,A,2,18,175.04870000993833
mask_rcnn,FP32,comun,A,2,19,189.03039999713656
mask_rcnn,FP32,comun,A,2,20,191.28440000349656
mask_rcnn,FP32,comun,A,2,21,180.96140000852756
mask_rcnn,FP32,comun,A,2,22,189.05980000272393
mask_rcnn,FP32,comun,A,2,23,186.62410000979435
mask_rcnn,FP32,comun,A,2,24,198.15669998934027
mask_rcnn,FP32,comun,A,2,25,174.71110000042245
mask_rcnn,FP32,comun,A,2,26,183.91000000701752
mask_rcnn,FP32,comun,A,2,27,188.1186999962665
mask_rcnn,FP32,comun,A,2,28,174.84690000128467
mask_rcnn,FP32,comun,A,2,29,186.63229999947362
mask_rcnn,FP32,comun,A,2,30,178.50789999647532
mask_rcnn,FP32,comun,A,2,31,176.1401000112528
mask_rcnn,FP32,comun,A,2,32,193.33570000890177
mask_rcnn,FP32,comun,A,2,33,196.0595000127796
mask_rcnn,FP32,comun,A,2,34,180.32790000142995
mask_rcnn,FP32,comun,A,2,35,186.01799999305513
mask_rcnn,FP32,comun,A,2,36,185.7849000080023
mask_rcnn,FP32,comun,A,2,37,177.22469998989254
mask_rcnn,FP32,comun,A,2,38,182.23720000241883
mask_rcnn,FP32,comun,A,2,39,185.76620001113042
mask_rcnn,FP32,comun,A,2,40,185.63219999487046
mask_rcnn,FP32,comun,A,2,41,192.9266000079224
mask_rcnn,FP32,comun,A,2,42,180.56380000780337
mask_rcnn,FP32,comun,A,2,43,184.06130000948906
mask_rcnn,FP32,comun,A,2,44,183.93830000422895
mask_rcnn,FP32,comun,A,2,45,184.16819999401923
mask_rcnn,FP32,comun,A,2,46,182.94510000851005
mask_rcnn,FP32,comun,A,2,47,180.52090000128374
mask_rcnn,FP32,comun,A,2,48,185.704599993187
mask_rcnn,FP32,comun,A,2,49,171.36439999740105
mask_rcnn,FP32,comun,A,2,50,189.1610999882687
mask_rcnn,FP32,comun,A,2,51,178.1250999920303
mask_rcnn,FP32,comun,A,2,52,186.45340000512078
mask_rcnn,FP32,comun,A,2,53,185.27529999846593
mask_rcnn,FP32,comun,A,2,54,184.02319999586325
mask_rcnn,FP32,comun,A,2,55,181.65539999608882
mask_rcnn,FP32,comun,A,2,56,188.74519999371842
mask_rcnn,FP32,comun,A,2,57,197.77549999707844
mask_rcnn,FP32,comun,A,2,58,187.4019000097178
mask_rcnn,FP32,comun,A,2,59,177.72969999350607
mask_rcnn,FP32,comun,A,2,60,174.98880000493955
mask_rcnn,FP32,comun,A,2,61,186.1955000058515
mask_rcnn,FP32,comun,A,2,62,178.11039999651257
mask_rcnn,FP32,comun,A,2,63,185.98369999381248
mask_rcnn,FP32,comun,A,2,64,197.83479999750853
mask_rcnn,FP32,comun,A,2,65,190.5313000024762
mask_rcnn,FP32,comun,A,2,66,186.21770000027027
mask_rcnn,FP32,comun,A,2,67,189.73289999121334
mask_rcnn,FP32,comun,A,2,68,197.31339999998454
mask_rcnn,FP32,comun,A,2,69,182.57689999882132
mask_rcnn,FP32,comun,A,2,70,178.95950000092853
mask_rcnn,FP32,comun,A,2,71,183.82289999863133
mask_rcnn,FP32,comun,A,2,72,179.29069999081548
mask_rcnn,FP32,comun,A,2,73,192.80699999944773
mask_rcnn,FP32,comun,A,2,74,196.9150999939302
mask_rcnn,FP32,comun,A,2,75,189.3108999938704
mask_rcnn,FP32,comun,A,2,76,181.98470000061207
mask_rcnn,FP32,comun,A,2,77,160.50499999255408
mask_rcnn,FP32,comun,A,2,78,185.0119999871822
mask_rcnn,FP32,comun,A,2,79,192.98739999067038
mask_rcnn,FP32,comun,A,2,80,178.0601999926148
mask_rcnn,FP32,comun,A,2,81,184.502899996005
mask_rcnn,FP32,comun,A,2,82,184.493199994904
mask_rcnn,FP32,comun,A,2,83,186.8465000006836
mask_rcnn,FP32,comun,A,2,84,192.8578000079142
mask_rcnn,FP32,comun,A,2,85,191.92800000018906
mask_rcnn,FP32,comun,A,2,86,185.88989999261685
mask_rcnn,FP32,comun,A,2,87,180.80929999996442
mask_rcnn,FP32,comun,A,2,88,196.86919999367092
mask_rcnn,FP32,comun,A,2,89,181.60979999811389
mask_rcnn,FP32,comun,A,2,90,181.34559999452904
mask_rcnn,FP32,comun,A,2,91,180.41460000677034
mask_rcnn,FP32,comun,A,2,92,199.76000000315253
mask_rcnn,FP32,comun,A,2,93,183.61400000867434
mask_rcnn,FP32,comun,A,2,94,187.81200000375975
mask_rcnn,FP32,comun,A,2,95,175.38190000050236
mask_rcnn,FP32,comun,A,2,96,187.02949999715202
mask_rcnn,FP32,comun,A,2,97,185.4414999979781
mask_rcnn,FP32,comun,A,2,98,179.90109999664128
mask_rcnn,FP32,comun,A,2,99,178.3475999982329
mask_rcnn,FP32,comun,A,2,100,173.23579998628702
mask_rcnn,FP32,comun,A,2,101,195.0448999996297
mask_rcnn,FP32,comun,A,2,102,197.77349999640137
mask_rcnn,FP32,comun,A,2,103,181.75889999838546
mask_rcnn,FP32,comun,A,2,104,191.84490000770893
mask_rcnn,FP32,comun,A,2,105,184.2871999979252
mask_rcnn,FP32,comun,A,2,106,183.33880000864156
mask_rcnn,FP32,comun,A,2,107,188.0313000001479
mask_rcnn,FP32,comun,A,2,108,171.67630000039935
mask_rcnn,FP32,comun,A,2,109,188.22199999704026
mask_rcnn,FP32,comun,A,2,110,174.04480000550393
mask_rcnn,FP32,comun,A,2,111,187.72119999630377
mask_rcnn,FP32,comun,A,2,112,189.83779998961836
mask_rcnn,FP32,comun,A,2,113,176.01009999634698
mask_rcnn,FP32,comun,A,2,114,197.52750000043306
mask_rcnn,FP32,comun,A,2,115,189.93680000130553
mask_rcnn,FP32,comun,A,2,116,190.7282999891322
mask_rcnn,FP32,comun,A,2,117,188.97119999746792
mask_rcnn,FP32,comun,A,2,118,186.86680000973865
mask_rcnn,FP32,comun,A,2,119,188.48490000527818
mask_rcnn,FP32,comun,A,2,120,179.59020000125747
mask_rcnn,FP32,comun,A,2,121,185.13030000030994
mask_rcnn,FP32,comun,A,2,122,185.81370000902098
mask_rcnn,FP32,comun,A,2,123,183.75880000530742
mask_rcnn,FP32,comun,A,2,124,187.71389999892563
mask_rcnn,FP32,comun,A,2,125,187.8302000113763
mask_rcnn,FP32,comun,A,2,126,188.06830000539776
mask_rcnn,FP32,comun,A,2,127,182.4382000049809
mask_rcnn,FP32,comun,A,2,128,189.74359999992885
mask_rcnn,FP32,comun,A,2,129,189.92770000477321
mask_rcnn,FP32,comun,A,2,130,188.22480000380892
mask_rcnn,FP32,comun,A,2,131,188.45770000189077
mask_rcnn,FP32,comun,A,2,132,181.6568000067491
mask_rcnn,FP32,comun,A,2,133,169.14620000170544
mask_rcnn,FP32,comun,A,2,134,189.65110000863206
mask_rcnn,FP32,comun,A,2,135,190.81679999362677
mask_rcnn,FP32,comun,A,2,136,173.88279999431688
mask_rcnn,FP32,comun,A,2,137,186.08379999932367
mask_rcnn,FP32,comun,A,2,138,187.8703999973368
mask_rcnn,FP32,comun,A,2,139,186.719199991785
mask_rcnn,FP32,comun,A,2,140,188.17989999661222
mask_rcnn,FP32,comun,A,2,141,193.81729999440722
mask_rcnn,FP32,comun,A,2,142,187.31120000302326
mask_rcnn,FP32,comun,A,2,143,191.1653999995906
mask_rcnn,FP32,comun,A,2,144,205.48219999182038
mask_rcnn,FP32,comun,A,2,145,194.65459999628365
mask_rcnn,FP32,comun,A,2,146,188.07980000565294
mask_rcnn,FP32,comun,A,2,147,186.62769999355078
mask_rcnn,FP32,comun,A,2,148,189.2373000009684
mask_rcnn,FP32,comun,A,2,149,188.7813999928767
mask_rcnn,FP32,comun,A,2,150,194.4680999877164
mask_rcnn,FP32,comun,A,2,151,192.85510000190698
mask_rcnn,FP32,comun,A,2,152,196.90880000416655
mask_rcnn,FP32,comun,A,2,153,187.7346000110265
mask_rcnn,FP32,comun,A,2,154,185.71189999056514
mask_rcnn,FP32,comun,A,2,155,183.79280000226572
mask_rcnn,FP32,comun,A,2,156,176.39449999842327
mask_rcnn,FP32,comun,A,2,157,185.40599998959806
mask_rcnn,FP32,comun,A,2,158,193.16670000262093
mask_rcnn,FP32,comun,A,2,159,189.67780000821222
mask_rcnn,FP32,comun,A,2,160,190.3595000039786
mask_rcnn,FP32,comun,A,2,161,192.34349999169353
mask_rcnn,FP32,comun,A,2,162,183.73390000488143
mask_rcnn,FP32,comun,A,2,163,192.11459999496583
mask_rcnn,FP32,comun,A,2,164,191.45969999954104
mask_rcnn,FP32,comun,A,2,165,183.16719999711495
mask_rcnn,FP32,comun,A,2,166,182.92840001231525
mask_rcnn,FP32,comun,A,2,167,178.05539999972098
mask_rcnn,FP32,comun,A,2,168,191.97349999740254
mask_rcnn,FP32,comun,A,2,169,184.5350000075996
mask_rcnn,FP32,comun,A,2,170,191.35340000502765
mask_rcnn,FP32,comun,A,2,171,170.58479999832343
mask_rcnn,FP32,comun,A,2,172,175.14870000013616
mask_rcnn,FP32,comun,A,2,173,177.89340000308584
mask_rcnn,FP32,comun,A,2,174,190.8147999929497
mask_rcnn,FP32,comun,A,2,175,189.8457000061171
mask_rcnn,FP32,comun,A,2,176,193.61239999125246
mask_rcnn,FP32,comun,A,2,177,181.52150000969414
mask_rcnn,FP32,comun,A,2,178,189.1617000073893
mask_rcnn,FP32,comun,A,2,179,182.41590000980068
mask_rcnn,FP32,comun,A,2,180,190.6124999950407
mask_rcnn,FP32,comun,A,2,181,197.0590999990236
mask_rcnn,FP32,comun,A,2,182,167.53990000870544
mask_rcnn,FP32,comun,A,2,183,198.53009999496862
mask_rcnn,FP32,comun,A,2,184,186.00840000726748
mask_rcnn,FP32,comun,A,2,185,193.09069999144413
mask_rcnn,FP32,comun,A,2,186,187.97680000716355
mask_rcnn,FP32,comun,A,2,187,150.96110000740737
mask_rcnn,FP32,comun,A,2,188,184.58000000100583
mask_rcnn,FP32,comun,A,2,189,189.46959999448154
mask_rcnn,FP32,comun,A,2,190,173.15819999203086
mask_rcnn,FP32,comun,A,2,191,190.99069999356288
mask_rcnn,FP32,comun,A,2,192,189.90349999512546
mask_rcnn,FP32,comun,A,2,193,187.7701000048546
mask_rcnn,FP32,comun,A,2,194,185.11730000318494
mask_rcnn,FP32,comun,A,2,195,190.03639998845756
mask_rcnn,FP32,comun,A,2,196,172.00750000483822
mask_rcnn,FP32,comun,A,2,197,173.61639998853207
mask_rcnn,FP32,comun,A,2,198,176.361599995289
mask_rcnn,FP32,comun,A,2,199,187.64659999578726
mask_rcnn,FP32,comun,A,2,200,192.12809999589808
mask_rcnn,FP32,comun,A,2,201,190.30950000160374
mask_rcnn,FP32,comun,A,2,202,185.79960000352003
mask_rcnn,FP32,comun,A,2,203,191.8885000050068
mask_rcnn,FP32,comun,A,2,204,172.36949999642093
mask_rcnn,FP32,comun,A,2,205,181.518799989135
mask_rcnn,FP32,comun,A,2,206,192.46810000913683
mask_rcnn,FP32,comun,A,2,207,180.76129999826662
mask_rcnn,FP32,comun,A,2,208,196.97570000425912
mask_rcnn,FP32,comun,A,2,209,183.03800000285264
mask_rcnn,FP32,comun,A,2,210,177.5900999928126
mask_rcnn,FP32,comun,A,2,211,190.23729999025818
mask_rcnn,FP32,comun,A,2,212,180.99290000100154
mask_rcnn,FP32,comun,A,2,213,186.20779999764636
mask_rcnn,FP32,comun,A,2,214,191.45570001273882
mask_rcnn,FP32,comun,A,2,215,189.37719998939428
mask_rcnn,FP32,comun,A,2,216,173.89710000134073
mask_rcnn,FP32,comun,A,2,217,184.46899999980815
mask_rcnn,FP32,comun,A,2,218,190.661500004353
mask_rcnn,FP32,comun,A,2,219,183.9280999993207
mask_rcnn,FP32,comun,A,2,220,185.97829999634996
mask_rcnn,FP32,comun,A,2,221,187.25479999557137
mask_rcnn,FP32,comun,A,2,222,176.2661999964621
mask_rcnn,FP32,comun,A,2,223,194.55050000397023
mask_rcnn,FP32,comun,A,2,224,191.25950000307057
mask_rcnn,FP32,comun,A,2,225,176.52399999496993
mask_rcnn,FP32,comun,A,2,226,195.02949999878183
mask_rcnn,FP32,comun,A,2,227,182.8830000013113
mask_rcnn,FP32,comun,A,2,228,172.65039999620058
mask_rcnn,FP32,comun,A,2,229,186.2840999965556
mask_rcnn,FP32,comun,A,2,230,156.7563999997219
mask_rcnn,FP32,comun,A,2,231,152.6338000112446
mask_rcnn,FP32,comun,A,2,232,189.29510000452865
mask_rcnn,FP32,comun,A,2,233,182.5517000106629
mask_rcnn,FP32,comun,A,2,234,182.42199999804143
mask_rcnn,FP32,comun,A,2,235,189.84590000764
mask_rcnn,FP32,comun,A,2,236,182.81739999656565
mask_rcnn,FP32,comun,A,2,237,192.50489999831188
mask_rcnn,FP32,comun,A,2,238,184.47079999896232
mask_rcnn,FP32,comun,A,2,239,191.2352999934228
mask_rcnn,FP32,comun,A,2,240,194.24899999285117
mask_rcnn,FP32,comun,A,2,241,181.30050000036135
mask_rcnn,FP32,comun,A,2,242,192.81140000384767
mask_rcnn,FP32,comun,A,2,243,177.43910000717733
mask_rcnn,FP32,comun,A,2,244,168.62870000477415
mask_rcnn,FP32,comun,A,2,245,185.54310000035912
mask_rcnn,FP32,comun,A,2,246,186.54340000648517
mask_rcnn,FP32,comun,A,2,247,189.98540000757203
mask_rcnn,FP32,comun,A,2,248,166.41649999655783
mask_rcnn,FP32,comun,A,2,249,185.68000000959728
mask_rcnn,FP32,comun,A,2,250,187.41290000616573
mask_rcnn,FP32,comun,A,2,251,188.1734999915352
mask_rcnn,FP32,comun,A,2,252,194.44720000319649
mask_rcnn,FP32,comun,A,2,253,162.47379999549594
mask_rcnn,FP32,comun,A,2,254,191.23480000416748
mask_rcnn,FP32,comun,A,2,255,187.4720000050729
mask_rcnn,FP32,comun,A,2,256,187.13130000105593
mask_rcnn,FP32,comun,A,2,257,194.46280000556726
mask_rcnn,FP32,comun,A,2,258,186.48550000216346
mask_rcnn,FP32,comun,A,2,259,183.36160000762902
mask_rcnn,FP32,comun,A,2,260,184.73229999653995
mask_rcnn,FP32,comun,A,2,261,189.82419998792466
mask_rcnn,FP32,comun,A,2,262,195.36969999899156
mask_rcnn,FP32,comun,A,2,263,184.7501000011107
mask_rcnn,FP32,comun,A,2,264,194.85879999410827
mask_rcnn,FP32,comun,A,2,265,184.72859999747016
mask_rcnn,FP32,comun,A,2,266,187.10310000460595
mask_rcnn,FP32,comun,A,2,267,173.57040000206325
mask_rcnn,FP32,comun,A,2,268,182.42529999406543
mask_rcnn,FP32,comun,A,2,269,190.47109999519307
mask_rcnn,FP32,comun,A,2,270,181.7941999906907
mask_rcnn,FP32,comun,A,2,271,191.11230000271462
mask_rcnn,FP32,comun,A,2,272,189.62060000922065
mask_rcnn,FP32,comun,A,2,273,182.24510000436567
mask_rcnn,FP32,comun,A,2,274,196.28309999825433
mask_rcnn,FP32,comun,A,2,275,184.99680000240915
mask_rcnn,FP32,comun,A,2,276,189.30630000249948
mask_rcnn,FP32,comun,A,2,277,191.05639999906998
mask_rcnn,FP32,comun,A,2,278,178.36249999527354
mask_rcnn,FP32,comun,A,2,279,191.11379999958444
mask_rcnn,FP32,comun,A,2,280,177.58600000524893
mask_rcnn,FP32,comun,A,2,281,186.94739999773446
mask_rcnn,FP32,comun,A,2,282,173.29059999610763
mask_rcnn,FP32,comun,A,2,283,179.8160999896936
mask_rcnn,FP32,comun,A,2,284,183.3117000060156
mask_rcnn,FP32,comun,A,2,285,189.49410000641365
mask_rcnn,FP32,comun,A,2,286,196.17290000314824
mask_rcnn,FP32,comun,A,2,287,180.19359999743756
mask_rcnn,FP32,comun,A,2,288,185.71979999251198
mask_rcnn,FP32,comun,A,2,289,191.9769000087399
mask_rcnn,FP32,comun,A,2,290,181.7993999866303
mask_rcnn,FP32,comun,A,2,291,180.91650000133086
mask_rcnn,FP32,comun,A,2,292,182.3718999949051
mask_rcnn,FP32,comun,A,2,293,188.48109999089502
mask_rcnn,FP32,comun,A,2,294,182.6643999957014
mask_rcnn,FP32,comun,A,2,295,195.2880000026198
mask_rcnn,FP32,comun,A,2,296,190.90370000049006
mask_rcnn,FP32,comun,A,2,297,176.93830000644084
mask_rcnn,FP32,comun,A,2,298,180.8759999985341
mask_rcnn,FP32,comun,A,2,299,180.78819999936968
mask_rcnn,FP32,comun,A,2,300,186.81080000533257
mask_rcnn,FP32,comun,A,2,301,186.0409999935655
mask_rcnn,FP32,comun,A,2,302,180.89400000462774
mask_rcnn,FP32,comun,A,2,303,192.6740999915637
mask_rcnn,FP32,comun,A,2,304,183.17709999973886
mask_rcnn,FP32,comun,A,2,305,185.70550000004005
mask_rcnn,FP32,comun,A,2,306,186.16659998951945
mask_rcnn,FP32,comun,A,2,307,177.7874000108568
mask_rcnn,FP32,comun,A,2,308,188.68449999717996
mask_rcnn,FP32,comun,A,2,309,192.21970000944566
mask_rcnn,FP32,comun,A,2,310,177.54030000651255
mask_rcnn,FP32,comun,A,2,311,175.76779999944847
mask_rcnn,FP32,comun,A,2,312,188.9935999934096
mask_rcnn,FP32,comun,A,2,313,185.7626999990316
mask_rcnn,FP32,comun,A,2,314,187.4561000004178
mask_rcnn,FP32,comun,A,2,315,183.96070000017062
mask_rcnn,FP32,comun,A,2,316,176.38520000036806
mask_rcnn,FP32,comun,A,2,317,190.95720000041183
mask_rcnn,FP32,comun,A,2,318,176.83080000279006
mask_rcnn,FP32,comun,A,2,319,174.86809998808894
mask_rcnn,FP32,comun,A,2,320,191.35819999792147
mask_rcnn,FP32,comun,A,2,321,182.09039999055676
mask_rcnn,FP32,comun,A,2,322,169.00599999644328
mask_rcnn,FP32,comun,A,2,323,194.85580000036862
mask_rcnn,FP32,comun,A,2,324,184.60789999517146
mask_rcnn,FP32,comun,A,2,325,186.48920000123326
mask_rcnn,FP32,comun,A,2,326,183.57649999961723
mask_rcnn,FP32,comun,A,2,327,192.54659999569412
mask_rcnn,FP32,comun,A,2,328,180.47690000094008
mask_rcnn,FP32,comun,A,2,329,189.91299999470357
mask_rcnn,FP32,comun,A,2,330,176.56119998719078
mask_rcnn,FP32,comun,A,2,331,183.6392999975942
mask_rcnn,FP32,comun,A,2,332,185.64229999901727
mask_rcnn,FP32,comun,A,2,333,186.77240000397433
mask_rcnn,FP32,comun,A,2,334,190.4454000032274
mask_rcnn,FP32,comun,A,2,335,194.26149998616893
mask_rcnn,FP32,comun,A,2,336,172.11840000527445
mask_rcnn,FP32,comun,A,2,337,184.50109999685083
mask_rcnn,FP32,comun,A,2,338,187.24359999760054
mask_rcnn,FP32,comun,A,2,339,186.0984999948414
mask_rcnn,FP32,comun,A,2,340,195.43990000966005
mask_rcnn,FP32,comun,A,2,341,176.92470000474714
mask_rcnn,FP32,comun,A,2,342,180.69209999521263
mask_rcnn,FP32,comun,A,2,343,185.00260000291746
mask_rcnn,FP32,comun,A,2,344,176.81300001277123
mask_rcnn,FP32,comun,A,2,345,171.16820000228472
mask_rcnn,FP32,comun,A,2,346,192.63940000382718
mask_rcnn,FP32,comun,A,2,347,184.61510000634007
mask_rcnn,FP32,comun,A,2,348,187.8085999924224
mask_rcnn,FP32,comun,A,2,349,184.96500000765081
mask_rcnn,FP32,comun,A,2,350,182.1250999928452
mask_rcnn,FP32,comun,A,2,351,186.7974999913713
mask_rcnn,FP32,comun,A,2,352,183.0337999999756
mask_rcnn,FP32,comun,A,2,353,184.89090001094155
mask_rcnn,FP32,comun,A,2,354,186.26630000653677
mask_rcnn,FP32,comun,A,2,355,186.79510000220034
mask_rcnn,FP32,comun,A,2,356,190.5964000034146
mask_rcnn,FP32,comun,A,2,357,164.81349999958184
mask_rcnn,FP32,comun,A,2,358,188.68300000031013
mask_rcnn,FP32,comun,A,2,359,179.75490000389982
mask_rcnn,FP32,comun,A,2,360,184.50540000048932
mask_rcnn,FP32,comun,A,2,361,187.99000000581145
mask_rcnn,FP32,comun,A,2,362,187.97430000267923
mask_rcnn,FP32,comun,A,2,363,185.55639999976847
mask_rcnn,FP32,comun,A,2,364,185.19410000590142
mask_rcnn,FP32,comun,A,2,365,178.60790000122506
mask_rcnn,FP32,comun,A,2,366,176.42950000299606
mask_rcnn,FP32,comun,A,2,367,184.70929999602959
mask_rcnn,FP32,comun,A,2,368,190.58110000332817
mask_rcnn,FP32,comun,A,2,369,170.7855999993626
mask_rcnn,FP32,comun,A,2,370,196.13229999959003
mask_rcnn,FP32,comun,A,2,371,186.69889999728184
mask_rcnn,FP32,comun,A,2,372,180.88090000674129
mask_rcnn,FP32,comun,A,2,373,187.99140000191983
mask_rcnn,FP32,comun,B,2,0,205.4643000010401
mask_rcnn,FP32,comun,B,2,1,202.24709999456536
mask_rcnn,FP32,comun,B,2,2,207.851600003778
mask_rcnn,FP32,comun,B,2,3,204.5490000018617
mask_rcnn,FP32,comun,B,2,4,204.39970000006724
mask_rcnn,FP32,comun,B,2,5,214.46849999483675
mask_rcnn,FP32,comun,B,2,6,206.20359999884386
mask_rcnn,FP32,comun,B,2,7,204.43539999541827
mask_rcnn,FP32,comun,B,2,8,203.97600000433158
mask_rcnn,FP32,comun,B,2,9,202.16840000648517
mask_rcnn,FP32,comun,B,2,10,200.20440001098905
mask_rcnn,FP32,comun,B,2,11,203.39389999571722
mask_rcnn,FP32,comun,B,2,12,214.7331000014674
mask_rcnn,FP32,comun,B,2,13,204.430500001763
mask_rcnn,FP32,comun,B,2,14,200.17060000100173
mask_rcnn,FP32,comun,B,2,15,200.48250000400003
mask_rcnn,FP32,comun,B,2,16,206.46960000158288
mask_rcnn,FP32,comun,B,2,17,216.92560000519734
mask_rcnn,FP32,comun,B,2,18,204.9645000079181
mask_rcnn,FP32,comun,B,2,19,201.29499999166
mask_rcnn,FP32,comun,B,2,20,203.50699999835342
mask_rcnn,FP32,comun,B,2,21,196.09209999907762
mask_rcnn,FP32,comun,B,2,22,212.88439999625552
mask_rcnn,FP32,comun,B,2,23,203.29459999629762
mask_rcnn,FP32,comun,B,2,24,201.44809999328572
mask_rcnn,FP32,comun,B,2,25,197.04889999411535
mask_rcnn,FP32,comun,B,2,26,198.72339999710675
mask_rcnn,FP32,comun,B,2,27,201.6387999901781
mask_rcnn,FP32,comun,B,2,28,192.57369999832008
mask_rcnn,FP32,comun,B,2,29,198.95530000212602
mask_rcnn,FP32,comun,B,2,30,199.0732999984175
mask_rcnn,FP32,comun,B,2,31,200.17450000159442
mask_rcnn,FP32,comun,B,2,32,196.64949999423698
mask_rcnn,FP32,comun,B,2,33,193.72779999685008
mask_rcnn,FP32,comun,B,2,34,182.42289999034256
mask_rcnn,FP32,comun,B,2,35,192.78110000595916
mask_rcnn,FP32,comun,B,2,36,215.58740000182297
mask_rcnn,FP32,comun,B,2,37,197.69459999224637
mask_rcnn,FP32,comun,B,2,38,200.0009999901522
mask_rcnn,FP32,comun,B,2,39,198.01999999617692
mask_rcnn,FP32,comun,B,2,40,212.35660000820644
mask_rcnn,FP32,comun,B,2,41,204.62079999560956
mask_rcnn,FP32,comun,B,2,42,200.94429999880958
mask_rcnn,FP32,comun,B,2,43,206.54270000522956
mask_rcnn,FP32,comun,B,2,44,200.20680000016
mask_rcnn,FP32,comun,B,2,45,199.23820000258274
mask_rcnn,FP32,comun,B,2,46,203.9469999872381
mask_rcnn,FP32,comun,B,2,47,200.40899999730755
mask_rcnn,FP32,comun,B,2,48,206.60629999474622
mask_rcnn,FP32,comun,B,2,49,194.25570000021253
mask_rcnn,FP32,comun,B,2,50,203.0661000026157
mask_rcnn,FP32,comun,B,2,51,197.53429999400396
mask_rcnn,FP32,comun,B,2,52,192.50999999349006
mask_rcnn,FP32,comun,B,2,53,204.31630000530276
mask_rcnn,FP32,comun,B,2,54,191.35560000722762
mask_rcnn,FP32,comun,B,2,55,195.37899999704678
mask_rcnn,FP32,comun,B,2,56,199.89789999090135
mask_rcnn,FP32,comun,B,2,57,214.31670000310987
mask_rcnn,FP32,comun,B,2,58,201.93590001144912
mask_rcnn,FP32,comun,B,2,59,196.09509999281727
mask_rcnn,FP32,comun,B,2,60,194.54700000642333
mask_rcnn,FP32,comun,B,2,61,201.0119000042323
mask_rcnn,FP32,comun,B,2,62,198.76050000311807
mask_rcnn,FP32,comun,B,2,63,197.30770000023767
mask_rcnn,FP32,comun,B,2,64,213.2916000118712
mask_rcnn,FP32,comun,B,2,65,210.05570000852458
mask_rcnn,FP32,comun,B,2,66,203.1143000058364
mask_rcnn,FP32,comun,B,2,67,193.98379999620374
mask_rcnn,FP32,comun,B,2,68,208.52080000622664
mask_rcnn,FP32,comun,B,2,69,188.36129999544937
mask_rcnn,FP32,comun,B,2,70,200.97539998823777
mask_rcnn,FP32,comun,B,2,71,203.49650000571273
mask_rcnn,FP32,comun,B,2,72,191.21740000264253
mask_rcnn,FP32,comun,B,2,73,199.40529999439605
mask_rcnn,FP32,comun,B,2,74,201.87479999731295
mask_rcnn,FP32,comun,B,2,75,205.1958999945782
mask_rcnn,FP32,comun,B,2,76,201.2972000084119
mask_rcnn,FP32,comun,B,2,77,174.20449999917764
mask_rcnn,FP32,comun,B,2,78,200.6451999914134
mask_rcnn,FP32,comun,B,2,79,214.01049999985844
mask_rcnn,FP32,comun,B,2,80,194.46520000929013
mask_rcnn,FP32,comun,B,2,81,209.5874999940861
mask_rcnn,FP32,comun,B,2,82,211.6905000002589
mask_rcnn,FP32,comun,B,2,83,207.2543999966001
mask_rcnn,FP32,comun,B,2,84,206.36820000072476
mask_rcnn,FP32,comun,B,2,85,199.76230000611395
mask_rcnn,FP32,comun,B,2,86,202.03719999699388
mask_rcnn,FP32,comun,B,2,87,202.82189999124967
mask_rcnn,FP32,comun,B,2,88,215.57089999259915
mask_rcnn,FP32,comun,B,2,89,198.12229998933617
mask_rcnn,FP32,comun,B,2,90,192.8191000042716
mask_rcnn,FP32,comun,B,2,91,202.07129999471363
mask_rcnn,FP32,comun,B,2,92,208.93570000771433
mask_rcnn,FP32,comun,B,2,93,201.2793000030797
mask_rcnn,FP32,comun,B,2,94,202.49250000051688
mask_rcnn,FP32,comun,B,2,95,197.42039999982808
mask_rcnn,FP32,comun,B,2,96,200.29670000076294
mask_rcnn,FP32,comun,B,2,97,199.77770000696182
mask_rcnn,FP32,comun,B,2,98,205.0656999927014
mask_rcnn,FP32,comun,B,2,99,200.66839999344666
mask_rcnn,FP32,comun,B,2,100,198.22459999704733
mask_rcnn,FP32,comun,B,2,101,206.79460000246763
mask_rcnn,FP32,comun,B,2,102,210.53510000638198
mask_rcnn,FP32,comun,B,2,103,190.78420000732876
mask_rcnn,FP32,comun,B,2,104,200.1351000071736
mask_rcnn,FP32,comun,B,2,105,199.43410000996664
mask_rcnn,FP32,comun,B,2,106,200.63999999547377
mask_rcnn,FP32,comun,B,2,107,204.39289999194443
mask_rcnn,FP32,comun,B,2,108,193.26129999535624
mask_rcnn,FP32,comun,B,2,109,196.93600000755396
mask_rcnn,FP32,comun,B,2,110,189.4869999960065
mask_rcnn,FP32,comun,B,2,111,205.3623000101652
mask_rcnn,FP32,comun,B,2,112,196.92329999816138
mask_rcnn,FP32,comun,B,2,113,195.93909999821335
mask_rcnn,FP32,comun,B,2,114,210.95880000211764
mask_rcnn,FP32,comun,B,2,115,205.33559999603312
mask_rcnn,FP32,comun,B,2,116,201.0102999920491
mask_rcnn,FP32,comun,B,2,117,209.86079999420326
mask_rcnn,FP32,comun,B,2,118,210.3181999991648
mask_rcnn,FP32,comun,B,2,119,202.96419999795035
mask_rcnn,FP32,comun,B,2,120,199.9159000115469
mask_rcnn,FP32,comun,B,2,121,205.77089999278542
mask_rcnn,FP32,comun,B,2,122,200.9235000004992
mask_rcnn,FP32,comun,B,2,123,202.07339999615215
mask_rcnn,FP32,comun,B,2,124,219.53399998892564
mask_rcnn,FP32,comun,B,2,125,212.88239999557845
mask_rcnn,FP32,comun,B,2,126,204.19800000672694
mask_rcnn,FP32,comun,B,2,127,200.01800000318326
mask_rcnn,FP32,comun,B,2,128,203.03699999931268
mask_rcnn,FP32,comun,B,2,129,200.50289999926463
mask_rcnn,FP32,comun,B,2,130,197.00519999605604
mask_rcnn,FP32,comun,B,2,131,200.32449999416713
mask_rcnn,FP32,comun,B,2,132,197.5345999962883
mask_rcnn,FP32,comun,B,2,133,194.77020000340417
mask_rcnn,FP32,comun,B,2,134,203.06640000490006
mask_rcnn,FP32,comun,B,2,135,206.50269999168813
mask_rcnn,FP32,comun,B,2,136,199.49250000354368
mask_rcnn,FP32,comun,B,2,137,189.89829999918584
mask_rcnn,FP32,comun,B,2,138,203.3166000037454
mask_rcnn,FP32,comun,B,2,139,205.3035999997519
mask_rcnn,FP32,comun,B,2,140,206.18560000730213
mask_rcnn,FP32,comun,B,2,141,197.28860000032
mask_rcnn,FP32,comun,B,2,142,200.5500000086613
mask_rcnn,FP32,comun,B,2,143,201.7344000050798
mask_rcnn,FP32,comun,B,2,144,203.1838999973843
mask_rcnn,FP32,comun,B,2,145,194.34780000301544
mask_rcnn,FP32,comun,B,2,146,203.2956000039121
mask_rcnn,FP32,comun,B,2,147,203.97980000416283
mask_rcnn,FP32,comun,B,2,148,204.59280000068247
mask_rcnn,FP32,comun,B,2,149,209.80340000824071
mask_rcnn,FP32,comun,B,2,150,203.89330000034533
mask_rcnn,FP32,comun,B,2,151,209.9095000012312
mask_rcnn,FP32,comun,B,2,152,204.12070000020321
mask_rcnn,FP32,comun,B,2,153,199.82490000256803
mask_rcnn,FP32,comun,B,2,154,201.8031999905361
mask_rcnn,FP32,comun,B,2,155,192.69500000518747
mask_rcnn,FP32,comun,B,2,156,184.92600000172388
mask_rcnn,FP32,comun,B,2,157,197.80059999902733
mask_rcnn,FP32,comun,B,2,158,209.46929999627173
mask_rcnn,FP32,comun,B,2,159,203.8992000016151
mask_rcnn,FP32,comun,B,2,160,201.03339999332093
mask_rcnn,FP32,comun,B,2,161,214.6270000084769
mask_rcnn,FP32,comun,B,2,162,197.65419999021105
mask_rcnn,FP32,comun,B,2,163,192.14800000190735
mask_rcnn,FP32,comun,B,2,164,189.03980001050513
mask_rcnn,FP32,comun,B,2,165,202.10680000309367
mask_rcnn,FP32,comun,B,2,166,205.1728000078583
mask_rcnn,FP32,comun,B,2,167,187.83759999496397
mask_rcnn,FP32,comun,B,2,168,203.7936999986414
mask_rcnn,FP32,comun,B,2,169,210.96670000406448
mask_rcnn,FP32,comun,B,2,170,204.46129998890683
mask_rcnn,FP32,comun,B,2,171,194.02559999434743
mask_rcnn,FP32,comun,B,2,172,196.95779999892693
mask_rcnn,FP32,comun,B,2,173,198.60000000335276
mask_rcnn,FP32,comun,B,2,174,216.0102000052575
mask_rcnn,FP32,comun,B,2,175,202.92349999363068
mask_rcnn,FP32,comun,B,2,176,214.0161999996053
mask_rcnn,FP32,comun,B,2,177,192.56229999882635
mask_rcnn,FP32,comun,B,2,178,201.5767999982927
mask_rcnn,FP32,comun,B,2,179,212.65879999555182
mask_rcnn,FP32,comun,B,2,180,209.71119999012444
mask_rcnn,FP32,comun,B,2,181,189.671800006181
mask_rcnn,FP32,comun,B,2,182,185.18760000006296
mask_rcnn,FP32,comun,B,2,183,212.72379999572877
mask_rcnn,FP32,comun,B,2,184,201.1655999958748
mask_rcnn,FP32,comun,B,2,185,212.6748000009684
mask_rcnn,FP32,comun,B,2,186,206.78539999062195
mask_rcnn,FP32,comun,B,2,187,173.75629999150988
mask_rcnn,FP32,comun,B,2,188,196.06830000702757
mask_rcnn,FP32,comun,B,2,189,202.900000003865
mask_rcnn,FP32,comun,B,2,190,190.48889999976382
mask_rcnn,FP32,comun,B,2,191,204.24249999632593
mask_rcnn,FP32,comun,B,2,192,204.6276999899419
mask_rcnn,FP32,comun,B,2,193,205.03540000936482
mask_rcnn,FP32,comun,B,2,194,203.32489999418613
mask_rcnn,FP32,comun,B,2,195,206.93879999453202
mask_rcnn,FP32,comun,B,2,196,204.7415999986697
mask_rcnn,FP32,comun,B,2,197,191.524699999718
mask_rcnn,FP32,comun,B,2,198,189.6885000023758
mask_rcnn,FP32,comun,B,2,199,206.1122000013711
mask_rcnn,FP32,comun,B,2,200,210.37770000111777
mask_rcnn,FP32,comun,B,2,201,203.7251000001561
mask_rcnn,FP32,comun,B,2,202,194.11279998894315
mask_rcnn,FP32,comun,B,2,203,208.34329999343026
mask_rcnn,FP32,comun,B,2,204,196.36439999158029
mask_rcnn,FP32,comun,B,2,205,201.53299999947194
mask_rcnn,FP32,comun,B,2,206,220.1948000001721
mask_rcnn,FP32,comun,B,2,207,190.4112000047462
mask_rcnn,FP32,comun,B,2,208,220.93660000246018
mask_rcnn,FP32,comun,B,2,209,205.65059999353252
mask_rcnn,FP32,comun,B,2,210,199.0109000034863
mask_rcnn,FP32,comun,B,2,211,203.44230000046082
mask_rcnn,FP32,comun,B,2,212,200.49980000476353
mask_rcnn,FP32,comun,B,2,213,201.68320000811946
mask_rcnn,FP32,comun,B,2,214,208.07690000219736
mask_rcnn,FP32,comun,B,2,215,197.85229999979492
mask_rcnn,FP32,comun,B,2,216,189.28520000190474
mask_rcnn,FP32,comun,B,2,217,194.81939999968745
mask_rcnn,FP32,comun,B,2,218,204.4991000002483
mask_rcnn,FP32,comun,B,2,219,208.7279999977909
mask_rcnn,FP32,comun,B,2,220,202.07540001138113
mask_rcnn,FP32,comun,B,2,221,213.97340000839904
mask_rcnn,FP32,comun,B,2,222,191.40679998963606
mask_rcnn,FP32,comun,B,2,223,195.2231000032043
mask_rcnn,FP32,comun,B,2,224,201.15639999858104
mask_rcnn,FP32,comun,B,2,225,191.34389999089763
mask_rcnn,FP32,comun,B,2,226,207.88180000090506
mask_rcnn,FP32,comun,B,2,227,196.5329000086058
mask_rcnn,FP32,comun,B,2,228,192.50819999433588
mask_rcnn,FP32,comun,B,2,229,201.6968999960227
mask_rcnn,FP32,comun,B,2,230,173.2678999978816
mask_rcnn,FP32,comun,B,2,231,171.539600007236
mask_rcnn,FP32,comun,B,2,232,206.63170001353137
mask_rcnn,FP32,comun,B,2,233,195.96729999466334
mask_rcnn,FP32,comun,B,2,234,201.69620000524446
mask_rcnn,FP32,comun,B,2,235,210.4001999978209
mask_rcnn,FP32,comun,B,2,236,191.15009999950416
mask_rcnn,FP32,comun,B,2,237,210.00009999261238
mask_rcnn,FP32,comun,B,2,238,199.80020000366494
mask_rcnn,FP32,comun,B,2,239,196.39969999843743
mask_rcnn,FP32,comun,B,2,240,205.95210000465158
mask_rcnn,FP32,comun,B,2,241,196.76439999602735
mask_rcnn,FP32,comun,B,2,242,210.78310000302736
mask_rcnn,FP32,comun,B,2,243,186.04289999348111
mask_rcnn,FP32,comun,B,2,244,190.09610000648536
mask_rcnn,FP32,comun,B,2,245,208.45840001129545
mask_rcnn,FP32,comun,B,2,246,206.83330000611022
mask_rcnn,FP32,comun,B,2,247,202.04800000647083
mask_rcnn,FP32,comun,B,2,248,177.6549999922281
mask_rcnn,FP32,comun,B,2,249,197.23210000665858
mask_rcnn,FP32,comun,B,2,250,194.62570000905544
mask_rcnn,FP32,comun,B,2,251,202.96460000099614
mask_rcnn,FP32,comun,B,2,252,209.5289999997476
mask_rcnn,FP32,comun,B,2,253,172.5233000033768
mask_rcnn,FP32,comun,B,2,254,196.38340000528842
mask_rcnn,FP32,comun,B,2,255,198.67699999304023
mask_rcnn,FP32,comun,B,2,256,199.96819998777937
mask_rcnn,FP32,comun,B,2,257,201.47929999802727
mask_rcnn,FP32,comun,B,2,258,203.01650000328664
mask_rcnn,FP32,comun,B,2,259,193.98529999307357
mask_rcnn,FP32,comun,B,2,260,199.1587999946205
mask_rcnn,FP32,comun,B,2,261,206.14999999816064
mask_rcnn,FP32,comun,B,2,262,204.98239999869838
mask_rcnn,FP32,comun,B,2,263,193.412199994782
mask_rcnn,FP32,comun,B,2,264,210.9928999998374
mask_rcnn,FP32,comun,B,2,265,204.54930000414606
mask_rcnn,FP32,comun,B,2,266,201.90220000222325
mask_rcnn,FP32,comun,B,2,267,189.16389999503735
mask_rcnn,FP32,comun,B,2,268,200.39219998579938
mask_rcnn,FP32,comun,B,2,269,198.7436999916099
mask_rcnn,FP32,comun,B,2,270,211.10010000120383
mask_rcnn,FP32,comun,B,2,271,198.54470000427682
mask_rcnn,FP32,comun,B,2,272,207.58679999562446
mask_rcnn,FP32,comun,B,2,273,195.2536000026157
mask_rcnn,FP32,comun,B,2,274,206.82839999790303
mask_rcnn,FP32,comun,B,2,275,201.01140000042506
mask_rcnn,FP32,comun,B,2,276,206.4500999986194
mask_rcnn,FP32,comun,B,2,277,206.08100001118146
mask_rcnn,FP32,comun,B,2,278,197.4331999954302
mask_rcnn,FP32,comun,B,2,279,201.24559999385383
mask_rcnn,FP32,comun,B,2,280,200.7949999970151
mask_rcnn,FP32,comun,B,2,281,203.0724999931408
mask_rcnn,FP32,comun,B,2,282,194.53979999525473
mask_rcnn,FP32,comun,B,2,283,199.17130000249017
mask_rcnn,FP32,comun,B,2,284,199.27880000614095
mask_rcnn,FP32,comun,B,2,285,200.6767000129912
mask_rcnn,FP32,comun,B,2,286,216.67619999789167
mask_rcnn,FP32,comun,B,2,287,211.0924000007799
mask_rcnn,FP32,comun,B,2,288,186.329600008321
mask_rcnn,FP32,comun,B,2,289,205.51610000256915
mask_rcnn,FP32,comun,B,2,290,196.76299999991897
mask_rcnn,FP32,comun,B,2,291,203.37060000747442
mask_rcnn,FP32,comun,B,2,292,202.69489999918733
mask_rcnn,FP32,comun,B,2,293,212.9682000086177
mask_rcnn,FP32,comun,B,2,294,205.12949999829289
mask_rcnn,FP32,comun,B,2,295,216.23740000359248
mask_rcnn,FP32,comun,B,2,296,207.41510001244023
mask_rcnn,FP32,comun,B,2,297,198.6923999938881
mask_rcnn,FP32,comun,B,2,298,198.51229999039788
mask_rcnn,FP32,comun,B,2,299,195.79569999768864
mask_rcnn,FP32,comun,B,2,300,208.8077000080375
mask_rcnn,FP32,comun,B,2,301,199.7036999964621
mask_rcnn,FP32,comun,B,2,302,209.92239999759477
mask_rcnn,FP32,comun,B,2,303,206.37460000580177
mask_rcnn,FP32,comun,B,2,304,202.46509999560658
mask_rcnn,FP32,comun,B,2,305,196.37850001163315
mask_rcnn,FP32,comun,B,2,306,205.57419999386184
mask_rcnn,FP32,comun,B,2,307,193.48159999935888
mask_rcnn,FP32,comun,B,2,308,198.4907000005478
mask_rcnn,FP32,comun,B,2,309,201.8504000006942
mask_rcnn,FP32,comun,B,2,310,184.27639998844825
mask_rcnn,FP32,comun,B,2,311,198.0069999990519
mask_rcnn,FP32,comun,B,2,312,204.02989999274723
mask_rcnn,FP32,comun,B,2,313,206.7222000041511
mask_rcnn,FP32,comun,B,2,314,205.56899999792222
mask_rcnn,FP32,comun,B,2,315,204.93819999683183
mask_rcnn,FP32,comun,B,2,316,197.07500000367872
mask_rcnn,FP32,comun,B,2,317,209.6527999965474
mask_rcnn,FP32,comun,B,2,318,191.24749999900814
mask_rcnn,FP32,comun,B,2,319,194.4602000003215
mask_rcnn,FP32,comun,B,2,320,205.38939999823924
mask_rcnn,FP32,comun,B,2,321,200.3975999978138
mask_rcnn,FP32,comun,B,2,322,180.60659999900963
mask_rcnn,FP32,comun,B,2,323,215.41080001043156
mask_rcnn,FP32,comun,B,2,324,202.93700000911485
mask_rcnn,FP32,comun,B,2,325,198.99780000559986
mask_rcnn,FP32,comun,B,2,326,195.90519998746458
mask_rcnn,FP32,comun,B,2,327,208.26440000382718
mask_rcnn,FP32,comun,B,2,328,197.52020000305492
mask_rcnn,FP32,comun,B,2,329,214.4261999928858
mask_rcnn,FP32,comun,B,2,330,195.44470000255387
mask_rcnn,FP32,comun,B,2,331,203.40810000197962
mask_rcnn,FP32,comun,B,2,332,201.92439999664202
mask_rcnn,FP32,comun,B,2,333,204.64739999442827
mask_rcnn,FP32,comun,B,2,334,202.13619999412913
mask_rcnn,FP32,comun,B,2,335,209.64919999823906
mask_rcnn,FP32,comun,B,2,336,181.3762000092538
mask_rcnn,FP32,comun,B,2,337,191.68040000658948
mask_rcnn,FP32,comun,B,2,338,199.8548999981722
mask_rcnn,FP32,comun,B,2,339,202.6900999917416
mask_rcnn,FP32,comun,B,2,340,207.10510000935756
mask_rcnn,FP32,comun,B,2,341,189.27200000325684
mask_rcnn,FP32,comun,B,2,342,192.68510000256356
mask_rcnn,FP32,comun,B,2,343,189.85819999943487
mask_rcnn,FP32,comun,B,2,344,182.3344000003999
mask_rcnn,FP32,comun,B,2,345,197.73499999428168
mask_rcnn,FP32,comun,B,2,346,205.57710000139195
mask_rcnn,FP32,comun,B,2,347,203.2057999895187
mask_rcnn,FP32,comun,B,2,348,208.9272000011988
mask_rcnn,FP32,comun,B,2,349,206.3423000072362
mask_rcnn,FP32,comun,B,2,350,206.64740000211168
mask_rcnn,FP32,comun,B,2,351,208.6669999989681
mask_rcnn,FP32,comun,B,2,352,197.49559999036137
mask_rcnn,FP32,comun,B,2,353,204.23989999108016
mask_rcnn,FP32,comun,B,2,354,201.80799999798182
mask_rcnn,FP32,comun,B,2,355,201.54290000209585
mask_rcnn,FP32,comun,B,2,356,202.25079999363516
mask_rcnn,FP32,comun,B,2,357,193.12309999077115
mask_rcnn,FP32,comun,B,2,358,198.23169999290258
mask_rcnn,FP32,comun,B,2,359,198.92569999501575
mask_rcnn,FP32,comun,B,2,360,198.51670000934973
mask_rcnn,FP32,comun,B,2,361,200.12059999862686
mask_rcnn,FP32,comun,B,2,362,199.49220000125933
mask_rcnn,FP32,comun,B,2,363,211.65850000397768
mask_rcnn,FP32,comun,B,2,364,205.2327000128571
mask_rcnn,FP32,comun,B,2,365,193.24559999222402
mask_rcnn,FP32,comun,B,2,366,186.02649999957066
mask_rcnn,FP32,comun,B,2,367,202.12899999751244
mask_rcnn,FP32,comun,B,2,368,204.93799999530893
mask_rcnn,FP32,comun,B,2,369,192.16299999970943
mask_rcnn,FP32,comun,B,2,370,206.58840000396594
mask_rcnn,FP32,comun,B,2,371,207.3744999943301
mask_rcnn,FP32,comun,B,2,372,195.68999999319203
mask_rcnn,FP32,comun,B,2,373,204.9321999948006
mask_rcnn,FP32,operativo,A,0,0,183.5702999960631
mask_rcnn,FP32,operativo,A,0,1,186.3139999913983
mask_rcnn,FP32,operativo,A,0,2,185.5820000055246
mask_rcnn,FP32,operativo,A,0,3,183.43229999300092
mask_rcnn,FP32,operativo,A,0,4,186.03159999474883
mask_rcnn,FP32,operativo,A,0,5,185.36139999923762
mask_rcnn,FP32,operativo,A,0,6,186.69129999761935
mask_rcnn,FP32,operativo,A,0,7,188.55279999843333
mask_rcnn,FP32,operativo,A,0,8,180.51799999375362
mask_rcnn,FP32,operativo,A,0,9,181.6514000092866
mask_rcnn,FP32,operativo,A,0,10,181.27209998783655
mask_rcnn,FP32,operativo,A,0,11,185.81009999616072
mask_rcnn,FP32,operativo,A,0,12,194.81939999968745
mask_rcnn,FP32,operativo,A,0,13,188.99059999966994
mask_rcnn,FP32,operativo,A,0,14,183.17479999677744
mask_rcnn,FP32,operativo,A,0,15,187.9418999888003
mask_rcnn,FP32,operativo,A,0,16,186.74820000887848
mask_rcnn,FP32,operativo,A,0,17,192.09589999809396
mask_rcnn,FP32,operativo,A,0,18,184.8859000019729
mask_rcnn,FP32,operativo,A,0,19,183.5745999997016
mask_rcnn,FP32,operativo,A,0,20,183.17899999965448
mask_rcnn,FP32,operativo,A,0,21,182.9378000111319
mask_rcnn,FP32,operativo,A,0,22,187.38840000878554
mask_rcnn,FP32,operativo,A,0,23,184.83019999985117
mask_rcnn,FP32,operativo,A,0,24,186.5374999906635
mask_rcnn,FP32,operativo,A,0,25,173.8179000094533
mask_rcnn,FP32,operativo,A,0,26,186.12270000448916
mask_rcnn,FP32,operativo,A,0,27,186.47009998676367
mask_rcnn,FP32,operativo,A,0,28,175.7406999968225
mask_rcnn,FP32,operativo,A,0,29,186.32520000392105
mask_rcnn,FP32,operativo,A,0,30,186.90529999730643
mask_rcnn,FP32,operativo,A,0,31,180.55619999358896
mask_rcnn,FP32,operativo,A,0,32,187.06070000189357
mask_rcnn,FP32,operativo,A,0,33,188.54020000435412
mask_rcnn,FP32,operativo,A,0,34,173.1971999979578
mask_rcnn,FP32,operativo,A,0,35,180.0441000086721
mask_rcnn,FP32,operativo,A,0,36,190.56809999165125
mask_rcnn,FP32,operativo,A,0,37,177.96899999666493
mask_rcnn,FP32,operativo,A,0,38,184.8562000086531
mask_rcnn,FP32,operativo,A,0,39,186.36800000967924
mask_rcnn,FP32,operativo,A,0,40,184.83880000712816
mask_rcnn,FP32,operativo,A,0,41,182.35980000463314
mask_rcnn,FP32,operativo,A,0,42,186.76670000422746
mask_rcnn,FP32,operativo,A,0,43,185.2770999976201
mask_rcnn,FP32,operativo,A,0,44,186.26979998953175
mask_rcnn,FP32,operativo,A,0,45,187.7630999952089
mask_rcnn,FP32,operativo,A,0,46,190.78050000825897
mask_rcnn,FP32,operativo,A,0,47,180.41159999847878
mask_rcnn,FP32,operativo,A,0,48,178.02359999041073
mask_rcnn,FP32,operativo,A,0,49,173.67380000359844
mask_rcnn,FP32,operativo,A,0,50,179.47810000623576
mask_rcnn,FP32,operativo,A,0,51,187.161499998183
mask_rcnn,FP32,operativo,A,0,52,182.19500000122935
mask_rcnn,FP32,operativo,A,0,53,190.18380000488833
mask_rcnn,FP32,operativo,A,0,54,185.7665999996243
mask_rcnn,FP32,operativo,A,0,55,182.2431000036886
mask_rcnn,FP32,operativo,A,0,56,188.2321999873966
mask_rcnn,FP32,operativo,A,0,57,189.24149998929352
mask_rcnn,FP32,operativo,A,0,58,179.0091000002576
mask_rcnn,FP32,operativo,A,0,59,177.42900000303052
mask_rcnn,FP32,operativo,A,0,60,179.4336999882944
mask_rcnn,FP32,operativo,A,0,61,184.09979999705683
mask_rcnn,FP32,operativo,A,0,62,179.71810000017285
mask_rcnn,FP32,operativo,A,0,63,186.48489999759477
mask_rcnn,FP32,operativo,A,0,64,194.5555999991484
mask_rcnn,FP32,operativo,A,0,65,188.17909999052063
mask_rcnn,FP32,operativo,A,0,66,186.2793999898713
mask_rcnn,FP32,operativo,A,0,67,181.96610000450164
mask_rcnn,FP32,operativo,A,0,68,188.00880000344478
mask_rcnn,FP32,operativo,A,0,69,173.3029000024544
mask_rcnn,FP32,operativo,A,0,70,182.91790000512265
mask_rcnn,FP32,operativo,A,0,71,184.64289999974426
mask_rcnn,FP32,operativo,A,0,72,175.88190000969917
mask_rcnn,FP32,operativo,A,0,73,187.17540000216104
mask_rcnn,FP32,operativo,A,0,74,187.2910999954911
mask_rcnn,FP32,operativo,A,0,75,185.1635999919381
mask_rcnn,FP32,operativo,A,0,76,183.55899999733083
mask_rcnn,FP32,operativo,A,0,77,146.54950000112876
mask_rcnn,FP32,operativo,A,0,78,192.6759000052698
mask_rcnn,FP32,operativo,A,0,79,191.2478000012925
mask_rcnn,FP32,operativo,A,0,80,183.56639999547042
mask_rcnn,FP32,operativo,A,0,81,190.56499999715015
mask_rcnn,FP32,operativo,A,0,82,184.79389999993145
mask_rcnn,FP32,operativo,A,0,83,182.7086999983294
mask_rcnn,FP32,operativo,A,0,84,186.54260000039358
mask_rcnn,FP32,operativo,A,0,85,177.59140000271145
mask_rcnn,FP32,operativo,A,0,86,184.60290000075474
mask_rcnn,FP32,operativo,A,0,87,194.31720000284258
mask_rcnn,FP32,operativo,A,0,88,197.52829999197274
mask_rcnn,FP32,operativo,A,0,89,185.96240000624675
mask_rcnn,FP32,operativo,A,0,90,180.13489998702426
mask_rcnn,FP32,operativo,A,0,91,182.39190000167582
mask_rcnn,FP32,operativo,A,0,92,200.36139999865554
mask_rcnn,FP32,operativo,A,0,93,186.4744999911636
mask_rcnn,FP32,operativo,A,0,94,184.01519999315497
mask_rcnn,FP32,operativo,A,0,95,170.73710000840947
mask_rcnn,FP32,operativo,A,0,96,181.7105999944033
mask_rcnn,FP32,operativo,A,0,97,183.91630001133308
mask_rcnn,FP32,operativo,A,0,98,186.0368999914499
mask_rcnn,FP32,operativo,A,0,99,186.16840000322554
mask_rcnn,FP32,operativo,A,0,100,177.3310999997193
mask_rcnn,FP32,operativo,A,0,101,191.42590000410564
mask_rcnn,FP32,operativo,A,0,102,187.16490000952035
mask_rcnn,FP32,operativo,A,0,103,182.57390000508167
mask_rcnn,FP32,operativo,A,0,104,181.97710000094958
mask_rcnn,FP32,operativo,A,0,105,181.89620001066942
mask_rcnn,FP32,operativo,A,0,106,186.98410000069998
mask_rcnn,FP32,operativo,A,0,107,186.03980001353193
mask_rcnn,FP32,operativo,A,0,108,173.8307000050554
mask_rcnn,FP32,operativo,A,0,109,178.79780000657775
mask_rcnn,FP32,operativo,A,0,110,181.31739999807905
mask_rcnn,FP32,operativo,A,0,111,184.27820000215434
mask_rcnn,FP32,operativo,A,0,112,188.31040000077337
mask_rcnn,FP32,operativo,A,0,113,174.8001999949338
mask_rcnn,FP32,operativo,A,0,114,196.95069998851977
mask_rcnn,FP32,operativo,A,0,115,188.5646999871824
mask_rcnn,FP32,operativo,A,0,116,185.66820000705775
mask_rcnn,FP32,operativo,A,0,117,186.36040001001675
mask_rcnn,FP32,operativo,A,0,118,191.80729999789037
mask_rcnn,FP32,operativo,A,0,119,191.2741999985883
mask_rcnn,FP32,operativo,A,0,120,185.31260000600014
mask_rcnn,FP32,operativo,A,0,121,189.9830999900587
mask_rcnn,FP32,operativo,A,0,122,188.96860000677407
mask_rcnn,FP32,operativo,A,0,123,182.12029999995138
mask_rcnn,FP32,operativo,A,0,124,193.9966999925673
mask_rcnn,FP32,operativo,A,0,125,187.55380000220612
mask_rcnn,FP32,operativo,A,0,126,188.0481999978656
mask_rcnn,FP32,operativo,A,0,127,185.6668999971589
mask_rcnn,FP32,operativo,A,0,128,178.87010000413284
mask_rcnn,FP32,operativo,A,0,129,187.32189999718685
mask_rcnn,FP32,operativo,A,0,130,184.71669999416918
mask_rcnn,FP32,operativo,A,0,131,178.1604999996489
mask_rcnn,FP32,operativo,A,0,132,185.6781999958912
mask_rcnn,FP32,operativo,A,0,133,181.67169998923782
mask_rcnn,FP32,operativo,A,0,134,184.0712999983225
mask_rcnn,FP32,operativo,A,0,135,190.83329998829868
mask_rcnn,FP32,operativo,A,0,136,175.5879999982426
mask_rcnn,FP32,operativo,A,0,137,183.71709999337327
mask_rcnn,FP32,operativo,A,0,138,197.35089999448974
mask_rcnn,FP32,operativo,A,0,139,192.87179999810178
mask_rcnn,FP32,operativo,A,0,140,188.01819998770952
mask_rcnn,FP32,operativo,A,0,141,186.18440000864211
mask_rcnn,FP32,operativo,A,0,142,187.86840001121163
mask_rcnn,FP32,operativo,A,0,143,183.5879999998724
mask_rcnn,FP32,operativo,A,0,144,191.77079999644775
mask_rcnn,FP32,operativo,A,0,145,188.42079999740236
mask_rcnn,FP32,operativo,A,0,146,186.81900000956375
mask_rcnn,FP32,operativo,A,0,147,186.63609999930486
mask_rcnn,FP32,operativo,A,0,148,187.2315999935381
mask_rcnn,FP32,operativo,A,0,149,183.3634000067832
mask_rcnn,FP32,operativo,A,0,150,190.19370000751223
mask_rcnn,FP32,operativo,A,0,151,189.07010000839364
mask_rcnn,FP32,operativo,A,0,152,193.72359999397304
mask_rcnn,FP32,operativo,A,0,153,184.36980000115
mask_rcnn,FP32,operativo,A,0,154,189.61030000355095
mask_rcnn,FP32,operativo,A,0,155,185.71499999961816
mask_rcnn,FP32,operativo,A,0,156,172.46489999524783
mask_rcnn,FP32,operativo,A,0,157,169.34380000748206
mask_rcnn,FP32,operativo,A,0,158,189.86500000755768
mask_rcnn,FP32,operativo,A,0,159,188.3701999904588
mask_rcnn,FP32,operativo,A,0,160,186.28889998944942
mask_rcnn,FP32,operativo,A,0,161,194.3537000042852
mask_rcnn,FP32,operativo,A,0,162,183.85349999880418
mask_rcnn,FP32,operativo,A,0,163,188.98130000161473
mask_rcnn,FP32,operativo,A,0,164,187.13320000097156
mask_rcnn,FP32,operativo,A,0,165,187.7148999919882
mask_rcnn,FP32,operativo,A,0,166,187.8354000073159
mask_rcnn,FP32,operativo,A,0,167,167.63840000203345
mask_rcnn,FP32,operativo,A,0,168,187.75870000536088
mask_rcnn,FP32,operativo,A,0,169,190.42299999273382
mask_rcnn,FP32,operativo,A,0,170,183.2591999991564
mask_rcnn,FP32,operativo,A,0,171,179.9721999996109
mask_rcnn,FP32,operativo,A,0,172,179.82439999468625
mask_rcnn,FP32,operativo,A,0,173,181.3314999890281
mask_rcnn,FP32,operativo,A,0,174,197.6256000052672
mask_rcnn,FP32,operativo,A,0,175,192.9626999917673
mask_rcnn,FP32,operativo,A,0,176,187.87399999564514
mask_rcnn,FP32,operativo,A,0,177,188.24629999289755
mask_rcnn,FP32,operativo,A,0,178,188.6752999998862
mask_rcnn,FP32,operativo,A,0,179,193.6759000091115
mask_rcnn,FP32,operativo,A,0,180,188.64839999878313
mask_rcnn,FP32,operativo,A,0,181,186.9101999909617
mask_rcnn,FP32,operativo,A,0,182,177.14230000274256
mask_rcnn,FP32,operativo,A,0,183,197.18149999971502
mask_rcnn,FP32,operativo,A,0,184,188.93560000287835
mask_rcnn,FP32,operativo,A,0,185,202.80469999124762
mask_rcnn,FP32,operativo,A,0,186,185.23420000565238
mask_rcnn,FP32,operativo,A,0,187,158.03049999522045
mask_rcnn,FP32,operativo,A,0,188,184.6776000020327
mask_rcnn,FP32,operativo,A,0,189,185.68619999859948
mask_rcnn,FP32,operativo,A,0,190,177.14639999030624
mask_rcnn,FP32,operativo,A,0,191,186.64889999490697
mask_rcnn,FP32,operativo,A,0,192,193.00509999447968
mask_rcnn,FP32,operativo,A,0,193,193.93800001125783
mask_rcnn,FP32,operativo,A,0,194,188.39569999545347
mask_rcnn,FP32,operativo,A,0,195,181.96360000001732
mask_rcnn,FP32,operativo,A,0,196,174.77470000449102
mask_rcnn,FP32,operativo,A,0,197,175.59199999959674
mask_rcnn,FP32,operativo,A,0,198,178.32289999932982
mask_rcnn,FP32,operativo,A,0,199,182.92570000630803
mask_rcnn,FP32,operativo,A,0,200,199.97600000351667
mask_rcnn,FP32,operativo,A,0,201,187.17659999674652
mask_rcnn,FP32,operativo,A,0,202,186.45959999412298
mask_rcnn,FP32,operativo,A,0,203,188.49800000316463
mask_rcnn,FP32,operativo,A,0,204,175.8551999955671
mask_rcnn,FP32,operativo,A,0,205,199.75339999655262
mask_rcnn,FP32,operativo,A,0,206,191.01360000786372
mask_rcnn,FP32,operativo,A,0,207,175.06589999538846
mask_rcnn,FP32,operativo,A,0,208,189.61959998705424
mask_rcnn,FP32,operativo,A,0,209,188.60350000613835
mask_rcnn,FP32,operativo,A,0,210,174.2175999970641
mask_rcnn,FP32,operativo,A,0,211,190.3433999978006
mask_rcnn,FP32,operativo,A,0,212,183.34420000610407
mask_rcnn,FP32,operativo,A,0,213,185.27410000388045
mask_rcnn,FP32,operativo,A,0,214,189.56749999779277
mask_rcnn,FP32,operativo,A,0,215,182.7803999913158
mask_rcnn,FP32,operativo,A,0,216,167.26639999251347
mask_rcnn,FP32,operativo,A,0,217,172.81960000400431
mask_rcnn,FP32,operativo,A,0,218,187.20960000064224
mask_rcnn,FP32,operativo,A,0,219,194.97739999496844
mask_rcnn,FP32,operativo,A,0,220,185.78010000055656
mask_rcnn,FP32,operativo,A,0,221,182.965800006059
mask_rcnn,FP32,operativo,A,0,222,176.55579998972826
mask_rcnn,FP32,operativo,A,0,223,181.25100000179373
mask_rcnn,FP32,operativo,A,0,224,188.2331999950111
mask_rcnn,FP32,operativo,A,0,225,185.53200000314973
mask_rcnn,FP32,operativo,A,0,226,190.92579999414738
mask_rcnn,FP32,operativo,A,0,227,186.77149999712128
mask_rcnn,FP32,operativo,A,0,228,174.39299999387003
mask_rcnn,FP32,operativo,A,0,229,190.3281999984756
mask_rcnn,FP32,operativo,A,0,230,159.55029999895487
mask_rcnn,FP32,operativo,A,0,231,154.26619999925606
mask_rcnn,FP32,operativo,A,0,232,183.34269999468233
mask_rcnn,FP32,operativo,A,0,233,183.77419999160338
mask_rcnn,FP32,operativo,A,0,234,178.79759999050293
mask_rcnn,FP32,operativo,A,0,235,191.93640000594314
mask_rcnn,FP32,operativo,A,0,236,182.35429999185726
mask_rcnn,FP32,operativo,A,0,237,194.63830000313465
mask_rcnn,FP32,operativo,A,0,238,192.083800007822
mask_rcnn,FP32,operativo,A,0,239,183.456999991904
mask_rcnn,FP32,operativo,A,0,240,184.6914000052493
mask_rcnn,FP32,operativo,A,0,241,177.42180000641383
mask_rcnn,FP32,operativo,A,0,242,185.81200001062825
mask_rcnn,FP32,operativo,A,0,243,177.6496000093175
mask_rcnn,FP32,operativo,A,0,244,168.64459999487735
mask_rcnn,FP32,operativo,A,0,245,195.609999995213
mask_rcnn,FP32,operativo,A,0,246,186.66649999795482
mask_rcnn,FP32,operativo,A,0,247,189.84190000628587
mask_rcnn,FP32,operativo,A,0,248,168.2007000054
mask_rcnn,FP32,operativo,A,0,249,184.98459999682382
mask_rcnn,FP32,operativo,A,0,250,187.87149999116082
mask_rcnn,FP32,operativo,A,0,251,187.64079999527894
mask_rcnn,FP32,operativo,A,0,252,192.46049999492243
mask_rcnn,FP32,operativo,A,0,253,171.19400000956375
mask_rcnn,FP32,operativo,A,0,254,191.38960000418592
mask_rcnn,FP32,operativo,A,0,255,186.6541000053985
mask_rcnn,FP32,operativo,A,0,256,190.12579999980517
mask_rcnn,FP32,operativo,A,0,257,193.63419999717735
mask_rcnn,FP32,operativo,A,0,258,184.92100000730716
mask_rcnn,FP32,operativo,A,0,259,175.91340000217315
mask_rcnn,FP32,operativo,A,0,260,187.4004999990575
mask_rcnn,FP32,operativo,A,0,261,189.4622999971034
mask_rcnn,FP32,operativo,A,0,262,195.68730000173673
mask_rcnn,FP32,operativo,A,0,263,188.79289999313187
mask_rcnn,FP32,operativo,A,0,264,190.69930000114255
mask_rcnn,FP32,operativo,A,0,265,186.5786999987904
mask_rcnn,FP32,operativo,A,0,266,186.20470000314526
mask_rcnn,FP32,operativo,A,0,267,174.56669999228325
mask_rcnn,FP32,operativo,A,0,268,186.28960000933148
mask_rcnn,FP32,operativo,A,0,269,186.773199995514
mask_rcnn,FP32,operativo,A,0,270,180.91209999693092
mask_rcnn,FP32,operativo,A,0,271,183.8059999863617
mask_rcnn,FP32,operativo,A,0,272,192.4301000108244
mask_rcnn,FP32,operativo,A,0,273,184.80170000111684
mask_rcnn,FP32,operativo,A,0,274,194.3563999957405
mask_rcnn,FP32,operativo,A,0,275,185.00130000757053
mask_rcnn,FP32,operativo,A,0,276,188.818499998888
mask_rcnn,FP32,operativo,A,0,277,186.47090000740718
mask_rcnn,FP32,operativo,A,0,278,185.34619999991264
mask_rcnn,FP32,operativo,A,0,279,185.49820000771433
mask_rcnn,FP32,operativo,A,0,280,187.79989999893587
mask_rcnn,FP32,operativo,A,0,281,185.97310000041034
mask_rcnn,FP32,operativo,A,0,282,167.4053000024287
mask_rcnn,FP32,operativo,A,0,283,184.68470001243986
mask_rcnn,FP32,operativo,A,0,284,183.7465999997221
mask_rcnn,FP32,operativo,A,0,285,191.91769999451935
mask_rcnn,FP32,operativo,A,0,286,198.45369999529794
mask_rcnn,FP32,operativo,A,0,287,192.1238000068115
mask_rcnn,FP32,operativo,A,0,288,185.00120000680909
mask_rcnn,FP32,operativo,A,0,289,187.51660000998527
mask_rcnn,FP32,operativo,A,0,290,182.92010000732262
mask_rcnn,FP32,operativo,A,0,291,184.15469999308698
mask_rcnn,FP32,operativo,A,0,292,188.46449999546167
mask_rcnn,FP32,operativo,A,0,293,186.16079998901114
mask_rcnn,FP32,operativo,A,0,294,186.5032999921823
mask_rcnn,FP32,operativo,A,0,295,188.1575999868801
mask_rcnn,FP32,operativo,A,0,296,183.14740000641905
mask_rcnn,FP32,operativo,A,0,297,175.62719999114051
mask_rcnn,FP32,operativo,A,0,298,188.37110001186375
mask_rcnn,FP32,operativo,A,0,299,186.39149999944493
mask_rcnn,FP32,operativo,A,0,300,192.43410001217853
mask_rcnn,FP32,operativo,A,0,301,184.5134000031976
mask_rcnn,FP32,operativo,A,0,302,186.23249999654945
mask_rcnn,FP32,operativo,A,0,303,193.23489999806043
mask_rcnn,FP32,operativo,A,0,304,185.25560000853147
mask_rcnn,FP32,operativo,A,0,305,191.7206000071019
mask_rcnn,FP32,operativo,A,0,306,191.32050000189338
mask_rcnn,FP32,operativo,A,0,307,184.46819999371655
mask_rcnn,FP32,operativo,A,0,308,186.57309999980498
mask_rcnn,FP32,operativo,A,0,309,193.60289999167435
mask_rcnn,FP32,operativo,A,0,310,176.9681000005221
mask_rcnn,FP32,operativo,A,0,311,168.2915999990655
mask_rcnn,FP32,operativo,A,0,312,189.91109999478795
mask_rcnn,FP32,operativo,A,0,313,180.70889999216888
mask_rcnn,FP32,operativo,A,0,314,191.82520000322256
mask_rcnn,FP32,operativo,A,0,315,185.86920000961982
mask_rcnn,FP32,operativo,A,0,316,176.53309999150224
mask_rcnn,FP32,operativo,A,0,317,186.32559999241494
mask_rcnn,FP32,operativo,A,0,318,172.95870000089053
mask_rcnn,FP32,operativo,A,0,319,182.29679999058135
mask_rcnn,FP32,operativo,A,0,320,189.21389999741223
mask_rcnn,FP32,operativo,A,0,321,183.10660000133794
mask_rcnn,FP32,operativo,A,0,322,177.73029999807477
mask_rcnn,FP32,operativo,A,0,323,186.7491000011796
mask_rcnn,FP32,operativo,A,0,324,185.0630000117235
mask_rcnn,FP32,operativo,A,0,325,186.1263000027975
mask_rcnn,FP32,operativo,A,0,326,180.95189999439754
mask_rcnn,FP32,operativo,A,0,327,192.24770000437275
mask_rcnn,FP32,operativo,A,0,328,183.51470000925474
mask_rcnn,FP32,operativo,A,0,329,196.4155000023311
mask_rcnn,FP32,operativo,A,0,330,174.97199999343138
mask_rcnn,FP32,operativo,A,0,331,190.92619999719318
mask_rcnn,FP32,operativo,A,0,332,174.64579999796115
mask_rcnn,FP32,operativo,A,0,333,184.9853999883635
mask_rcnn,FP32,operativo,A,0,334,176.02670000633225
mask_rcnn,FP32,operativo,A,0,335,186.92999999620952
mask_rcnn,FP32,operativo,A,0,336,172.76919999858364
mask_rcnn,FP32,operativo,A,0,337,185.00880000647157
mask_rcnn,FP32,operativo,A,0,338,189.10190000315197
mask_rcnn,FP32,operativo,A,0,339,182.93949999497272
mask_rcnn,FP32,operativo,A,0,340,191.67989998823032
mask_rcnn,FP32,operativo,A,0,341,173.63590000604745
mask_rcnn,FP32,operativo,A,0,342,173.42900000221562
mask_rcnn,FP32,operativo,A,0,343,182.83020000671968
mask_rcnn,FP32,operativo,A,0,344,170.5297000007704
mask_rcnn,FP32,operativo,A,0,345,176.65520000446122
mask_rcnn,FP32,operativo,A,0,346,187.5688000000082
mask_rcnn,FP32,operativo,A,0,347,186.18920000153594
mask_rcnn,FP32,operativo,A,0,348,195.07960000191815
mask_rcnn,FP32,operativo,A,0,349,178.29680000431836
mask_rcnn,FP32,operativo,A,0,350,189.27599999005906
mask_rcnn,FP32,operativo,A,0,351,195.39509998867288
mask_rcnn,FP32,operativo,A,0,352,184.69209999602754
mask_rcnn,FP32,operativo,A,0,353,187.48009999399073
mask_rcnn,FP32,operativo,A,0,354,187.0362999907229
mask_rcnn,FP32,operativo,A,0,355,187.31340000522323
mask_rcnn,FP32,operativo,A,0,356,188.55370000528637
mask_rcnn,FP32,operativo,A,0,357,174.27020000468474
mask_rcnn,FP32,operativo,A,0,358,185.6670999986818
mask_rcnn,FP32,operativo,A,0,359,181.90949999552686
mask_rcnn,FP32,operativo,A,0,360,181.3308999990113
mask_rcnn,FP32,operativo,A,0,361,190.94259999110363
mask_rcnn,FP32,operativo,A,0,362,186.39950000215322
mask_rcnn,FP32,operativo,A,0,363,193.66050000826363
mask_rcnn,FP32,operativo,A,0,364,183.64550000114832
mask_rcnn,FP32,operativo,A,0,365,176.35599999630358
mask_rcnn,FP32,operativo,A,0,366,183.61610001011286
mask_rcnn,FP32,operativo,A,0,367,186.04950000008103
mask_rcnn,FP32,operativo,A,0,368,191.8011999950977
mask_rcnn,FP32,operativo,A,0,369,167.10839999723248
mask_rcnn,FP32,operativo,A,0,370,191.38899999961723
mask_rcnn,FP32,operativo,A,0,371,190.67009999707807
mask_rcnn,FP32,operativo,A,0,372,178.65220000385307
mask_rcnn,FP32,operativo,A,0,373,186.24389999604318
mask_rcnn,FP32,operativo,B,0,0,201.98839998920448
mask_rcnn,FP32,operativo,B,0,1,202.5316999934148
mask_rcnn,FP32,operativo,B,0,2,200.20089999889024
mask_rcnn,FP32,operativo,B,0,3,202.148299998953
mask_rcnn,FP32,operativo,B,0,4,205.5741000076523
mask_rcnn,FP32,operativo,B,0,5,208.6416999954963
mask_rcnn,FP32,operativo,B,0,6,210.12409999093506
mask_rcnn,FP32,operativo,B,0,7,203.50259999395348
mask_rcnn,FP32,operativo,B,0,8,191.9527999998536
mask_rcnn,FP32,operativo,B,0,9,198.60289999633096
mask_rcnn,FP32,operativo,B,0,10,196.18069998978171
mask_rcnn,FP32,operativo,B,0,11,200.03819999692496
mask_rcnn,FP32,operativo,B,0,12,208.91349999874365
mask_rcnn,FP32,operativo,B,0,13,204.57990000431892
mask_rcnn,FP32,operativo,B,0,14,202.09609999437816
mask_rcnn,FP32,operativo,B,0,15,206.3384000066435
mask_rcnn,FP32,operativo,B,0,16,205.4062000097474
mask_rcnn,FP32,operativo,B,0,17,216.98470000410452
mask_rcnn,FP32,operativo,B,0,18,199.49539999652188
mask_rcnn,FP32,operativo,B,0,19,202.9424999927869
mask_rcnn,FP32,operativo,B,0,20,202.76849999208935
mask_rcnn,FP32,operativo,B,0,21,198.1868000002578
mask_rcnn,FP32,operativo,B,0,22,207.00790001137648
mask_rcnn,FP32,operativo,B,0,23,206.8243999965489
mask_rcnn,FP32,operativo,B,0,24,212.54700000281446
mask_rcnn,FP32,operativo,B,0,25,200.76310000149533
mask_rcnn,FP32,operativo,B,0,26,198.14409999526106
mask_rcnn,FP32,operativo,B,0,27,207.68970000790432
mask_rcnn,FP32,operativo,B,0,28,194.2826000013156
mask_rcnn,FP32,operativo,B,0,29,198.03090000641532
mask_rcnn,FP32,operativo,B,0,30,202.22979999380186
mask_rcnn,FP32,operativo,B,0,31,208.7671000044793
mask_rcnn,FP32,operativo,B,0,32,213.16440000373404
mask_rcnn,FP32,operativo,B,0,33,201.15500000247266
mask_rcnn,FP32,operativo,B,0,34,196.77629999932833
mask_rcnn,FP32,operativo,B,0,35,198.09050000912976
mask_rcnn,FP32,operativo,B,0,36,217.6624000130687
mask_rcnn,FP32,operativo,B,0,37,206.93909999681637
mask_rcnn,FP32,operativo,B,0,38,218.7222000065958
mask_rcnn,FP32,operativo,B,0,39,204.38399999693502
mask_rcnn,FP32,operativo,B,0,40,203.46629999403376
mask_rcnn,FP32,operativo,B,0,41,207.51049999671523
mask_rcnn,FP32,operativo,B,0,42,206.0297999996692
mask_rcnn,FP32,operativo,B,0,43,209.94930001324974
mask_rcnn,FP32,operativo,B,0,44,202.93210000090767
mask_rcnn,FP32,operativo,B,0,45,197.83920000190847
mask_rcnn,FP32,operativo,B,0,46,212.72270000190474
mask_rcnn,FP32,operativo,B,0,47,202.28620000125375
mask_rcnn,FP32,operativo,B,0,48,206.3551000028383
mask_rcnn,FP32,operativo,B,0,49,196.21390000975225
mask_rcnn,FP32,operativo,B,0,50,209.18710000114515
mask_rcnn,FP32,operativo,B,0,51,209.40590000827797
mask_rcnn,FP32,operativo,B,0,52,199.47410000895616
mask_rcnn,FP32,operativo,B,0,53,213.76290000625886
mask_rcnn,FP32,operativo,B,0,54,204.45509999990463
mask_rcnn,FP32,operativo,B,0,55,203.2898000034038
mask_rcnn,FP32,operativo,B,0,56,203.7607999955071
mask_rcnn,FP32,operativo,B,0,57,214.1256000031717
mask_rcnn,FP32,operativo,B,0,58,212.91119999659713
mask_rcnn,FP32,operativo,B,0,59,196.5319000009913
mask_rcnn,FP32,operativo,B,0,60,198.87959999323357
mask_rcnn,FP32,operativo,B,0,61,206.86470001237467
mask_rcnn,FP32,operativo,B,0,62,203.7034999957541
mask_rcnn,FP32,operativo,B,0,63,206.66999999957625
mask_rcnn,FP32,operativo,B,0,64,219.17599999869708
mask_rcnn,FP32,operativo,B,0,65,203.96620000246912
mask_rcnn,FP32,operativo,B,0,66,206.50889999524225
mask_rcnn,FP32,operativo,B,0,67,199.50109999626875
mask_rcnn,FP32,operativo,B,0,68,213.42899999581277
mask_rcnn,FP32,operativo,B,0,69,191.18009999510832
mask_rcnn,FP32,operativo,B,0,70,201.58289998653345
mask_rcnn,FP32,operativo,B,0,71,189.23780000477564
mask_rcnn,FP32,operativo,B,0,72,199.1425000014715
mask_rcnn,FP32,operativo,B,0,73,204.64379999611992
mask_rcnn,FP32,operativo,B,0,74,195.51539998792578
mask_rcnn,FP32,operativo,B,0,75,208.72559999406803
mask_rcnn,FP32,operativo,B,0,76,202.35300000058487
mask_rcnn,FP32,operativo,B,0,77,175.66109998733737
mask_rcnn,FP32,operativo,B,0,78,202.20600000175182
mask_rcnn,FP32,operativo,B,0,79,207.79510001011658
mask_rcnn,FP32,operativo,B,0,80,196.93639999604784
mask_rcnn,FP32,operativo,B,0,81,207.95000001089647
mask_rcnn,FP32,operativo,B,0,82,206.95189999241848
mask_rcnn,FP32,operativo,B,0,83,204.72320000408217
mask_rcnn,FP32,operativo,B,0,84,207.28119999694172
mask_rcnn,FP32,operativo,B,0,85,206.69020000786986
mask_rcnn,FP32,operativo,B,0,86,202.37499999348074
mask_rcnn,FP32,operativo,B,0,87,207.9228999937186
mask_rcnn,FP32,operativo,B,0,88,214.15780000097584
mask_rcnn,FP32,operativo,B,0,89,208.12070000101812
mask_rcnn,FP32,operativo,B,0,90,199.0942999982508
mask_rcnn,FP32,operativo,B,0,91,203.56929999252316
mask_rcnn,FP32,operativo,B,0,92,212.16899999126326
mask_rcnn,FP32,operativo,B,0,93,209.5701999933226
mask_rcnn,FP32,operativo,B,0,94,203.53260000410955
mask_rcnn,FP32,operativo,B,0,95,198.48690000071656
mask_rcnn,FP32,operativo,B,0,96,209.7823999938555
mask_rcnn,FP32,operativo,B,0,97,202.27780001005158
mask_rcnn,FP32,operativo,B,0,98,200.58619999326766
mask_rcnn,FP32,operativo,B,0,99,205.13669999490958
mask_rcnn,FP32,operativo,B,0,100,202.11339999514166
mask_rcnn,FP32,operativo,B,0,101,206.6462000075262
mask_rcnn,FP32,operativo,B,0,102,214.47010000701994
mask_rcnn,FP32,operativo,B,0,103,198.44069999817293
mask_rcnn,FP32,operativo,B,0,104,200.1153000019258
mask_rcnn,FP32,operativo,B,0,105,202.96730000700336
mask_rcnn,FP32,operativo,B,0,106,203.13369999348652
mask_rcnn,FP32,operativo,B,0,107,208.930099994177
mask_rcnn,FP32,operativo,B,0,108,186.50359999446664
mask_rcnn,FP32,operativo,B,0,109,206.0786000074586
mask_rcnn,FP32,operativo,B,0,110,195.54250000510365
mask_rcnn,FP32,operativo,B,0,111,208.1789999938337
mask_rcnn,FP32,operativo,B,0,112,203.68099999905098
mask_rcnn,FP32,operativo,B,0,113,197.13350001256913
mask_rcnn,FP32,operativo,B,0,114,217.59810000366997
mask_rcnn,FP32,operativo,B,0,115,205.98790000076406
mask_rcnn,FP32,operativo,B,0,116,203.7309000006644
mask_rcnn,FP32,operativo,B,0,117,203.43850000062957
mask_rcnn,FP32,operativo,B,0,118,213.58489998965524
mask_rcnn,FP32,operativo,B,0,119,201.67019999644253
mask_rcnn,FP32,operativo,B,0,120,207.254599998123
mask_rcnn,FP32,operativo,B,0,121,204.90299999073613
mask_rcnn,FP32,operativo,B,0,122,199.9805999948876
mask_rcnn,FP32,operativo,B,0,123,210.11149999685585
mask_rcnn,FP32,operativo,B,0,124,209.51610000338405
mask_rcnn,FP32,operativo,B,0,125,209.55320000939537
mask_rcnn,FP32,operativo,B,0,126,220.83989999373443
mask_rcnn,FP32,operativo,B,0,127,204.05049998953473
mask_rcnn,FP32,operativo,B,0,128,202.46049998968374
mask_rcnn,FP32,operativo,B,0,129,208.47660000436008
mask_rcnn,FP32,operativo,B,0,130,205.60269999259617
mask_rcnn,FP32,operativo,B,0,131,205.43950000137556
mask_rcnn,FP32,operativo,B,0,132,196.64680000278167
mask_rcnn,FP32,operativo,B,0,133,198.79470000159927
mask_rcnn,FP32,operativo,B,0,134,205.40419999451842
mask_rcnn,FP32,operativo,B,0,135,201.84039999730885
mask_rcnn,FP32,operativo,B,0,136,195.43849999899976
mask_rcnn,FP32,operativo,B,0,137,199.09099998767488
mask_rcnn,FP32,operativo,B,0,138,215.48869999242015
mask_rcnn,FP32,operativo,B,0,139,207.74720000918023
mask_rcnn,FP32,operativo,B,0,140,204.60270000330638
mask_rcnn,FP32,operativo,B,0,141,207.27530001022387
mask_rcnn,FP32,operativo,B,0,142,205.04790000268258
mask_rcnn,FP32,operativo,B,0,143,207.2799000015948
mask_rcnn,FP32,operativo,B,0,144,212.86770000006072
mask_rcnn,FP32,operativo,B,0,145,203.58620000479277
mask_rcnn,FP32,operativo,B,0,146,210.58579999953508
mask_rcnn,FP32,operativo,B,0,147,207.1165000088513
mask_rcnn,FP32,operativo,B,0,148,209.88480000232812
mask_rcnn,FP32,operativo,B,0,149,209.56659999501426
mask_rcnn,FP32,operativo,B,0,150,204.87999999022577
mask_rcnn,FP32,operativo,B,0,151,216.9861000002129
mask_rcnn,FP32,operativo,B,0,152,212.44170000136364
mask_rcnn,FP32,operativo,B,0,153,205.18629999423865
mask_rcnn,FP32,operativo,B,0,154,203.2766000047559
mask_rcnn,FP32,operativo,B,0,155,200.51730000704993
mask_rcnn,FP32,operativo,B,0,156,188.35799999942537
mask_rcnn,FP32,operativo,B,0,157,211.16140000231098
mask_rcnn,FP32,operativo,B,0,158,208.8242000027094
mask_rcnn,FP32,operativo,B,0,159,203.40959999884944
mask_rcnn,FP32,operativo,B,0,160,199.1141000034986
mask_rcnn,FP32,operativo,B,0,161,214.24929999921005
mask_rcnn,FP32,operativo,B,0,162,203.92840000567958
mask_rcnn,FP32,operativo,B,0,163,205.87679999880493
mask_rcnn,FP32,operativo,B,0,164,199.53650000388734
mask_rcnn,FP32,operativo,B,0,165,211.26180001010653
mask_rcnn,FP32,operativo,B,0,166,207.13490000343882
mask_rcnn,FP32,operativo,B,0,167,198.620099996333
mask_rcnn,FP32,operativo,B,0,168,213.78249999543186
mask_rcnn,FP32,operativo,B,0,169,211.05319999333005
mask_rcnn,FP32,operativo,B,0,170,208.10440000786912
mask_rcnn,FP32,operativo,B,0,171,186.01579999085516
mask_rcnn,FP32,operativo,B,0,172,204.38399999693502
mask_rcnn,FP32,operativo,B,0,173,203.5792999959085
mask_rcnn,FP32,operativo,B,0,174,211.25469999969937
mask_rcnn,FP32,operativo,B,0,175,202.9684000008274
mask_rcnn,FP32,operativo,B,0,176,208.16530000593048
mask_rcnn,FP32,operativo,B,0,177,208.47280000452884
mask_rcnn,FP32,operativo,B,0,178,206.00030000787228
mask_rcnn,FP32,operativo,B,0,179,209.37169999524485
mask_rcnn,FP32,operativo,B,0,180,204.86949999758508
mask_rcnn,FP32,operativo,B,0,181,207.62980000290554
mask_rcnn,FP32,operativo,B,0,182,197.57829999434762
mask_rcnn,FP32,operativo,B,0,183,214.7389000019757
mask_rcnn,FP32,operativo,B,0,184,208.4568999998737
mask_rcnn,FP32,operativo,B,0,185,218.23080000467598
mask_rcnn,FP32,operativo,B,0,186,203.64920000429265
mask_rcnn,FP32,operativo,B,0,187,180.27530000836123
mask_rcnn,FP32,operativo,B,0,188,212.16819999972358
mask_rcnn,FP32,operativo,B,0,189,202.21930000116117
mask_rcnn,FP32,operativo,B,0,190,197.86559999920428
mask_rcnn,FP32,operativo,B,0,191,206.15740001085214
mask_rcnn,FP32,operativo,B,0,192,210.0063000107184
mask_rcnn,FP32,operativo,B,0,193,199.32079999125563
mask_rcnn,FP32,operativo,B,0,194,204.32249999430496
mask_rcnn,FP32,operativo,B,0,195,208.30619998741895
mask_rcnn,FP32,operativo,B,0,196,193.74940000125207
mask_rcnn,FP32,operativo,B,0,197,192.33299999905284
mask_rcnn,FP32,operativo,B,0,198,189.61049999052193
mask_rcnn,FP32,operativo,B,0,199,203.78149999305606
mask_rcnn,FP32,operativo,B,0,200,218.84039998985827
mask_rcnn,FP32,operativo,B,0,201,202.95739998982754
mask_rcnn,FP32,operativo,B,0,202,201.7957999923965
mask_rcnn,FP32,operativo,B,0,203,216.81680000619963
mask_rcnn,FP32,operativo,B,0,204,194.49579999491107
mask_rcnn,FP32,operativo,B,0,205,203.73249999829568
mask_rcnn,FP32,operativo,B,0,206,209.4445000111591
mask_rcnn,FP32,operativo,B,0,207,194.0098999912152
mask_rcnn,FP32,operativo,B,0,208,210.91949999390636
mask_rcnn,FP32,operativo,B,0,209,196.06729999941308
mask_rcnn,FP32,operativo,B,0,210,196.3744999957271
mask_rcnn,FP32,operativo,B,0,211,200.58579999022186
mask_rcnn,FP32,operativo,B,0,212,198.55639999150299
mask_rcnn,FP32,operativo,B,0,213,204.61110000906046
mask_rcnn,FP32,operativo,B,0,214,206.62799999990966
mask_rcnn,FP32,operativo,B,0,215,201.9131999986712
mask_rcnn,FP32,operativo,B,0,216,195.58659999165684
mask_rcnn,FP32,operativo,B,0,217,189.85689998953603
mask_rcnn,FP32,operativo,B,0,218,205.14299999922514
mask_rcnn,FP32,operativo,B,0,219,206.4838999940548
mask_rcnn,FP32,operativo,B,0,220,200.4464000056032
mask_rcnn,FP32,operativo,B,0,221,206.38070000859443
mask_rcnn,FP32,operativo,B,0,222,195.6683000025805
mask_rcnn,FP32,operativo,B,0,223,200.82350001030136
mask_rcnn,FP32,operativo,B,0,224,201.5432000043802
mask_rcnn,FP32,operativo,B,0,225,189.3395000079181
mask_rcnn,FP32,operativo,B,0,226,205.48109999799635
mask_rcnn,FP32,operativo,B,0,227,219.39530000963714
mask_rcnn,FP32,operativo,B,0,228,193.1241999991471
mask_rcnn,FP32,operativo,B,0,229,205.2137999999104
mask_rcnn,FP32,operativo,B,0,230,182.13570000079926
mask_rcnn,FP32,operativo,B,0,231,179.6879000030458
mask_rcnn,FP32,operativo,B,0,232,214.22850000089966
mask_rcnn,FP32,operativo,B,0,233,198.15310000558384
mask_rcnn,FP32,operativo,B,0,234,202.82109999971
mask_rcnn,FP32,operativo,B,0,235,206.09659999900032
mask_rcnn,FP32,operativo,B,0,236,191.5822000009939
mask_rcnn,FP32,operativo,B,0,237,200.07180000538938
mask_rcnn,FP32,operativo,B,0,238,208.74850000836886
mask_rcnn,FP32,operativo,B,0,239,210.74930000759196
mask_rcnn,FP32,operativo,B,0,240,208.70129999821074
mask_rcnn,FP32,operativo,B,0,241,197.32819999626372
mask_rcnn,FP32,operativo,B,0,242,207.93240000784863
mask_rcnn,FP32,operativo,B,0,243,204.46189999347553
mask_rcnn,FP32,operativo,B,0,244,192.384599999059
mask_rcnn,FP32,operativo,B,0,245,213.2661000068765
mask_rcnn,FP32,operativo,B,0,246,205.29589999932796
mask_rcnn,FP32,operativo,B,0,247,205.3332999930717
mask_rcnn,FP32,operativo,B,0,248,179.24770001263823
mask_rcnn,FP32,operativo,B,0,249,203.43290000164416
mask_rcnn,FP32,operativo,B,0,250,200.58679999783635
mask_rcnn,FP32,operativo,B,0,251,208.88820000982378
mask_rcnn,FP32,operativo,B,0,252,214.36279999034014
mask_rcnn,FP32,operativo,B,0,253,176.93799998960458
mask_rcnn,FP32,operativo,B,0,254,203.9436999912141
mask_rcnn,FP32,operativo,B,0,255,207.3932000057539
mask_rcnn,FP32,operativo,B,0,256,205.86309999634977
mask_rcnn,FP32,operativo,B,0,257,205.03749999625143
mask_rcnn,FP32,operativo,B,0,258,204.64809999975841
mask_rcnn,FP32,operativo,B,0,259,191.8504000059329
mask_rcnn,FP32,operativo,B,0,260,201.99760000105016
mask_rcnn,FP32,operativo,B,0,261,201.92459999816492
mask_rcnn,FP32,operativo,B,0,262,211.2974000046961
mask_rcnn,FP32,operativo,B,0,263,200.95699999365024
mask_rcnn,FP32,operativo,B,0,264,205.38430000306107
mask_rcnn,FP32,operativo,B,0,265,193.9491000084672
mask_rcnn,FP32,operativo,B,0,266,210.76489999541081
mask_rcnn,FP32,operativo,B,0,267,199.68540000263602
mask_rcnn,FP32,operativo,B,0,268,204.68520000576973
mask_rcnn,FP32,operativo,B,0,269,194.8439999978291
mask_rcnn,FP32,operativo,B,0,270,204.9706999969203
mask_rcnn,FP32,operativo,B,0,271,198.04089999524876
mask_rcnn,FP32,operativo,B,0,272,200.22479999170173
mask_rcnn,FP32,operativo,B,0,273,207.5804999913089
mask_rcnn,FP32,operativo,B,0,274,214.6871999866562
mask_rcnn,FP32,operativo,B,0,275,194.44739999016747
mask_rcnn,FP32,operativo,B,0,276,208.82849999179598
mask_rcnn,FP32,operativo,B,0,277,202.53629999933764
mask_rcnn,FP32,operativo,B,0,278,203.1072999961907
mask_rcnn,FP32,operativo,B,0,279,203.0663000041386
mask_rcnn,FP32,operativo,B,0,280,202.16980000259355
mask_rcnn,FP32,operativo,B,0,281,196.53400000242982
mask_rcnn,FP32,operativo,B,0,282,198.42500000959262
mask_rcnn,FP32,operativo,B,0,283,207.11380000284407
mask_rcnn,FP32,operativo,B,0,284,207.88450000691228
mask_rcnn,FP32,operativo,B,0,285,207.28120001149364
mask_rcnn,FP32,operativo,B,0,286,211.28740000131074
mask_rcnn,FP32,operativo,B,0,287,202.75650000257883
mask_rcnn,FP32,operativo,B,0,288,186.48469999607187
mask_rcnn,FP32,operativo,B,0,289,204.40980000421405
mask_rcnn,FP32,operativo,B,0,290,207.99609999812674
mask_rcnn,FP32,operativo,B,0,291,205.25729999644682
mask_rcnn,FP32,operativo,B,0,292,202.42880001023877
mask_rcnn,FP32,operativo,B,0,293,207.58099999511614
mask_rcnn,FP32,operativo,B,0,294,207.04800001112744
mask_rcnn,FP32,operativo,B,0,295,207.71860000968445
mask_rcnn,FP32,operativo,B,0,296,206.11420000204816
mask_rcnn,FP32,operativo,B,0,297,200.41560000390746
mask_rcnn,FP32,operativo,B,0,298,204.0199000039138
mask_rcnn,FP32,operativo,B,0,299,212.19269999710377
mask_rcnn,FP32,operativo,B,0,300,208.4354000107851
mask_rcnn,FP32,operativo,B,0,301,206.88060000247788
mask_rcnn,FP32,operativo,B,0,302,206.09520000289194
mask_rcnn,FP32,operativo,B,0,303,211.80369998910464
mask_rcnn,FP32,operativo,B,0,304,193.84169999102596
mask_rcnn,FP32,operativo,B,0,305,205.43659999384545
mask_rcnn,FP32,operativo,B,0,306,206.429300000309
mask_rcnn,FP32,operativo,B,0,307,196.4257999934489
mask_rcnn,FP32,operativo,B,0,308,204.2150000052061
mask_rcnn,FP32,operativo,B,0,309,205.7889999996405
mask_rcnn,FP32,operativo,B,0,310,177.11429999326356
mask_rcnn,FP32,operativo,B,0,311,191.31199999537785
mask_rcnn,FP32,operativo,B,0,312,206.45640000293497
mask_rcnn,FP32,operativo,B,0,313,204.51530000718776
mask_rcnn,FP32,operativo,B,0,314,207.8131000016583
mask_rcnn,FP32,operativo,B,0,315,199.7179000027245
mask_rcnn,FP32,operativo,B,0,316,189.7296999959508
mask_rcnn,FP32,operativo,B,0,317,207.37419999204576
mask_rcnn,FP32,operativo,B,0,318,190.81000000005588
mask_rcnn,FP32,operativo,B,0,319,199.96320000791457
mask_rcnn,FP32,operativo,B,0,320,206.92460000282153
mask_rcnn,FP32,operativo,B,0,321,207.07499999844003
mask_rcnn,FP32,operativo,B,0,322,192.08480000088457
mask_rcnn,FP32,operativo,B,0,323,206.32569999725092
mask_rcnn,FP32,operativo,B,0,324,201.98319999326486
mask_rcnn,FP32,operativo,B,0,325,203.04160000523552
mask_rcnn,FP32,operativo,B,0,326,201.01550000254065
mask_rcnn,FP32,operativo,B,0,327,214.61970001109876
mask_rcnn,FP32,operativo,B,0,328,204.82499999343418
mask_rcnn,FP32,operativo,B,0,329,210.2210000011837
mask_rcnn,FP32,operativo,B,0,330,200.76379999227356
mask_rcnn,FP32,operativo,B,0,331,211.59749999060296
mask_rcnn,FP32,operativo,B,0,332,203.69329999084584
mask_rcnn,FP32,operativo,B,0,333,211.58229999127798
mask_rcnn,FP32,operativo,B,0,334,204.841500002658
mask_rcnn,FP32,operativo,B,0,335,210.3041999944253
mask_rcnn,FP32,operativo,B,0,336,187.33390000124928
mask_rcnn,FP32,operativo,B,0,337,203.8038000027882
mask_rcnn,FP32,operativo,B,0,338,207.29360000404995
mask_rcnn,FP32,operativo,B,0,339,201.26030000392348
mask_rcnn,FP32,operativo,B,0,340,207.8229999897303
mask_rcnn,FP32,operativo,B,0,341,196.06119999662042
mask_rcnn,FP32,operativo,B,0,342,205.08490000793245
mask_rcnn,FP32,operativo,B,0,343,195.8608999993885
mask_rcnn,FP32,operativo,B,0,344,202.44069999898784
mask_rcnn,FP32,operativo,B,0,345,195.18009999592323
mask_rcnn,FP32,operativo,B,0,346,200.54970000637695
mask_rcnn,FP32,operativo,B,0,347,210.80260000599083
mask_rcnn,FP32,operativo,B,0,348,219.0547000063816
mask_rcnn,FP32,operativo,B,0,349,201.85549999587238
mask_rcnn,FP32,operativo,B,0,350,203.58180000039283
mask_rcnn,FP32,operativo,B,0,351,200.96219998958986
mask_rcnn,FP32,operativo,B,0,352,202.77429999259766
mask_rcnn,FP32,operativo,B,0,353,208.94529999350198
mask_rcnn,FP32,operativo,B,0,354,203.91250000102445
mask_rcnn,FP32,operativo,B,0,355,203.92210000136402
mask_rcnn,FP32,operativo,B,0,356,217.36870000313502
mask_rcnn,FP32,operativo,B,0,357,200.1525999949081
mask_rcnn,FP32,operativo,B,0,358,209.58229999814648
mask_rcnn,FP32,operativo,B,0,359,196.63320000108797
mask_rcnn,FP32,operativo,B,0,360,200.40010000229813
mask_rcnn,FP32,operativo,B,0,361,203.86650000000373
mask_rcnn,FP32,operativo,B,0,362,208.60179999726824
mask_rcnn,FP32,operativo,B,0,363,204.93179999175481
mask_rcnn,FP32,operativo,B,0,364,201.7924999963725
mask_rcnn,FP32,operativo,B,0,365,196.47289998829365
mask_rcnn,FP32,operativo,B,0,366,201.60410000244156
mask_rcnn,FP32,operativo,B,0,367,214.4661000056658
mask_rcnn,FP32,operativo,B,0,368,207.49509999586735
mask_rcnn,FP32,operativo,B,0,369,194.03350001084618
mask_rcnn,FP32,operativo,B,0,370,212.65850000781938
mask_rcnn,FP32,operativo,B,0,371,210.50370000011753
mask_rcnn,FP32,operativo,B,0,372,206.21580000442918
mask_rcnn,FP32,operativo,B,0,373,207.78330000757705
mask_rcnn,FP32,operativo,A,1,0,182.5498999969568
mask_rcnn,FP32,operativo,A,1,1,181.07999999483582
mask_rcnn,FP32,operativo,A,1,2,184.18700000620447
mask_rcnn,FP32,operativo,A,1,3,187.16099999437574
mask_rcnn,FP32,operativo,A,1,4,186.48709999979474
mask_rcnn,FP32,operativo,A,1,5,194.98819998989347
mask_rcnn,FP32,operativo,A,1,6,194.34809999074787
mask_rcnn,FP32,operativo,A,1,7,200.6519999995362
mask_rcnn,FP32,operativo,A,1,8,188.49179999961052
mask_rcnn,FP32,operativo,A,1,9,180.63430000620428
mask_rcnn,FP32,operativo,A,1,10,180.07329999818467
mask_rcnn,FP32,operativo,A,1,11,184.42350000259466
mask_rcnn,FP32,operativo,A,1,12,190.14039999456145
mask_rcnn,FP32,operativo,A,1,13,186.06580000778195
mask_rcnn,FP32,operativo,A,1,14,184.78809999942314
mask_rcnn,FP32,operativo,A,1,15,191.59630000649486
mask_rcnn,FP32,operativo,A,1,16,187.22570000682026
mask_rcnn,FP32,operativo,A,1,17,192.4309999885736
mask_rcnn,FP32,operativo,A,1,18,191.66989999939688
mask_rcnn,FP32,operativo,A,1,19,191.18710000475403
mask_rcnn,FP32,operativo,A,1,20,187.91399999463465
mask_rcnn,FP32,operativo,A,1,21,180.05140000605024
mask_rcnn,FP32,operativo,A,1,22,188.86709999060258
mask_rcnn,FP32,operativo,A,1,23,189.6627000096487
mask_rcnn,FP32,operativo,A,1,24,180.8115000021644
mask_rcnn,FP32,operativo,A,1,25,174.15409999375697
mask_rcnn,FP32,operativo,A,1,26,184.45210000209045
mask_rcnn,FP32,operativo,A,1,27,189.3114999984391
mask_rcnn,FP32,operativo,A,1,28,178.1775999988895
mask_rcnn,FP32,operativo,A,1,29,185.76849999953993
mask_rcnn,FP32,operativo,A,1,30,186.10700000135694
mask_rcnn,FP32,operativo,A,1,31,184.7157000011066
mask_rcnn,FP32,operativo,A,1,32,188.73180000809953
mask_rcnn,FP32,operativo,A,1,33,187.52690000110306
mask_rcnn,FP32,operativo,A,1,34,174.21569999714848
mask_rcnn,FP32,operativo,A,1,35,186.90980000246782
mask_rcnn,FP32,operativo,A,1,36,186.75399999483489
mask_rcnn,FP32,operativo,A,1,37,180.02669999259524
mask_rcnn,FP32,operativo,A,1,38,187.7680000034161
mask_rcnn,FP32,operativo,A,1,39,191.40539999352768
mask_rcnn,FP32,operativo,A,1,40,185.28920000244398
mask_rcnn,FP32,operativo,A,1,41,184.38040000910405
mask_rcnn,FP32,operativo,A,1,42,186.5267999964999
mask_rcnn,FP32,operativo,A,1,43,180.28840000624768
mask_rcnn,FP32,operativo,A,1,44,187.5577000027988
mask_rcnn,FP32,operativo,A,1,45,182.72720000823028
mask_rcnn,FP32,operativo,A,1,46,190.94670000777114
mask_rcnn,FP32,operativo,A,1,47,171.3575000030687
mask_rcnn,FP32,operativo,A,1,48,192.61549999646377
mask_rcnn,FP32,operativo,A,1,49,176.37220000324305
mask_rcnn,FP32,operativo,A,1,50,189.81090000306722
mask_rcnn,FP32,operativo,A,1,51,180.55269999604207
mask_rcnn,FP32,operativo,A,1,52,179.10249999840744
mask_rcnn,FP32,operativo,A,1,53,181.05430000287015
mask_rcnn,FP32,operativo,A,1,54,184.16229999274947
mask_rcnn,FP32,operativo,A,1,55,183.3652999921469
mask_rcnn,FP32,operativo,A,1,56,185.64839998725802
mask_rcnn,FP32,operativo,A,1,57,188.4410999919055
mask_rcnn,FP32,operativo,A,1,58,187.59879999561235
mask_rcnn,FP32,operativo,A,1,59,175.20179999701213
mask_rcnn,FP32,operativo,A,1,60,175.2487000048859
mask_rcnn,FP32,operativo,A,1,61,182.684600003995
mask_rcnn,FP32,operativo,A,1,62,183.2557000016095
mask_rcnn,FP32,operativo,A,1,63,187.90509999962524
mask_rcnn,FP32,operativo,A,1,64,193.9530000090599
mask_rcnn,FP32,operativo,A,1,65,179.5847000030335
mask_rcnn,FP32,operativo,A,1,66,193.41069999791216
mask_rcnn,FP32,operativo,A,1,67,183.27499998849817
mask_rcnn,FP32,operativo,A,1,68,202.4117999972077
mask_rcnn,FP32,operativo,A,1,69,178.51369999698363
mask_rcnn,FP32,operativo,A,1,70,180.17669999971986
mask_rcnn,FP32,operativo,A,1,71,183.8580999901751
mask_rcnn,FP32,operativo,A,1,72,173.60520000511315
mask_rcnn,FP32,operativo,A,1,73,189.94570001086686
mask_rcnn,FP32,operativo,A,1,74,183.82350000320002
mask_rcnn,FP32,operativo,A,1,75,184.25249999563675
mask_rcnn,FP32,operativo,A,1,76,193.68360000953544
mask_rcnn,FP32,operativo,A,1,77,155.68129999155644
mask_rcnn,FP32,operativo,A,1,78,180.30649999855086
mask_rcnn,FP32,operativo,A,1,79,189.0543999907095
mask_rcnn,FP32,operativo,A,1,80,180.57899999257643
mask_rcnn,FP32,operativo,A,1,81,187.69310000061523
mask_rcnn,FP32,operativo,A,1,82,189.77309999172576
mask_rcnn,FP32,operativo,A,1,83,190.21649999194779
mask_rcnn,FP32,operativo,A,1,84,193.39529999706428
mask_rcnn,FP32,operativo,A,1,85,190.30230000498705
mask_rcnn,FP32,operativo,A,1,86,187.76869999419432
mask_rcnn,FP32,operativo,A,1,87,188.18199999805074
mask_rcnn,FP32,operativo,A,1,88,193.6788000020897
mask_rcnn,FP32,operativo,A,1,89,178.37219999637455
mask_rcnn,FP32,operativo,A,1,90,179.26550000265706
mask_rcnn,FP32,operativo,A,1,91,176.55449999438133
mask_rcnn,FP32,operativo,A,1,92,190.53410000924487
mask_rcnn,FP32,operativo,A,1,93,185.57449999207165
mask_rcnn,FP32,operativo,A,1,94,188.44130000798032
mask_rcnn,FP32,operativo,A,1,95,179.36049999843817
mask_rcnn,FP32,operativo,A,1,96,185.31219998840243
mask_rcnn,FP32,operativo,A,1,97,188.66580000030808
mask_rcnn,FP32,operativo,A,1,98,181.43720000807662
mask_rcnn,FP32,operativo,A,1,99,185.7851000095252
mask_rcnn,FP32,operativo,A,1,100,183.19680000422522
mask_rcnn,FP32,operativo,A,1,101,185.5310999962967
mask_rcnn,FP32,operativo,A,1,102,191.13509998715017
mask_rcnn,FP32,operativo,A,1,103,183.38889999722596
mask_rcnn,FP32,operativo,A,1,104,176.27860000357032
mask_rcnn,FP32,operativo,A,1,105,180.70280000392813
mask_rcnn,FP32,operativo,A,1,106,186.58829999912996
mask_rcnn,FP32,operativo,A,1,107,190.2985000051558
mask_rcnn,FP32,operativo,A,1,108,180.42099999729544
mask_rcnn,FP32,operativo,A,1,109,183.46569999994244
mask_rcnn,FP32,operativo,A,1,110,172.65340000449214
mask_rcnn,FP32,operativo,A,1,111,191.99439999647439
mask_rcnn,FP32,operativo,A,1,112,189.74069999239873
mask_rcnn,FP32,operativo,A,1,113,176.912099996116
mask_rcnn,FP32,operativo,A,1,114,195.41739999840502
mask_rcnn,FP32,operativo,A,1,115,185.79869999666698
mask_rcnn,FP32,operativo,A,1,116,188.24190000304952
mask_rcnn,FP32,operativo,A,1,117,188.761199999135
mask_rcnn,FP32,operativo,A,1,118,183.47480001102667
mask_rcnn,FP32,operativo,A,1,119,181.6026000014972
mask_rcnn,FP32,operativo,A,1,120,189.76979999570176
mask_rcnn,FP32,operativo,A,1,121,188.25249999645166
mask_rcnn,FP32,operativo,A,1,122,183.01940000674222
mask_rcnn,FP32,operativo,A,1,123,183.99410000711214
mask_rcnn,FP32,operativo,A,1,124,189.4873999990523
mask_rcnn,FP32,operativo,A,1,125,191.20820000534877
mask_rcnn,FP32,operativo,A,1,126,183.54230000113603
mask_rcnn,FP32,operativo,A,1,127,186.0378999990644
mask_rcnn,FP32,operativo,A,1,128,183.44720000459347
mask_rcnn,FP32,operativo,A,1,129,185.01230000401847
mask_rcnn,FP32,operativo,A,1,130,183.87729999085423
mask_rcnn,FP32,operativo,A,1,131,186.81489999289624
mask_rcnn,FP32,operativo,A,1,132,172.81469999579713
mask_rcnn,FP32,operativo,A,1,133,171.60420000436716
mask_rcnn,FP32,operativo,A,1,134,185.02219999209046
mask_rcnn,FP32,operativo,A,1,135,190.44019999273587
mask_rcnn,FP32,operativo,A,1,136,173.13260000082664
mask_rcnn,FP32,operativo,A,1,137,183.39920000289567
mask_rcnn,FP32,operativo,A,1,138,188.45069999224506
mask_rcnn,FP32,operativo,A,1,139,191.72409999009687
mask_rcnn,FP32,operativo,A,1,140,188.6415000044508
mask_rcnn,FP32,operativo,A,1,141,188.16229999356437
mask_rcnn,FP32,operativo,A,1,142,185.26159999601077
mask_rcnn,FP32,operativo,A,1,143,181.89900000288617
mask_rcnn,FP32,operativo,A,1,144,181.65379999845754
mask_rcnn,FP32,operativo,A,1,145,185.31840000650845
mask_rcnn,FP32,operativo,A,1,146,182.8084000007948
mask_rcnn,FP32,operativo,A,1,147,180.1320999948075
mask_rcnn,FP32,operativo,A,1,148,180.1986000064062
mask_rcnn,FP32,operativo,A,1,149,189.05229998927098
mask_rcnn,FP32,operativo,A,1,150,185.5202000006102
mask_rcnn,FP32,operativo,A,1,151,195.22990001132712
mask_rcnn,FP32,operativo,A,1,152,194.4247999927029
mask_rcnn,FP32,operativo,A,1,153,179.73840000922792
mask_rcnn,FP32,operativo,A,1,154,183.34810000669677
mask_rcnn,FP32,operativo,A,1,155,180.9031999873696
mask_rcnn,FP32,operativo,A,1,156,173.20809999364428
mask_rcnn,FP32,operativo,A,1,157,178.30539999704342
mask_rcnn,FP32,operativo,A,1,158,189.0558000013698
mask_rcnn,FP32,operativo,A,1,159,192.1091999975033
mask_rcnn,FP32,operativo,A,1,160,184.40430000191554
mask_rcnn,FP32,operativo,A,1,161,182.9440000001341
mask_rcnn,FP32,operativo,A,1,162,182.97849998634774
mask_rcnn,FP32,operativo,A,1,163,189.13769999926444
mask_rcnn,FP32,operativo,A,1,164,187.77720000070985
mask_rcnn,FP32,operativo,A,1,165,194.61320000118576
mask_rcnn,FP32,operativo,A,1,166,192.32629999169149
mask_rcnn,FP32,operativo,A,1,167,180.35339999187272
mask_rcnn,FP32,operativo,A,1,168,195.83110000530723
mask_rcnn,FP32,operativo,A,1,169,191.32410000020172
mask_rcnn,FP32,operativo,A,1,170,181.24050000915304
mask_rcnn,FP32,operativo,A,1,171,174.7944000089774
mask_rcnn,FP32,operativo,A,1,172,196.14610000280663
mask_rcnn,FP32,operativo,A,1,173,186.53320000157692
mask_rcnn,FP32,operativo,A,1,174,188.85920000320766
mask_rcnn,FP32,operativo,A,1,175,189.59140000515617
mask_rcnn,FP32,operativo,A,1,176,190.50440000137314
mask_rcnn,FP32,operativo,A,1,177,189.10370000230614
mask_rcnn,FP32,operativo,A,1,178,183.76830000488553
mask_rcnn,FP32,operativo,A,1,179,186.2358999933349
mask_rcnn,FP32,operativo,A,1,180,190.17319999693427
mask_rcnn,FP32,operativo,A,1,181,185.93829999736045
mask_rcnn,FP32,operativo,A,1,182,172.87859998759814
mask_rcnn,FP32,operativo,A,1,183,188.26860000262968
mask_rcnn,FP32,operativo,A,1,184,186.20039999950677
mask_rcnn,FP32,operativo,A,1,185,182.2058000107063
mask_rcnn,FP32,operativo,A,1,186,186.37689999013674
mask_rcnn,FP32,operativo,A,1,187,157.44480000284966
mask_rcnn,FP32,operativo,A,1,188,188.1033999961801
mask_rcnn,FP32,operativo,A,1,189,178.74059999303427
mask_rcnn,FP32,operativo,A,1,190,174.20589999528602
mask_rcnn,FP32,operativo,A,1,191,182.7696999971522
mask_rcnn,FP32,operativo,A,1,192,190.38079999154434
mask_rcnn,FP32,operativo,A,1,193,189.543299988145
mask_rcnn,FP32,operativo,A,1,194,182.66880000010133
mask_rcnn,FP32,operativo,A,1,195,183.6741000006441
mask_rcnn,FP32,operativo,A,1,196,176.7928000044776
mask_rcnn,FP32,operativo,A,1,197,173.26700000558048
mask_rcnn,FP32,operativo,A,1,198,175.20349999540485
mask_rcnn,FP32,operativo,A,1,199,193.68329999269918
mask_rcnn,FP32,operativo,A,1,200,191.76590000279248
mask_rcnn,FP32,operativo,A,1,201,187.36799999896903
mask_rcnn,FP32,operativo,A,1,202,188.82170000870246
mask_rcnn,FP32,operativo,A,1,203,192.39569999626838
mask_rcnn,FP32,operativo,A,1,204,173.1735000066692
mask_rcnn,FP32,operativo,A,1,205,191.0648999910336
mask_rcnn,FP32,operativo,A,1,206,196.16300000052433
mask_rcnn,FP32,operativo,A,1,207,183.1901999976253
mask_rcnn,FP32,operativo,A,1,208,193.6295999912545
mask_rcnn,FP32,operativo,A,1,209,181.63200000708457
mask_rcnn,FP32,operativo,A,1,210,180.51419999392238
mask_rcnn,FP32,operativo,A,1,211,184.7875999956159
mask_rcnn,FP32,operativo,A,1,212,185.97500000032596
mask_rcnn,FP32,operativo,A,1,213,180.65399999613874
mask_rcnn,FP32,operativo,A,1,214,184.1392999922391
mask_rcnn,FP32,operativo,A,1,215,186.88799999654293
mask_rcnn,FP32,operativo,A,1,216,171.08169999846723
mask_rcnn,FP32,operativo,A,1,217,186.54480000259355
mask_rcnn,FP32,operativo,A,1,218,191.8294000060996
mask_rcnn,FP32,operativo,A,1,219,185.82650000462309
mask_rcnn,FP32,operativo,A,1,220,181.25720000534784
mask_rcnn,FP32,operativo,A,1,221,185.35610000253655
mask_rcnn,FP32,operativo,A,1,222,176.98319999908563
mask_rcnn,FP32,operativo,A,1,223,176.63239999092184
mask_rcnn,FP32,operativo,A,1,224,187.53690000448842
mask_rcnn,FP32,operativo,A,1,225,176.7145000048913
mask_rcnn,FP32,operativo,A,1,226,190.9206999989692
mask_rcnn,FP32,operativo,A,1,227,187.5580999912927
mask_rcnn,FP32,operativo,A,1,228,177.95740001020022
mask_rcnn,FP32,operativo,A,1,229,193.7197999941418
mask_rcnn,FP32,operativo,A,1,230,157.25830000883434
mask_rcnn,FP32,operativo,A,1,231,154.2333000106737
mask_rcnn,FP32,operativo,A,1,232,182.26159999903757
mask_rcnn,FP32,operativo,A,1,233,180.8910000108881
mask_rcnn,FP32,operativo,A,1,234,179.52530000184197
mask_rcnn,FP32,operativo,A,1,235,180.70019999868236
mask_rcnn,FP32,operativo,A,1,236,183.642999996664
mask_rcnn,FP32,operativo,A,1,237,194.19809999817517
mask_rcnn,FP32,operativo,A,1,238,187.98279999464285
mask_rcnn,FP32,operativo,A,1,239,184.82619999849703
mask_rcnn,FP32,operativo,A,1,240,189.8776000016369
mask_rcnn,FP32,operativo,A,1,241,179.228900000453
mask_rcnn,FP32,operativo,A,1,242,186.97799999790732
mask_rcnn,FP32,operativo,A,1,243,176.4651999983471
mask_rcnn,FP32,operativo,A,1,244,171.24159999366384
mask_rcnn,FP32,operativo,A,1,245,188.1915999983903
mask_rcnn,FP32,operativo,A,1,246,183.99809999391437
mask_rcnn,FP32,operativo,A,1,247,186.57739998889156
mask_rcnn,FP32,operativo,A,1,248,165.84469999361318
mask_rcnn,FP32,operativo,A,1,249,192.54640000872314
mask_rcnn,FP32,operativo,A,1,250,178.68409999937285
mask_rcnn,FP32,operativo,A,1,251,190.63280000409577
mask_rcnn,FP32,operativo,A,1,252,192.41289999627043
mask_rcnn,FP32,operativo,A,1,253,161.41450000577606
mask_rcnn,FP32,operativo,A,1,254,190.64849999267608
mask_rcnn,FP32,operativo,A,1,255,178.63190000934992
mask_rcnn,FP32,operativo,A,1,256,180.2248000021791
mask_rcnn,FP32,operativo,A,1,257,192.78380001196638
mask_rcnn,FP32,operativo,A,1,258,189.65990000288002
mask_rcnn,FP32,operativo,A,1,259,173.8208000024315
mask_rcnn,FP32,operativo,A,1,260,181.43949999648612
mask_rcnn,FP32,operativo,A,1,261,184.50319999828935
mask_rcnn,FP32,operativo,A,1,262,194.85440000426024
mask_rcnn,FP32,operativo,A,1,263,180.52729999180883
mask_rcnn,FP32,operativo,A,1,264,179.67109999153763
mask_rcnn,FP32,operativo,A,1,265,180.05759999505244
mask_rcnn,FP32,operativo,A,1,266,192.4521999899298
mask_rcnn,FP32,operativo,A,1,267,166.26620000170078
mask_rcnn,FP32,operativo,A,1,268,183.9617000077851
mask_rcnn,FP32,operativo,A,1,269,182.7876000024844
mask_rcnn,FP32,operativo,A,1,270,193.37770000856835
mask_rcnn,FP32,operativo,A,1,271,187.2941999899922
mask_rcnn,FP32,operativo,A,1,272,188.24670001049526
mask_rcnn,FP32,operativo,A,1,273,179.76650000491645
mask_rcnn,FP32,operativo,A,1,274,189.97029999445658
mask_rcnn,FP32,operativo,A,1,275,185.47140000737272
mask_rcnn,FP32,operativo,A,1,276,181.63279999862425
mask_rcnn,FP32,operativo,A,1,277,183.817099998123
mask_rcnn,FP32,operativo,A,1,278,182.94529999548104
mask_rcnn,FP32,operativo,A,1,279,187.64659999578726
mask_rcnn,FP32,operativo,A,1,280,185.95699999423232
mask_rcnn,FP32,operativo,A,1,281,181.31800000264775
mask_rcnn,FP32,operativo,A,1,282,174.1764000034891
mask_rcnn,FP32,operativo,A,1,283,185.5582999996841
mask_rcnn,FP32,operativo,A,1,284,175.96880000201054
mask_rcnn,FP32,operativo,A,1,285,182.92659999860916
mask_rcnn,FP32,operativo,A,1,286,195.45769999967888
mask_rcnn,FP32,operativo,A,1,287,181.26770001254044
mask_rcnn,FP32,operativo,A,1,288,185.14220000361092
mask_rcnn,FP32,operativo,A,1,289,192.77290000172798
mask_rcnn,FP32,operativo,A,1,290,174.79160000220872
mask_rcnn,FP32,operativo,A,1,291,182.919499988202
mask_rcnn,FP32,operativo,A,1,292,184.87610000011045
mask_rcnn,FP32,operativo,A,1,293,186.32059999799822
mask_rcnn,FP32,operativo,A,1,294,188.7640999921132
mask_rcnn,FP32,operativo,A,1,295,188.08130000252277
mask_rcnn,FP32,operativo,A,1,296,189.5059999951627
mask_rcnn,FP32,operativo,A,1,297,177.57980000169482
mask_rcnn,FP32,operativo,A,1,298,189.29800001205876
mask_rcnn,FP32,operativo,A,1,299,185.75040000723675
mask_rcnn,FP32,operativo,A,1,300,191.10480000381358
mask_rcnn,FP32,operativo,A,1,301,188.4200999920722
mask_rcnn,FP32,operativo,A,1,302,184.5387000066694
mask_rcnn,FP32,operativo,A,1,303,186.54300000343937
mask_rcnn,FP32,operativo,A,1,304,193.20180000795517
mask_rcnn,FP32,operativo,A,1,305,191.49169999582227
mask_rcnn,FP32,operativo,A,1,306,186.29230000078678
mask_rcnn,FP32,operativo,A,1,307,180.437199989683
mask_rcnn,FP32,operativo,A,1,308,188.4792000055313
mask_rcnn,FP32,operativo,A,1,309,191.3023999950383
mask_rcnn,FP32,operativo,A,1,310,167.99190000165254
mask_rcnn,FP32,operativo,A,1,311,178.25070000253618
mask_rcnn,FP32,operativo,A,1,312,188.83549999736715
mask_rcnn,FP32,operativo,A,1,313,184.34729998989496
mask_rcnn,FP32,operativo,A,1,314,187.31649999972433
mask_rcnn,FP32,operativo,A,1,315,187.58969999908004
mask_rcnn,FP32,operativo,A,1,316,171.28780001075938
mask_rcnn,FP32,operativo,A,1,317,185.56480000552256
mask_rcnn,FP32,operativo,A,1,318,173.41740000119898
mask_rcnn,FP32,operativo,A,1,319,178.30109999340493
mask_rcnn,FP32,operativo,A,1,320,186.88880000263453
mask_rcnn,FP32,operativo,A,1,321,188.14660000498407
mask_rcnn,FP32,operativo,A,1,322,173.42150000331458
mask_rcnn,FP32,operativo,A,1,323,186.820799994166
mask_rcnn,FP32,operativo,A,1,324,186.81099999230355
mask_rcnn,FP32,operativo,A,1,325,175.93940001097508
mask_rcnn,FP32,operativo,A,1,326,191.62060000235215
mask_rcnn,FP32,operativo,A,1,327,184.39520000538323
mask_rcnn,FP32,operativo,A,1,328,182.31910000031348
mask_rcnn,FP32,operativo,A,1,329,186.24999999883585
mask_rcnn,FP32,operativo,A,1,330,173.45709999790415
mask_rcnn,FP32,operativo,A,1,331,188.0068000027677
mask_rcnn,FP32,operativo,A,1,332,188.82020001183264
mask_rcnn,FP32,operativo,A,1,333,186.2556999985827
mask_rcnn,FP32,operativo,A,1,334,192.38509998831432
mask_rcnn,FP32,operativo,A,1,335,187.12149999919347
mask_rcnn,FP32,operativo,A,1,336,174.7138999926392
mask_rcnn,FP32,operativo,A,1,337,184.31430000055116
mask_rcnn,FP32,operativo,A,1,338,184.1444000019692
mask_rcnn,FP32,operativo,A,1,339,183.97539999568835
mask_rcnn,FP32,operativo,A,1,340,190.55339999613352
mask_rcnn,FP32,operativo,A,1,341,167.27070001070388
mask_rcnn,FP32,operativo,A,1,342,182.90240000351332
mask_rcnn,FP32,operativo,A,1,343,179.9293999938527
mask_rcnn,FP32,operativo,A,1,344,176.89460000838153
mask_rcnn,FP32,operativo,A,1,345,174.30790000071283
mask_rcnn,FP32,operativo,A,1,346,186.34679999377113
mask_rcnn,FP32,operativo,A,1,347,181.05980000109412
mask_rcnn,FP32,operativo,A,1,348,193.41069999791216
mask_rcnn,FP32,operativo,A,1,349,182.7465999958804
mask_rcnn,FP32,operativo,A,1,350,185.47480000415817
mask_rcnn,FP32,operativo,A,1,351,186.97310000425205
mask_rcnn,FP32,operativo,A,1,352,186.83589999272954
mask_rcnn,FP32,operativo,A,1,353,185.26280000514816
mask_rcnn,FP32,operativo,A,1,354,179.27779999445193
mask_rcnn,FP32,operativo,A,1,355,188.378200007719
mask_rcnn,FP32,operativo,A,1,356,182.03450000146404
mask_rcnn,FP32,operativo,A,1,357,176.82659999991301
mask_rcnn,FP32,operativo,A,1,358,189.36889999895357
mask_rcnn,FP32,operativo,A,1,359,170.8414000022458
mask_rcnn,FP32,operativo,A,1,360,178.17959999956656
mask_rcnn,FP32,operativo,A,1,361,191.49240000115242
mask_rcnn,FP32,operativo,A,1,362,186.8525000027148
mask_rcnn,FP32,operativo,A,1,363,184.22839998675045
mask_rcnn,FP32,operativo,A,1,364,188.61899999319576
mask_rcnn,FP32,operativo,A,1,365,176.41830000502523
mask_rcnn,FP32,operativo,A,1,366,170.2895000053104
mask_rcnn,FP32,operativo,A,1,367,182.8895999933593
mask_rcnn,FP32,operativo,A,1,368,189.74099999468308
mask_rcnn,FP32,operativo,A,1,369,173.5571000026539
mask_rcnn,FP32,operativo,A,1,370,179.24770001263823
mask_rcnn,FP32,operativo,A,1,371,181.10470000829082
mask_rcnn,FP32,operativo,A,1,372,186.09120001201518
mask_rcnn,FP32,operativo,A,1,373,182.08089999097865
mask_rcnn,FP32,operativo,B,1,0,208.65679999405984
mask_rcnn,FP32,operativo,B,1,1,197.34700000844896
mask_rcnn,FP32,operativo,B,1,2,198.40219999605324
mask_rcnn,FP32,operativo,B,1,3,209.51529999729246
mask_rcnn,FP32,operativo,B,1,4,197.7607999870088
mask_rcnn,FP32,operativo,B,1,5,210.08999999321532
mask_rcnn,FP32,operativo,B,1,6,208.34289999038447
mask_rcnn,FP32,operativo,B,1,7,202.08599999023136
mask_rcnn,FP32,operativo,B,1,8,199.90969999344088
mask_rcnn,FP32,operativo,B,1,9,201.11909999104682
mask_rcnn,FP32,operativo,B,1,10,193.54010000824928
mask_rcnn,FP32,operativo,B,1,11,202.4578999989899
mask_rcnn,FP32,operativo,B,1,12,210.9675999963656
mask_rcnn,FP32,operativo,B,1,13,204.05460000620224
mask_rcnn,FP32,operativo,B,1,14,201.27140000113286
mask_rcnn,FP32,operativo,B,1,15,209.05889999994542
mask_rcnn,FP32,operativo,B,1,16,211.96060000511352
mask_rcnn,FP32,operativo,B,1,17,213.17249999265186
mask_rcnn,FP32,operativo,B,1,18,201.61360000201967
mask_rcnn,FP32,operativo,B,1,19,212.53830000932794
mask_rcnn,FP32,operativo,B,1,20,212.14750000217464
mask_rcnn,FP32,operativo,B,1,21,208.81560000998434
mask_rcnn,FP32,operativo,B,1,22,213.23919999122154
mask_rcnn,FP32,operativo,B,1,23,206.75450000271667
mask_rcnn,FP32,operativo,B,1,24,217.33169999788515
mask_rcnn,FP32,operativo,B,1,25,200.4470000101719
mask_rcnn,FP32,operativo,B,1,26,203.58309999573976
mask_rcnn,FP32,operativo,B,1,27,201.46150000800844
mask_rcnn,FP32,operativo,B,1,28,194.31309998617508
mask_rcnn,FP32,operativo,B,1,29,206.22890000231564
mask_rcnn,FP32,operativo,B,1,30,201.5153999964241
mask_rcnn,FP32,operativo,B,1,31,206.15070000349078
mask_rcnn,FP32,operativo,B,1,32,203.67819999228232
mask_rcnn,FP32,operativo,B,1,33,210.25730000110343
mask_rcnn,FP32,operativo,B,1,34,199.79890000831801
mask_rcnn,FP32,operativo,B,1,35,200.46920000459068
mask_rcnn,FP32,operativo,B,1,36,214.21530000225175
mask_rcnn,FP32,operativo,B,1,37,201.87690001330338
mask_rcnn,FP32,operativo,B,1,38,210.72750000166707
mask_rcnn,FP32,operativo,B,1,39,204.64150000771042
mask_rcnn,FP32,operativo,B,1,40,213.8141000032192
mask_rcnn,FP32,operativo,B,1,41,210.3825000085635
mask_rcnn,FP32,operativo,B,1,42,203.30930000636727
mask_rcnn,FP32,operativo,B,1,43,209.64730001287535
mask_rcnn,FP32,operativo,B,1,44,200.02170000225306
mask_rcnn,FP32,operativo,B,1,45,201.01980000617914
mask_rcnn,FP32,operativo,B,1,46,209.65089999663178
mask_rcnn,FP32,operativo,B,1,47,205.81819998915307
mask_rcnn,FP32,operativo,B,1,48,209.51729999796953
mask_rcnn,FP32,operativo,B,1,49,196.90690000425093
mask_rcnn,FP32,operativo,B,1,50,210.85659999516793
mask_rcnn,FP32,operativo,B,1,51,201.97280000138562
mask_rcnn,FP32,operativo,B,1,52,190.33420000050683
mask_rcnn,FP32,operativo,B,1,53,218.9053000038257
mask_rcnn,FP32,operativo,B,1,54,204.3658000038704
mask_rcnn,FP32,operativo,B,1,55,203.7592999986373
mask_rcnn,FP32,operativo,B,1,56,205.86649999313522
mask_rcnn,FP32,operativo,B,1,57,213.35730000282638
mask_rcnn,FP32,operativo,B,1,58,214.1427000024123
mask_rcnn,FP32,operativo,B,1,59,193.66779999108985
mask_rcnn,FP32,operativo,B,1,60,195.38779999129474
mask_rcnn,FP32,operativo,B,1,61,203.36509999469854
mask_rcnn,FP32,operativo,B,1,62,203.8501999923028
mask_rcnn,FP32,operativo,B,1,63,203.65250000031665
mask_rcnn,FP32,operativo,B,1,64,212.95970000210218
mask_rcnn,FP32,operativo,B,1,65,204.6794000052614
mask_rcnn,FP32,operativo,B,1,66,199.39710000471678
mask_rcnn,FP32,operativo,B,1,67,197.98560001072474
mask_rcnn,FP32,operativo,B,1,68,212.28960000735242
mask_rcnn,FP32,operativo,B,1,69,200.73859998956323
mask_rcnn,FP32,operativo,B,1,70,200.68840000021737
mask_rcnn,FP32,operativo,B,1,71,195.1342999964254
mask_rcnn,FP32,operativo,B,1,72,194.26599999133032
mask_rcnn,FP32,operativo,B,1,73,201.07169999391772
mask_rcnn,FP32,operativo,B,1,74,212.4362999893492
mask_rcnn,FP32,operativo,B,1,75,202.17069999489468
mask_rcnn,FP32,operativo,B,1,76,198.94999999087304
mask_rcnn,FP32,operativo,B,1,77,184.04950000694953
mask_rcnn,FP32,operativo,B,1,78,198.1729999970412
mask_rcnn,FP32,operativo,B,1,79,210.28389999992214
mask_rcnn,FP32,operativo,B,1,80,193.64029999997
mask_rcnn,FP32,operativo,B,1,81,207.67069999419618
mask_rcnn,FP32,operativo,B,1,82,207.56529999198392
mask_rcnn,FP32,operativo,B,1,83,204.57459999306593
mask_rcnn,FP32,operativo,B,1,84,204.61209998757113
mask_rcnn,FP32,operativo,B,1,85,208.36039999267086
mask_rcnn,FP32,operativo,B,1,86,197.88669999979902
mask_rcnn,FP32,operativo,B,1,87,212.11380000750069
mask_rcnn,FP32,operativo,B,1,88,218.6851000005845
mask_rcnn,FP32,operativo,B,1,89,207.0631999959005
mask_rcnn,FP32,operativo,B,1,90,197.275600003195
mask_rcnn,FP32,operativo,B,1,91,201.25990000087768
mask_rcnn,FP32,operativo,B,1,92,221.46620000421535
mask_rcnn,FP32,operativo,B,1,93,200.78829998965375
mask_rcnn,FP32,operativo,B,1,94,205.99599998968188
mask_rcnn,FP32,operativo,B,1,95,196.89009999274276
mask_rcnn,FP32,operativo,B,1,96,203.09979999728967
mask_rcnn,FP32,operativo,B,1,97,205.17489999474492
mask_rcnn,FP32,operativo,B,1,98,203.9152999932412
mask_rcnn,FP32,operativo,B,1,99,203.3382000081474
mask_rcnn,FP32,operativo,B,1,100,198.41969999833964
mask_rcnn,FP32,operativo,B,1,101,206.87959999486338
mask_rcnn,FP32,operativo,B,1,102,212.3008999915328
mask_rcnn,FP32,operativo,B,1,103,204.38999999896623
mask_rcnn,FP32,operativo,B,1,104,201.02009999391157
mask_rcnn,FP32,operativo,B,1,105,206.7042999988189
mask_rcnn,FP32,operativo,B,1,106,204.84580000629649
mask_rcnn,FP32,operativo,B,1,107,208.12669998849742
mask_rcnn,FP32,operativo,B,1,108,200.07809999515302
mask_rcnn,FP32,operativo,B,1,109,210.66340000834316
mask_rcnn,FP32,operativo,B,1,110,196.98999999673106
mask_rcnn,FP32,operativo,B,1,111,207.64280000003055
mask_rcnn,FP32,operativo,B,1,112,199.89210000494495
mask_rcnn,FP32,operativo,B,1,113,194.446199995582
mask_rcnn,FP32,operativo,B,1,114,204.89559999259654
mask_rcnn,FP32,operativo,B,1,115,209.31109999946784
mask_rcnn,FP32,operativo,B,1,116,202.19560000987258
mask_rcnn,FP32,operativo,B,1,117,204.8718000005465
mask_rcnn,FP32,operativo,B,1,118,197.92669999878854
mask_rcnn,FP32,operativo,B,1,119,212.34369999729097
mask_rcnn,FP32,operativo,B,1,120,204.20439999725204
mask_rcnn,FP32,operativo,B,1,121,202.09530000283848
mask_rcnn,FP32,operativo,B,1,122,210.7393000042066
mask_rcnn,FP32,operativo,B,1,123,208.42569999513216
mask_rcnn,FP32,operativo,B,1,124,205.4723000037484
mask_rcnn,FP32,operativo,B,1,125,212.18010000302456
mask_rcnn,FP32,operativo,B,1,126,210.81539998704102
mask_rcnn,FP32,operativo,B,1,127,201.39370000106283
mask_rcnn,FP32,operativo,B,1,128,206.4708999969298
mask_rcnn,FP32,operativo,B,1,129,206.41989998694044
mask_rcnn,FP32,operativo,B,1,130,196.26640000205953
mask_rcnn,FP32,operativo,B,1,131,208.4688000031747
mask_rcnn,FP32,operativo,B,1,132,202.09810000960715
mask_rcnn,FP32,operativo,B,1,133,191.56020000809804
mask_rcnn,FP32,operativo,B,1,134,207.9449000011664
mask_rcnn,FP32,operativo,B,1,135,212.21739999600686
mask_rcnn,FP32,operativo,B,1,136,198.8336999929743
mask_rcnn,FP32,operativo,B,1,137,196.19889999739826
mask_rcnn,FP32,operativo,B,1,138,202.24260000395589
mask_rcnn,FP32,operativo,B,1,139,214.6173000073759
mask_rcnn,FP32,operativo,B,1,140,204.73630000196863
mask_rcnn,FP32,operativo,B,1,141,203.43480000155978
mask_rcnn,FP32,operativo,B,1,142,207.1120000036899
mask_rcnn,FP32,operativo,B,1,143,199.52639999974053
mask_rcnn,FP32,operativo,B,1,144,207.1353000064846
mask_rcnn,FP32,operativo,B,1,145,196.77120000415016
mask_rcnn,FP32,operativo,B,1,146,204.9747999990359
mask_rcnn,FP32,operativo,B,1,147,207.95329999236856
mask_rcnn,FP32,operativo,B,1,148,207.8880999906687
mask_rcnn,FP32,operativo,B,1,149,208.12769999611191
mask_rcnn,FP32,operativo,B,1,150,195.5455000133952
mask_rcnn,FP32,operativo,B,1,151,209.51339999737684
mask_rcnn,FP32,operativo,B,1,152,211.45490001072176
mask_rcnn,FP32,operativo,B,1,153,213.47319999767933
mask_rcnn,FP32,operativo,B,1,154,208.4716999961529
mask_rcnn,FP32,operativo,B,1,155,199.59199998993427
mask_rcnn,FP32,operativo,B,1,156,196.71779999043792
mask_rcnn,FP32,operativo,B,1,157,204.33069999853615
mask_rcnn,FP32,operativo,B,1,158,209.80309999140445
mask_rcnn,FP32,operativo,B,1,159,213.3045999944443
mask_rcnn,FP32,operativo,B,1,160,200.60570001078304
mask_rcnn,FP32,operativo,B,1,161,211.68380000744946
mask_rcnn,FP32,operativo,B,1,162,207.86300000327174
mask_rcnn,FP32,operativo,B,1,163,203.8137000054121
mask_rcnn,FP32,operativo,B,1,164,201.60839999152813
mask_rcnn,FP32,operativo,B,1,165,218.04589999374002
mask_rcnn,FP32,operativo,B,1,166,202.69879999978002
mask_rcnn,FP32,operativo,B,1,167,193.4454000002006
mask_rcnn,FP32,operativo,B,1,168,211.86880000459496
mask_rcnn,FP32,operativo,B,1,169,206.5879000001587
mask_rcnn,FP32,operativo,B,1,170,204.23930000106338
mask_rcnn,FP32,operativo,B,1,171,198.4078999958001
mask_rcnn,FP32,operativo,B,1,172,197.61320001271088
mask_rcnn,FP32,operativo,B,1,173,199.2543999949703
mask_rcnn,FP32,operativo,B,1,174,212.4584999983199
mask_rcnn,FP32,operativo,B,1,175,222.49129999545403
mask_rcnn,FP32,operativo,B,1,176,211.67540000169538
mask_rcnn,FP32,operativo,B,1,177,207.2489999991376
mask_rcnn,FP32,operativo,B,1,178,211.74110000720248
mask_rcnn,FP32,operativo,B,1,179,210.32280000508763
mask_rcnn,FP32,operativo,B,1,180,210.52870000130497
mask_rcnn,FP32,operativo,B,1,181,204.2321000044467
mask_rcnn,FP32,operativo,B,1,182,184.4309999869438
mask_rcnn,FP32,operativo,B,1,183,215.04389999608975
mask_rcnn,FP32,operativo,B,1,184,206.64150000084192
mask_rcnn,FP32,operativo,B,1,185,213.32529999199323
mask_rcnn,FP32,operativo,B,1,186,204.65990000229795
mask_rcnn,FP32,operativo,B,1,187,171.02449999947567
mask_rcnn,FP32,operativo,B,1,188,203.9494999917224
mask_rcnn,FP32,operativo,B,1,189,204.49629999347962
mask_rcnn,FP32,operativo,B,1,190,196.12020000931807
mask_rcnn,FP32,operativo,B,1,191,203.09939999424387
mask_rcnn,FP32,operativo,B,1,192,209.4104999996489
mask_rcnn,FP32,operativo,B,1,193,206.5939000021899
mask_rcnn,FP32,operativo,B,1,194,201.16719999350607
mask_rcnn,FP32,operativo,B,1,195,207.19390000158455
mask_rcnn,FP32,operativo,B,1,196,200.19439999305177
mask_rcnn,FP32,operativo,B,1,197,193.48919999902137
mask_rcnn,FP32,operativo,B,1,198,194.80250000196975
mask_rcnn,FP32,operativo,B,1,199,209.17129999725148
mask_rcnn,FP32,operativo,B,1,200,211.0153999965405
mask_rcnn,FP32,operativo,B,1,201,204.16139998997096
mask_rcnn,FP32,operativo,B,1,202,203.37219999055378
mask_rcnn,FP32,operativo,B,1,203,204.28910000191536
mask_rcnn,FP32,operativo,B,1,204,198.64010000310373
mask_rcnn,FP32,operativo,B,1,205,206.60160000261385
mask_rcnn,FP32,operativo,B,1,206,216.1779000016395
mask_rcnn,FP32,operativo,B,1,207,192.0755999890389
mask_rcnn,FP32,operativo,B,1,208,207.44220000051428
mask_rcnn,FP32,operativo,B,1,209,197.55190001160372
mask_rcnn,FP32,operativo,B,1,210,199.6324000065215
mask_rcnn,FP32,operativo,B,1,211,208.060300006764
mask_rcnn,FP32,operativo,B,1,212,201.9475999986753
mask_rcnn,FP32,operativo,B,1,213,199.53059998806566
mask_rcnn,FP32,operativo,B,1,214,207.92980000260286
mask_rcnn,FP32,operativo,B,1,215,202.3607000010088
mask_rcnn,FP32,operativo,B,1,216,195.960400000331
mask_rcnn,FP32,operativo,B,1,217,198.32060000044294
mask_rcnn,FP32,operativo,B,1,218,205.1550999894971
mask_rcnn,FP32,operativo,B,1,219,211.9490000040969
mask_rcnn,FP32,operativo,B,1,220,206.30489999894053
mask_rcnn,FP32,operativo,B,1,221,194.76899999426678
mask_rcnn,FP32,operativo,B,1,222,195.63729999936186
mask_rcnn,FP32,operativo,B,1,223,201.9471999956295
mask_rcnn,FP32,operativo,B,1,224,205.2627999946708
mask_rcnn,FP32,operativo,B,1,225,204.34670000395272
mask_rcnn,FP32,operativo,B,1,226,208.77749999635853
mask_rcnn,FP32,operativo,B,1,227,213.42960000038147
mask_rcnn,FP32,operativo,B,1,228,193.02190000598785
mask_rcnn,FP32,operativo,B,1,229,198.90360000135843
mask_rcnn,FP32,operativo,B,1,230,179.83269999967888
mask_rcnn,FP32,operativo,B,1,231,167.96780000731815
mask_rcnn,FP32,operativo,B,1,232,204.24740000453312
mask_rcnn,FP32,operativo,B,1,233,197.7272000076482
mask_rcnn,FP32,operativo,B,1,234,196.26520000747405
mask_rcnn,FP32,operativo,B,1,235,209.30139999836683
mask_rcnn,FP32,operativo,B,1,236,191.33079999301117
mask_rcnn,FP32,operativo,B,1,237,212.45700000145007
mask_rcnn,FP32,operativo,B,1,238,202.97640000353567
mask_rcnn,FP32,operativo,B,1,239,202.18110000132583
mask_rcnn,FP32,operativo,B,1,240,208.22050000424497
mask_rcnn,FP32,operativo,B,1,241,191.64280001132283
mask_rcnn,FP32,operativo,B,1,242,212.13269999134354
mask_rcnn,FP32,operativo,B,1,243,201.64220000151545
mask_rcnn,FP32,operativo,B,1,244,191.42339999962132
mask_rcnn,FP32,operativo,B,1,245,212.571800002479
mask_rcnn,FP32,operativo,B,1,246,204.06580000417307
mask_rcnn,FP32,operativo,B,1,247,209.2010000051232
mask_rcnn,FP32,operativo,B,1,248,178.10940000345
mask_rcnn,FP32,operativo,B,1,249,201.62209999398328
mask_rcnn,FP32,operativo,B,1,250,200.4097000026377
mask_rcnn,FP32,operativo,B,1,251,208.70289999584202
mask_rcnn,FP32,operativo,B,1,252,210.05090000107884
mask_rcnn,FP32,operativo,B,1,253,173.15180000150576
mask_rcnn,FP32,operativo,B,1,254,206.9744000036735
mask_rcnn,FP32,operativo,B,1,255,207.56039999832865
mask_rcnn,FP32,operativo,B,1,256,195.41250000474975
mask_rcnn,FP32,operativo,B,1,257,213.69030000641942
mask_rcnn,FP32,operativo,B,1,258,201.0396999976365
mask_rcnn,FP32,operativo,B,1,259,189.98910000664182
mask_rcnn,FP32,operativo,B,1,260,201.86159999866504
mask_rcnn,FP32,operativo,B,1,261,202.70979999622796
mask_rcnn,FP32,operativo,B,1,262,205.34800000314135
mask_rcnn,FP32,operativo,B,1,263,207.412599993404
mask_rcnn,FP32,operativo,B,1,264,214.8938000027556
mask_rcnn,FP32,operativo,B,1,265,205.55189999868162
mask_rcnn,FP32,operativo,B,1,266,207.53379999950994
mask_rcnn,FP32,operativo,B,1,267,189.97399999352638
mask_rcnn,FP32,operativo,B,1,268,201.43519999692217
mask_rcnn,FP32,operativo,B,1,269,197.36329998704605
mask_rcnn,FP32,operativo,B,1,270,198.7139999982901
mask_rcnn,FP32,operativo,B,1,271,198.9149000000907
mask_rcnn,FP32,operativo,B,1,272,210.00110000022687
mask_rcnn,FP32,operativo,B,1,273,197.93490000301972
mask_rcnn,FP32,operativo,B,1,274,203.9132000063546
mask_rcnn,FP32,operativo,B,1,275,204.5023999962723
mask_rcnn,FP32,operativo,B,1,276,211.1469999945257
mask_rcnn,FP32,operativo,B,1,277,206.09720000356901
mask_rcnn,FP32,operativo,B,1,278,199.78390001051594
mask_rcnn,FP32,operativo,B,1,279,196.78889999340754
mask_rcnn,FP32,operativo,B,1,280,205.93779999762774
mask_rcnn,FP32,operativo,B,1,281,202.4791999865556
mask_rcnn,FP32,operativo,B,1,282,194.33389999903738
mask_rcnn,FP32,operativo,B,1,283,200.23280000896193
mask_rcnn,FP32,operativo,B,1,284,201.38760001282208
mask_rcnn,FP32,operativo,B,1,285,199.39979999617208
mask_rcnn,FP32,operativo,B,1,286,205.86750000074971
mask_rcnn,FP32,operativo,B,1,287,197.4056000035489
mask_rcnn,FP32,operativo,B,1,288,186.20860000373796
mask_rcnn,FP32,operativo,B,1,289,209.72189999883994
mask_rcnn,FP32,operativo,B,1,290,200.80819999566302
mask_rcnn,FP32,operativo,B,1,291,199.80810000561178
mask_rcnn,FP32,operativo,B,1,292,199.66289999138098
mask_rcnn,FP32,operativo,B,1,293,204.18840000638738
mask_rcnn,FP32,operativo,B,1,294,207.74990000063553
mask_rcnn,FP32,operativo,B,1,295,210.24129999568686
mask_rcnn,FP32,operativo,B,1,296,206.07770000060555
mask_rcnn,FP32,operativo,B,1,297,195.0871000008192
mask_rcnn,FP32,operativo,B,1,298,202.3831000115024
mask_rcnn,FP32,operativo,B,1,299,202.96270000108052
mask_rcnn,FP32,operativo,B,1,300,211.65310000651516
mask_rcnn,FP32,operativo,B,1,301,203.89360000262968
mask_rcnn,FP32,operativo,B,1,302,209.74479999858886
mask_rcnn,FP32,operativo,B,1,303,209.7259000001941
mask_rcnn,FP32,operativo,B,1,304,198.9086999965366
mask_rcnn,FP32,operativo,B,1,305,199.06579999951646
mask_rcnn,FP32,operativo,B,1,306,202.5193000008585
mask_rcnn,FP32,operativo,B,1,307,193.8137000106508
mask_rcnn,FP32,operativo,B,1,308,199.48930000828113
mask_rcnn,FP32,operativo,B,1,309,209.98780000081751
mask_rcnn,FP32,operativo,B,1,310,178.25649998849258
mask_rcnn,FP32,operativo,B,1,311,195.42760000331327
mask_rcnn,FP32,operativo,B,1,312,203.39500000409316
mask_rcnn,FP32,operativo,B,1,313,209.00889999757055
mask_rcnn,FP32,operativo,B,1,314,206.01380000880454
mask_rcnn,FP32,operativo,B,1,315,209.59110000694636
mask_rcnn,FP32,operativo,B,1,316,199.9324000062188
mask_rcnn,FP32,operativo,B,1,317,207.41390000330284
mask_rcnn,FP32,operativo,B,1,318,193.38509999215603
mask_rcnn,FP32,operativo,B,1,319,194.54389999737032
mask_rcnn,FP32,operativo,B,1,320,201.8138999992516
mask_rcnn,FP32,operativo,B,1,321,208.03139999043196
mask_rcnn,FP32,operativo,B,1,322,193.1334999972023
mask_rcnn,FP32,operativo,B,1,323,202.66049999918323
mask_rcnn,FP32,operativo,B,1,324,204.5695999986492
mask_rcnn,FP32,operativo,B,1,325,199.91210001171567
mask_rcnn,FP32,operativo,B,1,326,195.17130000167526
mask_rcnn,FP32,operativo,B,1,327,209.42359999753535
mask_rcnn,FP32,operativo,B,1,328,200.06740000098944
mask_rcnn,FP32,operativo,B,1,329,210.43330000247806
mask_rcnn,FP32,operativo,B,1,330,190.71909999183845
mask_rcnn,FP32,operativo,B,1,331,218.63989999110345
mask_rcnn,FP32,operativo,B,1,332,192.82780001231004
mask_rcnn,FP32,operativo,B,1,333,204.8611000063829
mask_rcnn,FP32,operativo,B,1,334,201.09139999840409
mask_rcnn,FP32,operativo,B,1,335,209.51079999213107
mask_rcnn,FP32,operativo,B,1,336,194.4521999976132
mask_rcnn,FP32,operativo,B,1,337,204.37300000048708
mask_rcnn,FP32,operativo,B,1,338,208.5192999948049
mask_rcnn,FP32,operativo,B,1,339,203.8027999951737
mask_rcnn,FP32,operativo,B,1,340,204.9232999997912
mask_rcnn,FP32,operativo,B,1,341,188.95579999662004
mask_rcnn,FP32,operativo,B,1,342,196.49889999709558
mask_rcnn,FP32,operativo,B,1,343,194.566299993312
mask_rcnn,FP32,operativo,B,1,344,193.90139999450184
mask_rcnn,FP32,operativo,B,1,345,185.57159999909345
mask_rcnn,FP32,operativo,B,1,346,204.939999995986
mask_rcnn,FP32,operativo,B,1,347,206.4271999988705
mask_rcnn,FP32,operativo,B,1,348,214.92069998930674
mask_rcnn,FP32,operativo,B,1,349,204.7370999935083
mask_rcnn,FP32,operativo,B,1,350,207.07229999243282
mask_rcnn,FP32,operativo,B,1,351,207.7288000000408
mask_rcnn,FP32,operativo,B,1,352,199.56910000473727
mask_rcnn,FP32,operativo,B,1,353,205.74150000174996
mask_rcnn,FP32,operativo,B,1,354,204.7316999960458
mask_rcnn,FP32,operativo,B,1,355,208.2961999985855
mask_rcnn,FP32,operativo,B,1,356,204.63949999248143
mask_rcnn,FP32,operativo,B,1,357,194.46549999702256
mask_rcnn,FP32,operativo,B,1,358,204.70290000957903
mask_rcnn,FP32,operativo,B,1,359,205.44199999130797
mask_rcnn,FP32,operativo,B,1,360,198.66130000445992
mask_rcnn,FP32,operativo,B,1,361,215.06990000489168
mask_rcnn,FP32,operativo,B,1,362,206.48649999930058
mask_rcnn,FP32,operativo,B,1,363,204.4049999967683
mask_rcnn,FP32,operativo,B,1,364,202.0654999942053
mask_rcnn,FP32,operativo,B,1,365,195.81960000505205
mask_rcnn,FP32,operativo,B,1,366,186.92929999087937
mask_rcnn,FP32,operativo,B,1,367,201.15160000568721
mask_rcnn,FP32,operativo,B,1,368,205.47630000510253
mask_rcnn,FP32,operativo,B,1,369,194.65370000398252
mask_rcnn,FP32,operativo,B,1,370,207.42719998816028
mask_rcnn,FP32,operativo,B,1,371,204.83909999893513
mask_rcnn,FP32,operativo,B,1,372,198.23920000635553
mask_rcnn,FP32,operativo,B,1,373,200.76789999438915
mask_rcnn,FP32,operativo,A,2,0,187.40640000032727
mask_rcnn,FP32,operativo,A,2,1,184.08340000314638
mask_rcnn,FP32,operativo,A,2,2,182.11709999013692
mask_rcnn,FP32,operativo,A,2,3,180.1365999999689
mask_rcnn,FP32,operativo,A,2,4,190.57790000806563
mask_rcnn,FP32,operativo,A,2,5,192.20030000724364
mask_rcnn,FP32,operativo,A,2,6,186.33389999740757
mask_rcnn,FP32,operativo,A,2,7,195.9389999974519
mask_rcnn,FP32,operativo,A,2,8,185.79840000893455
mask_rcnn,FP32,operativo,A,2,9,170.30050000175834
mask_rcnn,FP32,operativo,A,2,10,179.0337999991607
mask_rcnn,FP32,operativo,A,2,11,186.10639999678824
mask_rcnn,FP32,operativo,A,2,12,190.2684000087902
mask_rcnn,FP32,operativo,A,2,13,186.34519999613985
mask_rcnn,FP32,operativo,A,2,14,180.74979999801144
mask_rcnn,FP32,operativo,A,2,15,186.2053999939235
mask_rcnn,FP32,operativo,A,2,16,187.9149000014877
mask_rcnn,FP32,operativo,A,2,17,193.87170000118203
mask_rcnn,FP32,operativo,A,2,18,185.6712000007974
mask_rcnn,FP32,operativo,A,2,19,185.3108999930555
mask_rcnn,FP32,operativo,A,2,20,184.88559999968857
mask_rcnn,FP32,operativo,A,2,21,176.5502999915043
mask_rcnn,FP32,operativo,A,2,22,186.71110000286717
mask_rcnn,FP32,operativo,A,2,23,182.13919999834616
mask_rcnn,FP32,operativo,A,2,24,185.08330000622664
mask_rcnn,FP32,operativo,A,2,25,182.05780000425875
mask_rcnn,FP32,operativo,A,2,26,182.61440000787843
mask_rcnn,FP32,operativo,A,2,27,186.34969998674933
mask_rcnn,FP32,operativo,A,2,28,172.73020000720862
mask_rcnn,FP32,operativo,A,2,29,184.02900001092348
mask_rcnn,FP32,operativo,A,2,30,186.05659999593627
mask_rcnn,FP32,operativo,A,2,31,176.07600000337698
mask_rcnn,FP32,operativo,A,2,32,186.6734999930486
mask_rcnn,FP32,operativo,A,2,33,190.8368000003975
mask_rcnn,FP32,operativo,A,2,34,173.72040000918787
mask_rcnn,FP32,operativo,A,2,35,189.0238999912981
mask_rcnn,FP32,operativo,A,2,36,190.98420000227634
mask_rcnn,FP32,operativo,A,2,37,178.14770000404678
mask_rcnn,FP32,operativo,A,2,38,187.28929999633692
mask_rcnn,FP32,operativo,A,2,39,184.71479999425355
mask_rcnn,FP32,operativo,A,2,40,179.65240000921767
mask_rcnn,FP32,operativo,A,2,41,191.69150000379886
mask_rcnn,FP32,operativo,A,2,42,195.55740000214428
mask_rcnn,FP32,operativo,A,2,43,188.22699999145698
mask_rcnn,FP32,operativo,A,2,44,187.06850000307895
mask_rcnn,FP32,operativo,A,2,45,185.37170000490732
mask_rcnn,FP32,operativo,A,2,46,190.08739999844693
mask_rcnn,FP32,operativo,A,2,47,184.1063000028953
mask_rcnn,FP32,operativo,A,2,48,184.6908000006806
mask_rcnn,FP32,operativo,A,2,49,176.00360000506043
mask_rcnn,FP32,operativo,A,2,50,187.2360999986995
mask_rcnn,FP32,operativo,A,2,51,179.49850000150036
mask_rcnn,FP32,operativo,A,2,52,178.29739999433514
mask_rcnn,FP32,operativo,A,2,53,184.82970001059584
mask_rcnn,FP32,operativo,A,2,54,187.85059999208897
mask_rcnn,FP32,operativo,A,2,55,184.26589999580756
mask_rcnn,FP32,operativo,A,2,56,184.50920000032056
mask_rcnn,FP32,operativo,A,2,57,193.70670001080725
mask_rcnn,FP32,operativo,A,2,58,188.43919999198988
mask_rcnn,FP32,operativo,A,2,59,175.53769999358337
mask_rcnn,FP32,operativo,A,2,60,179.4984000007389
mask_rcnn,FP32,operativo,A,2,61,183.9682999998331
mask_rcnn,FP32,operativo,A,2,62,180.0675999984378
mask_rcnn,FP32,operativo,A,2,63,185.91960000048857
mask_rcnn,FP32,operativo,A,2,64,187.5071999966167
mask_rcnn,FP32,operativo,A,2,65,193.27909999992698
mask_rcnn,FP32,operativo,A,2,66,189.6378000092227
mask_rcnn,FP32,operativo,A,2,67,183.71620000107214
mask_rcnn,FP32,operativo,A,2,68,182.38680000649765
mask_rcnn,FP32,operativo,A,2,69,175.5083000025479
mask_rcnn,FP32,operativo,A,2,70,185.966200006078
mask_rcnn,FP32,operativo,A,2,71,180.7976999989478
mask_rcnn,FP32,operativo,A,2,72,182.11809999775141
mask_rcnn,FP32,operativo,A,2,73,176.2863999902038
mask_rcnn,FP32,operativo,A,2,74,189.71790000796318
mask_rcnn,FP32,operativo,A,2,75,188.22649998764973
mask_rcnn,FP32,operativo,A,2,76,176.8545999948401
mask_rcnn,FP32,operativo,A,2,77,154.88539999932982
mask_rcnn,FP32,operativo,A,2,78,181.3279999914812
mask_rcnn,FP32,operativo,A,2,79,195.89970000379253
mask_rcnn,FP32,operativo,A,2,80,178.93109998840373
mask_rcnn,FP32,operativo,A,2,81,190.98260000464506
mask_rcnn,FP32,operativo,A,2,82,187.46850000752602
mask_rcnn,FP32,operativo,A,2,83,186.84579999535345
mask_rcnn,FP32,operativo,A,2,84,181.9556999980705
mask_rcnn,FP32,operativo,A,2,85,193.70960000378545
mask_rcnn,FP32,operativo,A,2,86,184.75719999696594
mask_rcnn,FP32,operativo,A,2,87,186.33260000206064
mask_rcnn,FP32,operativo,A,2,88,190.59710000874475
mask_rcnn,FP32,operativo,A,2,89,184.86850000044797
mask_rcnn,FP32,operativo,A,2,90,178.5191999952076
mask_rcnn,FP32,operativo,A,2,91,185.61780000163708
mask_rcnn,FP32,operativo,A,2,92,193.21099999069702
mask_rcnn,FP32,operativo,A,2,93,183.80959999922197
mask_rcnn,FP32,operativo,A,2,94,179.07639998884406
mask_rcnn,FP32,operativo,A,2,95,178.43600000196602
mask_rcnn,FP32,operativo,A,2,96,188.1996000010986
mask_rcnn,FP32,operativo,A,2,97,183.39510000078008
mask_rcnn,FP32,operativo,A,2,98,181.9065000017872
mask_rcnn,FP32,operativo,A,2,99,184.80620000627823
mask_rcnn,FP32,operativo,A,2,100,176.50119999598246
mask_rcnn,FP32,operativo,A,2,101,191.74520000524353
mask_rcnn,FP32,operativo,A,2,102,187.07990000257269
mask_rcnn,FP32,operativo,A,2,103,186.5680000046268
mask_rcnn,FP32,operativo,A,2,104,184.79369999840856
mask_rcnn,FP32,operativo,A,2,105,182.86060000536963
mask_rcnn,FP32,operativo,A,2,106,182.03200001153164
mask_rcnn,FP32,operativo,A,2,107,189.4363000028534
mask_rcnn,FP32,operativo,A,2,108,176.14170000888407
mask_rcnn,FP32,operativo,A,2,109,186.05340000067372
mask_rcnn,FP32,operativo,A,2,110,168.49869998986833
mask_rcnn,FP32,operativo,A,2,111,187.9215000080876
mask_rcnn,FP32,operativo,A,2,112,186.08810000296216
mask_rcnn,FP32,operativo,A,2,113,179.85879999469034
mask_rcnn,FP32,operativo,A,2,114,192.3568000056548
mask_rcnn,FP32,operativo,A,2,115,191.05349999153987
mask_rcnn,FP32,operativo,A,2,116,186.12410000059754
mask_rcnn,FP32,operativo,A,2,117,180.56919999071397
mask_rcnn,FP32,operativo,A,2,118,184.39880000369158
mask_rcnn,FP32,operativo,A,2,119,183.66270000115037
mask_rcnn,FP32,operativo,A,2,120,186.84580000990536
mask_rcnn,FP32,operativo,A,2,121,179.5917000126792
mask_rcnn,FP32,operativo,A,2,122,181.82479999086354
mask_rcnn,FP32,operativo,A,2,123,198.63890000851825
mask_rcnn,FP32,operativo,A,2,124,190.23550000565592
mask_rcnn,FP32,operativo,A,2,125,194.49080000049435
mask_rcnn,FP32,operativo,A,2,126,189.83429999207146
mask_rcnn,FP32,operativo,A,2,127,181.9180000020424
mask_rcnn,FP32,operativo,A,2,128,188.37980000535026
mask_rcnn,FP32,operativo,A,2,129,186.91330000001471
mask_rcnn,FP32,operativo,A,2,130,186.90990000322927
mask_rcnn,FP32,operativo,A,2,131,186.40140000206884
mask_rcnn,FP32,operativo,A,2,132,179.91690000053495
mask_rcnn,FP32,operativo,A,2,133,184.15169999934733
mask_rcnn,FP32,operativo,A,2,134,180.6871000007959
mask_rcnn,FP32,operativo,A,2,135,187.34910000057425
mask_rcnn,FP32,operativo,A,2,136,168.9079999923706
mask_rcnn,FP32,operativo,A,2,137,176.43029999453574
mask_rcnn,FP32,operativo,A,2,138,186.49989999539685
mask_rcnn,FP32,operativo,A,2,139,187.50820000423118
mask_rcnn,FP32,operativo,A,2,140,184.7659999912139
mask_rcnn,FP32,operativo,A,2,141,188.07279999600723
mask_rcnn,FP32,operativo,A,2,142,189.5522999984678
mask_rcnn,FP32,operativo,A,2,143,184.42370000411756
mask_rcnn,FP32,operativo,A,2,144,190.45189999451395
mask_rcnn,FP32,operativo,A,2,145,181.6699999908451
mask_rcnn,FP32,operativo,A,2,146,182.90780000097584
mask_rcnn,FP32,operativo,A,2,147,181.0482000000775
mask_rcnn,FP32,operativo,A,2,148,184.95100000291131
mask_rcnn,FP32,operativo,A,2,149,186.46320000698324
mask_rcnn,FP32,operativo,A,2,150,180.39560000761412
mask_rcnn,FP32,operativo,A,2,151,185.7056000008015
mask_rcnn,FP32,operativo,A,2,152,191.0682000016095
mask_rcnn,FP32,operativo,A,2,153,192.74339999537915
mask_rcnn,FP32,operativo,A,2,154,188.2599999953527
mask_rcnn,FP32,operativo,A,2,155,184.1770000028191
mask_rcnn,FP32,operativo,A,2,156,179.45130000589415
mask_rcnn,FP32,operativo,A,2,157,182.99429999024142
mask_rcnn,FP32,operativo,A,2,158,186.5350000007311
mask_rcnn,FP32,operativo,A,2,159,190.67979999817908
mask_rcnn,FP32,operativo,A,2,160,187.48130000312813
mask_rcnn,FP32,operativo,A,2,161,198.07120000768919
mask_rcnn,FP32,operativo,A,2,162,184.2218999954639
mask_rcnn,FP32,operativo,A,2,163,176.39820001204498
mask_rcnn,FP32,operativo,A,2,164,185.7192000024952
mask_rcnn,FP32,operativo,A,2,165,199.66300000669435
mask_rcnn,FP32,operativo,A,2,166,197.5523000000976
mask_rcnn,FP32,operativo,A,2,167,181.8325000058394
mask_rcnn,FP32,operativo,A,2,168,186.39429999166168
mask_rcnn,FP32,operativo,A,2,169,187.90930000250228
mask_rcnn,FP32,operativo,A,2,170,192.16960000630934
mask_rcnn,FP32,operativo,A,2,171,179.0061999927275
mask_rcnn,FP32,operativo,A,2,172,177.6955000095768
mask_rcnn,FP32,operativo,A,2,173,176.9538999942597
mask_rcnn,FP32,operativo,A,2,174,184.35470000258647
mask_rcnn,FP32,operativo,A,2,175,190.05030000698753
mask_rcnn,FP32,operativo,A,2,176,190.98870000743773
mask_rcnn,FP32,operativo,A,2,177,189.82129999494646
mask_rcnn,FP32,operativo,A,2,178,184.95090000214987
mask_rcnn,FP32,operativo,A,2,179,186.92690000170842
mask_rcnn,FP32,operativo,A,2,180,186.3350000057835
mask_rcnn,FP32,operativo,A,2,181,182.9575999872759
mask_rcnn,FP32,operativo,A,2,182,169.1248999995878
mask_rcnn,FP32,operativo,A,2,183,193.76520000514574
mask_rcnn,FP32,operativo,A,2,184,195.4954000102589
mask_rcnn,FP32,operativo,A,2,185,195.57039999926928
mask_rcnn,FP32,operativo,A,2,186,193.1005000078585
mask_rcnn,FP32,operativo,A,2,187,155.23800000664778
mask_rcnn,FP32,operativo,A,2,188,185.5997000093339
mask_rcnn,FP32,operativo,A,2,189,184.31080000300426
mask_rcnn,FP32,operativo,A,2,190,170.4987999983132
mask_rcnn,FP32,operativo,A,2,191,184.83880000712816
mask_rcnn,FP32,operativo,A,2,192,187.8708000003826
mask_rcnn,FP32,operativo,A,2,193,192.55599999451078
mask_rcnn,FP32,operativo,A,2,194,186.5238999889698
mask_rcnn,FP32,operativo,A,2,195,183.80129999422934
mask_rcnn,FP32,operativo,A,2,196,180.24549999972805
mask_rcnn,FP32,operativo,A,2,197,175.95970000547823
mask_rcnn,FP32,operativo,A,2,198,173.63040000782348
mask_rcnn,FP32,operativo,A,2,199,191.52439999743365
mask_rcnn,FP32,operativo,A,2,200,192.66279999283142
mask_rcnn,FP32,operativo,A,2,201,191.2836999981664
mask_rcnn,FP32,operativo,A,2,202,188.1708000000799
mask_rcnn,FP32,operativo,A,2,203,186.91879999823868
mask_rcnn,FP32,operativo,A,2,204,170.89779999514576
mask_rcnn,FP32,operativo,A,2,205,183.9319999999134
mask_rcnn,FP32,operativo,A,2,206,189.99619998794515
mask_rcnn,FP32,operativo,A,2,207,181.08850000135135
mask_rcnn,FP32,operativo,A,2,208,189.84890000137966
mask_rcnn,FP32,operativo,A,2,209,181.7243999976199
mask_rcnn,FP32,operativo,A,2,210,178.3729000017047
mask_rcnn,FP32,operativo,A,2,211,190.0333999947179
mask_rcnn,FP32,operativo,A,2,212,198.76340001064818
mask_rcnn,FP32,operativo,A,2,213,188.16549998882692
mask_rcnn,FP32,operativo,A,2,214,186.22750000213273
mask_rcnn,FP32,operativo,A,2,215,187.63339999713935
mask_rcnn,FP32,operativo,A,2,216,174.27000000316184
mask_rcnn,FP32,operativo,A,2,217,175.85949999920558
mask_rcnn,FP32,operativo,A,2,218,179.66799999703653
mask_rcnn,FP32,operativo,A,2,219,184.24339999910444
mask_rcnn,FP32,operativo,A,2,220,185.2470000012545
mask_rcnn,FP32,operativo,A,2,221,186.70859999838285
mask_rcnn,FP32,operativo,A,2,222,176.64890000014566
mask_rcnn,FP32,operativo,A,2,223,184.74130000686273
mask_rcnn,FP32,operativo,A,2,224,189.45809999422636
mask_rcnn,FP32,operativo,A,2,225,169.3773000006331
mask_rcnn,FP32,operativo,A,2,226,193.56250000419095
mask_rcnn,FP32,operativo,A,2,227,192.13789999776054
mask_rcnn,FP32,operativo,A,2,228,172.4606999923708
mask_rcnn,FP32,operativo,A,2,229,187.32910000835545
mask_rcnn,FP32,operativo,A,2,230,157.55689999787137
mask_rcnn,FP32,operativo,A,2,231,154.06879999500234
mask_rcnn,FP32,operativo,A,2,232,185.98819999897387
mask_rcnn,FP32,operativo,A,2,233,181.31469999207184
mask_rcnn,FP32,operativo,A,2,234,177.87410000164527
mask_rcnn,FP32,operativo,A,2,235,186.15989999671
mask_rcnn,FP32,operativo,A,2,236,175.968900002772
mask_rcnn,FP32,operativo,A,2,237,195.31979999737814
mask_rcnn,FP32,operativo,A,2,238,186.2014999933308
mask_rcnn,FP32,operativo,A,2,239,184.16260000958573
mask_rcnn,FP32,operativo,A,2,240,184.89160000171978
mask_rcnn,FP32,operativo,A,2,241,180.39999999746215
mask_rcnn,FP32,operativo,A,2,242,187.6399000029778
mask_rcnn,FP32,operativo,A,2,243,171.3657000072999
mask_rcnn,FP32,operativo,A,2,244,169.2592000035802
mask_rcnn,FP32,operativo,A,2,245,190.6879000016488
mask_rcnn,FP32,operativo,A,2,246,189.35470000724308
mask_rcnn,FP32,operativo,A,2,247,181.34679998911452
mask_rcnn,FP32,operativo,A,2,248,171.24969999713358
mask_rcnn,FP32,operativo,A,2,249,180.84649999218527
mask_rcnn,FP32,operativo,A,2,250,184.2070000129752
mask_rcnn,FP32,operativo,A,2,251,189.43719999515451
mask_rcnn,FP32,operativo,A,2,252,194.1064999991795
mask_rcnn,FP32,operativo,A,2,253,167.6832000084687
mask_rcnn,FP32,operativo,A,2,254,194.42449999041855
mask_rcnn,FP32,operativo,A,2,255,191.73229999432806
mask_rcnn,FP32,operativo,A,2,256,192.96460000623483
mask_rcnn,FP32,operativo,A,2,257,192.06490000942722
mask_rcnn,FP32,operativo,A,2,258,186.2117999990005
mask_rcnn,FP32,operativo,A,2,259,176.04380000557285
mask_rcnn,FP32,operativo,A,2,260,186.89280000398867
mask_rcnn,FP32,operativo,A,2,261,186.93670000357088
mask_rcnn,FP32,operativo,A,2,262,188.55839999741875
mask_rcnn,FP32,operativo,A,2,263,191.81899999966845
mask_rcnn,FP32,operativo,A,2,264,188.12869999965187
mask_rcnn,FP32,operativo,A,2,265,181.34910000662785
mask_rcnn,FP32,operativo,A,2,266,188.34269999933895
mask_rcnn,FP32,operativo,A,2,267,179.8533000110183
mask_rcnn,FP32,operativo,A,2,268,190.20070000260603
mask_rcnn,FP32,operativo,A,2,269,187.1201000030851
mask_rcnn,FP32,operativo,A,2,270,189.6712000016123
mask_rcnn,FP32,operativo,A,2,271,181.2746000068728
mask_rcnn,FP32,operativo,A,2,272,187.90189998981077
mask_rcnn,FP32,operativo,A,2,273,193.1062999938149
mask_rcnn,FP32,operativo,A,2,274,191.66330000734888
mask_rcnn,FP32,operativo,A,2,275,191.32110000646207
mask_rcnn,FP32,operativo,A,2,276,192.52050000068266
mask_rcnn,FP32,operativo,A,2,277,197.59669998893514
mask_rcnn,FP32,operativo,A,2,278,186.69309999677353
mask_rcnn,FP32,operativo,A,2,279,185.35569999949075
mask_rcnn,FP32,operativo,A,2,280,187.70799999765586
mask_rcnn,FP32,operativo,A,2,281,185.6646000087494
mask_rcnn,FP32,operativo,A,2,282,176.7828999873018
mask_rcnn,FP32,operativo,A,2,283,185.55380000907462
mask_rcnn,FP32,operativo,A,2,284,180.05619999894407
mask_rcnn,FP32,operativo,A,2,285,185.46340000466444
mask_rcnn,FP32,operativo,A,2,286,198.8644000084605
mask_rcnn,FP32,operativo,A,2,287,184.05579999671318
mask_rcnn,FP32,operativo,A,2,288,178.91919999965467
mask_rcnn,FP32,operativo,A,2,289,184.99039999733213
mask_rcnn,FP32,operativo,A,2,290,185.2367000101367
mask_rcnn,FP32,operativo,A,2,291,188.6545000015758
mask_rcnn,FP32,operativo,A,2,292,178.7348999932874
mask_rcnn,FP32,operativo,A,2,293,178.95399998815265
mask_rcnn,FP32,operativo,A,2,294,183.30750000313856
mask_rcnn,FP32,operativo,A,2,295,189.07690000196453
mask_rcnn,FP32,operativo,A,2,296,184.62600000202656
mask_rcnn,FP32,operativo,A,2,297,179.4138999975985
mask_rcnn,FP32,operativo,A,2,298,177.50380000506993
mask_rcnn,FP32,operativo,A,2,299,187.38390000362415
mask_rcnn,FP32,operativo,A,2,300,190.43170000077225
mask_rcnn,FP32,operativo,A,2,301,186.77250000473578
mask_rcnn,FP32,operativo,A,2,302,189.24210000841413
mask_rcnn,FP32,operativo,A,2,303,194.29630000377074
mask_rcnn,FP32,operativo,A,2,304,187.66670000331942
mask_rcnn,FP32,operativo,A,2,305,190.45249999908265
mask_rcnn,FP32,operativo,A,2,306,190.1332999987062
mask_rcnn,FP32,operativo,A,2,307,178.29769999661949
mask_rcnn,FP32,operativo,A,2,308,187.59549999958836
mask_rcnn,FP32,operativo,A,2,309,188.8431999977911
mask_rcnn,FP32,operativo,A,2,310,168.7381999945501
mask_rcnn,FP32,operativo,A,2,311,166.1793000093894
mask_rcnn,FP32,operativo,A,2,312,187.87170000723563
mask_rcnn,FP32,operativo,A,2,313,187.87160000647418
mask_rcnn,FP32,operativo,A,2,314,181.36460000823718
mask_rcnn,FP32,operativo,A,2,315,179.06650000077207
mask_rcnn,FP32,operativo,A,2,316,175.68800000299234
mask_rcnn,FP32,operativo,A,2,317,188.4282999963034
mask_rcnn,FP32,operativo,A,2,318,175.2446000027703
mask_rcnn,FP32,operativo,A,2,319,177.07390000578016
mask_rcnn,FP32,operativo,A,2,320,191.26870000036433
mask_rcnn,FP32,operativo,A,2,321,186.53469999844674
mask_rcnn,FP32,operativo,A,2,322,174.60769999888726
mask_rcnn,FP32,operativo,A,2,323,190.29179999779444
mask_rcnn,FP32,operativo,A,2,324,180.9981999977026
mask_rcnn,FP32,operativo,A,2,325,193.494399994961
mask_rcnn,FP32,operativo,A,2,326,183.27470000076573
mask_rcnn,FP32,operativo,A,2,327,185.40940000093542
mask_rcnn,FP32,operativo,A,2,328,180.11840000690427
mask_rcnn,FP32,operativo,A,2,329,189.91790000291076
mask_rcnn,FP32,operativo,A,2,330,174.0715000050841
mask_rcnn,FP32,operativo,A,2,331,187.123600000632
mask_rcnn,FP32,operativo,A,2,332,182.15770000824705
mask_rcnn,FP32,operativo,A,2,333,178.48080000840127
mask_rcnn,FP32,operativo,A,2,334,188.56070000038017
mask_rcnn,FP32,operativo,A,2,335,189.10029999096878
mask_rcnn,FP32,operativo,A,2,336,176.70820000057574
mask_rcnn,FP32,operativo,A,2,337,187.54439998883754
mask_rcnn,FP32,operativo,A,2,338,185.3558000002522
mask_rcnn,FP32,operativo,A,2,339,181.81730000651442
mask_rcnn,FP32,operativo,A,2,340,189.84750000527129
mask_rcnn,FP32,operativo,A,2,341,170.87240000546444
mask_rcnn,FP32,operativo,A,2,342,177.27780000132043
mask_rcnn,FP32,operativo,A,2,343,183.44290000095498
mask_rcnn,FP32,operativo,A,2,344,176.02430000260938
mask_rcnn,FP32,operativo,A,2,345,170.30179999710526
mask_rcnn,FP32,operativo,A,2,346,186.201099990285
mask_rcnn,FP32,operativo,A,2,347,184.59810000786092
mask_rcnn,FP32,operativo,A,2,348,192.26599999819882
mask_rcnn,FP32,operativo,A,2,349,184.79189999925438
mask_rcnn,FP32,operativo,A,2,350,186.74819999432657
mask_rcnn,FP32,operativo,A,2,351,187.6479000056861
mask_rcnn,FP32,operativo,A,2,352,184.3144000013126
mask_rcnn,FP32,operativo,A,2,353,187.03780000214465
mask_rcnn,FP32,operativo,A,2,354,188.22219999856316
mask_rcnn,FP32,operativo,A,2,355,185.19679999735672
mask_rcnn,FP32,operativo,A,2,356,190.63500000629574
mask_rcnn,FP32,operativo,A,2,357,170.45140000118408
mask_rcnn,FP32,operativo,A,2,358,183.68980000377633
mask_rcnn,FP32,operativo,A,2,359,190.59030000062194
mask_rcnn,FP32,operativo,A,2,360,180.7485000026645
mask_rcnn,FP32,operativo,A,2,361,188.15789998916443
mask_rcnn,FP32,operativo,A,2,362,189.05739999900106
mask_rcnn,FP32,operativo,A,2,363,192.1684999979334
mask_rcnn,FP32,operativo,A,2,364,187.4643999908585
mask_rcnn,FP32,operativo,A,2,365,173.38629999721888
mask_rcnn,FP32,operativo,A,2,366,173.9926000009291
mask_rcnn,FP32,operativo,A,2,367,187.86230000841897
mask_rcnn,FP32,operativo,A,2,368,191.4773000025889
mask_rcnn,FP32,operativo,A,2,369,175.3891999978805
mask_rcnn,FP32,operativo,A,2,370,197.3781999986386
mask_rcnn,FP32,operativo,A,2,371,192.30560000869446
mask_rcnn,FP32,operativo,A,2,372,187.528000009479
mask_rcnn,FP32,operativo,A,2,373,183.83490000269376
mask_rcnn,FP32,operativo,B,2,0,202.9711000068346
mask_rcnn,FP32,operativo,B,2,1,202.3005000082776
mask_rcnn,FP32,operativo,B,2,2,199.9121999979252
mask_rcnn,FP32,operativo,B,2,3,214.62389999942388
mask_rcnn,FP32,operativo,B,2,4,194.36140000470914
mask_rcnn,FP32,operativo,B,2,5,218.94659999816213
mask_rcnn,FP32,operativo,B,2,6,211.45859999523964
mask_rcnn,FP32,operativo,B,2,7,207.48690000618808
mask_rcnn,FP32,operativo,B,2,8,191.77099999797065
mask_rcnn,FP32,operativo,B,2,9,196.5457000042079
mask_rcnn,FP32,operativo,B,2,10,197.1006999956444
mask_rcnn,FP32,operativo,B,2,11,203.40430000214837
mask_rcnn,FP32,operativo,B,2,12,217.53419999731705
mask_rcnn,FP32,operativo,B,2,13,205.41550000780262
mask_rcnn,FP32,operativo,B,2,14,201.6624999960186
mask_rcnn,FP32,operativo,B,2,15,206.8639999924926
mask_rcnn,FP32,operativo,B,2,16,201.53900000150315
mask_rcnn,FP32,operativo,B,2,17,214.55600000626873
mask_rcnn,FP32,operativo,B,2,18,211.02699999755714
mask_rcnn,FP32,operativo,B,2,19,197.07449999987148
mask_rcnn,FP32,operativo,B,2,20,206.38200000394136
mask_rcnn,FP32,operativo,B,2,21,199.11130001128186
mask_rcnn,FP32,operativo,B,2,22,212.79630000935867
mask_rcnn,FP32,operativo,B,2,23,206.95910000358708
mask_rcnn,FP32,operativo,B,2,24,207.85380000597797
mask_rcnn,FP32,operativo,B,2,25,202.86140000098385
mask_rcnn,FP32,operativo,B,2,26,200.94239999889396
mask_rcnn,FP32,operativo,B,2,27,200.74810000369325
mask_rcnn,FP32,operativo,B,2,28,187.2330000041984
mask_rcnn,FP32,operativo,B,2,29,205.22909999999683
mask_rcnn,FP32,operativo,B,2,30,204.96750000165775
mask_rcnn,FP32,operativo,B,2,31,202.79340000706725
mask_rcnn,FP32,operativo,B,2,32,208.8798000040697
mask_rcnn,FP32,operativo,B,2,33,205.964299995685
mask_rcnn,FP32,operativo,B,2,34,200.90039999922737
mask_rcnn,FP32,operativo,B,2,35,208.00370001234114
mask_rcnn,FP32,operativo,B,2,36,207.84339999954682
mask_rcnn,FP32,operativo,B,2,37,194.64040000457317
mask_rcnn,FP32,operativo,B,2,38,207.95380001072772
mask_rcnn,FP32,operativo,B,2,39,199.8128999985056
mask_rcnn,FP32,operativo,B,2,40,211.02790000441018
mask_rcnn,FP32,operativo,B,2,41,208.66460000979714
mask_rcnn,FP32,operativo,B,2,42,207.66790000197943
mask_rcnn,FP32,operativo,B,2,43,207.4747999868123
mask_rcnn,FP32,operativo,B,2,44,196.92659999418538
mask_rcnn,FP32,operativo,B,2,45,205.2632000122685
mask_rcnn,FP32,operativo,B,2,46,217.1375000034459
mask_rcnn,FP32,operativo,B,2,47,202.18059999751858
mask_rcnn,FP32,operativo,B,2,48,210.01100000285078
mask_rcnn,FP32,operativo,B,2,49,203.38969999284018
mask_rcnn,FP32,operativo,B,2,50,202.96379999490455
mask_rcnn,FP32,operativo,B,2,51,201.95100001001265
mask_rcnn,FP32,operativo,B,2,52,197.30800000252202
mask_rcnn,FP32,operativo,B,2,53,209.23659999971278
mask_rcnn,FP32,operativo,B,2,54,201.34289999259636
mask_rcnn,FP32,operativo,B,2,55,204.28950000496116
mask_rcnn,FP32,operativo,B,2,56,210.4165000055218
mask_rcnn,FP32,operativo,B,2,57,215.11350000218954
mask_rcnn,FP32,operativo,B,2,58,204.69759999832604
mask_rcnn,FP32,operativo,B,2,59,195.73590000800323
mask_rcnn,FP32,operativo,B,2,60,196.62879999668803
mask_rcnn,FP32,operativo,B,2,61,198.38919999892823
mask_rcnn,FP32,operativo,B,2,62,202.95079999777954
mask_rcnn,FP32,operativo,B,2,63,205.25820000329986
mask_rcnn,FP32,operativo,B,2,64,212.72949999547563
mask_rcnn,FP32,operativo,B,2,65,204.53119999729097
mask_rcnn,FP32,operativo,B,2,66,204.2356000019936
mask_rcnn,FP32,operativo,B,2,67,197.60620000306517
mask_rcnn,FP32,operativo,B,2,68,214.3993999925442
mask_rcnn,FP32,operativo,B,2,69,199.85220000671688
mask_rcnn,FP32,operativo,B,2,70,204.20480000029784
mask_rcnn,FP32,operativo,B,2,71,204.5739000022877
mask_rcnn,FP32,operativo,B,2,72,199.38430000911467
mask_rcnn,FP32,operativo,B,2,73,205.98340001015458
mask_rcnn,FP32,operativo,B,2,74,203.88119999552146
mask_rcnn,FP32,operativo,B,2,75,203.6511999904178
mask_rcnn,FP32,operativo,B,2,76,206.44539999193512
mask_rcnn,FP32,operativo,B,2,77,177.4435999977868
mask_rcnn,FP32,operativo,B,2,78,203.82220001192763
mask_rcnn,FP32,operativo,B,2,79,210.3188000037335
mask_rcnn,FP32,operativo,B,2,80,192.931800003862
mask_rcnn,FP32,operativo,B,2,81,207.54820000729524
mask_rcnn,FP32,operativo,B,2,82,208.8977000094019
mask_rcnn,FP32,operativo,B,2,83,207.98410000861622
mask_rcnn,FP32,operativo,B,2,84,214.136900001904
mask_rcnn,FP32,operativo,B,2,85,210.6266000046162
mask_rcnn,FP32,operativo,B,2,86,205.44070001051296
mask_rcnn,FP32,operativo,B,2,87,198.80739999643993
mask_rcnn,FP32,operativo,B,2,88,216.3525999931153
mask_rcnn,FP32,operativo,B,2,89,202.3633999924641
mask_rcnn,FP32,operativo,B,2,90,190.43380000221077
mask_rcnn,FP32,operativo,B,2,91,199.53430000168737
mask_rcnn,FP32,operativo,B,2,92,212.64830000291113
mask_rcnn,FP32,operativo,B,2,93,201.47630000428762
mask_rcnn,FP32,operativo,B,2,94,197.51719999476336
mask_rcnn,FP32,operativo,B,2,95,185.3971999953501
mask_rcnn,FP32,operativo,B,2,96,209.39049999287818
mask_rcnn,FP32,operativo,B,2,97,201.72460000321735
mask_rcnn,FP32,operativo,B,2,98,200.24439999542665
mask_rcnn,FP32,operativo,B,2,99,208.47719999437686
mask_rcnn,FP32,operativo,B,2,100,190.87030000810046
mask_rcnn,FP32,operativo,B,2,101,206.86730000306852
mask_rcnn,FP32,operativo,B,2,102,202.6661999989301
mask_rcnn,FP32,operativo,B,2,103,200.63710000249557
mask_rcnn,FP32,operativo,B,2,104,203.7449000054039
mask_rcnn,FP32,operativo,B,2,105,201.56060000590514
mask_rcnn,FP32,operativo,B,2,106,202.6579999946989
mask_rcnn,FP32,operativo,B,2,107,211.75740000035148
mask_rcnn,FP32,operativo,B,2,108,197.1645999874454
mask_rcnn,FP32,operativo,B,2,109,205.4400000051828
mask_rcnn,FP32,operativo,B,2,110,199.61110000440385
mask_rcnn,FP32,operativo,B,2,111,202.33089999237563
mask_rcnn,FP32,operativo,B,2,112,201.37720000639092
mask_rcnn,FP32,operativo,B,2,113,200.6612999975914
mask_rcnn,FP32,operativo,B,2,114,215.15760000329465
mask_rcnn,FP32,operativo,B,2,115,206.16770000196993
mask_rcnn,FP32,operativo,B,2,116,197.06249999580905
mask_rcnn,FP32,operativo,B,2,117,202.48410000931472
mask_rcnn,FP32,operativo,B,2,118,206.63380000041798
mask_rcnn,FP32,operativo,B,2,119,199.45970000117086
mask_rcnn,FP32,operativo,B,2,120,207.3175999976229
mask_rcnn,FP32,operativo,B,2,121,205.60050000494812
mask_rcnn,FP32,operativo,B,2,122,201.54270000057295
mask_rcnn,FP32,operativo,B,2,123,206.76309999544173
mask_rcnn,FP32,operativo,B,2,124,206.60879999923054
mask_rcnn,FP32,operativo,B,2,125,216.07700000458863
mask_rcnn,FP32,operativo,B,2,126,207.65250000113156
mask_rcnn,FP32,operativo,B,2,127,202.23450000048615
mask_rcnn,FP32,operativo,B,2,128,200.61580000037793
mask_rcnn,FP32,operativo,B,2,129,204.3545000051381
mask_rcnn,FP32,operativo,B,2,130,205.37989999866113
mask_rcnn,FP32,operativo,B,2,131,204.27430000563618
mask_rcnn,FP32,operativo,B,2,132,196.0945000028005
mask_rcnn,FP32,operativo,B,2,133,194.97220001358073
mask_rcnn,FP32,operativo,B,2,134,195.46210000407882
mask_rcnn,FP32,operativo,B,2,135,204.49819999339525
mask_rcnn,FP32,operativo,B,2,136,195.56890000239946
mask_rcnn,FP32,operativo,B,2,137,195.9190000052331
mask_rcnn,FP32,operativo,B,2,138,204.66030000534374
mask_rcnn,FP32,operativo,B,2,139,207.0405000122264
mask_rcnn,FP32,operativo,B,2,140,203.54249999218155
mask_rcnn,FP32,operativo,B,2,141,205.0907999946503
mask_rcnn,FP32,operativo,B,2,142,201.06559999112505
mask_rcnn,FP32,operativo,B,2,143,194.12909999664407
mask_rcnn,FP32,operativo,B,2,144,208.84030000888743
mask_rcnn,FP32,operativo,B,2,145,200.62630000757053
mask_rcnn,FP32,operativo,B,2,146,207.1460000006482
mask_rcnn,FP32,operativo,B,2,147,213.45559999463148
mask_rcnn,FP32,operativo,B,2,148,209.16530000977218
mask_rcnn,FP32,operativo,B,2,149,203.42219999292865
mask_rcnn,FP32,operativo,B,2,150,203.15999999002088
mask_rcnn,FP32,operativo,B,2,151,210.63519999734126
mask_rcnn,FP32,operativo,B,2,152,212.9648999980418
mask_rcnn,FP32,operativo,B,2,153,204.86629998777062
mask_rcnn,FP32,operativo,B,2,154,193.9589999965392
mask_rcnn,FP32,operativo,B,2,155,197.9570999974385
mask_rcnn,FP32,operativo,B,2,156,190.37099998968188
mask_rcnn,FP32,operativo,B,2,157,202.19119999092072
mask_rcnn,FP32,operativo,B,2,158,210.01830000022892
mask_rcnn,FP32,operativo,B,2,159,205.08079999126494
mask_rcnn,FP32,operativo,B,2,160,197.69470000755973
mask_rcnn,FP32,operativo,B,2,161,212.95359999930952
mask_rcnn,FP32,operativo,B,2,162,204.01040000433568
mask_rcnn,FP32,operativo,B,2,163,206.93539999774657
mask_rcnn,FP32,operativo,B,2,164,203.71659999364056
mask_rcnn,FP32,operativo,B,2,165,216.90210000087973
mask_rcnn,FP32,operativo,B,2,166,206.55409999017138
mask_rcnn,FP32,operativo,B,2,167,193.91519999771845
mask_rcnn,FP32,operativo,B,2,168,212.26369999931194
mask_rcnn,FP32,operativo,B,2,169,214.40979999897536
mask_rcnn,FP32,operativo,B,2,170,206.22979999461677
mask_rcnn,FP32,operativo,B,2,171,194.6456000005128
mask_rcnn,FP32,operativo,B,2,172,201.90499999444
mask_rcnn,FP32,operativo,B,2,173,200.89030000963248
mask_rcnn,FP32,operativo,B,2,174,204.44010000210255
mask_rcnn,FP32,operativo,B,2,175,206.62760001141578
mask_rcnn,FP32,operativo,B,2,176,202.46010000118986
mask_rcnn,FP32,operativo,B,2,177,204.5986000011908
mask_rcnn,FP32,operativo,B,2,178,197.72710000688676
mask_rcnn,FP32,operativo,B,2,179,209.11739999428391
mask_rcnn,FP32,operativo,B,2,180,200.7251000031829
mask_rcnn,FP32,operativo,B,2,181,204.55110000330023
mask_rcnn,FP32,operativo,B,2,182,189.46569999388885
mask_rcnn,FP32,operativo,B,2,183,214.12530000088736
mask_rcnn,FP32,operativo,B,2,184,208.07090000016615
mask_rcnn,FP32,operativo,B,2,185,212.1190000034403
mask_rcnn,FP32,operativo,B,2,186,206.34050000808202
mask_rcnn,FP32,operativo,B,2,187,187.5376999960281
mask_rcnn,FP32,operativo,B,2,188,209.72440000332426
mask_rcnn,FP32,operativo,B,2,189,214.06860000570305
mask_rcnn,FP32,operativo,B,2,190,209.3849999946542
mask_rcnn,FP32,operativo,B,2,191,198.78539998899214
mask_rcnn,FP32,operativo,B,2,192,213.6084999947343
mask_rcnn,FP32,operativo,B,2,193,205.6254000053741
mask_rcnn,FP32,operativo,B,2,194,208.77050000126474
mask_rcnn,FP32,operativo,B,2,195,208.93100000103004
mask_rcnn,FP32,operativo,B,2,196,196.80800000787713
mask_rcnn,FP32,operativo,B,2,197,193.71839999803342
mask_rcnn,FP32,operativo,B,2,198,193.99680000788067
mask_rcnn,FP32,operativo,B,2,199,199.30449999810662
mask_rcnn,FP32,operativo,B,2,200,208.52460000605788
mask_rcnn,FP32,operativo,B,2,201,206.90140000078827
mask_rcnn,FP32,operativo,B,2,202,206.67159999720752
mask_rcnn,FP32,operativo,B,2,203,221.20770000037737
mask_rcnn,FP32,operativo,B,2,204,200.6054000084987
mask_rcnn,FP32,operativo,B,2,205,200.93370000540745
mask_rcnn,FP32,operativo,B,2,206,209.51670000795275
mask_rcnn,FP32,operativo,B,2,207,188.48959999741055
mask_rcnn,FP32,operativo,B,2,208,211.99239999987185
mask_rcnn,FP32,operativo,B,2,209,199.7477999975672
mask_rcnn,FP32,operativo,B,2,210,195.15169999795035
mask_rcnn,FP32,operativo,B,2,211,204.36319999862462
mask_rcnn,FP32,operativo,B,2,212,202.0559999946272
mask_rcnn,FP32,operativo,B,2,213,204.5244999899296
mask_rcnn,FP32,operativo,B,2,214,205.0180999940494
mask_rcnn,FP32,operativo,B,2,215,198.13230000727344
mask_rcnn,FP32,operativo,B,2,216,195.99300000118092
mask_rcnn,FP32,operativo,B,2,217,203.21779999358114
mask_rcnn,FP32,operativo,B,2,218,201.11890000407584
mask_rcnn,FP32,operativo,B,2,219,204.48480000777636
mask_rcnn,FP32,operativo,B,2,220,200.91319999482948
mask_rcnn,FP32,operativo,B,2,221,198.9915000012843
mask_rcnn,FP32,operativo,B,2,222,200.57069999165833
mask_rcnn,FP32,operativo,B,2,223,198.60789999074768
mask_rcnn,FP32,operativo,B,2,224,204.9090999935288
mask_rcnn,FP32,operativo,B,2,225,195.85930000175722
mask_rcnn,FP32,operativo,B,2,226,211.87990000180434
mask_rcnn,FP32,operativo,B,2,227,209.03339999495074
mask_rcnn,FP32,operativo,B,2,228,186.81879999348894
mask_rcnn,FP32,operativo,B,2,229,205.3373999951873
mask_rcnn,FP32,operativo,B,2,230,180.5107000109274
mask_rcnn,FP32,operativo,B,2,231,173.28429999179207
mask_rcnn,FP32,operativo,B,2,232,199.63770000322256
mask_rcnn,FP32,operativo,B,2,233,196.6956999967806
mask_rcnn,FP32,operativo,B,2,234,201.0325000010198
mask_rcnn,FP32,operativo,B,2,235,207.974800010561
mask_rcnn,FP32,operativo,B,2,236,190.40760000643786
mask_rcnn,FP32,operativo,B,2,237,204.41390000632964
mask_rcnn,FP32,operativo,B,2,238,199.88000000012107
mask_rcnn,FP32,operativo,B,2,239,203.54120001138654
mask_rcnn,FP32,operativo,B,2,240,205.80950001021847
mask_rcnn,FP32,operativo,B,2,241,187.2356999956537
mask_rcnn,FP32,operativo,B,2,242,206.76950000051875
mask_rcnn,FP32,operativo,B,2,243,198.96229999721982
mask_rcnn,FP32,operativo,B,2,244,193.3984000061173
mask_rcnn,FP32,operativo,B,2,245,219.10899999784306
mask_rcnn,FP32,operativo,B,2,246,205.7896000042092
mask_rcnn,FP32,operativo,B,2,247,207.25320000201464
mask_rcnn,FP32,operativo,B,2,248,181.1971999995876
mask_rcnn,FP32,operativo,B,2,249,203.15689999551978
mask_rcnn,FP32,operativo,B,2,250,198.901299998397
mask_rcnn,FP32,operativo,B,2,251,202.76959998591337
mask_rcnn,FP32,operativo,B,2,252,206.48999999684747
mask_rcnn,FP32,operativo,B,2,253,175.6525000091642
mask_rcnn,FP32,operativo,B,2,254,204.88659999682568
mask_rcnn,FP32,operativo,B,2,255,202.24969999981113
mask_rcnn,FP32,operativo,B,2,256,196.25620001170319
mask_rcnn,FP32,operativo,B,2,257,216.13069999148138
mask_rcnn,FP32,operativo,B,2,258,202.2508999943966
mask_rcnn,FP32,operativo,B,2,259,188.02529999811668
mask_rcnn,FP32,operativo,B,2,260,189.69329999526963
mask_rcnn,FP32,operativo,B,2,261,198.12010000168812
mask_rcnn,FP32,operativo,B,2,262,207.817000002251
mask_rcnn,FP32,operativo,B,2,263,204.0145999926608
mask_rcnn,FP32,operativo,B,2,264,206.50699999532662
mask_rcnn,FP32,operativo,B,2,265,199.34510000166483
mask_rcnn,FP32,operativo,B,2,266,206.90790000662673
mask_rcnn,FP32,operativo,B,2,267,190.9592000010889
mask_rcnn,FP32,operativo,B,2,268,204.61150001210626
mask_rcnn,FP32,operativo,B,2,269,199.18239999969956
mask_rcnn,FP32,operativo,B,2,270,205.20179999584798
mask_rcnn,FP32,operativo,B,2,271,202.8056999988621
mask_rcnn,FP32,operativo,B,2,272,206.17249999486376
mask_rcnn,FP32,operativo,B,2,273,203.85940000414848
mask_rcnn,FP32,operativo,B,2,274,206.63430000422522
mask_rcnn,FP32,operativo,B,2,275,201.04869999340735
mask_rcnn,FP32,operativo,B,2,276,199.34059999650344
mask_rcnn,FP32,operativo,B,2,277,200.85219999600668
mask_rcnn,FP32,operativo,B,2,278,194.35750000411645
mask_rcnn,FP32,operativo,B,2,279,204.72460000019055
mask_rcnn,FP32,operativo,B,2,280,198.46689999394584
mask_rcnn,FP32,operativo,B,2,281,208.01460000802763
mask_rcnn,FP32,operativo,B,2,282,194.7881999949459
mask_rcnn,FP32,operativo,B,2,283,200.25530000566505
mask_rcnn,FP32,operativo,B,2,284,203.43180000782013
mask_rcnn,FP32,operativo,B,2,285,203.47209999454208
mask_rcnn,FP32,operativo,B,2,286,211.5546999993967
mask_rcnn,FP32,operativo,B,2,287,201.01140000042506
mask_rcnn,FP32,operativo,B,2,288,191.73620000947267
mask_rcnn,FP32,operativo,B,2,289,199.6322000049986
mask_rcnn,FP32,operativo,B,2,290,198.60909999988507
mask_rcnn,FP32,operativo,B,2,291,203.0819000065094
mask_rcnn,FP32,operativo,B,2,292,200.3932000079658
mask_rcnn,FP32,operativo,B,2,293,204.24110000021756
mask_rcnn,FP32,operativo,B,2,294,202.88389999768697
mask_rcnn,FP32,operativo,B,2,295,201.3487000076566
mask_rcnn,FP32,operativo,B,2,296,205.52129999850877
mask_rcnn,FP32,operativo,B,2,297,201.6247999999905
mask_rcnn,FP32,operativo,B,2,298,200.99240000126883
mask_rcnn,FP32,operativo,B,2,299,201.6591999999946
mask_rcnn,FP32,operativo,B,2,300,204.3005000014091
mask_rcnn,FP32,operativo,B,2,301,203.7681999936467
mask_rcnn,FP32,operativo,B,2,302,203.57440000225324
mask_rcnn,FP32,operativo,B,2,303,207.95959999668412
mask_rcnn,FP32,operativo,B,2,304,195.96300000557676
mask_rcnn,FP32,operativo,B,2,305,202.97300000675023
mask_rcnn,FP32,operativo,B,2,306,207.04900000419002
mask_rcnn,FP32,operativo,B,2,307,193.90030000067782
mask_rcnn,FP32,operativo,B,2,308,205.5982000019867
mask_rcnn,FP32,operativo,B,2,309,210.99529998900834
mask_rcnn,FP32,operativo,B,2,310,186.2639000028139
mask_rcnn,FP32,operativo,B,2,311,200.70180000038818
mask_rcnn,FP32,operativo,B,2,312,195.82020000962075
mask_rcnn,FP32,operativo,B,2,313,204.21680000436027
mask_rcnn,FP32,operativo,B,2,314,197.20690000394825
mask_rcnn,FP32,operativo,B,2,315,209.35110001300927
mask_rcnn,FP32,operativo,B,2,316,200.59540000511333
mask_rcnn,FP32,operativo,B,2,317,205.39249999274034
mask_rcnn,FP32,operativo,B,2,318,191.3325000059558
mask_rcnn,FP32,operativo,B,2,319,199.70709999324754
mask_rcnn,FP32,operativo,B,2,320,204.6686999965459
mask_rcnn,FP32,operativo,B,2,321,206.88339999469463
mask_rcnn,FP32,operativo,B,2,322,190.90260000666603
mask_rcnn,FP32,operativo,B,2,323,205.00349999929313
mask_rcnn,FP32,operativo,B,2,324,200.69820000207983
mask_rcnn,FP32,operativo,B,2,325,204.71639999595936
mask_rcnn,FP32,operativo,B,2,326,203.31160000932869
mask_rcnn,FP32,operativo,B,2,327,215.14670000760816
mask_rcnn,FP32,operativo,B,2,328,189.50999999651685
mask_rcnn,FP32,operativo,B,2,329,212.93329999025445
mask_rcnn,FP32,operativo,B,2,330,195.70099998963997
mask_rcnn,FP32,operativo,B,2,331,209.69449999392964
mask_rcnn,FP32,operativo,B,2,332,200.1015000132611
mask_rcnn,FP32,operativo,B,2,333,210.4337999917334
mask_rcnn,FP32,operativo,B,2,334,208.24690000154078
mask_rcnn,FP32,operativo,B,2,335,213.02639998611994
mask_rcnn,FP32,operativo,B,2,336,196.54109999828506
mask_rcnn,FP32,operativo,B,2,337,201.139199998579
mask_rcnn,FP32,operativo,B,2,338,201.99689999572
mask_rcnn,FP32,operativo,B,2,339,203.49689999420661
mask_rcnn,FP32,operativo,B,2,340,205.13869999558665
mask_rcnn,FP32,operativo,B,2,341,183.9008999959333
mask_rcnn,FP32,operativo,B,2,342,198.11529999424238
mask_rcnn,FP32,operativo,B,2,343,193.9663999946788
mask_rcnn,FP32,operativo,B,2,344,191.66660000337288
mask_rcnn,FP32,operativo,B,2,345,197.97020000987686
mask_rcnn,FP32,operativo,B,2,346,208.2617999985814
mask_rcnn,FP32,operativo,B,2,347,195.26529998984188
mask_rcnn,FP32,operativo,B,2,348,207.2035000019241
mask_rcnn,FP32,operativo,B,2,349,205.51319999503903
mask_rcnn,FP32,operativo,B,2,350,206.6147000005003
mask_rcnn,FP32,operativo,B,2,351,200.61649999115616
mask_rcnn,FP32,operativo,B,2,352,200.99230000050738
mask_rcnn,FP32,operativo,B,2,353,204.3712000013329
mask_rcnn,FP32,operativo,B,2,354,204.923700002837
mask_rcnn,FP32,operativo,B,2,355,201.515400010976
mask_rcnn,FP32,operativo,B,2,356,199.91290000325534
mask_rcnn,FP32,operativo,B,2,357,194.17430000612512
mask_rcnn,FP32,operativo,B,2,358,203.94209999358281
mask_rcnn,FP32,operativo,B,2,359,198.54699999268632
mask_rcnn,FP32,operativo,B,2,360,201.2994999968214
mask_rcnn,FP32,operativo,B,2,361,208.79250000871252
mask_rcnn,FP32,operativo,B,2,362,204.80930000485387
mask_rcnn,FP32,operativo,B,2,363,211.04139999079052
mask_rcnn,FP32,operativo,B,2,364,196.0032999922987
mask_rcnn,FP32,operativo,B,2,365,197.84490000165533
mask_rcnn,FP32,operativo,B,2,366,194.44219999422785
mask_rcnn,FP32,operativo,B,2,367,195.41380000009667
mask_rcnn,FP32,operativo,B,2,368,194.00209999002982
mask_rcnn,FP32,operativo,B,2,369,192.48630000220146
mask_rcnn,FP32,operativo,B,2,370,206.55200000328477
mask_rcnn,FP32,operativo,B,2,371,206.3159999961499
mask_rcnn,FP32,operativo,B,2,372,196.6448000021046
mask_rcnn,FP32,operativo,B,2,373,201.12899999367073
